사고번호,사고일시,요일,시군구,사고내용,사망자수,중상자수,경상자수,부상신고자수,사고유형,법규위반,노면상태,기상상태,도로형태,가해운전자 차종,가해운전자 성별,가해운전자 연령,가해운전자 상해정도,피해운전자 차종,피해운전자 성별,피해운전자 연령,피해운전자 상해정도
2014011300100026,2014년 1월 13일 03시,월요일,부산광역시 동구 좌천동,경상사고,0,0,1,1,차대차 - 기타,교차로운행방법위반,건조,맑음,교차로 - 교차로안,원동기,남,25세,부상신고,승용,남,55세,상해없음
2014011300100049,2014년 1월 13일 06시,월요일,부산광역시 연제구 거제동,중상사고,0,2,0,0,차대차 - 추돌 - 주정차중,안전운전불이행,건조,맑음,교차로 - 교차로부근,승용,남,60세,상해없음,승용,남,43세,중상
2014011300100050,2014년 1월 13일 06시,월요일,부산광역시 사상구 감전동,중상사고,0,1,0,0,차대차 - 추돌 - 진행중,신호위반,건조,맑음,단일로 - 기타,승용,남,74세,상해없음,자전거,남,52세,중상
2014011300100064,2014년 1월 13일 07시,월요일,부산광역시 해운대구 우동,중상사고,0,1,0,0,차대차 - 추돌 - 진행중,안전거리미확보,건조,맑음,단일로 - 기타,승용,여,43세,상해없음,원동기,남,23세,중상
2014011300100108,2014년 1월 13일 09시,월요일,부산광역시 동래구 명장동,부상신고사고,0,0,0,1,차량단독 - 전도전복,안전운전불이행,건조,맑음,단일로 - 기타,이륜,남,28세,부상신고,,,,
2014011300100109,2014년 1월 13일 09시,월요일,부산광역시 사하구 하단동,중상사고,0,1,0,0,차대사람 - 횡단중,신호위반,건조,맑음,교차로 - 교차로부근,승합,남,54세,상해없음,보행자,여,31세,중상
2014011300100163,2014년 1월 13일 11시,월요일,부산광역시 부산진구 부전동,경상사고,0,0,1,0,차대사람 - 기타,안전운전불이행,기타,맑음,교차로 - 교차로부근,화물,남,33세,상해없음,보행자,남,69세,경상
2014011300100164,2014년 1월 13일 11시,월요일,부산광역시 부산진구 전포동,중상사고,0,1,0,0,차대사람 - 기타,안전운전불이행,기타,맑음,단일로 - 기타,승용,남,71세,상해없음,보행자,여,78세,중상
2014011300100191,2014년 1월 13일 12시,월요일,부산광역시 북구 덕천동,부상신고사고,0,0,0,1,차대사람 - 기타,안전운전불이행,건조,맑음,교차로 - 교차로부근,승합,남,24세,상해없음,보행자,남,51세,부상신고
2014011300100213,2014년 1월 13일 13시,월요일,부산광역시 남구 대연동,경상사고,0,0,1,0,차대차 - 기타,중앙선침범,건조,맑음,단일로 - 기타,승용,여,46세,상해없음,승용,남,34세,경상
2014011300100246,2014년 1월 13일 14시,월요일,부산광역시 남구 대연동,경상사고,0,0,1,0,차대차 - 기타,교차로운행방법위반,건조,맑음,교차로 - 교차로부근,건설기계,남,55세,상해없음,승용,남,24세,경상
2014011300100292,2014년 1월 13일 16시,월요일,부산광역시 부산진구 개금동,부상신고사고,0,0,0,1,차대차 - 기타,안전거리미확보,건조,맑음,교차로 - 교차로부근,원동기,남,19세,부상신고,승용,남,36세,상해없음
2014011300100317,2014년 1월 13일 17시,월요일,부산광역시 동래구 안락동,중상사고,0,1,0,0,차대사람 - 횡단중,안전운전불이행,건조,맑음,교차로 - 교차로안,승합,남,62세,상해없음,보행자,남,45세,중상
2014011300100318,2014년 1월 13일 17시,월요일,부산광역시 부산진구 당감동,중상사고,0,1,0,0,차대차 - 기타,교차로운행방법위반,건조,맑음,교차로 - 교차로안,승용,남,33세,상해없음,원동기,남,52세,중상
2014011300100319,2014년 1월 13일 17시,월요일,부산광역시 강서구 범방동,경상사고,0,0,2,0,차대차 - 기타,안전운전불이행,건조,맑음,교차로 - 교차로안,특수,남,58세,상해없음,특수,남,42세,경상
2014011300100338,2014년 1월 13일 18시,월요일,부산광역시 해운대구 우동,경상사고,0,0,1,0,차대차 - 측면직각충돌,교차로운행방법위반,건조,맑음,교차로 - 교차로안,승용,여,29세,상해없음,승용,여,57세,상해없음
2014011300100376,2014년 1월 13일 19시,월요일,부산광역시 금정구 구서동,경상사고,0,0,1,0,차대사람 - 기타,안전운전불이행,건조,맑음,단일로 - 기타,승용,여,33세,상해없음,보행자,남,53세,경상
2014011300100403,2014년 1월 13일 20시,월요일,부산광역시 북구 덕천동,중상사고,0,1,1,0,차대차 - 측면직각충돌,신호위반,건조,맑음,교차로 - 교차로안,승용,남,23세,상해없음,승용,남,55세,경상
2014011300100404,2014년 1월 13일 20시,월요일,부산광역시 사하구 하단동,경상사고,0,0,2,0,차대차 - 측면직각충돌,교차로운행방법위반,건조,맑음,교차로 - 교차로안,승용,여,38세,상해없음,승용,남,61세,경상
2014011300100422,2014년 1월 13일 21시,월요일,부산광역시 동래구 명륜동,경상사고,0,0,1,0,차대사람 - 길가장자리구역통행중,안전운전불이행,건조,맑음,단일로 - 기타,승용,남,52세,상해없음,보행자,남,51세,경상
2014011300100446,2014년 1월 13일 22시,월요일,부산광역시 동래구 안락동,경상사고,0,0,1,0,차대차 - 측면직각충돌,교차로운행방법위반,건조,맑음,교차로 - 교차로안,승용,여,51세,상해없음,승용,남,30세,경상
2014011300100447,2014년 1월 13일 22시,월요일,부산광역시 부산진구 양정동,경상사고,0,0,1,0,차대사람 - 기타,안전운전불이행,건조,맑음,단일로 - 기타,화물,남,56세,상해없음,보행자,남,38세,경상
2014011300100448,2014년 1월 13일 22시,월요일,부산광역시 수영구 망미동,경상사고,0,0,1,0,차대사람 - 길가장자리구역통행중,안전운전불이행,건조,맑음,단일로 - 기타,승용,남,30세,상해없음,보행자,남,66세,경상
2014011400100004,2014년 1월 14일 00시,화요일,부산광역시 금정구 부곡동,중상사고,0,1,0,0,차대차 - 기타,불법유턴,건조,맑음,단일로 - 기타,원동기,여,52세,중상,승용,남,29세,상해없음
2014011400100048,2014년 1월 14일 06시,화요일,부산광역시 동래구 온천동,경상사고,0,0,3,0,차대차 - 추돌 - 주정차중,차로위반,건조,맑음,단일로 - 기타,승용,여,32세,상해없음,화물,남,37세,경상
2014011400100082,2014년 1월 14일 08시,화요일,부산광역시 연제구 연산동,중상사고,0,1,0,0,차대차 - 추돌 - 주정차중,안전거리미확보,건조,맑음,단일로 - 기타,승용,남,32세,상해없음,승합,남,67세,상해없음
2014011400100114,2014년 1월 14일 09시,화요일,부산광역시 사하구 신평동,부상신고사고,0,0,0,1,차대차 - 기타,안전운전불이행,건조,맑음,교차로 - 교차로부근,화물,남,55세,상해없음,화물,남,42세,상해없음
2014011400100154,2014년 1월 14일 11시,화요일,부산광역시 영도구 동삼동,중상사고,0,1,0,0,차대사람 - 횡단중,안전운전불이행,건조,맑음,교차로 - 교차로안,승용,남,57세,상해없음,보행자,여,60세,중상
2014011400100155,2014년 1월 14일 11시,화요일,부산광역시 부산진구 초읍동,경상사고,0,0,1,0,차대사람 - 기타,안전운전불이행,건조,맑음,단일로 - 기타,승용,남,28세,상해없음,보행자,남,53세,경상
2014011400100184,2014년 1월 14일 12시,화요일,부산광역시 남구 용호동,중상사고,0,1,0,0,차대차 - 정면충돌,안전운전불이행,건조,맑음,교차로 - 교차로안,승용,여,53세,상해없음,이륜,남,60세,중상
2014011400100185,2014년 1월 14일 12시,화요일,부산광역시 북구 덕천동,경상사고,0,0,1,0,차대차 - 추돌 - 진행중,안전운전불이행,건조,맑음,단일로 - 기타,승용,여,31세,상해없음,승용,남,64세,경상
2014011400100186,2014년 1월 14일 12시,화요일,부산광역시 해운대구 중동,중상사고,0,1,0,0,차대차 - 측면직각충돌,안전운전불이행,건조,맑음,단일로 - 기타,승용,남,44세,상해없음,자전거,남,13세,중상
2014011400100187,2014년 1월 14일 12시,화요일,부산광역시 사상구 모라동,중상사고,0,1,0,0,차량단독 - 기타,기타,건조,맑음,단일로 - 기타,승합,남,54세,상해없음,,,,
2014011400100204,2014년 1월 14일 13시,화요일,부산광역시 동구 범일동,부상신고사고,0,0,0,1,차량단독 - 전도전복,안전운전불이행,건조,맑음,단일로 - 기타,원동기,남,41세,부상신고,,,,
2014011400100205,2014년 1월 14일 13시,화요일,부산광역시 금정구 구서동,경상사고,0,0,1,1,차대차 - 측면직각충돌,기타,건조,맑음,교차로 - 교차로안,이륜,남,21세,부상신고,화물,남,22세,경상
2014011400100206,2014년 1월 14일 13시,화요일,부산광역시 강서구 대저1동,경상사고,0,0,1,0,차대차 - 측면직각충돌,안전운전불이행,건조,맑음,교차로 - 교차로부근,이륜,남,70세,상해없음,이륜,남,49세,경상
2014011400100207,2014년 1월 14일 13시,화요일,부산광역시 사상구 엄궁동,경상사고,0,0,1,1,차대차 - 측면직각충돌,교차로운행방법위반,건조,맑음,교차로 - 교차로안,화물,남,65세,부상신고,승용,여,47세,경상
2014011400100227,2014년 1월 14일 14시,화요일,부산광역시 동래구 명장동,경상사고,0,0,1,0,차대사람 - 횡단중,보행자보호의무위반,건조,맑음,교차로 - 교차로안,화물,남,33세,상해없음,보행자,남,67세,경상
2014011400100228,2014년 1월 14일 14시,화요일,부산광역시 사하구 감천동,중상사고,0,1,2,0,차대차 - 추돌 - 주정차중,안전운전불이행,건조,맑음,단일로 - 기타,승용,남,53세,상해없음,승용,남,49세,중상
2014011400100276,2014년 1월 14일 16시,화요일,부산광역시 동래구 안락동,중상사고,0,1,0,0,차대차 - 측면직각충돌,안전운전불이행,건조,맑음,교차로 - 교차로부근,승용,여,64세,중상,화물,남,65세,상해없음
2014011400100277,2014년 1월 14일 16시,화요일,부산광역시 부산진구 당감동,경상사고,0,0,1,0,차대사람 - 기타,안전운전불이행,건조,맑음,단일로 - 기타,승용,여,41세,상해없음,보행자,남,14세,경상
2014011400100278,2014년 1월 14일 16시,화요일,부산광역시 사상구 덕포동,중상사고,0,1,0,0,차대차 - 측면직각충돌,안전거리미확보,건조,맑음,단일로 - 기타,승용,여,63세,상해없음,원동기,남,49세,중상
2014011400100309,2014년 1월 14일 17시,화요일,부산광역시 사하구 신평동,경상사고,0,0,2,0,차대차 - 기타,안전운전불이행,건조,맑음,단일로 - 기타,승용,남,60세,상해없음,승용,남,55세,경상
2014011400100310,2014년 1월 14일 17시,화요일,부산광역시 사하구 하단동,경상사고,0,0,1,0,차대차 - 기타,중앙선침범,건조,맑음,단일로 - 기타,승용,여,45세,상해없음,승용,남,27세,경상
2014011400100334,2014년 1월 14일 18시,화요일,부산광역시 북구 구포동,사망사고,1,0,0,0,차대사람 - 횡단중,안전운전불이행,건조,맑음,단일로 - 기타,승용,남,47세,상해없음,보행자,남,76세,사망
2014011400100335,2014년 1월 14일 18시,화요일,부산광역시 북구 구포동,경상사고,0,0,1,0,차대차 - 추돌 - 진행중,신호위반,건조,맑음,교차로 - 교차로부근,화물,남,47세,상해없음,이륜,남,36세,경상
2014011400100336,2014년 1월 14일 18시,화요일,부산광역시 부산진구 양정동,중상사고,0,1,0,0,차대차 - 측면직각충돌,신호위반,건조,맑음,단일로 - 횡단보도상,승용,여,48세,상해없음,이륜,남,19세,중상
2014011400100337,2014년 1월 14일 18시,화요일,부산광역시 금정구 부곡동,경상사고,0,0,1,0,차대차 - 측면직각충돌,안전거리미확보,건조,맑음,단일로 - 기타,승용,남,29세,상해없음,승용,남,39세,경상
2014011400100376,2014년 1월 14일 19시,화요일,부산광역시 북구 덕천동,경상사고,0,0,1,0,차대차 - 추돌 - 진행중,안전운전불이행,건조,맑음,단일로 - 기타,승용,남,40세,상해없음,이륜,남,16세,경상
2014011400100377,2014년 1월 14일 19시,화요일,부산광역시 금정구 구서동,중상사고,0,1,0,0,차대차 - 측면직각충돌,불법유턴,건조,맑음,교차로 - 교차로안,승용,남,44세,상해없음,승용,여,43세,중상
2014011400100378,2014년 1월 14일 19시,화요일,부산광역시 사상구 감전동,경상사고,0,0,1,0,차대차 - 추돌 - 진행중,안전거리미확보,건조,맑음,단일로 - 기타,승용,남,43세,상해없음,승용,남,34세,경상
2014011400100401,2014년 1월 14일 20시,화요일,부산광역시 연제구 연산동,중상사고,0,1,0,0,차대사람 - 기타,안전운전불이행,건조,맑음,단일로 - 기타,화물,남,45세,상해없음,보행자,남,46세,중상
2014011400100423,2014년 1월 14일 21시,화요일,부산광역시 금정구 서동,경상사고,0,0,1,0,차대사람 - 길가장자리구역통행중,안전운전불이행,건조,맑음,단일로 - 기타,승용,남,54세,상해없음,보행자,남,50세,경상
2014011400100449,2014년 1월 14일 22시,화요일,부산광역시 수영구 남천동,부상신고사고,0,0,0,1,차대사람 - 기타,중앙선침범,건조,맑음,단일로 - 횡단보도부근,승용,남,38세,상해없음,보행자,남,22세,부상신고
2014011400100450,2014년 1월 14일 22시,화요일,부산광역시 부산진구 범천동,중상사고,0,1,0,0,차대차 - 기타,신호위반,기타,맑음,교차로 - 교차로안,승용,여,24세,상해없음,승용,남,55세,중상
2014011400100472,2014년 1월 14일 23시,화요일,부산광역시 수영구 광안동,중상사고,0,1,2,1,차대차 - 기타,안전운전불이행,건조,맑음,단일로 - 기타,승용,남,38세,상해없음,승용,남,61세,중상
2014011500100031,2014년 1월 15일 02시,수요일,부산광역시 동구 범일동,사망사고,1,0,0,0,차대사람 - 횡단중,과속,건조,맑음,단일로 - 기타,승용,남,52세,상해없음,보행자,남,52세,사망
2014011500100058,2014년 1월 15일 06시,수요일,부산광역시 해운대구 우동,중상사고,0,1,0,0,차대차 - 측면직각충돌,안전거리미확보,건조,맑음,단일로 - 기타,승용,남,61세,상해없음,승용,여,70세,기타불명
2014011500100074,2014년 1월 15일 07시,수요일,부산광역시 수영구 민락동,경상사고,0,0,3,2,차대차 - 정면충돌,중앙선침범,건조,맑음,단일로 - 기타,승합,남,64세,상해없음,승용,남,35세,경상
2014011500100106,2014년 1월 15일 08시,수요일,부산광역시 수영구 광안동,경상사고,0,0,1,0,차대차 - 추돌 - 진행중,안전운전불이행,건조,맑음,단일로 - 기타,승용,남,43세,상해없음,원동기,남,53세,상해없음
2014011500100155,2014년 1월 15일 10시,수요일,부산광역시 남구 용호동,중상사고,0,1,0,0,차대사람 - 기타,보행자보호의무위반,건조,맑음,단일로 - 기타,승용,남,72세,상해없음,보행자,남,10세,중상
2014011500100156,2014년 1월 15일 10시,수요일,부산광역시 해운대구 우동,경상사고,0,0,1,0,차대차 - 추돌 - 진행중,안전거리미확보,건조,맑음,교차로 - 교차로부근,승용,여,42세,상해없음,승합,남,54세,상해없음
2014011500100182,2014년 1월 15일 11시,수요일,부산광역시 사하구 신평동,경상사고,0,0,1,0,차대차 - 정면충돌,중앙선침범,건조,맑음,단일로 - 기타,화물,남,56세,상해없음,승용,남,56세,상해없음
2014011500100225,2014년 1월 15일 13시,수요일,부산광역시 해운대구 재송동,중상사고,0,1,0,0,차대사람 - 기타,기타,건조,맑음,단일로 - 기타,승합,남,57세,상해없음,보행자,여,65세,중상
2014011500100226,2014년 1월 15일 13시,수요일,부산광역시 연제구 연산동,중상사고,0,1,0,0,차대차 - 측면직각충돌,교차로운행방법위반,건조,맑음,교차로 - 교차로안,승용,남,64세,상해없음,이륜,남,54세,중상
2014011500100242,2014년 1월 15일 14시,수요일,부산광역시 금정구 장전동,부상신고사고,0,0,0,2,차대차 - 측면직각충돌,안전운전불이행,건조,맑음,단일로 - 기타,이륜,남,25세,부상신고,승용,남,19세,상해없음
2014011500100243,2014년 1월 15일 14시,수요일,부산광역시 금정구 두구동,경상사고,0,0,2,0,차대차 - 추돌 - 주정차중,안전운전불이행,건조,맑음,교차로 - 교차로부근,화물,남,56세,상해없음,승용,남,66세,경상
2014011500100268,2014년 1월 15일 15시,수요일,부산광역시 금정구 장전동,중상사고,0,1,0,0,차대사람 - 횡단중,신호위반,건조,맑음,교차로 - 교차로안,이륜,남,26세,상해없음,보행자,남,62세,중상
2014011500100269,2014년 1월 15일 15시,수요일,부산광역시 사하구 신평동,경상사고,0,0,1,0,차대차 - 추돌 - 주정차중,안전운전불이행,건조,맑음,교차로 - 교차로안,화물,남,57세,상해없음,이륜,남,65세,경상
2014011500100289,2014년 1월 15일 16시,수요일,부산광역시 부산진구 개금동,경상사고,0,0,1,0,차대사람 - 횡단중,보행자보호의무위반,건조,맑음,교차로 - 교차로부근,승합,남,57세,상해없음,보행자,남,57세,경상
2014011500100316,2014년 1월 15일 17시,수요일,부산광역시 금정구 구서동,중상사고,0,1,0,0,차대사람 - 기타,기타,건조,맑음,교차로 - 교차로부근,승합,남,52세,상해없음,보행자,여,21세,중상
2014011500100317,2014년 1월 15일 17시,수요일,부산광역시 금정구 남산동,경상사고,0,0,1,0,차대사람 - 기타,안전운전불이행,건조,맑음,단일로 - 기타,승용,남,44세,상해없음,보행자,여,65세,경상
2014011500100318,2014년 1월 15일 17시,수요일,부산광역시 사상구 모라동,중상사고,0,1,0,0,차대사람 - 횡단중,안전운전불이행,건조,맑음,단일로 - 기타,승용,여,35세,상해없음,보행자,여,68세,중상
2014011500100352,2014년 1월 15일 18시,수요일,부산광역시 중구 영주동,경상사고,0,0,1,0,차량단독 - 기타,안전운전불이행,건조,맑음,단일로 - 기타,승합,남,50세,상해없음,,,,
2014011500100353,2014년 1월 15일 18시,수요일,부산광역시 해운대구 우동,중상사고,0,1,0,0,차대차 - 측면직각충돌,신호위반,건조,맑음,교차로 - 교차로부근,승용,남,67세,상해없음,이륜,여,25세,중상
2014011500100354,2014년 1월 15일 18시,수요일,부산광역시 해운대구 반여동,경상사고,0,0,1,0,차대사람 - 기타,기타,건조,맑음,단일로 - 기타,승합,남,54세,상해없음,보행자,여,40세,경상
2014011500100400,2014년 1월 15일 19시,수요일,부산광역시 중구 보수동1가,경상사고,0,0,1,0,차대사람 - 기타,안전운전불이행,건조,맑음,단일로 - 기타,승용,남,57세,상해없음,보행자,여,64세,경상
2014011500100401,2014년 1월 15일 19시,수요일,부산광역시 동구 좌천동,경상사고,0,0,1,0,차대차 - 추돌 - 진행중,안전거리미확보,건조,맑음,단일로 - 기타,승용,남,52세,상해없음,승용,남,33세,경상
2014011500100467,2014년 1월 15일 21시,수요일,부산광역시 사상구 모라동,중상사고,0,2,0,0,차대차 - 측면직각충돌,신호위반,건조,맑음,교차로 - 교차로안,승합,남,45세,상해없음,승용,남,26세,중상
2014011500100468,2014년 1월 15일 21시,수요일,부산광역시 기장군 기장읍,중상사고,0,1,0,0,차대사람 - 횡단중,보행자보호의무위반,건조,맑음,교차로 - 교차로부근,승용,남,54세,상해없음,보행자,여,32세,중상
2014011500100498,2014년 1월 15일 22시,수요일,부산광역시 해운대구 우동,중상사고,0,1,0,0,차대사람 - 횡단중,안전운전불이행,건조,맑음,단일로 - 기타,원동기,남,39세,상해없음,보행자,여,60세,중상
2014011500100520,2014년 1월 15일 23시,수요일,부산광역시 금정구 부곡동,중상사고,0,1,0,0,차대사람 - 횡단중,보행자보호의무위반,건조,맑음,교차로 - 교차로부근,승용,남,55세,상해없음,보행자,여,67세,중상
2014011600100004,2014년 1월 16일 00시,목요일,부산광역시 사하구 장림동,경상사고,0,0,2,0,차대차 - 기타,중앙선침범,건조,맑음,단일로 - 기타,화물,남,35세,상해없음,승용,남,58세,경상
2014011600100027,2014년 1월 16일 01시,목요일,부산광역시 부산진구 부전동,경상사고,0,0,1,0,차대차 - 기타,안전거리미확보,건조,맑음,단일로 - 기타,승용,남,21세,상해없음,승용,남,62세,경상
2014011600100053,2014년 1월 16일 05시,목요일,부산광역시 금정구 구서동,경상사고,0,0,1,0,차대차 - 측면직각충돌,불법유턴,건조,맑음,교차로 - 교차로안,승용,여,46세,상해없음,승용,여,25세,경상
2014011600100063,2014년 1월 16일 06시,목요일,부산광역시 중구 남포동1가,중상사고,0,1,0,0,차대사람 - 보도통행중,기타,건조,맑음,단일로 - 기타,이륜,남,35세,상해없음,보행자,여,51세,중상
2014011600100064,2014년 1월 16일 06시,목요일,부산광역시 북구 만덕동,중상사고,0,2,0,0,차량단독 - 기타,안전운전불이행,건조,맑음,단일로 - 기타,이륜,남,22세,중상,,,,
2014011600100065,2014년 1월 16일 06시,목요일,부산광역시 부산진구 부전동,경상사고,0,0,1,0,차대차 - 기타,안전운전불이행,건조,맑음,단일로 - 기타,승용,여,42세,상해없음,승용,남,61세,상해없음
2014011600100080,2014년 1월 16일 07시,목요일,부산광역시 중구 대청동1가,경상사고,0,0,1,0,차량단독 - 기타,안전운전불이행,건조,맑음,단일로 - 기타,승용,남,66세,상해없음,,,,
2014011600100081,2014년 1월 16일 07시,목요일,부산광역시 강서구 대저1동,경상사고,0,0,1,0,차대차 - 기타,신호위반,건조,맑음,교차로 - 교차로안,원동기,남,41세,경상,승용,남,14세,상해없음
2014011600100105,2014년 1월 16일 08시,목요일,부산광역시 연제구 거제동,경상사고,0,0,1,0,차대차 - 기타,안전거리미확보,건조,맑음,단일로 - 기타,승합,남,63세,상해없음,승합,남,30세,경상
2014011600100125,2014년 1월 16일 09시,목요일,부산광역시 남구 용호동,중상사고,0,1,0,0,차대사람 - 횡단중,안전운전불이행,건조,맑음,교차로 - 교차로안,화물,남,44세,상해없음,보행자,여,72세,중상
2014011600100126,2014년 1월 16일 09시,목요일,부산광역시 해운대구 좌동,경상사고,0,0,2,0,차대차 - 측면직각충돌,교차로운행방법위반,건조,맑음,교차로 - 교차로안,승용,여,47세,상해없음,승용,남,73세,상해없음
2014011600100149,2014년 1월 16일 10시,목요일,부산광역시 금정구 서동,경상사고,0,0,2,0,차대차 - 측면직각충돌,직진우회전진행방해,건조,맑음,교차로 - 교차로안,승합,남,29세,상해없음,승용,여,59세,경상
2014011600100150,2014년 1월 16일 10시,목요일,부산광역시 강서구 송정동,부상신고사고,0,0,0,1,차대차 - 측면직각충돌,직진우회전진행방해,건조,맑음,교차로 - 교차로안,승용,남,54세,부상신고,승용,남,47세,상해없음
2014011600100171,2014년 1월 16일 11시,목요일,부산광역시 해운대구 우동,경상사고,0,0,2,0,차대차 - 기타,안전거리미확보,기타,맑음,단일로 - 기타,승합,남,50세,상해없음,승용,여,46세,경상
2014011600100172,2014년 1월 16일 11시,목요일,부산광역시 금정구 구서동,경상사고,0,0,2,0,차대사람 - 횡단중,보행자보호의무위반,건조,맑음,교차로 - 교차로부근,승용,남,34세,상해없음,보행자,여,22세,경상
2014011600100188,2014년 1월 16일 12시,목요일,부산광역시 부산진구 부전동,경상사고,0,0,2,0,차대차 - 기타,안전거리미확보,건조,맑음,교차로 - 교차로부근,승용,여,48세,상해없음,승용,남,64세,경상
2014011600100189,2014년 1월 16일 12시,목요일,부산광역시 부산진구 부전동,경상사고,0,0,1,0,차대사람 - 횡단중,안전운전불이행,건조,맑음,단일로 - 기타,화물,기타불명,기타불명,기타불명,보행자,여,25세,경상
2014011600100190,2014년 1월 16일 12시,목요일,부산광역시 금정구 구서동,경상사고,0,0,2,0,차대차 - 추돌 - 진행중,안전거리미확보,건조,맑음,교차로 - 교차로안,승용,여,39세,상해없음,승용,남,66세,경상
2014011600100191,2014년 1월 16일 12시,목요일,부산광역시 사하구 당리동,중상사고,0,1,0,0,차대사람 - 횡단중,보행자보호의무위반,건조,맑음,교차로 - 교차로부근,승용,여,58세,상해없음,보행자,여,67세,중상
2014011600100213,2014년 1월 16일 13시,목요일,부산광역시 동구 범일동,중상사고,0,1,0,0,차대사람 - 기타,안전거리미확보,건조,맑음,단일로 - 기타,화물,남,54세,상해없음,보행자,여,82세,중상
2014011600100215,2014년 1월 16일 13시,목요일,부산광역시 연제구 거제동,중상사고,0,1,3,0,차대차 - 추돌 - 진행중,안전운전불이행,건조,맑음,교차로 - 교차로부근,승용,남,38세,상해없음,승용,여,37세,상해없음
2014011600100236,2014년 1월 16일 14시,목요일,부산광역시 중구 남포동4가,경상사고,0,0,1,0,차대사람 - 기타,안전운전불이행,건조,맑음,단일로 - 기타,승용,여,55세,상해없음,보행자,여,59세,경상
2014011600100237,2014년 1월 16일 14시,목요일,부산광역시 동구 범일동,경상사고,0,0,1,0,차대차 - 추돌 - 진행중,안전운전불이행,건조,맑음,단일로 - 기타,승용,남,59세,상해없음,승용,남,71세,경상
2014011600100238,2014년 1월 16일 14시,목요일,부산광역시 수영구 민락동,경상사고,0,0,2,0,차대차 - 정면충돌,중앙선침범,건조,맑음,단일로 - 기타,화물,남,50세,상해없음,승용,여,68세,경상
2014011600100239,2014년 1월 16일 14시,목요일,부산광역시 사상구 모라동,중상사고,0,1,0,0,차대차 - 측면직각충돌,중앙선침범,건조,맑음,단일로 - 기타,화물,남,44세,상해없음,이륜,남,53세,중상
2014011600100333,2014년 1월 16일 18시,목요일,부산광역시 동구 초량동,중상사고,0,1,0,0,차대사람 - 기타,보행자보호의무위반,건조,맑음,단일로 - 기타,승합,남,62세,상해없음,보행자,남,37세,중상
2014011600100334,2014년 1월 16일 18시,목요일,부산광역시 동구 좌천동,경상사고,0,0,1,0,차대차 - 기타,안전거리미확보,건조,맑음,교차로 - 교차로부근,승합,여,59세,상해없음,승용,남,34세,경상
2014011600100377,2014년 1월 16일 19시,목요일,부산광역시 강서구 대저2동,사망사고,1,0,0,0,차량단독 - 기타,안전운전불이행,건조,맑음,교차로 - 교차로안,자전거,남,60세,사망,,,,
2014011600100378,2014년 1월 16일 19시,목요일,부산광역시 사상구 엄궁동,중상사고,0,1,0,0,차대차 - 정면충돌,안전운전불이행,건조,맑음,교차로 - 교차로안,승용,기타불명,기타불명,기타불명,원동기,남,16세,상해없음
2014011600100379,2014년 1월 16일 19시,목요일,부산광역시 사상구 삼락동,경상사고,0,0,1,0,차대차 - 추돌 - 진행중,안전운전불이행,건조,맑음,단일로 - 기타,승합,남,49세,상해없음,승용,남,35세,경상
2014011600100380,2014년 1월 16일 19시,목요일,부산광역시 강서구 대저1동,중상사고,0,1,0,0,차대차 - 기타,안전운전불이행,건조,맑음,단일로 - 기타,승용,남,34세,상해없음,승용,남,53세,중상
2014011600100414,2014년 1월 16일 20시,목요일,부산광역시 해운대구 재송동,경상사고,0,0,2,0,차대차 - 추돌 - 주정차중,안전거리미확보,건조,맑음,교차로 - 교차로부근,화물,남,51세,상해없음,승용,남,37세,경상
2014011600100500,2014년 1월 16일 23시,목요일,부산광역시 사하구 장림동,경상사고,0,0,1,0,차대사람 - 기타,안전운전불이행,건조,맑음,단일로 - 기타,승용,여,56세,상해없음,보행자,남,70세,경상
2014011700100007,2014년 1월 17일 00시,금요일,부산광역시 남구 문현동,중상사고,0,1,0,0,차대사람 - 기타,안전운전불이행,건조,맑음,단일로 - 기타,승용,남,54세,상해없음,보행자,남,58세,중상
2014011700100008,2014년 1월 17일 00시,금요일,부산광역시 해운대구 재송동,경상사고,0,0,2,0,차대차 - 측면직각충돌,신호위반,건조,맑음,교차로 - 교차로안,승용,남,57세,상해없음,승용,남,59세,경상
2014011700100009,2014년 1월 17일 00시,금요일,부산광역시 부산진구 부전동,경상사고,0,0,1,0,차대차 - 정면충돌,중앙선침범,건조,맑음,교차로 - 교차로부근,화물,여,47세,상해없음,승용,남,38세,경상
2014011700100055,2014년 1월 17일 04시,금요일,부산광역시 금정구 부곡동,경상사고,0,0,1,0,차대사람 - 기타,신호위반,건조,맑음,단일로 - 기타,이륜,기타불명,기타불명,기타불명,보행자,여,27세,경상
2014011700100065,2014년 1월 17일 05시,금요일,부산광역시 사상구 엄궁동,중상사고,0,1,0,0,차대사람 - 기타,안전운전불이행,건조,맑음,기타 - 기타,화물,남,55세,상해없음,보행자,남,66세,중상
2014011700100108,2014년 1월 17일 08시,금요일,부산광역시 금정구 금사동,중상사고,0,1,0,0,차대사람 - 기타,안전운전불이행,건조,맑음,단일로 - 기타,승합,남,54세,상해없음,보행자,남,64세,중상
2014011700100137,2014년 1월 17일 09시,금요일,부산광역시 북구 화명동,중상사고,0,1,0,0,차대차 - 기타,안전운전불이행,건조,맑음,단일로 - 기타,승용,여,38세,상해없음,자전거,여,36세,중상
2014011700100154,2014년 1월 17일 10시,금요일,부산광역시 부산진구 부전동,부상신고사고,0,0,0,1,차대사람 - 기타,안전운전불이행,건조,맑음,단일로 - 기타,승합,남,54세,상해없음,보행자,여,74세,부상신고