사고번호,사고일시,요일,시군구,사고내용,사망자수,중상자수,경상자수,부상신고자수,사고유형,법규위반,노면상태,기상상태,도로형태,가해운전자 차종,가해운전자 성별,가해운전자 연령,가해운전자 상해정도,피해운전자 차종,피해운전자 성별,피해운전자 연령,피해운전자 상해정도
2014011700100202,2014년 1월 17일 12시,금요일,부산광역시 해운대구 우동,경상사고,0,0,3,0,차대차 - 추돌 - 주정차중,안전운전불이행,건조,맑음,단일로 - 기타,승용,여,52세,상해없음,승용,남,66세,경상
2014011700100203,2014년 1월 17일 12시,금요일,부산광역시 해운대구 반여동,중상사고,0,1,0,0,차대차 - 정면충돌,신호위반,건조,맑음,교차로 - 교차로안,승용,여,51세,상해없음,승용,남,70세,중상
2014011700100227,2014년 1월 17일 13시,금요일,부산광역시 사하구 신평동,경상사고,0,0,2,0,차대차 - 측면직각충돌,안전거리미확보,건조,맑음,단일로 - 기타,특수,남,52세,상해없음,승용,남,38세,경상
2014011700100273,2014년 1월 17일 15시,금요일,부산광역시 수영구 민락동,중상사고,0,1,0,0,차량단독 - 기타,안전운전불이행,건조,맑음,단일로 - 기타,승합,남,46세,상해없음,,,,
2014011700100274,2014년 1월 17일 15시,금요일,부산광역시 북구 구포동,경상사고,0,0,1,0,차량단독 - 기타,기타,건조,맑음,단일로 - 기타,승합,남,60세,상해없음,,,,
2014011700100275,2014년 1월 17일 15시,금요일,부산광역시 사상구 엄궁동,경상사고,0,0,1,1,차대차 - 추돌 - 진행중,안전거리미확보,건조,맑음,단일로 - 기타,화물,남,55세,상해없음,화물,남,41세,경상
2014011700100301,2014년 1월 17일 16시,금요일,부산광역시 금정구 구서동,경상사고,0,0,1,0,차대차 - 측면직각충돌,신호위반,건조,맑음,교차로 - 교차로안,이륜,남,25세,경상,화물,남,57세,상해없음
2014011700100302,2014년 1월 17일 16시,금요일,부산광역시 금정구 구서동,중상사고,0,1,0,0,차대사람 - 보도통행중,보행자보호의무위반,건조,맑음,단일로 - 횡단보도상,화물,남,70세,기타불명,보행자,여,21세,중상
2014011700100303,2014년 1월 17일 16시,금요일,부산광역시 기장군 기장읍,중상사고,0,1,0,0,차대사람 - 횡단중,안전운전불이행,건조,맑음,교차로 - 교차로안,승용,남,45세,상해없음,보행자,여,50세,중상
2014011700100328,2014년 1월 17일 17시,금요일,부산광역시 남구 문현동,경상사고,0,0,2,0,차대차 - 기타,안전운전불이행,건조,맑음,교차로 - 교차로부근,승합,남,50세,상해없음,승용,여,50세,경상
2014011700100329,2014년 1월 17일 17시,금요일,부산광역시 북구 구포동,중상사고,0,1,0,0,차대사람 - 기타,안전운전불이행,건조,맑음,단일로 - 기타,승합,남,42세,상해없음,보행자,남,65세,중상
2014011700100330,2014년 1월 17일 17시,금요일,부산광역시 해운대구 우동,중상사고,0,1,0,0,차대사람 - 횡단중,안전운전불이행,건조,기타,교차로 - 교차로부근,승용,남,33세,상해없음,보행자,여,82세,중상
2014011700100358,2014년 1월 17일 18시,금요일,부산광역시 사하구 당리동,중상사고,0,1,0,0,차대차 - 측면직각충돌,안전운전불이행,건조,맑음,교차로 - 교차로안,승합,남,52세,상해없음,이륜,남,39세,중상
2014011700100410,2014년 1월 17일 19시,금요일,부산광역시 중구 남포동1가,중상사고,0,1,0,0,차대사람 - 기타,안전운전불이행,건조,맑음,단일로 - 기타,승합,남,50세,상해없음,보행자,여,80세,중상
2014011700100442,2014년 1월 17일 20시,금요일,부산광역시 사상구 삼락동,중상사고,0,3,5,0,차대차 - 기타,안전거리미확보,건조,맑음,단일로 - 기타,승용,남,56세,상해없음,승합,남,45세,경상
2014011700100478,2014년 1월 17일 21시,금요일,부산광역시 강서구 명지동,중상사고,0,1,0,0,차대차 - 측면직각충돌,직진우회전진행방해,건조,맑음,교차로 - 교차로안,승용,남,64세,상해없음,원동기,남,30세,중상
2014011700100517,2014년 1월 17일 22시,금요일,부산광역시 중구 부평동1가,중상사고,0,1,0,0,차대사람 - 기타,안전운전불이행,건조,맑음,단일로 - 기타,승용,남,45세,상해없음,보행자,여,66세,중상
2014011700100518,2014년 1월 17일 22시,금요일,부산광역시 남구 감만동,경상사고,0,0,1,0,차대차 - 기타,안전운전불이행,건조,맑음,단일로 - 기타,승용,남,45세,상해없음,이륜,남,30세,경상
2014011700100519,2014년 1월 17일 22시,금요일,부산광역시 수영구 망미동,경상사고,0,0,1,0,차대차 - 기타,신호위반,건조,맑음,교차로 - 교차로안,승용,남,41세,상해없음,승용,남,56세,경상
2014011700100546,2014년 1월 17일 23시,금요일,부산광역시 남구 대연동,중상사고,0,1,2,0,차대차 - 추돌 - 진행중,안전거리미확보,건조,맑음,단일로 - 터널,승용,남,54세,상해없음,승용,남,50세,중상
2014011700100547,2014년 1월 17일 23시,금요일,부산광역시 사하구 하단동,경상사고,0,0,1,0,차대차 - 측면직각충돌,안전운전불이행,건조,맑음,단일로 - 기타,승용,남,57세,상해없음,승용,남,32세,경상
2014011800100008,2014년 1월 18일 00시,토요일,부산광역시 중구 남포동1가,경상사고,0,0,3,0,차대차 - 측면직각충돌,신호위반,건조,맑음,교차로 - 교차로안,승용,남,67세,상해없음,승용,남,32세,경상
2014011800100009,2014년 1월 18일 00시,토요일,부산광역시 남구 대연동,경상사고,0,0,2,0,차대차 - 추돌 - 진행중,안전운전불이행,건조,맑음,단일로 - 기타,승용,남,33세,상해없음,승용,남,42세,경상
2014011800100010,2014년 1월 18일 00시,토요일,부산광역시 남구 대연동,경상사고,0,0,1,0,차대차 - 추돌 - 주정차중,기타,건조,맑음,단일로 - 기타,승용,남,28세,상해없음,승용,남,59세,경상
2014011800100011,2014년 1월 18일 00시,토요일,부산광역시 북구 구포동,경상사고,0,0,1,0,차대차 - 추돌 - 진행중,안전운전불이행,건조,맑음,교차로 - 교차로부근,승용,남,22세,상해없음,승용,남,54세,경상
2014011800100012,2014년 1월 18일 00시,토요일,부산광역시 부산진구 전포동,경상사고,0,0,1,0,차대차 - 기타,신호위반,건조,맑음,교차로 - 교차로안,승용,여,44세,상해없음,승용,남,56세,상해없음
2014011800100013,2014년 1월 18일 00시,토요일,부산광역시 부산진구 가야동,경상사고,0,0,1,0,차대차 - 측면직각충돌,안전거리미확보,건조,맑음,단일로 - 기타,승용,남,59세,상해없음,승용,여,47세,경상
2014011800100044,2014년 1월 18일 01시,토요일,부산광역시 동래구 수안동,중상사고,0,1,2,0,차대차 - 측면직각충돌,신호위반,건조,맑음,교차로 - 교차로안,승용,남,30세,상해없음,승용,남,34세,중상
2014011800100045,2014년 1월 18일 01시,토요일,부산광역시 해운대구 반여동,중상사고,0,1,0,0,차대사람 - 횡단중,안전운전불이행,건조,맑음,단일로 - 횡단보도상,승용,남,56세,상해없음,보행자,남,55세,중상
2014011800100063,2014년 1월 18일 02시,토요일,부산광역시 해운대구 반여동,부상신고사고,0,0,0,1,차대사람 - 기타,안전운전불이행,건조,맑음,단일로 - 기타,승용,남,30세,상해없음,보행자,남,17세,부상신고
2014011800100079,2014년 1월 18일 03시,토요일,부산광역시 동구 초량동,경상사고,0,0,1,0,차대사람 - 기타,신호위반,건조,맑음,단일로 - 횡단보도상,승용,남,55세,상해없음,보행자,남,29세,경상
2014011800100085,2014년 1월 18일 04시,토요일,부산광역시 서구 암남동,중상사고,0,4,1,0,차대차 - 측면직각충돌,신호위반,건조,맑음,교차로 - 교차로안,승용,남,58세,상해없음,승용,남,52세,경상
2014011800100086,2014년 1월 18일 04시,토요일,부산광역시 금정구 구서동,경상사고,0,0,2,0,차대차 - 기타,안전운전불이행,건조,맑음,단일로 - 기타,승용,남,68세,경상,승용,남,21세,경상
2014011800100145,2014년 1월 18일 09시,토요일,부산광역시 북구 구포동,중상사고,0,1,0,0,차량단독 - 기타,안전운전불이행,건조,맑음,단일로 - 기타,승합,남,57세,상해없음,,,,
2014011800100146,2014년 1월 18일 09시,토요일,부산광역시 해운대구 반송동,중상사고,0,1,0,0,차대차 - 측면직각충돌,안전운전불이행,건조,맑음,교차로 - 교차로안,원동기,남,52세,중상,화물,남,43세,상해없음
2014011800100166,2014년 1월 18일 10시,토요일,부산광역시 해운대구 재송동,중상사고,0,1,0,0,차대사람 - 횡단중,안전운전불이행,건조,맑음,단일로 - 기타,승용,남,57세,상해없음,보행자,여,73세,중상
2014011800100167,2014년 1월 18일 10시,토요일,부산광역시 부산진구 전포동,경상사고,0,0,1,0,차량단독 - 공작물충돌,안전운전불이행,건조,맑음,교차로 - 교차로안,승용,남,33세,상해없음,,,,
2014011800100220,2014년 1월 18일 12시,토요일,부산광역시 사하구 하단동,경상사고,0,0,1,0,차대차 - 기타,신호위반,건조,맑음,교차로 - 교차로안,승용,남,57세,상해없음,이륜,남,40세,경상
2014011800100241,2014년 1월 18일 13시,토요일,부산광역시 사하구 괴정동,경상사고,0,0,1,0,차대사람 - 기타,안전운전불이행,건조,맑음,단일로 - 기타,승용,남,61세,상해없음,보행자,여,58세,경상
2014011800100242,2014년 1월 18일 13시,토요일,부산광역시 사하구 구평동,중상사고,0,1,0,0,차대차 - 기타,기타,건조,맑음,단일로 - 기타,승용,남,46세,상해없음,원동기,남,53세,중상
2014011800100243,2014년 1월 18일 13시,토요일,부산광역시 사상구 감전동,중상사고,0,1,0,0,차대차 - 측면직각충돌,안전거리미확보,건조,맑음,단일로 - 기타,화물,남,43세,상해없음,화물,남,48세,중상
2014011800100289,2014년 1월 18일 15시,토요일,부산광역시 해운대구 송정동,경상사고,0,0,1,0,차대차 - 측면직각충돌,안전거리미확보,건조,흐림,단일로 - 기타,건설기계,남,65세,상해없음,승용,남,64세,경상
2014011800100306,2014년 1월 18일 16시,토요일,부산광역시 서구 충무동1가,중상사고,0,2,0,0,차대차 - 기타,직진우회전진행방해,건조,맑음,교차로 - 교차로안,화물,남,58세,상해없음,원동기,남,48세,중상
2014011800100336,2014년 1월 18일 17시,토요일,부산광역시 서구 동대신동1가,중상사고,0,1,0,0,차대사람 - 기타,안전운전불이행,건조,맑음,단일로 - 기타,승합,여,53세,상해없음,보행자,여,76세,중상
2014011800100337,2014년 1월 18일 17시,토요일,부산광역시 영도구 청학동,경상사고,0,0,1,0,차대사람 - 차도통행중,안전운전불이행,건조,맑음,단일로 - 기타,승용,여,58세,상해없음,보행자,여,53세,경상
2014011800100338,2014년 1월 18일 17시,토요일,부산광역시 부산진구 전포동,경상사고,0,0,1,0,차대차 - 측면직각충돌,안전거리미확보,건조,맑음,단일로 - 기타,승용,남,54세,상해없음,승용,여,36세,경상
2014011800100339,2014년 1월 18일 17시,토요일,부산광역시 연제구 거제동,경상사고,0,0,1,0,차대차 - 추돌 - 진행중,신호위반,건조,맑음,교차로 - 교차로안,승합,남,47세,상해없음,승용,여,64세,경상
2014011800100340,2014년 1월 18일 17시,토요일,부산광역시 사상구 학장동,중상사고,0,1,0,0,차대사람 - 횡단중,보행자보호의무위반,건조,맑음,단일로 - 횡단보도상,이륜,남,52세,상해없음,보행자,남,75세,중상
2014011800100369,2014년 1월 18일 18시,토요일,부산광역시 부산진구 부전동,경상사고,0,0,1,0,차량단독 - 기타,안전운전불이행,건조,맑음,단일로 - 기타,승합,남,51세,상해없음,,,,
2014011800100451,2014년 1월 18일 21시,토요일,부산광역시 사하구 하단동,경상사고,0,0,3,0,차대차 - 측면직각충돌,안전거리미확보,건조,맑음,단일로 - 기타,승용,여,28세,경상,승용,남,47세,상해없음
2014011800100452,2014년 1월 18일 21시,토요일,부산광역시 기장군 정관면,중상사고,0,1,0,0,차대사람 - 횡단중,신호위반,건조,맑음,교차로 - 교차로안,승용,여,46세,상해없음,보행자,여,15세,중상
2014011800100475,2014년 1월 18일 22시,토요일,부산광역시 부산진구 부암동,부상신고사고,0,0,0,1,차대사람 - 길가장자리구역통행중,안전운전불이행,건조,맑음,단일로 - 기타,승용,남,47세,상해없음,보행자,남,44세,부상신고
2014011800100490,2014년 1월 18일 23시,토요일,부산광역시 부산진구 양정동,경상사고,0,0,3,0,차대차 - 추돌 - 주정차중,안전운전불이행,건조,맑음,교차로 - 교차로부근,승용,남,44세,상해없음,승용,여,32세,경상
2014011800100491,2014년 1월 18일 23시,토요일,부산광역시 금정구 부곡동,중상사고,0,1,0,0,차대사람 - 횡단중,안전운전불이행,건조,맑음,단일로 - 기타,이륜,남,34세,상해없음,보행자,여,20세,중상
2014011900100005,2014년 1월 19일 00시,일요일,부산광역시 중구 중앙동2가,경상사고,0,0,1,0,차대차 - 추돌 - 진행중,안전운전불이행,건조,맑음,교차로 - 교차로부근,승용,남,52세,상해없음,승용,남,61세,경상
2014011900100006,2014년 1월 19일 00시,일요일,부산광역시 남구 대연동,경상사고,0,0,1,0,차대사람 - 횡단중,안전운전불이행,건조,맑음,단일로 - 기타,승용,남,30세,상해없음,보행자,남,25세,경상
2014011900100007,2014년 1월 19일 00시,일요일,부산광역시 영도구 남항동1가,경상사고,0,0,2,0,차대차 - 추돌 - 진행중,교차로운행방법위반,건조,맑음,교차로 - 교차로안,승용,남,28세,경상,승용,남,49세,경상
2014011900100008,2014년 1월 19일 00시,일요일,부산광역시 해운대구 좌동,중상사고,0,1,0,0,차대사람 - 횡단중,신호위반,건조,맑음,단일로 - 횡단보도상,승용,남,65세,상해없음,보행자,남,21세,중상
2014011900100073,2014년 1월 19일 04시,일요일,부산광역시 해운대구 중동,중상사고,0,1,0,0,차대차 - 측면직각충돌,중앙선침범,건조,맑음,단일로 - 기타,승용,남,24세,상해없음,승용,남,27세,중상
2014011900100077,2014년 1월 19일 05시,일요일,부산광역시 사하구 신평동,중상사고,0,1,4,0,차대차 - 측면직각충돌,신호위반,건조,맑음,교차로 - 교차로안,승용,남,35세,상해없음,승용,남,59세,중상
2014011900100098,2014년 1월 19일 07시,일요일,부산광역시 부산진구 범전동,사망사고,1,0,0,0,차대사람 - 횡단중,신호위반,건조,맑음,단일로 - 횡단보도상,승용,남,25세,상해없음,보행자,남,76세,사망
2014011900100142,2014년 1월 19일 10시,일요일,부산광역시 금정구 구서동,경상사고,0,0,1,0,차대차 - 기타,기타,건조,맑음,교차로 - 교차로안,화물,남,36세,기타불명,승용,여,26세,경상
2014011900100143,2014년 1월 19일 10시,일요일,부산광역시 사하구 괴정동,중상사고,0,1,0,0,차대차 - 기타,교차로운행방법위반,건조,맑음,교차로 - 교차로안,승용,여,41세,기타불명,이륜,남,55세,중상
2014011900100208,2014년 1월 19일 13시,일요일,부산광역시 동구 초량동,경상사고,0,0,1,0,차대차 - 기타,신호위반,건조,맑음,교차로 - 교차로안,승용,남,60세,상해없음,승용,남,58세,경상
2014011900100228,2014년 1월 19일 14시,일요일,부산광역시 서구 남부민동,경상사고,0,0,1,0,차대사람 - 길가장자리구역통행중,안전운전불이행,기타,맑음,단일로 - 기타,승용,여,18세,상해없음,보행자,여,52세,경상
2014011900100229,2014년 1월 19일 14시,일요일,부산광역시 남구 용호동,부상신고사고,0,0,0,1,차대차 - 기타,안전거리미확보,건조,맑음,단일로 - 기타,승용,남,55세,상해없음,원동기,남,23세,부상신고
2014011900100251,2014년 1월 19일 15시,일요일,부산광역시 해운대구 우동,경상사고,0,0,2,0,차대차 - 추돌 - 진행중,안전거리미확보,건조,맑음,교차로 - 교차로안,승합,남,56세,상해없음,승용,남,33세,경상
2014011900100273,2014년 1월 19일 16시,일요일,부산광역시 해운대구 반여동,중상사고,0,1,0,0,차대차 - 추돌 - 진행중,안전거리미확보,건조,맑음,교차로 - 교차로부근,승합,남,54세,상해없음,승용,남,22세,중상
2014011900100295,2014년 1월 19일 17시,일요일,부산광역시 사하구 괴정동,경상사고,0,0,1,0,차대차 - 기타,안전운전불이행,건조,맑음,단일로 - 기타,승용,남,56세,상해없음,승용,남,35세,경상
2014011900100296,2014년 1월 19일 17시,일요일,부산광역시 사하구 괴정동,경상사고,0,0,1,0,차대차 - 기타,안전거리미확보,건조,맑음,단일로 - 기타,승용,남,31세,상해없음,승용,남,56세,경상
2014011900100317,2014년 1월 19일 18시,일요일,부산광역시 남구 문현동,중상사고,0,1,0,0,차대차 - 측면직각충돌,안전운전불이행,건조,맑음,교차로 - 교차로안,승용,남,58세,상해없음,승용,여,23세,중상
2014011900100318,2014년 1월 19일 18시,일요일,부산광역시 영도구 동삼동,경상사고,0,0,1,0,차대차 - 추돌 - 진행중,불법유턴,건조,맑음,교차로 - 교차로안,승용,여,42세,상해없음,화물,남,42세,경상
2014011900100319,2014년 1월 19일 18시,일요일,부산광역시 부산진구 부암동,중상사고,0,1,0,0,차대사람 - 기타,안전운전불이행,건조,맑음,단일로 - 기타,승용,여,51세,상해없음,보행자,여,69세,중상
2014011900100320,2014년 1월 19일 18시,일요일,부산광역시 금정구 부곡동,중상사고,0,4,0,1,차대차 - 추돌 - 주정차중,안전운전불이행,건조,맑음,단일로 - 기타,승용,남,63세,상해없음,승용,남,62세,부상신고
2014011900100321,2014년 1월 19일 18시,일요일,부산광역시 사상구 주례동,중상사고,0,1,0,2,차대차 - 측면직각충돌,안전거리미확보,건조,맑음,단일로 - 기타,승용,남,52세,상해없음,승용,남,27세,상해없음
2014011900100349,2014년 1월 19일 19시,일요일,부산광역시 북구 금곡동,경상사고,0,0,1,0,차대차 - 기타,안전거리미확보,건조,맑음,단일로 - 기타,승용,남,55세,상해없음,승용,여,30세,경상
2014011900100350,2014년 1월 19일 19시,일요일,부산광역시 기장군 일광면,중상사고,0,2,5,0,차대차 - 기타,안전운전불이행,건조,맑음,교차로 - 교차로안,승용,남,35세,경상,승용,여,49세,경상
2014011900100374,2014년 1월 19일 20시,일요일,부산광역시 남구 문현동,경상사고,0,0,5,0,차대차 - 기타,안전운전불이행,건조,맑음,단일로 - 기타,승용,남,34세,상해없음,승합,남,41세,경상
2014011900100375,2014년 1월 19일 20시,일요일,부산광역시 연제구 거제동,중상사고,0,1,0,0,차대차 - 기타,안전거리미확보,건조,맑음,단일로 - 기타,승용,여,38세,상해없음,승용,남,60세,상해없음
2014011900100421,2014년 1월 19일 22시,일요일,부산광역시 사상구 감전동,경상사고,0,0,1,0,차대차 - 기타,안전운전불이행,건조,맑음,교차로 - 교차로부근,승용,남,31세,상해없음,승용,남,42세,경상
2014012000100003,2014년 1월 20일 00시,월요일,부산광역시 사상구 감전동,중상사고,0,1,0,0,차대차 - 기타,신호위반,건조,맑음,교차로 - 교차로안,승용,남,56세,상해없음,승용,남,54세,중상
2014012000100023,2014년 1월 20일 02시,월요일,부산광역시 남구 우암동,중상사고,0,1,0,0,차대차 - 추돌 - 주정차중,안전운전불이행,건조,맑음,교차로 - 교차로부근,승용,남,45세,상해없음,승용,남,56세,중상
2014012000100047,2014년 1월 20일 04시,월요일,부산광역시 동래구 명장동,경상사고,0,0,2,0,차대차 - 추돌 - 주정차중,안전거리미확보,건조,맑음,단일로 - 기타,승용,남,60세,상해없음,화물,남,65세,경상
2014012000100071,2014년 1월 20일 06시,월요일,부산광역시 남구 대연동,중상사고,0,1,0,0,차대차 - 추돌 - 주정차중,안전운전불이행,건조,맑음,교차로 - 교차로부근,승용,남,70세,상해없음,승용,남,54세,중상
2014012000100072,2014년 1월 20일 06시,월요일,부산광역시 수영구 망미동,경상사고,0,0,2,0,차대차 - 추돌 - 진행중,안전거리미확보,건조,흐림,단일로 - 기타,승용,여,31세,상해없음,승합,남,58세,상해없음
2014012000100073,2014년 1월 20일 06시,월요일,부산광역시 연제구 연산동,중상사고,0,1,1,0,차대차 - 추돌 - 진행중,안전운전불이행,건조,흐림,단일로 - 기타,승합,남,60세,중상,승용,남,30세,경상
2014012000100088,2014년 1월 20일 07시,월요일,부산광역시 사하구 괴정동,경상사고,0,0,1,0,차대차 - 기타,안전운전불이행,건조,맑음,단일로 - 기타,승용,남,49세,상해없음,이륜,남,38세,경상
2014012000100089,2014년 1월 20일 07시,월요일,부산광역시 사하구 하단동,경상사고,0,0,1,0,차대차 - 측면직각충돌,안전거리미확보,건조,맑음,단일로 - 기타,승용,남,73세,기타불명,승용,남,36세,경상
2014012000100125,2014년 1월 20일 08시,월요일,부산광역시 서구 서대신동2가,경상사고,0,0,2,0,차대차 - 기타,안전운전불이행,습기,비,교차로 - 교차로안,승용,남,63세,상해없음,승용,남,40세,경상
2014012000100126,2014년 1월 20일 08시,월요일,부산광역시 기장군 철마면,경상사고,0,0,2,0,차대차 - 추돌 - 주정차중,안전운전불이행,습기,비,단일로 - 기타,승용,여,56세,경상,승용,남,73세,상해없음
2014012000100127,2014년 1월 20일 08시,월요일,부산광역시 기장군 정관면,중상사고,0,2,0,0,차대차 - 정면충돌,안전운전불이행,결빙,비,단일로 - 기타,승용,여,50세,중상,승용,남,37세,중상
2014012000100128,2014년 1월 20일 08시,월요일,부산광역시 기장군 정관면,중상사고,0,1,1,0,차대사람 - 기타,안전운전불이행,결빙,비,단일로 - 기타,승용,남,45세,상해없음,보행자,남,71세,경상
2014012000100176,2014년 1월 20일 09시,월요일,부산광역시 중구 영주동,사망사고,1,0,1,0,차대차 - 측면직각충돌,중앙선침범,습기,비,미분류 - 미분류,승용,남,59세,사망,화물,남,35세,경상
2014012000100216,2014년 1월 20일 10시,월요일,부산광역시 동래구 사직동,경상사고,0,0,1,0,차대사람 - 차도통행중,안전운전불이행,건조,맑음,단일로 - 기타,화물,남,26세,상해없음,보행자,여,51세,경상
2014012000100287,2014년 1월 20일 12시,월요일,부산광역시 수영구 민락동,중상사고,0,1,0,0,차대차 - 기타,교차로운행방법위반,건조,맑음,교차로 - 교차로안,승용,여,47세,상해없음,원동기,남,68세,중상
2014012000100288,2014년 1월 20일 12시,월요일,부산광역시 북구 만덕동,중상사고,0,1,0,0,차대차 - 추돌 - 진행중,신호위반,건조,맑음,교차로 - 교차로안,승용,남,43세,상해없음,승합,여,39세,중상
2014012000100289,2014년 1월 20일 12시,월요일,부산광역시 사상구 감전동,경상사고,0,0,1,0,차대사람 - 횡단중,보행자보호의무위반,습기,맑음,교차로 - 교차로안,화물,남,59세,상해없음,보행자,남,40세,경상
2014012000100316,2014년 1월 20일 13시,월요일,부산광역시 금정구 부곡동,경상사고,0,0,1,0,차대사람 - 보도통행중,보행자보호의무위반,건조,맑음,교차로 - 교차로안,승용,여,36세,상해없음,보행자,남,78세,경상
2014012000100317,2014년 1월 20일 13시,월요일,부산광역시 기장군 기장읍,중상사고,0,1,0,0,차대사람 - 기타,안전운전불이행,건조,맑음,단일로 - 기타,승용,여,30세,상해없음,보행자,남,63세,중상
2014012000100351,2014년 1월 20일 14시,월요일,부산광역시 해운대구 반여동,중상사고,0,1,1,0,차대차 - 기타,안전운전불이행,건조,맑음,교차로 - 교차로부근,승합,남,57세,상해없음,이륜,남,32세,중상
2014012000100352,2014년 1월 20일 14시,월요일,부산광역시 해운대구 석대동,경상사고,0,0,1,1,차대차 - 추돌 - 진행중,안전거리미확보,건조,맑음,단일로 - 기타,승합,남,54세,상해없음,화물,남,30세,부상신고
2014012000100353,2014년 1월 20일 14시,월요일,부산광역시 연제구 거제동,경상사고,0,0,1,0,차대사람 - 기타,안전운전불이행,건조,맑음,단일로 - 기타,승용,남,73세,상해없음,보행자,여,34세,경상
2014012000100377,2014년 1월 20일 15시,월요일,부산광역시 해운대구 재송동,경상사고,0,0,1,0,차대차 - 기타,안전운전불이행,건조,맑음,교차로 - 교차로부근,승용,남,40세,상해없음,화물,남,35세,경상
2014012000100378,2014년 1월 20일 15시,월요일,부산광역시 금정구 부곡동,경상사고,0,0,1,0,차대사람 - 길가장자리구역통행중,안전운전불이행,건조,맑음,단일로 - 기타,승용,여,53세,상해없음,보행자,여,69세,경상
2014012000100405,2014년 1월 20일 16시,월요일,부산광역시 동래구 명륜동,중상사고,0,1,0,0,차대사람 - 횡단중,안전운전불이행,건조,맑음,단일로 - 기타,승용,여,30세,상해없음,보행자,남,12세,중상
2014012000100406,2014년 1월 20일 16시,월요일,부산광역시 영도구 봉래동1가,경상사고,0,0,1,0,차대차 - 측면직각충돌,중앙선침범,건조,맑음,단일로 - 기타,승용,남,52세,상해없음,승용,남,44세,경상
2014012000100407,2014년 1월 20일 16시,월요일,부산광역시 사하구 괴정동,경상사고,0,0,1,0,차대사람 - 기타,안전운전불이행,건조,맑음,단일로 - 기타,승합,남,44세,상해없음,보행자,여,7세,경상
2014012000100470,2014년 1월 20일 18시,월요일,부산광역시 남구 대연동,부상신고사고,0,0,0,1,차대사람 - 차도통행중,안전운전불이행,건조,맑음,단일로 - 교량,승용,여,56세,상해없음,보행자,남,48세,부상신고
2014012000100524,2014년 1월 20일 19시,월요일,부산광역시 동래구 온천동,경상사고,0,0,3,0,차대차 - 추돌 - 진행중,기타,건조,맑음,교차로 - 교차로부근,화물,남,56세,상해없음,승용,남,37세,경상
2014012000100525,2014년 1월 20일 19시,월요일,부산광역시 부산진구 초읍동,중상사고,0,1,0,0,차대사람 - 기타,안전운전불이행,건조,맑음,교차로 - 교차로안,승용,남,36세,상해없음,보행자,남,59세,중상
2014012000100611,2014년 1월 20일 21시,월요일,부산광역시 금정구 서동,부상신고사고,0,0,0,1,차대차 - 정면충돌,중앙선침범,건조,맑음,단일로 - 기타,승용,남,69세,상해없음,이륜,남,17세,부상신고
2014012000100612,2014년 1월 20일 21시,월요일,부산광역시 금정구 부곡동,부상신고사고,0,0,0,2,차대차 - 기타,신호위반,건조,맑음,단일로 - 기타,승용,남,31세,상해없음,승용,남,53세,부상신고
2014012000100643,2014년 1월 20일 22시,월요일,부산광역시 동구 수정동,경상사고,0,0,1,0,차대차 - 추돌 - 주정차중,안전운전불이행,건조,맑음,단일로 - 기타,승용,남,40세,상해없음,승용,남,70세,상해없음
2014012000100644,2014년 1월 20일 22시,월요일,부산광역시 해운대구 우동,중상사고,0,1,0,0,차대차 - 추돌 - 진행중,안전운전불이행,건조,맑음,교차로 - 교차로부근,화물,남,50세,상해없음,승용,여,52세,중상
2014012000100645,2014년 1월 20일 22시,월요일,부산광역시 수영구 수영동,부상신고사고,0,0,0,1,차대차 - 측면직각충돌,교차로운행방법위반,건조,맑음,교차로 - 교차로안,승용,남,55세,상해없음,이륜,남,32세,부상신고
2014012000100676,2014년 1월 20일 23시,월요일,부산광역시 동래구 명륜동,부상신고사고,0,0,0,1,차대사람 - 횡단중,안전운전불이행,건조,맑음,단일로 - 기타,승용,남,57세,상해없음,보행자,남,26세,부상신고
2014012100100029,2014년 1월 21일 02시,화요일,부산광역시 남구 감만동,경상사고,0,0,1,0,차대차 - 기타,안전운전불이행,건조,맑음,교차로 - 교차로안,승용,남,49세,경상,특수,남,47세,상해없음
2014012100100045,2014년 1월 21일 04시,화요일,부산광역시 해운대구 우동,경상사고,0,0,1,1,차대차 - 측면직각충돌,안전운전불이행,건조,맑음,단일로 - 기타,승합,남,28세,상해없음,승용,남,53세,경상
2014012100100051,2014년 1월 21일 05시,화요일,부산광역시 수영구 수영동,경상사고,0,0,2,0,차대차 - 추돌 - 진행중,안전거리미확보,건조,맑음,단일로 - 기타,승용,남,19세,상해없음,승용,남,25세,경상
2014012100100094,2014년 1월 21일 08시,화요일,부산광역시 부산진구 부암동,경상사고,0,0,1,0,차대차 - 측면직각충돌,교차로운행방법위반,건조,맑음,교차로 - 교차로부근,건설기계,남,52세,상해없음,승용,남,29세,경상
2014012100100204,2014년 1월 21일 11시,화요일,부산광역시 연제구 연산동,경상사고,0,0,1,0,차대사람 - 기타,보행자보호의무위반,건조,맑음,단일로 - 기타,승용,남,62세,상해없음,보행자,남,20세,경상
2014012100100217,2014년 1월 21일 12시,화요일,부산광역시 기장군 기장읍,경상사고,0,0,2,0,차대차 - 기타,직진우회전진행방해,건조,맑음,교차로 - 교차로안,승용,남,21세,경상,승용,남,74세,경상