사고번호,사고일시,요일,시군구,사고내용,사망자수,중상자수,경상자수,부상신고자수,사고유형,법규위반,노면상태,기상상태,도로형태,가해운전자 차종,가해운전자 성별,가해운전자 연령,가해운전자 상해정도,피해운전자 차종,피해운전자 성별,피해운전자 연령,피해운전자 상해정도
2014012100100242,2014년 1월 21일 13시,화요일,부산광역시 북구 만덕동,경상사고,0,0,1,0,차대차 - 기타,안전거리미확보,건조,맑음,단일로 - 기타,승용,남,35세,상해없음,이륜,남,26세,경상
2014012100100288,2014년 1월 21일 15시,화요일,부산광역시 금정구 장전동,중상사고,0,1,0,0,차대차 - 측면직각충돌,기타,건조,맑음,교차로 - 교차로안,화물,남,58세,상해없음,승용,남,72세,중상
2014012100100346,2014년 1월 21일 17시,화요일,부산광역시 강서구 송정동,경상사고,0,0,1,0,차대차 - 측면직각충돌,안전운전불이행,건조,맑음,단일로 - 기타,승용,남,57세,상해없음,승용,남,31세,경상
2014012100100373,2014년 1월 21일 18시,화요일,부산광역시 동래구 낙민동,경상사고,0,0,2,0,차대차 - 추돌 - 주정차중,안전거리미확보,건조,맑음,단일로 - 기타,승용,남,56세,기타불명,승용,남,38세,경상
2014012100100374,2014년 1월 21일 18시,화요일,부산광역시 영도구 대교동1가,중상사고,0,1,0,0,차대차 - 측면직각충돌,교차로운행방법위반,건조,맑음,교차로 - 교차로안,승용,남,23세,상해없음,이륜,남,23세,중상
2014012100100375,2014년 1월 21일 18시,화요일,부산광역시 부산진구 범천동,경상사고,0,0,1,0,차대사람 - 기타,안전운전불이행,건조,맑음,교차로 - 교차로안,승용,남,63세,상해없음,보행자,남,21세,경상
2014012100100420,2014년 1월 21일 19시,화요일,부산광역시 강서구 송정동,경상사고,0,0,1,0,차대차 - 측면직각충돌,안전운전불이행,건조,맑음,교차로 - 교차로안,화물,기타불명,기타불명,기타불명,승용,남,46세,경상
2014012100100454,2014년 1월 21일 20시,화요일,부산광역시 해운대구 송정동,중상사고,0,2,0,0,차대사람 - 기타,신호위반,건조,맑음,단일로 - 기타,승용,남,39세,상해없음,보행자,여,52세,중상
2014012100100455,2014년 1월 21일 20시,화요일,부산광역시 사하구 신평동,경상사고,0,0,1,0,차대차 - 측면직각충돌,안전거리미확보,건조,맑음,단일로 - 기타,승용,남,46세,상해없음,승용,남,44세,경상
2014012100100456,2014년 1월 21일 20시,화요일,부산광역시 수영구 수영동,중상사고,0,1,0,0,차대차 - 기타,안전운전불이행,건조,맑음,단일로 - 기타,화물,남,35세,상해없음,자전거,남,44세,중상
2014012100100510,2014년 1월 21일 22시,화요일,부산광역시 부산진구 전포동,경상사고,0,0,1,0,차대차 - 기타,안전거리미확보,건조,맑음,단일로 - 기타,승용,남,60세,상해없음,이륜,남,17세,경상
2014012100100511,2014년 1월 21일 22시,화요일,부산광역시 부산진구 연지동,중상사고,0,1,0,0,차대사람 - 기타,안전운전불이행,건조,맑음,단일로 - 횡단보도상,승용,남,28세,상해없음,보행자,남,58세,중상
2014012100100512,2014년 1월 21일 22시,화요일,부산광역시 사하구 하단동,중상사고,0,1,0,0,차대차 - 추돌 - 진행중,안전운전불이행,건조,맑음,단일로 - 기타,승용,남,66세,상해없음,원동기,남,17세,중상
2014012100100513,2014년 1월 21일 22시,화요일,부산광역시 사상구 학장동,경상사고,0,0,1,0,차대사람 - 기타,안전운전불이행,건조,맑음,단일로 - 기타,승용,남,34세,상해없음,보행자,여,20세,경상
2014012100100535,2014년 1월 21일 23시,화요일,부산광역시 강서구 명지동,경상사고,0,0,3,0,차대차 - 측면직각충돌,신호위반,건조,맑음,교차로 - 교차로안,승용,남,38세,상해없음,승용,남,29세,경상
2014012200100003,2014년 1월 22일 00시,수요일,부산광역시 동래구 온천동,경상사고,0,0,1,1,차대차 - 추돌 - 주정차중,안전운전불이행,건조,맑음,단일로 - 기타,승용,남,25세,상해없음,승합,남,51세,경상
2014012200100004,2014년 1월 22일 00시,수요일,부산광역시 사하구 하단동,중상사고,0,1,0,0,차대차 - 기타,중앙선침범,건조,맑음,단일로 - 기타,승용,남,37세,기타불명,승용,남,30세,중상
2014012200100038,2014년 1월 22일 03시,수요일,부산광역시 해운대구 재송동,중상사고,0,1,2,0,차대차 - 측면직각충돌,신호위반,건조,맑음,교차로 - 교차로안,승용,남,59세,상해없음,승용,남,58세,경상
2014012200100052,2014년 1월 22일 06시,수요일,부산광역시 남구 대연동,중상사고,0,1,0,0,차대사람 - 보도통행중,기타,기타,맑음,단일로 - 기타,원동기,남,30세,상해없음,보행자,여,62세,중상
2014012200100071,2014년 1월 22일 07시,수요일,부산광역시 강서구 송정동,경상사고,0,0,1,0,차대차 - 기타,안전운전불이행,건조,맑음,교차로 - 교차로부근,화물,남,50세,상해없음,승용,남,36세,경상
2014012200100087,2014년 1월 22일 08시,수요일,부산광역시 동래구 온천동,부상신고사고,0,0,0,1,차대차 - 측면직각충돌,안전거리미확보,건조,맑음,단일로 - 기타,승용,남,51세,상해없음,원동기,남,28세,부상신고
2014012200100088,2014년 1월 22일 08시,수요일,부산광역시 사상구 모라동,중상사고,0,1,0,0,차대차 - 추돌 - 진행중,안전운전불이행,건조,맑음,교차로 - 교차로부근,이륜,남,24세,중상,승용,남,59세,상해없음
2014012200100129,2014년 1월 22일 09시,수요일,부산광역시 기장군 철마면,중상사고,0,1,0,0,차대차 - 기타,중앙선침범,건조,맑음,단일로 - 기타,승용,남,56세,상해없음,승용,남,34세,중상
2014012200100185,2014년 1월 22일 11시,수요일,부산광역시 남구 감만동,경상사고,0,0,1,0,차대차 - 기타,안전거리미확보,건조,맑음,교차로 - 교차로부근,승용,남,28세,상해없음,승용,남,60세,경상
2014012200100186,2014년 1월 22일 11시,수요일,부산광역시 금정구 두구동,중상사고,0,1,1,0,차대차 - 기타,안전거리미확보,건조,맑음,단일로 - 기타,승합,남,56세,상해없음,승합,남,55세,상해없음
2014012200100187,2014년 1월 22일 11시,수요일,부산광역시 사상구 모라동,경상사고,0,0,1,0,차대사람 - 기타,안전운전불이행,건조,맑음,교차로 - 교차로부근,화물,남,53세,상해없음,보행자,남,72세,경상
2014012200100213,2014년 1월 22일 12시,수요일,부산광역시 남구 문현동,경상사고,0,0,1,0,차대차 - 기타,신호위반,건조,맑음,교차로 - 교차로안,승용,남,57세,상해없음,승용,남,64세,경상
2014012200100214,2014년 1월 22일 12시,수요일,부산광역시 해운대구 재송동,중상사고,0,2,1,0,차대차 - 측면직각충돌,안전운전불이행,건조,맑음,교차로 - 교차로부근,화물,남,76세,상해없음,승용,남,73세,경상
2014012200100215,2014년 1월 22일 12시,수요일,부산광역시 해운대구 반여동,경상사고,0,0,1,0,차대차 - 측면직각충돌,안전거리미확보,건조,맑음,교차로 - 교차로부근,화물,남,49세,상해없음,승용,여,27세,경상
2014012200100216,2014년 1월 22일 12시,수요일,부산광역시 부산진구 부암동,중상사고,0,1,0,0,차대차 - 측면직각충돌,안전운전불이행,건조,맑음,단일로 - 기타,이륜,남,71세,중상,건설기계,남,32세,기타불명
2014012200100239,2014년 1월 22일 13시,수요일,부산광역시 남구 대연동,중상사고,0,1,0,0,차대사람 - 기타,안전운전불이행,건조,맑음,단일로 - 기타,승용,여,48세,상해없음,보행자,남,70세,중상
2014012200100240,2014년 1월 22일 13시,수요일,부산광역시 부산진구 양정동,중상사고,0,1,0,0,차대사람 - 기타,안전운전불이행,건조,맑음,교차로 - 교차로안,승용,남,34세,상해없음,보행자,남,9세,중상
2014012200100241,2014년 1월 22일 13시,수요일,부산광역시 사상구 괘법동,중상사고,0,1,0,0,차량단독 - 기타,기타,건조,맑음,단일로 - 기타,승합,남,49세,상해없음,,,,
2014012200100260,2014년 1월 22일 14시,수요일,부산광역시 남구 대연동,경상사고,0,0,1,0,차대사람 - 길가장자리구역통행중,신호위반,건조,맑음,단일로 - 기타,승용,남,38세,상해없음,보행자,여,18세,경상
2014012200100261,2014년 1월 22일 14시,수요일,부산광역시 북구 금곡동,경상사고,0,0,1,0,차대사람 - 보도통행중,기타,건조,맑음,단일로 - 기타,승용,남,58세,기타불명,보행자,여,52세,경상
2014012200100262,2014년 1월 22일 14시,수요일,부산광역시 부산진구 범천동,중상사고,0,1,0,0,차대사람 - 횡단중,안전운전불이행,건조,맑음,교차로 - 교차로부근,승용,남,43세,상해없음,보행자,여,43세,중상
2014012200100263,2014년 1월 22일 14시,수요일,부산광역시 사상구 학장동,중상사고,0,1,0,0,차대차 - 측면직각충돌,안전운전불이행,건조,맑음,교차로 - 교차로부근,원동기,남,68세,중상,화물,남,42세,상해없음
2014012200100292,2014년 1월 22일 15시,수요일,부산광역시 해운대구 좌동,경상사고,0,0,1,0,차대사람 - 기타,안전운전불이행,건조,맑음,단일로 - 기타,승용,여,56세,상해없음,보행자,여,69세,경상
2014012200100293,2014년 1월 22일 15시,수요일,부산광역시 해운대구 우동,경상사고,0,0,3,0,차대차 - 측면직각충돌,안전운전불이행,건조,맑음,교차로 - 교차로부근,승용,여,49세,경상,승용,여,26세,경상
2014012200100330,2014년 1월 22일 16시,수요일,부산광역시 서구 암남동,경상사고,0,0,1,0,차대차 - 측면직각충돌,교차로운행방법위반,건조,맑음,교차로 - 교차로안,이륜,남,30세,경상,승용,여,51세,상해없음
2014012200100331,2014년 1월 22일 16시,수요일,부산광역시 부산진구 부전동,중상사고,0,1,0,0,차대사람 - 기타,안전운전불이행,건조,맑음,단일로 - 기타,승용,남,66세,상해없음,보행자,남,34세,중상
2014012200100332,2014년 1월 22일 16시,수요일,부산광역시 연제구 거제동,경상사고,0,0,1,0,차량단독 - 기타,안전운전불이행,건조,맑음,교차로 - 교차로안,원동기,남,50세,경상,,,,
2014012200100333,2014년 1월 22일 16시,수요일,부산광역시 사상구 엄궁동,중상사고,0,1,0,0,차대차 - 측면직각충돌,직진우회전진행방해,건조,맑음,교차로 - 교차로안,화물,남,58세,상해없음,원동기,여,56세,중상
2014012200100351,2014년 1월 22일 17시,수요일,부산광역시 연제구 연산동,경상사고,0,0,1,0,차대사람 - 기타,안전운전불이행,건조,맑음,단일로 - 기타,승용,여,60세,상해없음,보행자,여,44세,경상
2014012200100435,2014년 1월 22일 19시,수요일,부산광역시 사상구 주례동,경상사고,0,0,1,0,차대차 - 측면직각충돌,교차로운행방법위반,건조,맑음,교차로 - 교차로안,승용,남,59세,상해없음,이륜,남,24세,경상
2014012200100471,2014년 1월 22일 20시,수요일,부산광역시 해운대구 반여동,경상사고,0,0,1,0,차대차 - 기타,기타,건조,맑음,단일로 - 기타,승용,남,55세,상해없음,원동기,남,29세,경상
2014012200100472,2014년 1월 22일 20시,수요일,부산광역시 금정구 구서동,중상사고,0,1,0,0,차량단독 - 공작물충돌,안전운전불이행,건조,맑음,단일로 - 기타,승용,남,18세,상해없음,,,,
2014012200100494,2014년 1월 22일 21시,수요일,부산광역시 금정구 금사동,경상사고,0,0,1,0,차대사람 - 길가장자리구역통행중,안전운전불이행,건조,맑음,단일로 - 기타,승용,기타불명,기타불명,기타불명,보행자,남,41세,경상
2014012200100534,2014년 1월 22일 22시,수요일,부산광역시 중구 중앙동1가,중상사고,0,1,0,0,차대차 - 기타,신호위반,건조,맑음,교차로 - 교차로부근,승용,남,43세,상해없음,자전거,남,56세,중상
2014012200100535,2014년 1월 22일 22시,수요일,부산광역시 동래구 온천동,경상사고,0,0,3,0,차대차 - 측면직각충돌,교차로운행방법위반,건조,맑음,교차로 - 교차로부근,승용,남,63세,상해없음,승용,남,74세,경상
2014012200100536,2014년 1월 22일 22시,수요일,부산광역시 부산진구 범천동,경상사고,0,0,1,0,차대차 - 측면직각충돌,안전운전불이행,건조,맑음,교차로 - 교차로안,승용,여,43세,상해없음,승용,남,56세,경상
2014012200100537,2014년 1월 22일 22시,수요일,부산광역시 금정구 구서동,경상사고,0,0,2,0,차대차 - 측면직각충돌,직진우회전진행방해,건조,맑음,교차로 - 교차로안,승용,남,53세,상해없음,원동기,남,20세,경상
2014012200100538,2014년 1월 22일 22시,수요일,부산광역시 사하구 괴정동,경상사고,0,0,1,0,차대사람 - 횡단중,안전운전불이행,건조,맑음,단일로 - 횡단보도상,승용,남,22세,상해없음,보행자,여,45세,경상
2014012200100539,2014년 1월 22일 22시,수요일,부산광역시 사하구 괴정동,경상사고,0,0,1,0,차대사람 - 기타,안전운전불이행,건조,맑음,단일로 - 기타,승합,남,55세,상해없음,보행자,남,58세,경상
2014012200100573,2014년 1월 22일 23시,수요일,부산광역시 동래구 수안동,중상사고,0,1,0,0,차대사람 - 기타,보행자보호의무위반,건조,맑음,교차로 - 교차로안,승용,남,76세,상해없음,보행자,여,62세,중상
2014012200100574,2014년 1월 22일 23시,수요일,부산광역시 연제구 연산동,경상사고,0,0,1,0,차대사람 - 횡단중,신호위반,건조,맑음,단일로 - 기타,승합,남,40세,상해없음,보행자,여,19세,경상
2014012300100007,2014년 1월 23일 00시,목요일,부산광역시 금정구 장전동,중상사고,0,1,0,0,차대사람 - 횡단중,보행자보호의무위반,건조,맑음,단일로 - 기타,승용,남,66세,상해없음,보행자,남,29세,중상
2014012300100027,2014년 1월 23일 01시,목요일,부산광역시 사하구 감천동,경상사고,0,0,1,0,차대차 - 정면충돌,중앙선침범,건조,맑음,교차로 - 교차로부근,화물,기타불명,기타불명,기타불명,승용,여,54세,경상
2014012300100042,2014년 1월 23일 02시,목요일,부산광역시 동구 범일동,경상사고,0,0,2,0,차대차 - 측면직각충돌,직진우회전진행방해,건조,맑음,교차로 - 교차로안,승용,남,50세,상해없음,승용,남,40세,경상
2014012300100101,2014년 1월 23일 07시,목요일,부산광역시 금정구 구서동,경상사고,0,0,2,0,차대차 - 측면직각충돌,신호위반,건조,맑음,교차로 - 교차로안,승용,여,57세,상해없음,승용,남,22세,경상
2014012300100102,2014년 1월 23일 07시,목요일,부산광역시 강서구 대저1동,중상사고,0,1,1,1,차대차 - 추돌 - 주정차중,안전거리미확보,건조,맑음,단일로 - 기타,승합,남,61세,상해없음,승용,남,55세,중상
2014012300100127,2014년 1월 23일 08시,목요일,부산광역시 해운대구 우동,경상사고,0,0,1,0,차대사람 - 기타,안전운전불이행,건조,맑음,교차로 - 교차로안,승용,남,29세,상해없음,보행자,남,20세,경상
2014012300100156,2014년 1월 23일 09시,목요일,부산광역시 해운대구 재송동,중상사고,0,1,0,0,차대차 - 추돌 - 진행중,안전운전불이행,건조,맑음,단일로 - 기타,승용,여,49세,상해없음,승용,여,35세,중상
2014012300100157,2014년 1월 23일 09시,목요일,부산광역시 부산진구 양정동,경상사고,0,0,1,0,차대사람 - 횡단중,신호위반,건조,맑음,교차로 - 교차로부근,승합,남,48세,상해없음,보행자,남,14세,경상
2014012300100158,2014년 1월 23일 09시,목요일,부산광역시 사상구 학장동,경상사고,0,0,1,1,차대차 - 기타,안전운전불이행,건조,맑음,단일로 - 기타,승용,여,50세,부상신고,승합,남,60세,경상
2014012300100159,2014년 1월 23일 09시,목요일,부산광역시 사상구 엄궁동,경상사고,0,0,1,0,차대차 - 기타,신호위반,건조,맑음,교차로 - 교차로안,승용,남,24세,상해없음,승용,남,45세,경상
2014012300100244,2014년 1월 23일 12시,목요일,부산광역시 남구 용호동,중상사고,0,1,0,0,차대차 - 기타,신호위반,건조,맑음,교차로 - 교차로안,승합,남,74세,상해없음,승용,여,50세,중상
2014012300100245,2014년 1월 23일 12시,목요일,부산광역시 기장군 정관면,경상사고,0,0,5,0,차대차 - 측면직각충돌,교차로운행방법위반,건조,맑음,교차로 - 교차로안,승용,여,35세,경상,승용,여,47세,경상
2014012300100266,2014년 1월 23일 13시,목요일,부산광역시 동래구 명륜동,중상사고,0,1,0,0,차대사람 - 횡단중,안전운전불이행,건조,맑음,단일로 - 기타,승용,여,48세,상해없음,보행자,남,21세,중상
2014012300100267,2014년 1월 23일 13시,목요일,부산광역시 부산진구 당감동,중상사고,0,1,0,0,차대사람 - 기타,안전운전불이행,건조,맑음,단일로 - 기타,승용,여,59세,상해없음,보행자,여,59세,중상
2014012300100268,2014년 1월 23일 13시,목요일,부산광역시 사상구 괘법동,부상신고사고,0,0,0,1,차량단독 - 공작물충돌,안전운전불이행,건조,맑음,단일로 - 기타,승용,남,57세,부상신고,,,,
2014012300100296,2014년 1월 23일 14시,목요일,부산광역시 해운대구 좌동,경상사고,0,0,1,0,차대차 - 추돌 - 주정차중,안전운전불이행,건조,맑음,단일로 - 기타,자전거,남,16세,경상,승용,여,54세,기타불명
2014012300100323,2014년 1월 23일 15시,목요일,부산광역시 해운대구 좌동,경상사고,0,0,1,0,차대차 - 기타,안전거리미확보,건조,맑음,단일로 - 기타,승용,남,61세,상해없음,이륜,남,26세,경상
2014012300100355,2014년 1월 23일 16시,목요일,부산광역시 해운대구 반여동,중상사고,0,1,0,0,차대차 - 측면직각충돌,신호위반,건조,맑음,단일로 - 기타,승용,남,49세,상해없음,자전거,남,63세,중상
2014012300100387,2014년 1월 23일 17시,목요일,부산광역시 사하구 다대동,경상사고,0,0,1,0,차대사람 - 기타,안전운전불이행,건조,맑음,단일로 - 기타,승용,남,52세,상해없음,보행자,남,72세,경상
2014012300100388,2014년 1월 23일 17시,목요일,부산광역시 사하구 장림동,경상사고,0,0,2,0,차대차 - 추돌 - 진행중,차로위반,건조,맑음,단일로 - 기타,승용,여,46세,경상,승용,남,53세,경상
2014012300100411,2014년 1월 23일 18시,목요일,부산광역시 사상구 엄궁동,경상사고,0,0,1,0,차대사람 - 기타,안전운전불이행,건조,기타,기타 - 기타,화물,남,61세,상해없음,보행자,남,58세,경상
2014012300100459,2014년 1월 23일 19시,목요일,부산광역시 사하구 괴정동,경상사고,0,0,1,0,차대차 - 기타,신호위반,건조,맑음,교차로 - 교차로안,승용,남,22세,상해없음,승용,남,60세,상해없음
2014012300100500,2014년 1월 23일 20시,목요일,부산광역시 수영구 광안동,중상사고,0,1,0,0,차대사람 - 횡단중,신호위반,건조,맑음,단일로 - 횡단보도상,특수,남,48세,상해없음,보행자,여,30세,중상
2014012300100501,2014년 1월 23일 20시,목요일,부산광역시 해운대구 좌동,경상사고,0,0,2,0,차대사람 - 차도통행중,안전운전불이행,건조,맑음,교차로 - 교차로안,승용,여,42세,상해없음,보행자,남,46세,경상
2014012300100530,2014년 1월 23일 21시,목요일,부산광역시 사하구 다대동,부상신고사고,0,0,0,1,차대차 - 기타,교차로운행방법위반,건조,맑음,교차로 - 교차로안,이륜,남,16세,부상신고,승용,남,47세,상해없음
2014012300100568,2014년 1월 23일 22시,목요일,부산광역시 강서구 대저2동,중상사고,0,1,0,0,차대차 - 기타,안전운전불이행,건조,맑음,단일로 - 기타,승용,남,54세,상해없음,승용,여,37세,중상
2014012300100608,2014년 1월 23일 23시,목요일,부산광역시 북구 구포동,경상사고,0,0,2,0,차대차 - 추돌 - 주정차중,안전운전불이행,건조,맑음,교차로 - 교차로부근,승용,남,35세,상해없음,승용,여,39세,경상
2014012300100609,2014년 1월 23일 23시,목요일,부산광역시 부산진구 가야동,경상사고,0,0,1,0,차대차 - 추돌 - 진행중,안전운전불이행,건조,맑음,교차로 - 교차로안,승용,여,58세,상해없음,승용,남,45세,경상
2014012300100610,2014년 1월 23일 23시,목요일,부산광역시 사하구 당리동,중상사고,0,1,0,0,차대사람 - 길가장자리구역통행중,안전운전불이행,건조,맑음,단일로 - 기타,화물,남,50세,상해없음,보행자,남,58세,중상
2014012400100007,2014년 1월 24일 00시,금요일,부산광역시 해운대구 반여동,경상사고,0,0,1,0,차대차 - 추돌 - 진행중,안전운전불이행,건조,맑음,단일로 - 기타,화물,남,58세,상해없음,승용,여,53세,상해없음
2014012400100068,2014년 1월 24일 03시,금요일,부산광역시 해운대구 우동,경상사고,0,0,2,0,차대차 - 측면직각충돌,교차로운행방법위반,건조,맑음,교차로 - 교차로안,승용,남,29세,경상,승용,남,46세,경상
2014012400100087,2014년 1월 24일 05시,금요일,부산광역시 동래구 명륜동,중상사고,0,1,0,0,차대차 - 추돌 - 주정차중,안전운전불이행,건조,맑음,교차로 - 교차로부근,승용,남,44세,상해없음,화물,여,67세,중상
2014012400100088,2014년 1월 24일 05시,금요일,부산광역시 사하구 당리동,중상사고,0,1,0,0,차대사람 - 기타,신호위반,건조,맑음,교차로 - 교차로안,승용,남,26세,상해없음,보행자,남,67세,중상
2014012400100089,2014년 1월 24일 05시,금요일,부산광역시 사상구 괘법동,중상사고,0,1,0,0,차대사람 - 기타,안전운전불이행,건조,맑음,단일로 - 기타,승용,남,46세,상해없음,보행자,남,50세,중상
2014012400100114,2014년 1월 24일 07시,금요일,부산광역시 중구 광복동1가,경상사고,0,0,1,0,차대차 - 측면직각충돌,신호위반,건조,맑음,교차로 - 교차로안,승용,여,39세,상해없음,승용,남,63세,경상
2014012400100115,2014년 1월 24일 07시,금요일,부산광역시 강서구 명지동,중상사고,0,1,0,0,차대사람 - 횡단중,안전운전불이행,기타,맑음,단일로 - 기타,승용,남,65세,상해없음,보행자,남,36세,중상
2014012400100135,2014년 1월 24일 08시,금요일,부산광역시 영도구 봉래동1가,경상사고,0,0,1,0,차대차 - 추돌 - 진행중,안전거리미확보,건조,맑음,단일로 - 기타,승용,여,32세,상해없음,승합,남,53세,경상
2014012400100136,2014년 1월 24일 08시,금요일,부산광역시 부산진구 부전동,경상사고,0,0,1,0,차대사람 - 기타,안전운전불이행,건조,맑음,단일로 - 기타,화물,남,34세,상해없음,보행자,남,30세,경상
2014012400100137,2014년 1월 24일 08시,금요일,부산광역시 사하구 장림동,경상사고,0,0,1,0,차대사람 - 길가장자리구역통행중,안전운전불이행,건조,맑음,단일로 - 기타,승용,남,54세,상해없음,보행자,여,25세,경상
2014012400100138,2014년 1월 24일 08시,금요일,부산광역시 기장군 기장읍,부상신고사고,0,0,0,1,차대차 - 측면직각충돌,안전운전불이행,건조,맑음,단일로 - 횡단보도부근,승용,남,25세,부상신고,승용,남,55세,상해없음
2014012400100163,2014년 1월 24일 09시,금요일,부산광역시 부산진구 양정동,경상사고,0,0,1,0,차대사람 - 횡단중,안전운전불이행,건조,맑음,단일로 - 기타,승용,기타불명,기타불명,기타불명,보행자,여,54세,경상
2014012400100189,2014년 1월 24일 10시,금요일,부산광역시 북구 구포동,중상사고,0,1,0,0,차대사람 - 기타,안전운전불이행,건조,맑음,단일로 - 횡단보도부근,승용,여,49세,상해없음,보행자,여,58세,중상
2014012400100190,2014년 1월 24일 10시,금요일,부산광역시 사하구 장림동,경상사고,0,0,1,0,차대차 - 측면직각충돌,안전운전불이행,건조,맑음,단일로 - 기타,승용,남,50세,상해없음,승합,남,62세,경상
2014012400100217,2014년 1월 24일 11시,금요일,부산광역시 동래구 안락동,경상사고,0,0,1,0,차대차 - 기타,신호위반,건조,맑음,교차로 - 교차로안,화물,남,65세,상해없음,승용,여,59세,경상
2014012400100261,2014년 1월 24일 13시,금요일,부산광역시 동래구 사직동,중상사고,0,1,0,0,차대사람 - 횡단중,안전운전불이행,건조,맑음,단일로 - 기타,화물,남,45세,상해없음,보행자,남,53세,중상
2014012400100302,2014년 1월 24일 15시,금요일,부산광역시 영도구 봉래동1가,중상사고,0,1,0,0,차대사람 - 기타,안전운전불이행,건조,맑음,기타 - 기타,원동기,남,58세,상해없음,보행자,여,59세,중상
2014012400100303,2014년 1월 24일 15시,금요일,부산광역시 금정구 서동,중상사고,0,1,0,0,차대사람 - 횡단중,안전운전불이행,건조,맑음,교차로 - 교차로부근,승용,남,64세,상해없음,보행자,남,60세,중상
2014012400100304,2014년 1월 24일 15시,금요일,부산광역시 사상구 학장동,중상사고,0,1,0,0,차대사람 - 횡단중,안전운전불이행,건조,맑음,단일로 - 기타,승용,남,34세,상해없음,보행자,여,70세,중상
2014012400100305,2014년 1월 24일 15시,금요일,부산광역시 강서구 대저1동,중상사고,0,1,2,0,차대차 - 추돌 - 진행중,안전거리미확보,건조,맑음,단일로 - 기타,승용,남,33세,상해없음,승용,여,29세,중상
2014012400100339,2014년 1월 24일 16시,금요일,부산광역시 동래구 명륜동,중상사고,0,1,0,0,차대차 - 측면직각충돌,안전거리미확보,건조,맑음,단일로 - 기타,승용,여,58세,상해없음,이륜,남,56세,중상
2014012400100340,2014년 1월 24일 16시,금요일,부산광역시 기장군 장안읍,사망사고,1,0,0,0,차량단독 - 기타,안전운전불이행,건조,맑음,단일로 - 기타,이륜,남,67세,사망,,,,
2014012400100398,2014년 1월 24일 18시,금요일,부산광역시 중구 부평동1가,경상사고,0,0,1,0,차대차 - 측면직각충돌,신호위반,건조,맑음,교차로 - 교차로안,승용,여,30세,상해없음,승용,남,54세,경상
2014012400100399,2014년 1월 24일 18시,금요일,부산광역시 남구 문현동,중상사고,0,1,0,0,차대사람 - 기타,안전운전불이행,건조,맑음,단일로 - 기타,화물,남,55세,상해없음,보행자,남,73세,중상
2014012400100400,2014년 1월 24일 18시,금요일,부산광역시 부산진구 가야동,경상사고,0,0,1,0,차대차 - 측면직각충돌,신호위반,건조,맑음,교차로 - 교차로안,승용,남,61세,상해없음,승용,여,43세,경상
2014012400100401,2014년 1월 24일 18시,금요일,부산광역시 금정구 구서동,부상신고사고,0,0,0,1,차대차 - 측면직각충돌,교차로운행방법위반,건조,맑음,교차로 - 교차로안,화물,남,49세,상해없음,화물,남,35세,상해없음
2014012400100402,2014년 1월 24일 18시,금요일,부산광역시 기장군 정관면,경상사고,0,0,1,0,차대차 - 기타,안전운전불이행,건조,맑음,교차로 - 교차로안,승용,남,58세,상해없음,승용,남,22세,경상
2014012400100462,2014년 1월 24일 19시,금요일,부산광역시 북구 금곡동,경상사고,0,0,1,0,차대차 - 측면직각충돌,신호위반,건조,맑음,교차로 - 교차로안,승용,남,40세,상해없음,승용,여,40세,경상
2014012400100463,2014년 1월 24일 19시,금요일,부산광역시 동래구 온천동,중상사고,0,2,1,0,차대차 - 추돌 - 주정차중,안전운전불이행,건조,맑음,단일로 - 기타,승용,남,57세,상해없음,승용,여,56세,중상
2014012400100464,2014년 1월 24일 19시,금요일,부산광역시 사하구 다대동,중상사고,0,1,0,0,차대차 - 측면직각충돌,안전거리미확보,건조,맑음,단일로 - 기타,승용,남,42세,상해없음,이륜,남,48세,중상
2014012400100465,2014년 1월 24일 19시,금요일,부산광역시 사상구 엄궁동,부상신고사고,0,0,0,1,차대차 - 추돌 - 진행중,안전운전불이행,건조,맑음,교차로 - 교차로부근,원동기,남,37세,부상신고,화물,남,45세,상해없음
2014012400100520,2014년 1월 24일 20시,금요일,부산광역시 부산진구 가야동,부상신고사고,0,0,0,1,차대차 - 측면직각충돌,신호위반,건조,맑음,교차로 - 교차로안,자전거,남,59세,부상신고,화물,남,33세,상해없음
2014012400100521,2014년 1월 24일 20시,금요일,부산광역시 금정구 남산동,경상사고,0,0,1,0,차대사람 - 기타,안전운전불이행,건조,맑음,교차로 - 교차로안,승용,여,31세,상해없음,보행자,여,25세,경상
2014012400100522,2014년 1월 24일 20시,금요일,부산광역시 사상구 학장동,경상사고,0,0,1,0,차대차 - 추돌 - 진행중,안전운전불이행,건조,맑음,교차로 - 교차로부근,기타불명,기타불명,기타불명,기타불명,승용,여,53세,경상
2014012400100523,2014년 1월 24일 20시,금요일,부산광역시 사상구 모라동,경상사고,0,0,1,0,차대사람 - 기타,안전운전불이행,건조,맑음,단일로 - 기타,기타불명,기타불명,기타불명,기타불명,보행자,남,57세,경상
2014012400100554,2014년 1월 24일 21시,금요일,부산광역시 사하구 장림동,중상사고,0,2,0,0,차대차 - 측면직각충돌,신호위반,건조,맑음,교차로 - 교차로안,화물,남,45세,상해없음,승합,남,50세,중상
2014012400100555,2014년 1월 24일 21시,금요일,부산광역시 연제구 연산동,중상사고,0,1,0,0,차대사람 - 차도통행중,안전운전불이행,건조,맑음,단일로 - 횡단보도부근,이륜,남,32세,상해없음,보행자,여,55세,중상