사고번호,사고일시,요일,시군구,사고내용,사망자수,중상자수,경상자수,부상신고자수,사고유형,법규위반,노면상태,기상상태,도로형태,가해운전자 차종,가해운전자 성별,가해운전자 연령,가해운전자 상해정도,피해운전자 차종,피해운전자 성별,피해운전자 연령,피해운전자 상해정도
2014022000100290,2014년 2월 20일 15시,목요일,부산광역시 수영구 남천동,경상사고,0,0,1,0,차대차 - 추돌 - 진행중,안전운전불이행,건조,맑음,단일로 - 기타,화물,남,57세,상해없음,원동기,남,21세,경상
2014022000100291,2014년 2월 20일 15시,목요일,부산광역시 북구 구포동,중상사고,0,1,0,0,차대사람 - 보도통행중,신호위반,건조,맑음,단일로 - 횡단보도상,승용,남,52세,상해없음,보행자,남,58세,중상
2014022000100292,2014년 2월 20일 15시,목요일,부산광역시 금정구 부곡동,경상사고,0,0,1,0,차대사람 - 기타,안전운전불이행,건조,맑음,단일로 - 기타,승용,남,27세,상해없음,보행자,남,21세,경상
2014022000100293,2014년 2월 20일 15시,목요일,부산광역시 금정구 장전동,부상신고사고,0,0,0,1,차대사람 - 기타,안전운전불이행,건조,맑음,교차로 - 교차로안,승용,남,58세,상해없음,보행자,여,75세,부상신고
2014022000100294,2014년 2월 20일 15시,목요일,부산광역시 금정구 부곡동,중상사고,0,1,0,1,차대차 - 측면직각충돌,교차로운행방법위반,건조,맑음,교차로 - 교차로안,승용,여,39세,상해없음,승합,남,31세,상해없음
2014022000100295,2014년 2월 20일 15시,목요일,부산광역시 강서구 화전동,부상신고사고,0,0,0,3,차대차 - 추돌 - 진행중,중앙선침범,기타,맑음,교차로 - 교차로안,건설기계,남,53세,상해없음,승합,남,62세,부상신고
2014022000100321,2014년 2월 20일 16시,목요일,부산광역시 수영구 남천동,중상사고,0,1,0,0,차대차 - 측면직각충돌,신호위반,건조,맑음,교차로 - 교차로안,화물,남,45세,상해없음,승용,여,57세,중상
2014022000100322,2014년 2월 20일 16시,목요일,부산광역시 영도구 봉래동2가,중상사고,0,2,0,0,차대차 - 기타,교차로운행방법위반,건조,맑음,교차로 - 교차로안,승용,남,60세,상해없음,이륜,남,19세,중상
2014022000100323,2014년 2월 20일 16시,목요일,부산광역시 해운대구 반송동,경상사고,0,0,1,0,차대사람 - 차도통행중,안전운전불이행,건조,맑음,단일로 - 기타,승합,남,38세,상해없음,보행자,여,63세,경상
2014022000100345,2014년 2월 20일 17시,목요일,부산광역시 부산진구 전포동,경상사고,0,0,1,0,차대사람 - 기타,안전운전불이행,건조,맑음,단일로 - 기타,승용,기타불명,기타불명,기타불명,보행자,여,13세,경상
2014022000100346,2014년 2월 20일 17시,목요일,부산광역시 연제구 거제동,경상사고,0,0,1,0,차대차 - 측면직각충돌,신호위반,건조,맑음,단일로 - 기타,승용,여,31세,상해없음,이륜,남,26세,경상
2014022000100347,2014년 2월 20일 17시,목요일,부산광역시 연제구 연산동,경상사고,0,0,1,0,차대차 - 추돌 - 진행중,안전운전불이행,건조,맑음,교차로 - 교차로안,승용,남,66세,상해없음,원동기,남,33세,경상
2014022000100348,2014년 2월 20일 17시,목요일,부산광역시 강서구 대저2동,경상사고,0,0,1,0,차대차 - 측면직각충돌,안전운전불이행,건조,맑음,단일로 - 기타,승용,여,50세,경상,승합,남,41세,상해없음
2014022000100379,2014년 2월 20일 18시,목요일,부산광역시 남구 대연동,중상사고,0,1,0,0,차대사람 - 기타,안전운전불이행,건조,맑음,교차로 - 교차로부근,승합,남,48세,상해없음,보행자,여,29세,중상
2014022000100380,2014년 2월 20일 18시,목요일,부산광역시 해운대구 반여동,경상사고,0,0,1,0,차대사람 - 차도통행중,기타,건조,맑음,단일로 - 기타,승용,여,47세,상해없음,보행자,여,10세,경상
2014022000100381,2014년 2월 20일 18시,목요일,부산광역시 부산진구 당감동,경상사고,0,0,1,0,차대차 - 추돌 - 주정차중,안전운전불이행,건조,맑음,단일로 - 기타,승용,남,31세,상해없음,승용,남,39세,경상
2014022000100382,2014년 2월 20일 18시,목요일,부산광역시 사하구 신평동,경상사고,0,0,1,0,차대차 - 추돌 - 주정차중,안전운전불이행,건조,맑음,교차로 - 교차로부근,승용,여,30세,상해없음,승용,여,34세,경상
2014022000100383,2014년 2월 20일 18시,목요일,부산광역시 수영구 광안동,중상사고,0,1,0,0,차대사람 - 기타,안전운전불이행,건조,맑음,단일로 - 기타,승용,남,61세,상해없음,보행자,남,48세,중상
2014022000100429,2014년 2월 20일 20시,목요일,부산광역시 기장군 기장읍,경상사고,0,0,1,0,차대차 - 추돌 - 진행중,안전거리미확보,건조,맑음,단일로 - 횡단보도부근,승용,여,47세,상해없음,승용,남,53세,상해없음
2014022000100447,2014년 2월 20일 21시,목요일,부산광역시 수영구 광안동,경상사고,0,0,2,0,차대차 - 추돌 - 주정차중,안전운전불이행,건조,맑음,단일로 - 기타,승용,여,52세,상해없음,승용,남,34세,경상
2014022000100448,2014년 2월 20일 21시,목요일,부산광역시 부산진구 가야동,경상사고,0,0,1,0,차대사람 - 기타,안전운전불이행,건조,맑음,교차로 - 교차로부근,승용,남,41세,상해없음,보행자,여,57세,경상
2014022000100481,2014년 2월 20일 22시,목요일,부산광역시 강서구 대저1동,경상사고,0,0,3,0,차대차 - 기타,안전운전불이행,습기,맑음,단일로 - 횡단보도부근,승용,남,32세,상해없음,승용,남,47세,경상
2014022100100004,2014년 2월 21일 00시,금요일,부산광역시 사상구 괘법동,경상사고,0,0,1,0,차대차 - 기타,중앙선침범,습기,비,단일로 - 기타,승용,남,32세,상해없음,승용,남,24세,경상
2014022100100013,2014년 2월 21일 01시,금요일,부산광역시 동구 좌천동,부상신고사고,0,0,0,1,차대차 - 기타,안전운전불이행,건조,맑음,단일로 - 기타,이륜,남,24세,부상신고,승용,남,70세,상해없음
2014022100100023,2014년 2월 21일 02시,금요일,부산광역시 동구 초량동,경상사고,0,0,2,0,차대차 - 기타,안전운전불이행,건조,맑음,단일로 - 기타,승용,남,45세,기타불명,승용,남,59세,경상
2014022100100029,2014년 2월 21일 03시,금요일,부산광역시 사상구 모라동,중상사고,0,1,0,0,차량단독 - 공작물충돌,안전운전불이행,건조,맑음,단일로 - 기타,승용,남,22세,중상,,,,
2014022100100046,2014년 2월 21일 05시,금요일,부산광역시 서구 남부민동,경상사고,0,0,1,0,차대차 - 측면직각충돌,안전운전불이행,건조,맑음,교차로 - 교차로부근,승용,남,46세,상해없음,자전거,남,30세,경상
2014022100100057,2014년 2월 21일 06시,금요일,부산광역시 중구 남포동5가,중상사고,0,1,0,0,차대사람 - 횡단중,안전운전불이행,건조,맑음,단일로 - 기타,승용,남,65세,상해없음,보행자,여,51세,중상
2014022100100069,2014년 2월 21일 07시,금요일,부산광역시 수영구 남천동,경상사고,0,0,1,0,차대차 - 기타,교차로운행방법위반,건조,맑음,교차로 - 교차로안,승용,여,34세,상해없음,자전거,남,17세,경상
2014022100100070,2014년 2월 21일 07시,금요일,부산광역시 강서구 송정동,부상신고사고,0,0,0,1,차대차 - 측면직각충돌,안전운전불이행,건조,맑음,단일로 - 기타,이륜,남,29세,부상신고,승용,남,46세,상해없음
2014022100100089,2014년 2월 21일 08시,금요일,부산광역시 동래구 안락동,중상사고,0,1,0,0,차대차 - 측면직각충돌,신호위반,건조,맑음,교차로 - 교차로안,승용,남,63세,상해없음,승용,남,35세,중상
2014022100100090,2014년 2월 21일 08시,금요일,부산광역시 사하구 당리동,중상사고,0,1,0,0,차대차 - 측면직각충돌,교차로운행방법위반,건조,맑음,교차로 - 교차로안,화물,남,61세,상해없음,이륜,남,64세,중상
2014022100100091,2014년 2월 21일 08시,금요일,부산광역시 사상구 엄궁동,경상사고,0,0,1,0,차대사람 - 길가장자리구역통행중,안전운전불이행,건조,맑음,단일로 - 기타,승용,남,67세,상해없음,보행자,여,29세,경상
2014022100100116,2014년 2월 21일 09시,금요일,부산광역시 연제구 연산동,부상신고사고,0,0,0,1,차대차 - 기타,안전운전불이행,건조,맑음,교차로 - 교차로부근,자전거,남,77세,부상신고,승용,남,57세,상해없음
2014022100100137,2014년 2월 21일 10시,금요일,부산광역시 영도구 남항동2가,경상사고,0,0,1,0,차대차 - 측면직각충돌,안전거리미확보,건조,맑음,단일로 - 기타,특수,남,50세,상해없음,승용,남,30세,경상
2014022100100163,2014년 2월 21일 11시,금요일,부산광역시 부산진구 부전동,경상사고,0,0,1,0,차대차 - 측면직각충돌,교차로운행방법위반,건조,맑음,교차로 - 교차로안,승용,남,33세,상해없음,이륜,남,57세,경상
2014022100100188,2014년 2월 21일 12시,금요일,부산광역시 동구 범일동,중상사고,0,1,1,1,차대차 - 기타,신호위반,건조,맑음,교차로 - 교차로안,화물,남,62세,기타불명,승용,남,51세,중상
2014022100100189,2014년 2월 21일 12시,금요일,부산광역시 연제구 연산동,경상사고,0,0,3,0,차대차 - 추돌 - 진행중,안전거리미확보,건조,맑음,단일로 - 기타,원동기,남,61세,경상,원동기,남,33세,경상
2014022100100214,2014년 2월 21일 13시,금요일,부산광역시 동구 좌천동,중상사고,0,1,0,0,차대사람 - 기타,안전운전불이행,건조,맑음,단일로 - 기타,화물,남,55세,상해없음,보행자,여,80세,중상
2014022100100231,2014년 2월 21일 14시,금요일,부산광역시 서구 동대신동1가,경상사고,0,0,1,0,차대차 - 기타,신호위반,건조,맑음,교차로 - 교차로안,화물,남,61세,상해없음,화물,남,65세,경상
2014022100100257,2014년 2월 21일 15시,금요일,부산광역시 북구 구포동,경상사고,0,0,2,0,차대차 - 추돌 - 진행중,안전거리미확보,건조,맑음,교차로 - 교차로안,승용,여,32세,상해없음,승용,남,51세,경상
2014022100100258,2014년 2월 21일 15시,금요일,부산광역시 부산진구 부전동,중상사고,0,2,2,0,차대차 - 기타,신호위반,건조,맑음,교차로 - 교차로안,승용,여,53세,상해없음,이륜,남,46세,중상
2014022100100259,2014년 2월 21일 15시,금요일,부산광역시 연제구 연산동,경상사고,0,0,1,0,차대차 - 측면직각충돌,신호위반,건조,맑음,교차로 - 교차로안,승용,남,54세,상해없음,승용,남,18세,경상
2014022100100288,2014년 2월 21일 16시,금요일,부산광역시 남구 문현동,경상사고,0,0,1,0,차대사람 - 횡단중,안전운전불이행,건조,맑음,교차로 - 교차로부근,승합,남,47세,상해없음,보행자,여,72세,경상
2014022100100289,2014년 2월 21일 16시,금요일,부산광역시 강서구 화전동,중상사고,0,2,0,0,차대차 - 측면직각충돌,신호위반,건조,맑음,교차로 - 교차로안,승용,남,48세,중상,승합,남,34세,중상
2014022100100315,2014년 2월 21일 17시,금요일,부산광역시 남구 대연동,경상사고,0,0,1,1,차대차 - 기타,안전운전불이행,건조,맑음,교차로 - 교차로부근,승용,남,66세,상해없음,승용,남,43세,경상
2014022100100316,2014년 2월 21일 17시,금요일,부산광역시 부산진구 전포동,경상사고,0,0,1,0,차대차 - 측면직각충돌,안전거리미확보,건조,맑음,단일로 - 기타,승용,남,33세,상해없음,화물,남,38세,상해없음
2014022100100317,2014년 2월 21일 17시,금요일,부산광역시 사상구 주례동,중상사고,0,1,0,0,차대사람 - 횡단중,안전운전불이행,건조,맑음,교차로 - 교차로안,승용,여,44세,상해없음,보행자,남,20세,중상
2014022100100341,2014년 2월 21일 18시,금요일,부산광역시 북구 만덕동,경상사고,0,0,1,0,차대사람 - 횡단중,안전운전불이행,건조,맑음,단일로 - 기타,승용,여,52세,상해없음,보행자,남,26세,경상
2014022100100342,2014년 2월 21일 18시,금요일,부산광역시 사하구 장림동,경상사고,0,0,1,0,차대차 - 측면직각충돌,신호위반,건조,맑음,교차로 - 교차로안,승용,여,24세,상해없음,화물,남,47세,경상
2014022100100393,2014년 2월 21일 19시,금요일,부산광역시 부산진구 부전동,경상사고,0,0,1,0,차대사람 - 길가장자리구역통행중,안전운전불이행,건조,맑음,단일로 - 기타,승용,여,20세,상해없음,보행자,여,20세,경상
2014022100100394,2014년 2월 21일 19시,금요일,부산광역시 사하구 당리동,중상사고,0,1,0,0,차대차 - 기타,안전운전불이행,건조,맑음,단일로 - 기타,승용,남,44세,상해없음,이륜,남,22세,중상
2014022100100395,2014년 2월 21일 19시,금요일,부산광역시 기장군 정관면,중상사고,0,1,0,0,차대사람 - 보도통행중,보행자보호의무위반,건조,맑음,단일로 - 횡단보도상,승용,여,45세,상해없음,보행자,여,46세,중상
2014022100100429,2014년 2월 21일 20시,금요일,부산광역시 부산진구 부전동,중상사고,0,1,0,0,차대사람 - 기타,중앙선침범,건조,맑음,단일로 - 기타,승용,남,43세,상해없음,보행자,여,44세,중상
2014022100100430,2014년 2월 21일 20시,금요일,부산광역시 금정구 부곡동,경상사고,0,0,1,0,차대차 - 기타,안전거리미확보,건조,맑음,단일로 - 기타,승용,여,31세,상해없음,이륜,남,72세,경상
2014022100100459,2014년 2월 21일 21시,금요일,부산광역시 금정구 장전동,중상사고,0,1,0,0,차대사람 - 기타,안전운전불이행,습기,맑음,교차로 - 교차로안,승용,남,58세,상해없음,보행자,여,57세,중상
2014022100100491,2014년 2월 21일 22시,금요일,부산광역시 연제구 연산동,경상사고,0,0,1,0,차대차 - 측면직각충돌,중앙선침범,건조,맑음,단일로 - 기타,승용,남,56세,상해없음,승용,남,48세,경상
2014022100100524,2014년 2월 21일 23시,금요일,부산광역시 영도구 청학동,경상사고,0,0,1,0,차대차 - 정면충돌,중앙선침범,건조,맑음,단일로 - 기타,승용,남,47세,상해없음,승용,남,28세,경상
2014022100100525,2014년 2월 21일 23시,금요일,부산광역시 부산진구 당감동,중상사고,0,1,0,0,차량단독 - 기타,안전운전불이행,건조,맑음,단일로 - 기타,이륜,남,18세,중상,,,,
2014022200100034,2014년 2월 22일 01시,토요일,부산광역시 해운대구 재송동,경상사고,0,0,2,0,차대차 - 추돌 - 진행중,안전운전불이행,건조,맑음,교차로 - 교차로부근,승용,남,62세,상해없음,승용,여,26세,경상
2014022200100035,2014년 2월 22일 01시,토요일,부산광역시 부산진구 양정동,중상사고,0,1,1,0,차대차 - 기타,신호위반,건조,맑음,교차로 - 교차로안,승용,남,66세,상해없음,승용,남,56세,상해없음
2014022200100036,2014년 2월 22일 01시,토요일,부산광역시 수영구 망미동,중상사고,0,1,2,0,차대차 - 추돌 - 주정차중,안전거리미확보,건조,맑음,단일로 - 기타,승용,남,40세,상해없음,승용,남,36세,중상
2014022200100063,2014년 2월 22일 03시,토요일,부산광역시 동래구 명륜동,경상사고,0,0,1,0,차대사람 - 기타,안전운전불이행,건조,맑음,교차로 - 교차로안,승용,남,55세,상해없음,보행자,남,25세,경상
2014022200100064,2014년 2월 22일 03시,토요일,부산광역시 연제구 연산동,중상사고,0,1,0,0,차대차 - 정면충돌,신호위반,건조,맑음,교차로 - 교차로안,승용,남,58세,상해없음,이륜,남,24세,중상
2014022200100080,2014년 2월 22일 04시,토요일,부산광역시 북구 화명동,중상사고,0,2,0,0,차대차 - 기타,신호위반,건조,맑음,교차로 - 교차로안,승용,남,53세,상해없음,승용,남,57세,중상
2014022200100087,2014년 2월 22일 05시,토요일,부산광역시 수영구 광안동,경상사고,0,0,3,0,차대차 - 기타,차로위반,건조,맑음,단일로 - 기타,승용,남,17세,상해없음,승용,남,58세,경상
2014022200100119,2014년 2월 22일 07시,토요일,부산광역시 사상구 학장동,중상사고,0,1,2,0,차대차 - 추돌 - 주정차중,안전운전불이행,건조,맑음,단일로 - 기타,화물,남,48세,상해없음,승용,남,51세,경상
2014022200100155,2014년 2월 22일 09시,토요일,부산광역시 부산진구 부전동,경상사고,0,0,2,0,차대차 - 추돌 - 진행중,안전운전불이행,건조,맑음,단일로 - 기타,승용,남,28세,상해없음,승용,남,37세,경상
2014022200100156,2014년 2월 22일 09시,토요일,부산광역시 수영구 망미동,중상사고,0,1,1,0,차대차 - 기타,안전운전불이행,건조,맑음,단일로 - 기타,승합,남,51세,상해없음,승용,남,28세,경상
2014022200100172,2014년 2월 22일 10시,토요일,부산광역시 서구 부용동2가,중상사고,0,1,0,0,차대사람 - 길가장자리구역통행중,안전운전불이행,건조,맑음,단일로 - 기타,승용,남,65세,상해없음,보행자,여,82세,중상
2014022200100173,2014년 2월 22일 10시,토요일,부산광역시 해운대구 반여동,경상사고,0,0,1,0,차대차 - 추돌 - 주정차중,안전운전불이행,건조,맑음,단일로 - 기타,승용,여,46세,상해없음,승합,남,41세,경상
2014022200100191,2014년 2월 22일 11시,토요일,부산광역시 강서구 강동동,중상사고,0,2,0,0,차대차 - 추돌 - 진행중,안전운전불이행,건조,맑음,단일로 - 기타,승용,남,48세,상해없음,승용,여,70세,중상
2014022200100192,2014년 2월 22일 11시,토요일,부산광역시 사상구 감전동,경상사고,0,0,1,0,차대차 - 추돌 - 진행중,안전거리미확보,건조,맑음,단일로 - 기타,승용,여,61세,상해없음,화물,남,53세,경상
2014022200100235,2014년 2월 22일 13시,토요일,부산광역시 동래구 온천동,중상사고,0,1,0,0,차대차 - 기타,교차로운행방법위반,건조,맑음,교차로 - 교차로안,승용,남,32세,상해없음,승합,남,53세,상해없음
2014022200100236,2014년 2월 22일 13시,토요일,부산광역시 기장군 장안읍,경상사고,0,0,1,1,차대차 - 추돌 - 주정차중,안전운전불이행,건조,맑음,교차로 - 교차로부근,화물,남,27세,부상신고,승합,남,53세,경상
2014022200100264,2014년 2월 22일 14시,토요일,부산광역시 수영구 남천동,부상신고사고,0,0,0,1,차대차 - 기타,교차로운행방법위반,건조,맑음,교차로 - 교차로안,승용,여,43세,상해없음,자전거,남,33세,부상신고
2014022200100265,2014년 2월 22일 14시,토요일,부산광역시 해운대구 우동,부상신고사고,0,0,0,2,차대차 - 기타,안전거리미확보,건조,맑음,단일로 - 기타,승용,남,30세,상해없음,승용,남,71세,부상신고
2014022200100266,2014년 2월 22일 14시,토요일,부산광역시 해운대구 우동,중상사고,0,1,1,0,차대사람 - 횡단중,보행자보호의무위반,건조,맑음,교차로 - 교차로부근,승합,남,43세,상해없음,보행자,여,70세,중상
2014022200100267,2014년 2월 22일 14시,토요일,부산광역시 해운대구 우동,경상사고,0,0,1,0,차대차 - 기타,기타,건조,맑음,단일로 - 기타,승용,남,54세,상해없음,자전거,남,42세,경상
2014022200100268,2014년 2월 22일 14시,토요일,부산광역시 금정구 구서동,경상사고,0,0,1,0,차대사람 - 횡단중,안전운전불이행,건조,맑음,단일로 - 기타,승용,남,50세,기타불명,보행자,남,52세,경상
2014022200100320,2014년 2월 22일 16시,토요일,부산광역시 기장군 일광면,중상사고,0,1,0,0,차대사람 - 기타,안전운전불이행,건조,맑음,단일로 - 기타,원동기,남,49세,상해없음,보행자,여,33세,중상
2014022200100361,2014년 2월 22일 18시,토요일,부산광역시 북구 덕천동,중상사고,0,1,0,0,차대차 - 기타,기타,건조,맑음,단일로 - 기타,화물,남,50세,기타불명,이륜,남,50세,중상
2014022200100362,2014년 2월 22일 18시,토요일,부산광역시 해운대구 반여동,경상사고,0,0,2,0,차대사람 - 기타,안전운전불이행,건조,기타,단일로 - 기타,승합,남,53세,상해없음,보행자,여,37세,경상
2014022200100363,2014년 2월 22일 18시,토요일,부산광역시 부산진구 연지동,경상사고,0,0,1,0,차대사람 - 횡단중,보행자보호의무위반,건조,맑음,단일로 - 횡단보도상,승용,남,31세,상해없음,보행자,여,9세,경상
2014022200100364,2014년 2월 22일 18시,토요일,부산광역시 부산진구 당감동,경상사고,0,0,1,0,차대사람 - 기타,안전운전불이행,건조,맑음,단일로 - 기타,승용,남,34세,상해없음,보행자,여,11세,경상
2014022200100430,2014년 2월 22일 20시,토요일,부산광역시 수영구 광안동,경상사고,0,0,1,0,차대차 - 기타,신호위반,건조,맑음,교차로 - 교차로안,승용,남,50세,상해없음,원동기,남,34세,경상
2014022200100431,2014년 2월 22일 20시,토요일,부산광역시 해운대구 재송동,부상신고사고,0,0,0,1,차대사람 - 횡단중,안전운전불이행,건조,맑음,단일로 - 기타,승용,남,34세,상해없음,보행자,여,41세,부상신고
2014022200100432,2014년 2월 22일 20시,토요일,부산광역시 해운대구 반송동,경상사고,0,0,1,0,차대차 - 측면직각충돌,안전운전불이행,건조,맑음,단일로 - 기타,승용,남,45세,상해없음,원동기,남,16세,경상
2014022200100433,2014년 2월 22일 20시,토요일,부산광역시 부산진구 전포동,경상사고,0,0,1,0,차대사람 - 기타,안전운전불이행,건조,흐림,단일로 - 기타,승용,남,51세,상해없음,보행자,남,65세,경상
2014022200100457,2014년 2월 22일 21시,토요일,부산광역시 해운대구 중동,경상사고,0,0,1,0,차대차 - 추돌 - 진행중,안전운전불이행,건조,맑음,단일로 - 기타,승용,남,25세,상해없음,승용,남,51세,경상
2014022200100458,2014년 2월 22일 21시,토요일,부산광역시 기장군 기장읍,중상사고,0,3,0,0,차대차 - 추돌 - 진행중,안전운전불이행,건조,맑음,교차로 - 교차로부근,승용,남,31세,상해없음,승용,남,42세,중상
2014022200100490,2014년 2월 22일 22시,토요일,부산광역시 해운대구 송정동,경상사고,0,0,1,0,차대사람 - 기타,안전운전불이행,건조,맑음,단일로 - 기타,승용,여,24세,상해없음,보행자,여,46세,경상
2014022200100491,2014년 2월 22일 22시,토요일,부산광역시 부산진구 전포동,경상사고,0,0,2,0,차대차 - 측면직각충돌,안전거리미확보,건조,맑음,단일로 - 기타,승용,남,45세,상해없음,승용,남,55세,상해없음
2014022200100518,2014년 2월 22일 23시,토요일,부산광역시 북구 구포동,중상사고,0,1,0,0,차대차 - 기타,안전운전불이행,건조,맑음,교차로 - 교차로안,승용,남,25세,상해없음,승용,남,52세,상해없음
2014022200100519,2014년 2월 22일 23시,토요일,부산광역시 동래구 안락동,경상사고,0,0,1,0,차대사람 - 횡단중,안전운전불이행,건조,맑음,교차로 - 교차로부근,승용,여,54세,상해없음,보행자,여,49세,경상
2014022200100520,2014년 2월 22일 23시,토요일,부산광역시 강서구 강동동,중상사고,0,1,0,0,차대사람 - 횡단중,과속,건조,맑음,단일로 - 횡단보도상,승용,남,26세,상해없음,보행자,남,63세,중상
2014022200100521,2014년 2월 22일 23시,토요일,부산광역시 기장군 일광면,경상사고,0,0,2,1,차대차 - 측면직각충돌,직진우회전진행방해,건조,맑음,교차로 - 교차로안,승용,남,42세,상해없음,승용,남,30세,경상
2014022200100522,2014년 2월 22일 23시,토요일,부산광역시 금정구 구서동,중상사고,0,4,0,0,차대차 - 측면직각충돌,안전운전불이행,건조,맑음,단일로 - 기타,승용,여,54세,상해없음,승용,남,39세,중상
2014022300100022,2014년 2월 23일 01시,일요일,부산광역시 해운대구 우동,중상사고,0,1,1,0,차대사람 - 횡단중,안전운전불이행,건조,맑음,단일로 - 횡단보도상,승용,남,67세,상해없음,보행자,남,44세,중상
2014022300100038,2014년 2월 23일 02시,일요일,부산광역시 중구 남포동1가,경상사고,0,0,1,0,차대사람 - 기타,안전운전불이행,건조,흐림,단일로 - 기타,승용,남,30세,상해없음,보행자,남,41세,경상
2014022300100039,2014년 2월 23일 02시,일요일,부산광역시 강서구 송정동,중상사고,0,1,0,0,차량단독 - 공작물충돌,안전운전불이행,건조,맑음,교차로 - 교차로부근,승용,남,32세,중상,,,,
2014022300100056,2014년 2월 23일 03시,일요일,부산광역시 부산진구 범전동,경상사고,0,0,1,0,차대차 - 기타,안전운전불이행,건조,맑음,단일로 - 기타,승용,남,29세,경상,승용,남,21세,상해없음
2014022300100057,2014년 2월 23일 03시,일요일,부산광역시 수영구 광안동,경상사고,0,0,2,0,차대사람 - 횡단중,안전운전불이행,건조,맑음,단일로 - 횡단보도상,원동기,남,18세,경상,보행자,남,20세,경상
2014022300100076,2014년 2월 23일 05시,일요일,부산광역시 해운대구 우동,경상사고,0,0,2,0,차대차 - 측면직각충돌,안전거리미확보,건조,맑음,단일로 - 교량,승용,여,35세,상해없음,승용,남,48세,경상
2014022300100077,2014년 2월 23일 05시,일요일,부산광역시 북구 구포동,사망사고,1,0,0,0,차대사람 - 횡단중,과속,건조,흐림,단일로 - 기타,승용,남,65세,상해없음,보행자,여,73세,사망
2014022300100090,2014년 2월 23일 06시,일요일,부산광역시 사상구 모라동,경상사고,0,0,1,0,차대사람 - 기타,안전운전불이행,건조,맑음,단일로 - 기타,승용,남,68세,상해없음,보행자,남,26세,경상
2014022300100117,2014년 2월 23일 09시,일요일,부산광역시 수영구 민락동,경상사고,0,0,2,0,차대차 - 기타,안전운전불이행,건조,맑음,교차로 - 교차로안,특수,남,27세,상해없음,승용,남,67세,경상
2014022300100130,2014년 2월 23일 10시,일요일,부산광역시 사하구 구평동,중상사고,0,1,1,0,차대차 - 추돌 - 진행중,안전운전불이행,건조,맑음,단일로 - 기타,화물,남,42세,상해없음,승용,남,55세,상해없음
2014022300100139,2014년 2월 23일 11시,일요일,부산광역시 북구 구포동,경상사고,0,0,1,0,차대차 - 기타,안전운전불이행,건조,맑음,단일로 - 교량,화물,남,45세,기타불명,승용,남,35세,경상
2014022300100140,2014년 2월 23일 11시,일요일,부산광역시 해운대구 반여동,중상사고,0,1,0,0,차대차 - 기타,신호위반,건조,맑음,교차로 - 교차로안,승용,남,73세,상해없음,원동기,남,24세,중상
2014022300100141,2014년 2월 23일 11시,일요일,부산광역시 사하구 하단동,중상사고,0,1,0,0,차대차 - 기타,안전운전불이행,건조,맑음,단일로 - 기타,승용,남,71세,상해없음,자전거,남,58세,중상
2014022300100230,2014년 2월 23일 16시,일요일,부산광역시 북구 구포동,경상사고,0,0,1,0,차대사람 - 기타,안전운전불이행,건조,맑음,단일로 - 기타,자전거,남,48세,상해없음,보행자,여,59세,경상
2014022300100231,2014년 2월 23일 16시,일요일,부산광역시 사하구 장림동,경상사고,0,0,2,0,차대차 - 측면직각충돌,교차로운행방법위반,건조,맑음,교차로 - 교차로안,승용,남,37세,상해없음,승용,남,42세,경상
2014022300100256,2014년 2월 23일 17시,일요일,부산광역시 영도구 동삼동,중상사고,0,1,0,0,차대사람 - 차도통행중,보행자보호의무위반,건조,맑음,단일로 - 기타,승용,남,42세,상해없음,보행자,남,12세,중상
2014022300100298,2014년 2월 23일 19시,일요일,부산광역시 영도구 동삼동,중상사고,0,1,0,0,차대사람 - 횡단중,안전운전불이행,건조,맑음,교차로 - 교차로안,승용,남,42세,상해없음,보행자,여,51세,중상
2014022300100299,2014년 2월 23일 19시,일요일,부산광역시 사상구 감전동,중상사고,0,1,0,0,차대차 - 측면직각충돌,안전운전불이행,건조,맑음,단일로 - 기타,승용,남,24세,상해없음,이륜,남,26세,중상
2014022300100321,2014년 2월 23일 20시,일요일,부산광역시 동래구 온천동,경상사고,0,0,1,0,차대차 - 측면직각충돌,안전거리미확보,건조,맑음,단일로 - 기타,승합,남,68세,상해없음,승용,남,56세,경상
2014022300100322,2014년 2월 23일 20시,일요일,부산광역시 해운대구 좌동,경상사고,0,0,1,0,차대차 - 추돌 - 진행중,신호위반,건조,맑음,교차로 - 교차로안,승용,남,56세,상해없음,승용,남,52세,경상
2014022300100341,2014년 2월 23일 21시,일요일,부산광역시 남구 용호동,중상사고,0,1,0,0,차대사람 - 기타,중앙선침범,건조,맑음,단일로 - 기타,승용,남,39세,상해없음,보행자,남,59세,중상
2014022300100342,2014년 2월 23일 21시,일요일,부산광역시 사상구 감전동,경상사고,0,0,1,2,차대차 - 측면직각충돌,안전거리미확보,건조,맑음,단일로 - 기타,승용,남,34세,부상신고,승용,남,58세,부상신고
2014022300100368,2014년 2월 23일 22시,일요일,부산광역시 동래구 온천동,부상신고사고,0,0,0,1,차대사람 - 차도통행중,안전운전불이행,건조,맑음,단일로 - 기타,승용,남,36세,상해없음,보행자,남,56세,부상신고
2014022400100005,2014년 2월 24일 00시,월요일,부산광역시 동래구 사직동,중상사고,0,1,0,0,차대사람 - 횡단중,보행자보호의무위반,건조,맑음,단일로 - 기타,화물,남,53세,상해없음,보행자,남,26세,중상