사고번호,사고일시,요일,시군구,사고내용,사망자수,중상자수,경상자수,부상신고자수,사고유형,법규위반,노면상태,기상상태,도로형태,가해운전자 차종,가해운전자 성별,가해운전자 연령,가해운전자 상해정도,피해운전자 차종,피해운전자 성별,피해운전자 연령,피해운전자 상해정도
2014022700100339,2014년 2월 27일 17시,목요일,부산광역시 해운대구 우동,경상사고,0,0,2,0,차대차 - 기타,안전거리미확보,건조,맑음,단일로 - 기타,승용,여,52세,상해없음,승용,여,55세,경상
2014022700100340,2014년 2월 27일 17시,목요일,부산광역시 금정구 장전동,경상사고,0,0,1,0,차대차 - 측면직각충돌,안전운전불이행,습기,비,교차로 - 교차로안,승용,남,33세,상해없음,원동기,남,27세,경상
2014022700100341,2014년 2월 27일 17시,목요일,부산광역시 강서구 신호동,중상사고,0,1,0,1,차대차 - 측면직각충돌,안전운전불이행,건조,맑음,단일로 - 교량,승용,남,28세,부상신고,승용,남,46세,중상
2014022700100342,2014년 2월 27일 17시,목요일,부산광역시 사상구 주례동,경상사고,0,0,3,0,차대차 - 추돌 - 진행중,차로위반,건조,맑음,미분류 - 미분류,특수,남,57세,상해없음,승용,남,34세,경상
2014022700100365,2014년 2월 27일 18시,목요일,부산광역시 동구 범일동,경상사고,0,0,1,0,차대차 - 기타,교차로운행방법위반,건조,맑음,단일로 - 기타,승용,여,34세,상해없음,원동기,남,49세,경상
2014022700100366,2014년 2월 27일 18시,목요일,부산광역시 서구 서대신동3가,중상사고,0,1,0,0,차대사람 - 길가장자리구역통행중,안전운전불이행,건조,맑음,교차로 - 교차로부근,승용,남,31세,상해없음,보행자,여,80세,중상
2014022700100405,2014년 2월 27일 19시,목요일,부산광역시 부산진구 부전동,경상사고,0,0,1,0,차대사람 - 차도통행중,안전운전불이행,건조,기타,단일로 - 기타,승용,남,35세,상해없음,보행자,여,59세,경상
2014022700100406,2014년 2월 27일 19시,목요일,부산광역시 부산진구 개금동,경상사고,0,0,1,0,차대사람 - 기타,신호위반,건조,맑음,단일로 - 횡단보도상,승용,기타불명,기타불명,기타불명,보행자,남,49세,경상
2014022700100407,2014년 2월 27일 19시,목요일,부산광역시 연제구 거제동,중상사고,0,1,0,0,차대차 - 측면직각충돌,기타,건조,맑음,단일로 - 기타,승용,남,58세,상해없음,승용,남,42세,중상
2014022700100440,2014년 2월 27일 20시,목요일,부산광역시 서구 동대신동2가,경상사고,0,0,1,0,차대사람 - 차도통행중,안전운전불이행,기타,기타,단일로 - 기타,승합,남,52세,상해없음,보행자,남,49세,경상
2014022700100441,2014년 2월 27일 20시,목요일,부산광역시 동래구 온천동,중상사고,0,1,0,0,차대차 - 추돌 - 진행중,안전거리미확보,건조,맑음,교차로 - 교차로안,승용,남,33세,상해없음,원동기,남,48세,중상
2014022700100442,2014년 2월 27일 20시,목요일,부산광역시 동래구 온천동,경상사고,0,0,1,0,차대차 - 추돌 - 진행중,교차로운행방법위반,건조,맑음,교차로 - 교차로안,승용,여,33세,상해없음,승합,남,38세,상해없음
2014022700100443,2014년 2월 27일 20시,목요일,부산광역시 부산진구 가야동,경상사고,0,0,1,0,차대차 - 기타,기타,건조,맑음,교차로 - 교차로부근,승용,남,49세,상해없음,이륜,남,33세,경상
2014022700100444,2014년 2월 27일 20시,목요일,부산광역시 연제구 거제동,중상사고,0,1,1,0,차대차 - 추돌 - 진행중,중앙선침범,건조,맑음,단일로 - 기타,승용,남,53세,상해없음,원동기,남,19세,경상
2014022700100475,2014년 2월 27일 21시,목요일,부산광역시 동구 좌천동,경상사고,0,0,1,0,차대차 - 추돌 - 주정차중,안전운전불이행,건조,맑음,단일로 - 기타,승용,남,56세,상해없음,승용,남,51세,경상
2014022700100476,2014년 2월 27일 21시,목요일,부산광역시 해운대구 우동,경상사고,0,0,1,0,차대차 - 측면직각충돌,안전운전불이행,습기,맑음,교차로 - 교차로부근,승용,여,44세,상해없음,승용,남,40세,경상
2014022700100511,2014년 2월 27일 22시,목요일,부산광역시 수영구 광안동,중상사고,0,1,0,0,차대차 - 기타,안전거리미확보,건조,맑음,단일로 - 터널,승용,남,18세,상해없음,화물,남,64세,중상
2014022800100018,2014년 2월 28일 01시,금요일,부산광역시 수영구 광안동,경상사고,0,0,2,0,차대차 - 추돌 - 진행중,안전운전불이행,건조,맑음,기타 - 기타,승용,남,30세,상해없음,승용,남,42세,경상
2014022800100031,2014년 2월 28일 02시,금요일,부산광역시 해운대구 좌동,중상사고,0,1,3,0,차대차 - 측면직각충돌,신호위반,건조,맑음,교차로 - 교차로안,승용,남,55세,상해없음,승용,남,62세,중상
2014022800100048,2014년 2월 28일 05시,금요일,부산광역시 북구 구포동,중상사고,0,1,0,0,차대사람 - 횡단중,신호위반,건조,맑음,교차로 - 교차로부근,승용,여,57세,상해없음,보행자,남,46세,중상
2014022800100049,2014년 2월 28일 05시,금요일,부산광역시 해운대구 중동,중상사고,0,1,0,1,차대사람 - 횡단중,신호위반,건조,맑음,교차로 - 교차로안,건설기계,남,50세,상해없음,보행자,여,73세,중상
2014022800100058,2014년 2월 28일 06시,금요일,부산광역시 해운대구 우동,중상사고,0,2,0,0,차대차 - 정면충돌,중앙선침범,건조,맑음,단일로 - 기타,승용,남,40세,기타불명,승용,남,63세,중상
2014022800100071,2014년 2월 28일 07시,금요일,부산광역시 연제구 연산동,중상사고,0,1,0,0,차대사람 - 횡단중,안전운전불이행,건조,맑음,단일로 - 횡단보도상,승용,여,31세,상해없음,보행자,여,63세,중상
2014022800100090,2014년 2월 28일 08시,금요일,부산광역시 사상구 감전동,경상사고,0,0,2,0,차대차 - 추돌 - 진행중,안전거리미확보,건조,맑음,단일로 - 기타,승합,남,29세,상해없음,화물,남,59세,경상
2014022800100114,2014년 2월 28일 09시,금요일,부산광역시 서구 남부민동,중상사고,0,1,0,0,차대사람 - 기타,안전운전불이행,건조,맑음,단일로 - 기타,자전거,남,62세,상해없음,보행자,남,57세,중상
2014022800100137,2014년 2월 28일 10시,금요일,부산광역시 영도구 청학동,경상사고,0,0,4,0,차대차 - 추돌 - 주정차중,안전거리미확보,건조,흐림,단일로 - 기타,승용,남,66세,상해없음,화물,남,33세,경상
2014022800100160,2014년 2월 28일 11시,금요일,부산광역시 남구 우암동,경상사고,0,0,1,0,차대차 - 기타,교차로운행방법위반,건조,맑음,교차로 - 교차로안,특수,남,36세,경상,승용,남,30세,상해없음
2014022800100161,2014년 2월 28일 11시,금요일,부산광역시 영도구 동삼동,중상사고,0,1,0,0,차대사람 - 횡단중,안전운전불이행,건조,맑음,단일로 - 횡단보도부근,승용,남,61세,상해없음,보행자,여,76세,중상
2014022800100162,2014년 2월 28일 11시,금요일,부산광역시 금정구 서동,중상사고,0,2,0,0,차대사람 - 기타,안전운전불이행,건조,맑음,단일로 - 기타,승용,남,61세,중상,보행자,남,78세,중상
2014022800100227,2014년 2월 28일 14시,금요일,부산광역시 금정구 남산동,경상사고,0,0,1,0,차대차 - 기타,안전운전불이행,건조,흐림,교차로 - 교차로부근,승용,여,55세,상해없음,자전거,여,54세,경상
2014022800100228,2014년 2월 28일 14시,금요일,부산광역시 금정구 장전동,경상사고,0,0,2,0,차대차 - 추돌 - 주정차중,안전거리미확보,건조,맑음,단일로 - 기타,승용,남,33세,상해없음,승용,남,44세,경상
2014022800100264,2014년 2월 28일 15시,금요일,부산광역시 수영구 민락동,중상사고,0,1,0,0,차대사람 - 기타,안전운전불이행,기타,기타,단일로 - 기타,승용,남,32세,상해없음,보행자,여,54세,중상
2014022800100265,2014년 2월 28일 15시,금요일,부산광역시 북구 덕천동,경상사고,0,0,2,0,차대차 - 측면직각충돌,신호위반,건조,맑음,교차로 - 교차로안,승용,여,22세,상해없음,승용,여,59세,경상
2014022800100266,2014년 2월 28일 15시,금요일,부산광역시 해운대구 재송동,중상사고,0,2,3,0,차대차 - 정면충돌,중앙선침범,건조,맑음,교차로 - 교차로부근,승용,남,44세,상해없음,승용,남,29세,경상
2014022800100339,2014년 2월 28일 17시,금요일,부산광역시 남구 대연동,중상사고,0,1,0,0,차대사람 - 기타,안전운전불이행,건조,맑음,단일로 - 기타,승용,남,31세,상해없음,보행자,남,57세,중상
2014022800100340,2014년 2월 28일 17시,금요일,부산광역시 북구 구포동,중상사고,0,1,0,0,차대차 - 측면직각충돌,안전거리미확보,건조,맑음,교차로 - 교차로부근,화물,남,54세,상해없음,승합,여,51세,중상
2014022800100341,2014년 2월 28일 17시,금요일,부산광역시 연제구 연산동,경상사고,0,0,1,0,차대차 - 측면직각충돌,신호위반,건조,맑음,교차로 - 교차로안,승용,남,27세,상해없음,승용,남,46세,경상
2014022800100371,2014년 2월 28일 18시,금요일,부산광역시 서구 부민동3가,중상사고,0,1,0,0,차대사람 - 횡단중,신호위반,습기,흐림,단일로 - 횡단보도상,원동기,남,17세,상해없음,보행자,남,9세,중상
2014022800100372,2014년 2월 28일 18시,금요일,부산광역시 서구 남부민동,중상사고,0,1,0,0,차대사람 - 횡단중,신호위반,습기,비,단일로 - 횡단보도상,승용,남,57세,상해없음,보행자,여,65세,중상
2014022800100373,2014년 2월 28일 18시,금요일,부산광역시 강서구 강동동,중상사고,0,1,0,0,차대사람 - 횡단중,신호위반,습기,비,교차로 - 교차로부근,승용,남,39세,상해없음,보행자,여,52세,중상
2014022800100412,2014년 2월 28일 19시,금요일,부산광역시 동구 수정동,중상사고,0,1,0,0,차대차 - 기타,교차로운행방법위반,습기,비,교차로 - 교차로부근,승용,여,35세,상해없음,원동기,여,39세,중상
2014022800100413,2014년 2월 28일 19시,금요일,부산광역시 남구 대연동,경상사고,0,0,1,0,차대사람 - 기타,신호위반,건조,맑음,교차로 - 교차로부근,승용,남,67세,상해없음,보행자,남,23세,경상
2014022800100463,2014년 2월 28일 20시,금요일,부산광역시 금정구 서동,부상신고사고,0,0,0,1,차대사람 - 기타,안전운전불이행,습기,흐림,단일로 - 기타,승용,남,48세,상해없음,보행자,남,38세,부상신고
2014022800100464,2014년 2월 28일 20시,금요일,부산광역시 수영구 망미동,중상사고,0,3,2,0,차대차 - 측면직각충돌,안전운전불이행,건조,맑음,교차로 - 교차로부근,승용,남,53세,상해없음,승용,남,49세,경상
2014022800100465,2014년 2월 28일 20시,금요일,부산광역시 사상구 괘법동,경상사고,0,0,1,0,차대차 - 측면직각충돌,안전운전불이행,습기,비,교차로 - 교차로안,승용,남,27세,상해없음,승용,남,61세,경상
2014022800100501,2014년 2월 28일 21시,금요일,부산광역시 동구 초량동,경상사고,0,0,1,1,차대차 - 추돌 - 진행중,안전운전불이행,건조,맑음,기타 - 기타,승용,남,53세,부상신고,승용,남,67세,경상
2014022800100502,2014년 2월 28일 21시,금요일,부산광역시 동래구 명륜동,경상사고,0,0,1,0,차대차 - 기타,안전운전불이행,건조,맑음,단일로 - 기타,이륜,남,20세,경상,승용,남,60세,상해없음
2014022800100503,2014년 2월 28일 21시,금요일,부산광역시 사하구 신평동,경상사고,0,0,1,0,차대차 - 기타,교차로운행방법위반,건조,맑음,교차로 - 교차로안,화물,남,47세,상해없음,이륜,남,28세,경상
2014022800100573,2014년 2월 28일 23시,금요일,부산광역시 연제구 연산동,경상사고,0,0,1,0,차대차 - 기타,안전운전불이행,건조,맑음,단일로 - 기타,원동기,기타불명,기타불명,기타불명,승용,남,59세,상해없음
2014022800100574,2014년 2월 28일 23시,금요일,부산광역시 사상구 괘법동,중상사고,0,1,2,0,차대차 - 측면직각충돌,안전운전불이행,습기,비,교차로 - 교차로안,화물,남,48세,상해없음,승용,남,50세,중상
2014030100100011,2014년 3월 1일 00시,토요일,부산광역시 부산진구 부암동,중상사고,0,1,0,0,차대차 - 측면직각충돌,신호위반,건조,맑음,교차로 - 교차로안,승용,남,30세,상해없음,승용,남,32세,중상
2014030100100047,2014년 3월 1일 01시,토요일,부산광역시 부산진구 부전동,경상사고,0,0,2,0,차대차 - 측면직각충돌,교차로운행방법위반,건조,맑음,교차로 - 교차로안,승용,남,57세,기타불명,승용,남,55세,상해없음
2014030100100078,2014년 3월 1일 02시,토요일,부산광역시 남구 대연동,중상사고,0,1,0,0,차대사람 - 횡단중,안전운전불이행,습기,비,단일로 - 기타,화물,남,36세,상해없음,보행자,남,53세,중상
2014030100100079,2014년 3월 1일 02시,토요일,부산광역시 사상구 주례동,중상사고,0,1,1,1,차대차 - 측면직각충돌,신호위반,건조,맑음,단일로 - 기타,승용,남,40세,부상신고,화물,남,40세,경상
2014030100100096,2014년 3월 1일 03시,토요일,부산광역시 수영구 민락동,경상사고,0,0,1,0,차대차 - 기타,안전거리미확보,건조,맑음,교차로 - 교차로부근,승용,기타불명,기타불명,기타불명,승용,남,45세,경상
2014030100100097,2014년 3월 1일 03시,토요일,부산광역시 영도구 봉래동1가,경상사고,0,0,1,0,차대사람 - 차도통행중,안전운전불이행,건조,맑음,단일로 - 기타,승용,남,55세,상해없음,보행자,남,21세,경상
2014030100100098,2014년 3월 1일 03시,토요일,부산광역시 기장군 정관면,경상사고,0,0,1,0,차대차 - 추돌 - 진행중,안전운전불이행,습기,흐림,미분류 - 미분류,승용,남,23세,상해없음,승용,남,50세,상해없음
2014030100100170,2014년 3월 1일 08시,토요일,부산광역시 남구 용호동,경상사고,0,0,1,0,차대차 - 추돌 - 진행중,신호위반,습기,비,교차로 - 교차로안,승용,남,60세,상해없음,승용,남,46세,경상
2014030100100171,2014년 3월 1일 08시,토요일,부산광역시 해운대구 우동,중상사고,0,5,0,0,차대차 - 추돌 - 주정차중,안전운전불이행,습기,비,단일로 - 기타,승용,남,65세,상해없음,승용,남,50세,중상
2014030100100172,2014년 3월 1일 08시,토요일,부산광역시 사상구 감전동,경상사고,0,0,7,8,차대차 - 기타,중앙선침범,습기,비,단일로 - 기타,승용,남,23세,부상신고,승합,남,57세,경상
2014030100100182,2014년 3월 1일 09시,토요일,부산광역시 동구 초량동,중상사고,0,1,0,0,차대사람 - 기타,안전운전불이행,건조,맑음,단일로 - 횡단보도상,승용,남,46세,기타불명,보행자,여,40세,중상
2014030100100183,2014년 3월 1일 09시,토요일,부산광역시 남구 용호동,경상사고,0,0,3,0,차대차 - 기타,안전운전불이행,습기,흐림,교차로 - 교차로부근,승합,남,36세,상해없음,승용,남,59세,경상
2014030100100184,2014년 3월 1일 09시,토요일,부산광역시 사하구 하단동,중상사고,0,1,0,0,차대차 - 측면직각충돌,안전거리미확보,건조,맑음,단일로 - 기타,이륜,남,79세,중상,승용,여,47세,상해없음
2014030100100201,2014년 3월 1일 10시,토요일,부산광역시 금정구 장전동,경상사고,0,0,1,0,차대차 - 측면직각충돌,기타,습기,비,교차로 - 교차로안,승용,여,45세,상해없음,자전거,남,36세,경상
2014030100100222,2014년 3월 1일 11시,토요일,부산광역시 부산진구 부암동,경상사고,0,0,1,0,차대차 - 측면직각충돌,안전운전불이행,건조,맑음,단일로 - 기타,화물,남,33세,경상,화물,남,66세,상해없음
2014030100100223,2014년 3월 1일 11시,토요일,부산광역시 사하구 괴정동,부상신고사고,0,0,0,1,차대차 - 측면직각충돌,안전운전불이행,건조,맑음,단일로 - 기타,승용,남,63세,상해없음,승용,남,44세,부상신고
2014030100100242,2014년 3월 1일 12시,토요일,부산광역시 금정구 부곡동,중상사고,0,1,0,0,차대사람 - 횡단중,안전운전불이행,건조,맑음,교차로 - 교차로안,승용,여,29세,상해없음,보행자,남,57세,중상
2014030100100269,2014년 3월 1일 13시,토요일,부산광역시 해운대구 우동,경상사고,0,0,4,0,차대차 - 측면직각충돌,안전운전불이행,건조,맑음,단일로 - 기타,승용,남,48세,상해없음,승용,남,41세,경상
2014030100100303,2014년 3월 1일 14시,토요일,부산광역시 동구 범일동,부상신고사고,0,0,0,1,차대차 - 추돌 - 진행중,교차로운행방법위반,습기,비,교차로 - 교차로안,승용,남,54세,상해없음,승용,남,50세,상해없음
2014030100100304,2014년 3월 1일 14시,토요일,부산광역시 부산진구 가야동,중상사고,0,2,2,0,차대차 - 측면직각충돌,안전거리미확보,건조,맑음,단일로 - 기타,승합,남,56세,상해없음,승용,남,33세,경상
2014030100100325,2014년 3월 1일 15시,토요일,부산광역시 북구 구포동,경상사고,0,0,2,0,차대차 - 추돌 - 주정차중,안전운전불이행,습기,흐림,단일로 - 기타,승용,남,53세,상해없음,승용,여,48세,경상
2014030100100344,2014년 3월 1일 16시,토요일,부산광역시 영도구 동삼동,중상사고,0,1,0,0,차대차 - 추돌 - 진행중,교차로운행방법위반,습기,비,교차로 - 교차로안,화물,남,23세,상해없음,이륜,남,70세,중상
2014030100100345,2014년 3월 1일 16시,토요일,부산광역시 강서구 명지동,중상사고,0,1,0,0,차대차 - 기타,안전운전불이행,습기,비,교차로 - 교차로부근,화물,남,66세,상해없음,승용,남,39세,중상
2014030100100367,2014년 3월 1일 17시,토요일,부산광역시 남구 문현동,경상사고,0,0,1,0,차대사람 - 횡단중,보행자보호의무위반,습기,비,교차로 - 교차로안,화물,남,57세,상해없음,보행자,남,43세,경상
2014030100100368,2014년 3월 1일 17시,토요일,부산광역시 수영구 민락동,중상사고,0,1,0,0,차대사람 - 횡단중,신호위반,습기,비,단일로 - 횡단보도상,승용,남,44세,상해없음,보행자,여,8세,중상
2014030100100369,2014년 3월 1일 17시,토요일,부산광역시 남구 감만동,경상사고,0,0,1,0,차대차 - 기타,안전거리미확보,습기,비,단일로 - 기타,승용,남,46세,상해없음,승용,남,42세,경상
2014030100100370,2014년 3월 1일 17시,토요일,부산광역시 동래구 안락동,경상사고,0,0,1,0,차대차 - 측면직각충돌,안전운전불이행,습기,비,교차로 - 교차로안,화물,남,41세,상해없음,이륜,남,17세,경상
2014030100100371,2014년 3월 1일 17시,토요일,부산광역시 해운대구 반여동,경상사고,0,0,1,0,차대차 - 측면직각충돌,직진우회전진행방해,습기,맑음,교차로 - 교차로안,승용,남,79세,상해없음,승용,남,46세,경상
2014030100100390,2014년 3월 1일 18시,토요일,부산광역시 서구 토성동1가,경상사고,0,0,1,0,차대차 - 측면직각충돌,안전거리미확보,습기,비,단일로 - 기타,승합,남,40세,상해없음,승용,남,48세,경상
2014030100100391,2014년 3월 1일 18시,토요일,부산광역시 강서구 송정동,경상사고,0,0,4,0,차대차 - 추돌 - 주정차중,안전운전불이행,건조,맑음,단일로 - 교량,승용,남,40세,상해없음,승용,남,58세,경상
2014030100100426,2014년 3월 1일 19시,토요일,부산광역시 해운대구 좌동,중상사고,0,1,0,0,차대차 - 측면직각충돌,신호위반,습기,비,교차로 - 교차로부근,승용,남,56세,상해없음,원동기,남,18세,중상
2014030100100471,2014년 3월 1일 20시,토요일,부산광역시 부산진구 초읍동,부상신고사고,0,0,0,3,차대차 - 추돌 - 진행중,안전운전불이행,기타,흐림,교차로 - 교차로안,승용,남,55세,기타불명,기타불명,기타불명,기타불명,기타불명
2014030100100472,2014년 3월 1일 20시,토요일,부산광역시 사하구 신평동,중상사고,0,1,0,0,차대차 - 측면직각충돌,중앙선침범,건조,맑음,단일로 - 기타,승용,남,51세,상해없음,승용,남,70세,중상
2014030100100473,2014년 3월 1일 20시,토요일,부산광역시 사상구 감전동,중상사고,0,1,2,0,차대차 - 기타,안전운전불이행,습기,맑음,단일로 - 기타,화물,여,35세,경상,승합,남,48세,상해없음
2014030100100536,2014년 3월 1일 22시,토요일,부산광역시 금정구 장전동,경상사고,0,0,1,0,차대차 - 기타,차로위반,습기,비,단일로 - 기타,원동기,남,17세,경상,승용,남,58세,상해없음
2014030100100562,2014년 3월 1일 23시,토요일,부산광역시 사하구 장림동,경상사고,0,0,1,0,차대사람 - 횡단중,보행자보호의무위반,습기,비,단일로 - 횡단보도상,승용,남,42세,상해없음,보행자,남,16세,경상
2014030200100005,2014년 3월 2일 00시,일요일,부산광역시 기장군 정관면,경상사고,0,0,1,0,차대차 - 기타,교차로운행방법위반,습기,비,교차로 - 교차로안,승용,여,26세,상해없음,승용,남,27세,경상
2014030200100029,2014년 3월 2일 01시,일요일,부산광역시 남구 문현동,부상신고사고,0,0,0,1,차량단독 - 공작물충돌,안전운전불이행,습기,비,단일로 - 교량,승용,남,49세,부상신고,,,,
2014030200100046,2014년 3월 2일 02시,일요일,부산광역시 부산진구 양정동,경상사고,0,0,2,0,차대차 - 기타,안전거리미확보,건조,맑음,단일로 - 기타,승용,남,39세,상해없음,승용,남,63세,경상
2014030200100047,2014년 3월 2일 02시,일요일,부산광역시 부산진구 부전동,경상사고,0,0,1,0,차대차 - 기타,신호위반,적설,비,교차로 - 교차로안,승용,여,38세,상해없음,이륜,남,18세,경상
2014030200100048,2014년 3월 2일 02시,일요일,부산광역시 강서구 대저1동,경상사고,0,0,2,0,차대차 - 측면직각충돌,신호위반,기타,맑음,교차로 - 교차로안,승용,남,57세,경상,승용,남,54세,경상
2014030200100067,2014년 3월 2일 03시,일요일,부산광역시 중구 중앙동4가,경상사고,0,0,1,1,차대차 - 추돌 - 진행중,안전운전불이행,습기,비,교차로 - 교차로부근,승용,남,32세,상해없음,승용,남,66세,부상신고
2014030200100091,2014년 3월 2일 05시,일요일,부산광역시 북구 덕천동,경상사고,0,0,1,0,차대사람 - 기타,신호위반,습기,비,단일로 - 기타,승용,남,55세,상해없음,보행자,남,33세,경상
2014030200100095,2014년 3월 2일 06시,일요일,부산광역시 동구 초량동,중상사고,0,1,0,0,차대차 - 기타,안전운전불이행,건조,맑음,단일로 - 기타,승용,남,28세,상해없음,승용,남,43세,중상
2014030200100096,2014년 3월 2일 06시,일요일,부산광역시 강서구 대저2동,중상사고,0,1,0,0,차량단독 - 공작물충돌,안전운전불이행,습기,비,교차로 - 교차로부근,승용,남,59세,상해없음,,,,
2014030200100109,2014년 3월 2일 07시,일요일,부산광역시 동구 좌천동,경상사고,0,0,1,0,차대차 - 측면직각충돌,안전거리미확보,건조,맑음,단일로 - 기타,승용,남,40세,상해없음,승합,여,54세,상해없음
2014030200100116,2014년 3월 2일 08시,일요일,부산광역시 연제구 연산동,중상사고,0,1,1,0,차대차 - 정면충돌,중앙선침범,습기,비,단일로 - 기타,승용,남,26세,상해없음,화물,남,52세,경상
2014030200100117,2014년 3월 2일 08시,일요일,부산광역시 금정구 두구동,부상신고사고,0,0,0,1,차대차 - 측면직각충돌,안전운전불이행,건조,맑음,단일로 - 기타,승용,남,55세,상해없음,승합,남,53세,부상신고
2014030200100140,2014년 3월 2일 10시,일요일,부산광역시 해운대구 송정동,경상사고,0,0,1,1,차대차 - 측면직각충돌,안전운전불이행,건조,흐림,교차로 - 교차로안,승용,남,44세,부상신고,승용,남,34세,경상
2014030200100160,2014년 3월 2일 11시,일요일,부산광역시 기장군 기장읍,중상사고,0,1,1,1,차대차 - 측면직각충돌,교차로운행방법위반,건조,맑음,교차로 - 교차로안,승용,남,51세,상해없음,화물,남,46세,상해없음
2014030200100181,2014년 3월 2일 12시,일요일,부산광역시 동래구 명륜동,중상사고,0,1,0,0,차대사람 - 횡단중,보행자보호의무위반,건조,맑음,단일로 - 횡단보도상,승용,여,24세,상해없음,보행자,여,62세,중상
2014030200100221,2014년 3월 2일 14시,일요일,부산광역시 남구 대연동,경상사고,0,0,1,0,차량단독 - 기타,안전운전불이행,건조,맑음,단일로 - 기타,승합,남,57세,상해없음,,,,
2014030200100222,2014년 3월 2일 14시,일요일,부산광역시 해운대구 반여동,중상사고,0,1,0,0,차대차 - 측면직각충돌,신호위반,건조,맑음,교차로 - 교차로안,승용,남,65세,상해없음,승용,여,60세,중상
2014030200100273,2014년 3월 2일 16시,일요일,부산광역시 동래구 명륜동,경상사고,0,0,1,0,차대차 - 기타,안전운전불이행,건조,맑음,교차로 - 교차로안,승용,남,33세,상해없음,승용,남,41세,경상
2014030200100298,2014년 3월 2일 17시,일요일,부산광역시 금정구 구서동,중상사고,0,1,0,0,차대차 - 측면직각충돌,안전운전불이행,건조,맑음,교차로 - 교차로안,화물,남,41세,상해없음,승용,남,52세,중상
2014030200100323,2014년 3월 2일 18시,일요일,부산광역시 동구 초량동,중상사고,0,1,0,1,차대차 - 기타,안전운전불이행,건조,맑음,단일로 - 기타,화물,남,44세,상해없음,이륜,남,22세,부상신고
2014030200100324,2014년 3월 2일 18시,일요일,부산광역시 부산진구 초읍동,중상사고,0,1,0,0,차대사람 - 기타,안전운전불이행,건조,맑음,단일로 - 기타,승용,남,58세,상해없음,보행자,여,74세,중상
2014030200100325,2014년 3월 2일 18시,일요일,부산광역시 부산진구 전포동,경상사고,0,0,1,1,차대차 - 추돌 - 진행중,안전거리미확보,건조,맑음,단일로 - 기타,승용,남,64세,부상신고,승용,남,30세,경상
2014030200100326,2014년 3월 2일 18시,일요일,부산광역시 금정구 남산동,부상신고사고,0,0,0,1,차대사람 - 횡단중,보행자보호의무위반,건조,맑음,단일로 - 기타,승용,여,49세,상해없음,보행자,남,12세,부상신고
2014030200100327,2014년 3월 2일 18시,일요일,부산광역시 금정구 장전동,경상사고,0,0,1,0,차대차 - 추돌 - 주정차중,안전거리미확보,건조,맑음,기타 - 기타,승용,남,32세,상해없음,승용,여,29세,상해없음
2014030200100362,2014년 3월 2일 19시,일요일,부산광역시 중구 부평동2가,경상사고,0,0,2,0,차대사람 - 기타,신호위반,건조,맑음,단일로 - 횡단보도상,승용,남,61세,상해없음,보행자,여,23세,경상
2014030200100363,2014년 3월 2일 19시,일요일,부산광역시 해운대구 우동,경상사고,0,0,1,0,차대차 - 추돌 - 주정차중,안전운전불이행,건조,맑음,단일로 - 기타,승용,기타불명,기타불명,기타불명,승용,남,47세,경상
2014030200100364,2014년 3월 2일 19시,일요일,부산광역시 해운대구 반여동,중상사고,0,4,0,0,차대차 - 추돌 - 주정차중,안전운전불이행,기타,맑음,교차로 - 교차로부근,승용,남,49세,상해없음,승용,여,44세,중상
2014030200100365,2014년 3월 2일 19시,일요일,부산광역시 부산진구 부암동,중상사고,0,1,1,0,차대차 - 기타,신호위반,건조,맑음,교차로 - 교차로안,이륜,남,29세,중상,승합,남,56세,상해없음
2014030200100366,2014년 3월 2일 19시,일요일,부산광역시 사하구 하단동,중상사고,0,1,0,0,차대사람 - 횡단중,교차로운행방법위반,건조,맑음,교차로 - 교차로안,승용,남,32세,상해없음,보행자,여,63세,중상
2014030200100390,2014년 3월 2일 20시,일요일,부산광역시 서구 서대신동1가,중상사고,0,1,0,0,차대사람 - 기타,안전운전불이행,건조,맑음,단일로 - 기타,승용,여,31세,상해없음,보행자,남,14세,중상
2014030200100391,2014년 3월 2일 20시,일요일,부산광역시 북구 만덕동,중상사고,0,1,1,0,차대차 - 측면직각충돌,안전거리미확보,건조,맑음,교차로 - 교차로부근,승용,남,21세,상해없음,승용,남,26세,중상
2014030200100392,2014년 3월 2일 20시,일요일,부산광역시 부산진구 연지동,경상사고,0,0,1,0,차대사람 - 기타,안전운전불이행,건조,맑음,교차로 - 교차로안,승용,남,39세,상해없음,보행자,여,52세,경상
2014030200100393,2014년 3월 2일 20시,일요일,부산광역시 연제구 거제동,중상사고,0,2,1,1,차대차 - 기타,교차로운행방법위반,건조,맑음,교차로 - 교차로안,승용,남,45세,상해없음,승용,남,32세,중상
2014030200100435,2014년 3월 2일 22시,일요일,부산광역시 남구 문현동,경상사고,0,0,1,0,차대차 - 측면직각충돌,교차로운행방법위반,건조,맑음,교차로 - 교차로안,승용,남,56세,상해없음,원동기,남,16세,경상
2014030300100004,2014년 3월 3일 00시,월요일,부산광역시 기장군 정관면,중상사고,0,1,0,0,차대사람 - 횡단중,안전운전불이행,건조,맑음,단일로 - 기타,승용,남,31세,상해없음,보행자,여,44세,중상
2014030300100023,2014년 3월 3일 03시,월요일,부산광역시 부산진구 부전동,경상사고,0,0,2,0,차대사람 - 기타,안전운전불이행,건조,맑음,단일로 - 기타,승용,남,39세,상해없음,보행자,남,29세,경상
2014030300100024,2014년 3월 3일 03시,월요일,부산광역시 연제구 연산동,경상사고,0,0,1,0,차대사람 - 기타,안전운전불이행,건조,맑음,단일로 - 기타,승용,남,34세,상해없음,보행자,여,26세,경상