사고번호,사고일시,요일,시군구,사고내용,사망자수,중상자수,경상자수,부상신고자수,사고유형,법규위반,노면상태,기상상태,도로형태,가해운전자 차종,가해운전자 성별,가해운전자 연령,가해운전자 상해정도,피해운전자 차종,피해운전자 성별,피해운전자 연령,피해운전자 상해정도
2014030300100029,2014년 3월 3일 04시,월요일,부산광역시 수영구 광안동,경상사고,0,0,1,0,차대사람 - 기타,안전운전불이행,건조,맑음,단일로 - 기타,승용,남,59세,상해없음,보행자,남,41세,경상
2014030300100033,2014년 3월 3일 05시,월요일,부산광역시 강서구 강동동,사망사고,1,0,0,0,차대사람 - 횡단중,안전운전불이행,건조,맑음,단일로 - 횡단보도부근,승용,남,46세,상해없음,보행자,여,80세,사망
2014030300100034,2014년 3월 3일 05시,월요일,부산광역시 강서구 봉림동,사망사고,1,0,0,0,차량단독 - 도로외이탈 - 추락,안전운전불이행,건조,맑음,단일로 - 기타,승용,남,70세,사망,,,,
2014030300100038,2014년 3월 3일 06시,월요일,부산광역시 사하구 괴정동,경상사고,0,0,1,0,차대차 - 기타,교차로운행방법위반,건조,맑음,교차로 - 교차로안,승합,남,49세,상해없음,승용,남,61세,경상
2014030300100056,2014년 3월 3일 07시,월요일,부산광역시 사하구 괴정동,경상사고,0,0,1,0,차대차 - 측면직각충돌,안전거리미확보,건조,맑음,단일로 - 기타,승용,여,44세,상해없음,승용,여,50세,경상
2014030300100087,2014년 3월 3일 08시,월요일,부산광역시 남구 대연동,경상사고,0,0,1,0,차량단독 - 공작물충돌,안전운전불이행,건조,맑음,단일로 - 기타,승용,남,74세,상해없음,,,,
2014030300100088,2014년 3월 3일 08시,월요일,부산광역시 남구 대연동,경상사고,0,0,3,0,차대차 - 기타,안전거리미확보,건조,맑음,단일로 - 기타,승용,여,51세,기타불명,승용,남,41세,경상
2014030300100089,2014년 3월 3일 08시,월요일,부산광역시 해운대구 송정동,경상사고,0,0,1,0,차대차 - 추돌 - 진행중,안전거리미확보,건조,맑음,단일로 - 기타,원동기,남,63세,경상,승용,여,49세,상해없음
2014030300100134,2014년 3월 3일 09시,월요일,부산광역시 남구 대연동,경상사고,0,0,1,0,차대차 - 기타,안전운전불이행,건조,맑음,교차로 - 교차로안,원동기,남,68세,상해없음,승용,남,54세,상해없음
2014030300100135,2014년 3월 3일 09시,월요일,부산광역시 사상구 주례동,경상사고,0,0,1,0,차대차 - 기타,안전거리미확보,건조,맑음,단일로 - 기타,승합,남,73세,상해없음,이륜,남,29세,경상
2014030300100136,2014년 3월 3일 09시,월요일,부산광역시 기장군 일광면,중상사고,0,1,0,0,차대사람 - 기타,안전운전불이행,건조,맑음,단일로 - 기타,화물,남,46세,상해없음,보행자,남,75세,중상
2014030300100195,2014년 3월 3일 11시,월요일,부산광역시 사상구 학장동,경상사고,0,0,2,0,차대차 - 측면직각충돌,교차로운행방법위반,건조,맑음,교차로 - 교차로안,승용,남,33세,경상,승용,남,48세,경상
2014030300100222,2014년 3월 3일 12시,월요일,부산광역시 동구 범일동,중상사고,0,1,0,0,차대사람 - 기타,안전운전불이행,건조,맑음,단일로 - 기타,화물,남,30세,상해없음,보행자,남,12세,중상
2014030300100249,2014년 3월 3일 13시,월요일,부산광역시 북구 덕천동,중상사고,0,1,0,0,차대차 - 기타,안전운전불이행,건조,맑음,단일로 - 기타,화물,남,29세,상해없음,화물,남,58세,상해없음
2014030300100250,2014년 3월 3일 13시,월요일,부산광역시 강서구 녹산동,경상사고,0,0,1,0,차대차 - 측면직각충돌,안전운전불이행,건조,맑음,단일로 - 기타,승용,남,30세,경상,화물,남,45세,상해없음
2014030300100285,2014년 3월 3일 14시,월요일,부산광역시 남구 대연동,중상사고,0,1,0,0,차대차 - 정면충돌,교차로운행방법위반,건조,맑음,교차로 - 교차로안,승용,남,40세,상해없음,이륜,여,29세,중상
2014030300100286,2014년 3월 3일 14시,월요일,부산광역시 금정구 부곡동,중상사고,0,1,0,0,차대사람 - 길가장자리구역통행중,안전운전불이행,건조,맑음,기타 - 기타,화물,남,54세,상해없음,보행자,여,85세,중상
2014030300100287,2014년 3월 3일 14시,월요일,부산광역시 사하구 다대동,경상사고,0,0,1,0,차대사람 - 기타,안전운전불이행,건조,맑음,단일로 - 기타,승용,여,38세,상해없음,보행자,남,37세,경상
2014030300100330,2014년 3월 3일 15시,월요일,부산광역시 부산진구 당감동,경상사고,0,0,1,0,차대사람 - 기타,안전운전불이행,건조,맑음,단일로 - 기타,승용,남,62세,상해없음,보행자,남,43세,경상
2014030300100358,2014년 3월 3일 16시,월요일,부산광역시 사하구 괴정동,경상사고,0,0,1,1,차대차 - 추돌 - 주정차중,안전운전불이행,건조,맑음,단일로 - 기타,승용,여,51세,상해없음,승합,남,51세,부상신고
2014030300100359,2014년 3월 3일 16시,월요일,부산광역시 사하구 괴정동,중상사고,0,1,0,0,차대사람 - 횡단중,신호위반,건조,맑음,교차로 - 교차로안,승용,여,46세,상해없음,보행자,여,10세,중상
2014030300100360,2014년 3월 3일 16시,월요일,부산광역시 사하구 괴정동,중상사고,0,1,0,0,차대사람 - 기타,안전운전불이행,건조,맑음,단일로 - 기타,원동기,남,16세,상해없음,보행자,여,61세,중상
2014030300100397,2014년 3월 3일 17시,월요일,부산광역시 수영구 광안동,중상사고,0,1,0,0,차대차 - 기타,안전운전불이행,건조,맑음,단일로 - 기타,승용,남,45세,상해없음,이륜,남,80세,중상
2014030300100426,2014년 3월 3일 18시,월요일,부산광역시 동구 범일동,경상사고,0,0,1,0,차대차 - 기타,안전거리미확보,건조,맑음,교차로 - 교차로부근,승용,남,61세,상해없음,원동기,남,66세,경상
2014030300100427,2014년 3월 3일 18시,월요일,부산광역시 금정구 구서동,중상사고,0,1,0,0,차대차 - 추돌 - 주정차중,안전운전불이행,건조,맑음,단일로 - 기타,승용,남,53세,상해없음,승합,남,51세,기타불명
2014030300100461,2014년 3월 3일 19시,월요일,부산광역시 사하구 괴정동,경상사고,0,0,1,0,차량단독 - 기타,기타,건조,맑음,단일로 - 기타,승합,남,42세,상해없음,,,,
2014030300100462,2014년 3월 3일 19시,월요일,부산광역시 사상구 덕포동,경상사고,0,0,1,0,차대사람 - 횡단중,안전운전불이행,건조,맑음,단일로 - 기타,승용,남,45세,상해없음,보행자,여,49세,경상
2014030300100494,2014년 3월 3일 20시,월요일,부산광역시 서구 동대신동1가,경상사고,0,0,1,0,차대차 - 추돌 - 진행중,차로위반,건조,기타,교차로 - 교차로부근,화물,남,45세,상해없음,승용,여,38세,경상
2014030300100495,2014년 3월 3일 20시,월요일,부산광역시 강서구 명지동,부상신고사고,0,0,0,1,차대차 - 측면직각충돌,차로위반,건조,맑음,단일로 - 기타,승용,여,45세,상해없음,승합,남,47세,부상신고
2014030300100535,2014년 3월 3일 21시,월요일,부산광역시 수영구 광안동,경상사고,0,0,1,0,차대차 - 측면직각충돌,안전거리미확보,건조,맑음,단일로 - 횡단보도상,승용,남,35세,상해없음,승용,남,53세,경상
2014030300100590,2014년 3월 3일 23시,월요일,부산광역시 서구 부용동2가,경상사고,0,0,1,0,차대사람 - 기타,안전운전불이행,건조,맑음,기타 - 기타,승용,남,53세,상해없음,보행자,여,64세,경상
2014030300100591,2014년 3월 3일 23시,월요일,부산광역시 수영구 남천동,중상사고,0,1,0,0,차대차 - 추돌 - 진행중,안전거리미확보,건조,맑음,단일로 - 기타,승용,남,57세,상해없음,원동기,남,29세,중상
2014030300100592,2014년 3월 3일 23시,월요일,부산광역시 금정구 부곡동,경상사고,0,0,1,0,차대차 - 측면직각충돌,신호위반,건조,맑음,교차로 - 교차로안,승용,남,71세,상해없음,원동기,남,20세,경상
2014030400100007,2014년 3월 4일 00시,화요일,부산광역시 동구 범일동,경상사고,0,0,1,0,차대차 - 측면직각충돌,교차로운행방법위반,건조,맑음,교차로 - 교차로안,승용,남,47세,상해없음,승용,남,55세,상해없음
2014030400100008,2014년 3월 4일 00시,화요일,부산광역시 해운대구 우동,부상신고사고,0,0,0,1,차대차 - 추돌 - 주정차중,안전운전불이행,건조,맑음,교차로 - 교차로부근,승용,남,59세,상해없음,승용,남,36세,부상신고
2014030400100059,2014년 3월 4일 07시,화요일,부산광역시 수영구 남천동,중상사고,0,1,0,0,차대사람 - 횡단중,안전운전불이행,건조,맑음,교차로 - 교차로안,승용,여,54세,상해없음,보행자,여,62세,중상
2014030400100060,2014년 3월 4일 07시,화요일,부산광역시 남구 대연동,경상사고,0,0,1,0,차대사람 - 횡단중,신호위반,건조,맑음,단일로 - 기타,이륜,남,55세,상해없음,보행자,여,39세,경상
2014030400100061,2014년 3월 4일 07시,화요일,부산광역시 부산진구 범천동,경상사고,0,0,1,0,차대차 - 추돌 - 진행중,안전운전불이행,건조,맑음,단일로 - 기타,화물,남,58세,상해없음,승용,남,49세,경상
2014030400100081,2014년 3월 4일 08시,화요일,부산광역시 영도구 동삼동,중상사고,0,1,0,0,차대차 - 추돌 - 진행중,안전운전불이행,건조,맑음,단일로 - 기타,승용,남,27세,상해없음,자전거,남,23세,중상
2014030400100106,2014년 3월 4일 09시,화요일,부산광역시 사상구 삼락동,경상사고,0,0,1,0,차대차 - 기타,신호위반,건조,맑음,교차로 - 교차로안,승용,여,55세,상해없음,이륜,남,57세,경상
2014030400100127,2014년 3월 4일 10시,화요일,부산광역시 해운대구 반여동,경상사고,0,0,3,0,차대차 - 측면직각충돌,안전운전불이행,건조,맑음,단일로 - 기타,승용,남,63세,경상,승용,남,23세,경상
2014030400100128,2014년 3월 4일 10시,화요일,부산광역시 해운대구 반여동,부상신고사고,0,0,0,1,차대차 - 추돌 - 주정차중,안전운전불이행,건조,맑음,교차로 - 교차로부근,승용,남,30세,상해없음,승용,여,49세,부상신고
2014030400100150,2014년 3월 4일 11시,화요일,부산광역시 해운대구 우동,경상사고,0,0,2,1,차대차 - 기타,안전운전불이행,건조,맑음,단일로 - 기타,승용,여,34세,상해없음,승용,여,38세,부상신고
2014030400100177,2014년 3월 4일 12시,화요일,부산광역시 해운대구 우동,경상사고,0,0,1,1,차대차 - 측면직각충돌,신호위반,건조,맑음,교차로 - 교차로안,이륜,남,76세,경상,승용,남,74세,상해없음
2014030400100178,2014년 3월 4일 12시,화요일,부산광역시 부산진구 가야동,중상사고,0,1,0,0,차대사람 - 길가장자리구역통행중,안전운전불이행,건조,맑음,단일로 - 횡단보도부근,승용,남,37세,상해없음,보행자,여,44세,중상
2014030400100199,2014년 3월 4일 13시,화요일,부산광역시 서구 서대신동2가,중상사고,0,1,0,0,차대차 - 측면직각충돌,신호위반,건조,맑음,교차로 - 교차로부근,이륜,남,69세,중상,승용,남,42세,상해없음
2014030400100200,2014년 3월 4일 13시,화요일,부산광역시 서구 암남동,경상사고,0,0,3,0,차대차 - 측면직각충돌,안전운전불이행,건조,맑음,단일로 - 기타,승용,남,52세,경상,승용,남,29세,경상
2014030400100249,2014년 3월 4일 15시,화요일,부산광역시 해운대구 우동,중상사고,0,1,2,2,차대차 - 기타,교차로운행방법위반,건조,맑음,교차로 - 교차로안,승용,남,66세,상해없음,승합,남,58세,상해없음
2014030400100250,2014년 3월 4일 15시,화요일,부산광역시 부산진구 부암동,중상사고,0,1,0,0,차대차 - 추돌 - 진행중,안전운전불이행,건조,맑음,단일로 - 기타,승용,남,55세,상해없음,원동기,남,24세,중상
2014030400100276,2014년 3월 4일 16시,화요일,부산광역시 북구 덕천동,중상사고,0,1,0,0,차대사람 - 기타,기타,건조,맑음,단일로 - 기타,승용,남,24세,상해없음,보행자,남,6세,중상
2014030400100304,2014년 3월 4일 17시,화요일,부산광역시 동구 좌천동,경상사고,0,0,1,0,차대차 - 추돌 - 진행중,안전거리미확보,건조,맑음,교차로 - 교차로부근,화물,남,40세,상해없음,승용,남,62세,경상
2014030400100305,2014년 3월 4일 17시,화요일,부산광역시 연제구 연산동,경상사고,0,0,1,0,차대사람 - 차도통행중,안전운전불이행,건조,맑음,단일로 - 기타,승합,남,40세,기타불명,보행자,남,13세,경상
2014030400100306,2014년 3월 4일 17시,화요일,부산광역시 강서구 봉림동,부상신고사고,0,0,0,1,차대차 - 기타,안전운전불이행,건조,맑음,단일로 - 기타,승용,여,55세,부상신고,화물,남,52세,상해없음
2014030400100331,2014년 3월 4일 18시,화요일,부산광역시 사하구 괴정동,경상사고,0,0,5,0,차대차 - 측면직각충돌,안전운전불이행,건조,맑음,단일로 - 기타,이륜,남,18세,상해없음,승용,여,46세,경상
2014030400100332,2014년 3월 4일 18시,화요일,부산광역시 수영구 망미동,중상사고,0,1,0,0,차대사람 - 기타,교차로운행방법위반,건조,맑음,교차로 - 교차로안,승용,남,35세,상해없음,보행자,남,73세,중상
2014030400100333,2014년 3월 4일 18시,화요일,부산광역시 기장군 철마면,중상사고,0,1,1,1,차대차 - 추돌 - 주정차중,안전거리미확보,건조,흐림,단일로 - 터널,승용,남,56세,상해없음,승용,남,27세,경상
2014030400100361,2014년 3월 4일 19시,화요일,부산광역시 북구 구포동,부상신고사고,0,0,0,1,차대사람 - 횡단중,안전운전불이행,건조,맑음,단일로 - 횡단보도상,승용,남,63세,상해없음,보행자,여,76세,부상신고
2014030400100362,2014년 3월 4일 19시,화요일,부산광역시 금정구 부곡동,경상사고,0,0,1,0,차대사람 - 기타,보행자보호의무위반,습기,흐림,단일로 - 횡단보도상,승용,남,39세,상해없음,보행자,여,18세,경상
2014030400100363,2014년 3월 4일 19시,화요일,부산광역시 사하구 신평동,경상사고,0,0,1,0,차대차 - 추돌 - 진행중,안전거리미확보,습기,비,단일로 - 기타,승용,남,26세,상해없음,이륜,남,30세,경상
2014030400100364,2014년 3월 4일 19시,화요일,부산광역시 연제구 연산동,중상사고,0,1,0,0,차대차 - 추돌 - 진행중,안전운전불이행,건조,흐림,단일로 - 기타,승용,남,47세,상해없음,이륜,남,20세,중상
2014030400100365,2014년 3월 4일 19시,화요일,부산광역시 사상구 괘법동,경상사고,0,0,1,0,차대차 - 정면충돌,중앙선침범,습기,비,교차로 - 교차로안,승용,남,38세,상해없음,승용,남,61세,경상
2014030400100410,2014년 3월 4일 20시,화요일,부산광역시 동구 범일동,중상사고,0,1,0,0,차대사람 - 차도통행중,안전운전불이행,습기,비,단일로 - 기타,원동기,여,53세,상해없음,보행자,여,28세,중상
2014030400100411,2014년 3월 4일 20시,화요일,부산광역시 북구 화명동,중상사고,0,1,2,0,차대차 - 추돌 - 진행중,안전운전불이행,습기,비,교차로 - 교차로부근,승용,남,57세,상해없음,승용,여,60세,중상
2014030400100412,2014년 3월 4일 20시,화요일,부산광역시 부산진구 당감동,중상사고,0,1,0,0,차대사람 - 기타,안전운전불이행,습기,비,교차로 - 교차로부근,승용,남,63세,상해없음,보행자,여,65세,중상
2014030400100438,2014년 3월 4일 21시,화요일,부산광역시 수영구 남천동,중상사고,0,1,0,0,차대차 - 기타,안전거리미확보,습기,비,교차로 - 교차로부근,기타불명,기타불명,기타불명,기타불명,원동기,남,33세,중상
2014030400100439,2014년 3월 4일 21시,화요일,부산광역시 부산진구 초읍동,중상사고,0,1,0,0,차대사람 - 기타,보행자보호의무위반,습기,비,단일로 - 기타,승용,남,49세,상해없음,보행자,여,49세,중상
2014030400100440,2014년 3월 4일 21시,화요일,부산광역시 부산진구 당감동,경상사고,0,0,1,0,차대차 - 기타,안전운전불이행,기타,맑음,단일로 - 기타,승용,남,28세,상해없음,원동기,남,33세,경상
2014030400100441,2014년 3월 4일 21시,화요일,부산광역시 부산진구 전포동,중상사고,0,1,1,0,차대차 - 측면직각충돌,안전운전불이행,습기,비,교차로 - 교차로안,승합,남,47세,상해없음,승용,여,26세,경상
2014030400100488,2014년 3월 4일 23시,화요일,부산광역시 해운대구 좌동,경상사고,0,0,1,0,차대사람 - 횡단중,보행자보호의무위반,건조,맑음,단일로 - 횡단보도상,승합,남,56세,상해없음,보행자,남,27세,경상
2014030500100004,2014년 3월 5일 00시,수요일,부산광역시 강서구 녹산동,중상사고,0,1,0,0,차대차 - 추돌 - 진행중,안전운전불이행,습기,흐림,단일로 - 기타,승용,남,47세,상해없음,승용,남,43세,중상
2014030500100035,2014년 3월 5일 02시,수요일,부산광역시 동구 수정동,경상사고,0,0,1,0,차대사람 - 길가장자리구역통행중,안전운전불이행,건조,맑음,단일로 - 기타,승용,남,58세,상해없음,보행자,남,51세,경상
2014030500100056,2014년 3월 5일 05시,수요일,부산광역시 사하구 당리동,중상사고,0,1,0,0,차대차 - 추돌 - 주정차중,안전운전불이행,건조,맑음,교차로 - 교차로부근,승용,남,33세,중상,승용,남,46세,기타불명
2014030500100068,2014년 3월 5일 06시,수요일,부산광역시 북구 구포동,경상사고,0,0,1,0,차대차 - 측면직각충돌,교차로운행방법위반,건조,맑음,교차로 - 교차로안,승합,남,61세,상해없음,승용,남,51세,경상
2014030500100084,2014년 3월 5일 07시,수요일,부산광역시 사상구 삼락동,중상사고,0,1,0,0,차대차 - 기타,안전운전불이행,건조,맑음,단일로 - 기타,자전거,남,59세,중상,승합,남,45세,상해없음
2014030500100149,2014년 3월 5일 09시,수요일,부산광역시 수영구 남천동,경상사고,0,0,1,0,차대사람 - 기타,안전운전불이행,건조,맑음,단일로 - 기타,승용,여,49세,상해없음,보행자,남,33세,경상
2014030500100150,2014년 3월 5일 09시,수요일,부산광역시 부산진구 개금동,경상사고,0,0,1,0,차대차 - 측면직각충돌,안전운전불이행,건조,맑음,단일로 - 기타,승용,남,58세,상해없음,승용,여,35세,경상
2014030500100168,2014년 3월 5일 10시,수요일,부산광역시 동래구 낙민동,경상사고,0,0,1,0,차대사람 - 횡단중,기타,건조,맑음,단일로 - 횡단보도부근,승용,남,61세,상해없음,보행자,여,69세,경상
2014030500100169,2014년 3월 5일 10시,수요일,부산광역시 해운대구 반송동,경상사고,0,0,1,0,차대사람 - 기타,안전운전불이행,건조,맑음,교차로 - 교차로안,화물,남,53세,상해없음,보행자,남,63세,경상
2014030500100170,2014년 3월 5일 10시,수요일,부산광역시 사하구 다대동,부상신고사고,0,0,0,1,차대차 - 추돌 - 진행중,안전운전불이행,건조,맑음,단일로 - 기타,이륜,남,69세,상해없음,승용,여,49세,부상신고
2014030500100200,2014년 3월 5일 11시,수요일,부산광역시 동구 범일동,경상사고,0,0,3,0,차대차 - 측면직각충돌,교차로운행방법위반,건조,맑음,교차로 - 교차로안,승용,남,52세,경상,승용,남,63세,상해없음
2014030500100223,2014년 3월 5일 12시,수요일,부산광역시 부산진구 양정동,경상사고,0,0,1,0,차대차 - 기타,기타,기타,맑음,단일로 - 기타,승용,남,52세,상해없음,원동기,남,37세,경상
2014030500100251,2014년 3월 5일 13시,수요일,부산광역시 남구 대연동,경상사고,0,0,1,0,차대사람 - 기타,안전운전불이행,건조,맑음,단일로 - 기타,기타불명,기타불명,기타불명,기타불명,보행자,여,18세,경상
2014030500100252,2014년 3월 5일 13시,수요일,부산광역시 동래구 명륜동,중상사고,0,1,0,0,차대차 - 추돌 - 진행중,안전거리미확보,건조,맑음,단일로 - 기타,승용,남,54세,상해없음,이륜,남,16세,중상
2014030500100280,2014년 3월 5일 14시,수요일,부산광역시 기장군 일광면,경상사고,0,0,3,0,차대차 - 기타,안전운전불이행,건조,맑음,교차로 - 교차로부근,승용,남,53세,상해없음,승용,남,34세,경상
2014030500100310,2014년 3월 5일 15시,수요일,부산광역시 동래구 명륜동,중상사고,0,1,0,0,차대차 - 측면직각충돌,안전운전불이행,건조,맑음,교차로 - 교차로안,화물,남,48세,상해없음,자전거,남,67세,중상
2014030500100311,2014년 3월 5일 15시,수요일,부산광역시 사상구 삼락동,중상사고,0,1,0,0,차대차 - 정면충돌,안전운전불이행,건조,맑음,단일로 - 횡단보도상,원동기,남,72세,중상,승합,남,39세,상해없음
2014030500100341,2014년 3월 5일 16시,수요일,부산광역시 중구 중앙동4가,중상사고,0,1,0,0,차대차 - 측면직각충돌,안전운전불이행,건조,맑음,단일로 - 기타,이륜,남,71세,중상,승용,남,49세,상해없음
2014030500100342,2014년 3월 5일 16시,수요일,부산광역시 부산진구 양정동,경상사고,0,0,1,0,차대차 - 기타,안전운전불이행,건조,맑음,단일로 - 기타,승용,남,56세,기타불명,승용,여,50세,경상
2014030500100343,2014년 3월 5일 16시,수요일,부산광역시 사상구 주례동,경상사고,0,0,1,0,차대사람 - 길가장자리구역통행중,안전운전불이행,건조,맑음,단일로 - 기타,승용,남,23세,상해없음,보행자,여,19세,경상
2014030500100372,2014년 3월 5일 17시,수요일,부산광역시 해운대구 중동,경상사고,0,0,1,0,차대차 - 추돌 - 진행중,안전운전불이행,건조,맑음,단일로 - 기타,승용,남,25세,상해없음,승용,여,49세,경상
2014030500100373,2014년 3월 5일 17시,수요일,부산광역시 북구 구포동,중상사고,0,1,0,0,차대사람 - 횡단중,보행자보호의무위반,건조,맑음,교차로 - 교차로안,화물,남,49세,상해없음,보행자,여,62세,중상
2014030500100408,2014년 3월 5일 18시,수요일,부산광역시 사하구 감천동,중상사고,0,1,0,0,차대사람 - 기타,안전운전불이행,건조,맑음,단일로 - 기타,화물,남,54세,상해없음,보행자,남,75세,중상
2014030500100442,2014년 3월 5일 19시,수요일,부산광역시 수영구 광안동,경상사고,0,0,1,0,차대차 - 기타,안전운전불이행,건조,맑음,교차로 - 교차로부근,승용,남,34세,상해없음,승용,남,33세,경상
2014030500100443,2014년 3월 5일 19시,수요일,부산광역시 영도구 청학동,중상사고,0,1,0,0,차량단독 - 기타,기타,건조,맑음,단일로 - 기타,승합,남,45세,상해없음,,,,
2014030500100444,2014년 3월 5일 19시,수요일,부산광역시 사상구 괘법동,부상신고사고,0,0,0,1,차대차 - 측면직각충돌,안전거리미확보,건조,맑음,단일로 - 기타,승용,남,35세,상해없음,원동기,남,30세,부상신고
2014030500100445,2014년 3월 5일 19시,수요일,부산광역시 기장군 일광면,경상사고,0,0,1,0,차대차 - 기타,안전운전불이행,건조,맑음,교차로 - 교차로부근,승용,남,55세,상해없음,화물,남,31세,경상
2014030500100497,2014년 3월 5일 20시,수요일,부산광역시 남구 대연동,경상사고,0,0,1,0,차대차 - 기타,차로위반,건조,맑음,단일로 - 기타,승용,남,47세,상해없음,승용,남,39세,경상
2014030500100528,2014년 3월 5일 21시,수요일,부산광역시 남구 대연동,중상사고,0,1,0,0,차대사람 - 기타,안전운전불이행,건조,맑음,단일로 - 기타,승용,여,58세,상해없음,보행자,남,15세,중상
2014030500100529,2014년 3월 5일 21시,수요일,부산광역시 동래구 명장동,중상사고,0,1,0,0,차대차 - 측면직각충돌,중앙선침범,건조,맑음,단일로 - 기타,승용,남,22세,상해없음,이륜,남,18세,중상
2014030500100530,2014년 3월 5일 21시,수요일,부산광역시 해운대구 우동,경상사고,0,0,1,0,차대차 - 측면직각충돌,신호위반,건조,흐림,단일로 - 기타,승용,남,26세,상해없음,원동기,남,45세,경상
2014030500100531,2014년 3월 5일 21시,수요일,부산광역시 사하구 장림동,중상사고,0,1,0,0,차대차 - 측면직각충돌,차로위반,건조,맑음,단일로 - 기타,승합,남,67세,상해없음,승용,여,45세,중상
2014030500100556,2014년 3월 5일 22시,수요일,부산광역시 북구 덕천동,경상사고,0,0,1,0,차대사람 - 차도통행중,안전운전불이행,건조,맑음,단일로 - 기타,승용,여,25세,상해없음,보행자,남,34세,경상
2014030500100557,2014년 3월 5일 22시,수요일,부산광역시 금정구 서동,경상사고,0,0,1,0,차대사람 - 기타,중앙선침범,건조,맑음,단일로 - 기타,승용,남,38세,상해없음,보행자,남,34세,경상
2014030500100583,2014년 3월 5일 23시,수요일,부산광역시 동래구 낙민동,중상사고,0,1,0,0,차대사람 - 횡단중,신호위반,건조,맑음,단일로 - 기타,승용,남,47세,상해없음,보행자,남,39세,중상
2014030500100584,2014년 3월 5일 23시,수요일,부산광역시 동래구 명륜동,경상사고,0,0,1,0,차대사람 - 횡단중,신호위반,건조,맑음,교차로 - 교차로안,승용,남,71세,상해없음,보행자,여,23세,경상
2014030600100025,2014년 3월 6일 01시,목요일,부산광역시 중구 대청동1가,중상사고,0,1,0,0,차대차 - 측면직각충돌,안전운전불이행,건조,맑음,단일로 - 기타,승용,남,54세,중상,승용,남,39세,상해없음
2014030600100026,2014년 3월 6일 01시,목요일,부산광역시 서구 암남동,중상사고,0,1,1,0,차대차 - 측면직각충돌,신호위반,건조,맑음,교차로 - 교차로안,승용,남,63세,상해없음,승용,남,61세,경상
2014030600100027,2014년 3월 6일 01시,목요일,부산광역시 부산진구 부전동,경상사고,0,0,1,0,차대사람 - 기타,안전운전불이행,건조,맑음,기타 - 기타,승용,기타불명,기타불명,기타불명,보행자,남,67세,경상
2014030600100046,2014년 3월 6일 03시,목요일,부산광역시 남구 용당동,경상사고,0,0,2,0,차대차 - 기타,신호위반,건조,맑음,교차로 - 교차로부근,승용,남,58세,상해없음,승용,남,40세,경상
2014030600100116,2014년 3월 6일 08시,목요일,부산광역시 기장군 기장읍,중상사고,0,1,0,0,차대사람 - 기타,안전운전불이행,건조,맑음,기타 - 기타,승용,남,33세,상해없음,보행자,여,56세,중상
2014030600100195,2014년 3월 6일 11시,목요일,부산광역시 영도구 대교동2가,경상사고,0,0,1,0,차대차 - 측면직각충돌,안전운전불이행,건조,맑음,단일로 - 기타,화물,남,43세,상해없음,이륜,남,38세,경상
2014030600100215,2014년 3월 6일 12시,목요일,부산광역시 부산진구 양정동,경상사고,0,0,2,0,차대차 - 측면직각충돌,교차로운행방법위반,건조,맑음,교차로 - 교차로안,승용,남,58세,상해없음,화물,남,35세,경상
2014030600100243,2014년 3월 6일 13시,목요일,부산광역시 남구 대연동,경상사고,0,0,1,0,차대차 - 기타,중앙선침범,건조,맑음,단일로 - 기타,화물,남,34세,상해없음,원동기,남,25세,경상
2014030600100263,2014년 3월 6일 14시,목요일,부산광역시 사상구 덕포동,부상신고사고,0,0,0,1,차대차 - 기타,안전운전불이행,건조,맑음,단일로 - 횡단보도부근,자전거,여,56세,부상신고,승용,여,44세,상해없음
2014030600100287,2014년 3월 6일 15시,목요일,부산광역시 부산진구 전포동,경상사고,0,0,1,0,차대차 - 기타,중앙선침범,건조,맑음,단일로 - 기타,승용,남,47세,상해없음,이륜,남,56세,경상
2014030600100288,2014년 3월 6일 15시,목요일,부산광역시 기장군 기장읍,경상사고,0,0,1,0,차대차 - 기타,안전운전불이행,건조,맑음,교차로 - 교차로안,원동기,남,77세,상해없음,이륜,남,43세,경상
2014030600100320,2014년 3월 6일 16시,목요일,부산광역시 사상구 주례동,부상신고사고,0,0,0,1,차량단독 - 공작물충돌,안전운전불이행,건조,맑음,단일로 - 기타,화물,남,63세,부상신고,,,,
2014030600100348,2014년 3월 6일 17시,목요일,부산광역시 영도구 남항동1가,경상사고,0,0,1,0,차대사람 - 기타,안전운전불이행,건조,맑음,단일로 - 기타,승용,여,61세,상해없음,보행자,남,17세,경상
2014030600100349,2014년 3월 6일 17시,목요일,부산광역시 부산진구 부전동,중상사고,0,1,0,0,차대사람 - 횡단중,중앙선침범,건조,맑음,단일로 - 횡단보도부근,이륜,남,48세,상해없음,보행자,여,61세,중상
2014030600100369,2014년 3월 6일 18시,목요일,부산광역시 중구 남포동6가,경상사고,0,0,1,0,차대차 - 측면직각충돌,교차로운행방법위반,건조,흐림,교차로 - 교차로부근,승용,여,50세,상해없음,이륜,남,48세,경상
2014030600100370,2014년 3월 6일 18시,목요일,부산광역시 수영구 광안동,중상사고,0,1,0,0,차대사람 - 기타,안전운전불이행,건조,맑음,단일로 - 기타,승용,남,53세,상해없음,보행자,남,39세,중상
2014030600100371,2014년 3월 6일 18시,목요일,부산광역시 금정구 구서동,중상사고,0,3,1,0,차대사람 - 횡단중,보행자보호의무위반,건조,맑음,단일로 - 횡단보도상,승합,남,32세,상해없음,보행자,여,8세,중상
2014030600100401,2014년 3월 6일 19시,목요일,부산광역시 북구 금곡동,경상사고,0,0,1,0,차대사람 - 기타,안전운전불이행,건조,맑음,단일로 - 기타,화물,남,55세,기타불명,보행자,여,14세,경상