사고번호,사고일시,요일,시군구,사고내용,사망자수,중상자수,경상자수,부상신고자수,사고유형,법규위반,노면상태,기상상태,도로형태,가해운전자 차종,가해운전자 성별,가해운전자 연령,가해운전자 상해정도,피해운전자 차종,피해운전자 성별,피해운전자 연령,피해운전자 상해정도
2014031300100311,2014년 3월 13일 14시,목요일,부산광역시 사상구 덕포동,경상사고,0,0,1,0,차대차 - 기타,안전거리미확보,습기,비,단일로 - 기타,승합,남,53세,상해없음,승용,남,37세,경상
2014031300100312,2014년 3월 13일 14시,목요일,부산광역시 기장군 기장읍,경상사고,0,0,1,0,차대차 - 기타,안전거리미확보,습기,비,단일로 - 기타,원동기,남,41세,경상,화물,남,62세,상해없음
2014031300100340,2014년 3월 13일 15시,목요일,부산광역시 북구 구포동,경상사고,0,0,1,0,차대사람 - 기타,안전운전불이행,습기,흐림,단일로 - 기타,승용,기타불명,기타불명,기타불명,보행자,여,86세,경상
2014031300100360,2014년 3월 13일 16시,목요일,부산광역시 동래구 명륜동,중상사고,0,1,0,0,차대사람 - 횡단중,보행자보호의무위반,습기,맑음,교차로 - 교차로안,화물,남,42세,상해없음,보행자,여,54세,중상
2014031300100361,2014년 3월 13일 16시,목요일,부산광역시 사상구 엄궁동,경상사고,0,0,1,0,차대사람 - 기타,안전운전불이행,습기,비,단일로 - 기타,승합,남,57세,상해없음,보행자,남,12세,경상
2014031300100387,2014년 3월 13일 17시,목요일,부산광역시 중구 중앙동4가,중상사고,0,1,0,0,차대차 - 측면직각충돌,신호위반,습기,흐림,교차로 - 교차로안,화물,남,62세,상해없음,승용,여,36세,중상
2014031300100388,2014년 3월 13일 17시,목요일,부산광역시 동래구 낙민동,경상사고,0,0,1,1,차대차 - 측면직각충돌,안전운전불이행,습기,비,단일로 - 기타,승용,남,62세,상해없음,승용,남,45세,경상
2014031300100389,2014년 3월 13일 17시,목요일,부산광역시 사하구 신평동,중상사고,0,1,0,0,차대사람 - 기타,안전운전불이행,습기,비,단일로 - 기타,화물,남,62세,상해없음,보행자,여,75세,중상
2014031300100390,2014년 3월 13일 17시,목요일,부산광역시 강서구 명지동,경상사고,0,0,1,0,차대차 - 기타,차로위반,습기,비,단일로 - 기타,화물,남,43세,상해없음,승용,남,53세,경상
2014031300100426,2014년 3월 13일 18시,목요일,부산광역시 부산진구 초읍동,경상사고,0,0,1,0,차대차 - 추돌 - 진행중,안전운전불이행,건조,맑음,단일로 - 기타,승용,여,58세,상해없음,승용,여,40세,경상
2014031300100427,2014년 3월 13일 18시,목요일,부산광역시 사상구 엄궁동,중상사고,0,1,0,0,차대차 - 측면직각충돌,교차로운행방법위반,건조,흐림,교차로 - 교차로안,화물,남,45세,상해없음,승용,남,33세,중상
2014031300100428,2014년 3월 13일 18시,목요일,부산광역시 기장군 기장읍,중상사고,0,1,0,0,차량단독 - 공작물충돌,안전운전불이행,습기,비,단일로 - 기타,화물,남,48세,중상,,,,
2014031300100474,2014년 3월 13일 19시,목요일,부산광역시 북구 덕천동,경상사고,0,0,1,0,차대차 - 기타,교차로운행방법위반,습기,흐림,교차로 - 교차로안,승용,남,32세,상해없음,승용,남,23세,경상
2014031300100475,2014년 3월 13일 19시,목요일,부산광역시 금정구 청룡동,경상사고,0,0,1,0,차대차 - 추돌 - 주정차중,안전거리미확보,습기,비,단일로 - 기타,승용,남,54세,상해없음,승용,남,64세,경상
2014031300100476,2014년 3월 13일 19시,목요일,부산광역시 금정구 장전동,경상사고,0,0,1,0,차대차 - 추돌 - 주정차중,안전운전불이행,습기,비,단일로 - 기타,승용,여,40세,기타불명,승용,남,32세,경상
2014031300100477,2014년 3월 13일 19시,목요일,부산광역시 사하구 신평동,중상사고,0,1,0,0,차대사람 - 횡단중,보행자보호의무위반,습기,비,단일로 - 횡단보도상,승합,남,52세,상해없음,보행자,여,34세,중상
2014031300100514,2014년 3월 13일 20시,목요일,부산광역시 부산진구 당감동,중상사고,0,1,0,0,차대사람 - 기타,안전운전불이행,건조,맑음,단일로 - 횡단보도부근,승용,남,54세,상해없음,보행자,남,76세,중상
2014031300100515,2014년 3월 13일 20시,목요일,부산광역시 연제구 거제동,중상사고,0,1,0,0,차대차 - 측면직각충돌,교차로운행방법위반,건조,맑음,교차로 - 교차로안,승용,남,63세,상해없음,승용,남,43세,중상
2014031300100516,2014년 3월 13일 20시,목요일,부산광역시 강서구 구랑동,중상사고,0,1,2,0,차대차 - 추돌 - 주정차중,안전운전불이행,습기,비,단일로 - 교량,승합,남,56세,상해없음,승용,남,30세,중상
2014031300100554,2014년 3월 13일 21시,목요일,부산광역시 수영구 민락동,경상사고,0,0,1,0,차대차 - 기타,교차로운행방법위반,건조,맑음,교차로 - 교차로안,승용,남,65세,상해없음,승용,남,55세,경상
2014031300100555,2014년 3월 13일 21시,목요일,부산광역시 영도구 남항동3가,경상사고,0,0,1,0,차대사람 - 횡단중,신호위반,건조,맑음,단일로 - 횡단보도상,승용,남,37세,상해없음,보행자,남,38세,경상
2014031300100556,2014년 3월 13일 21시,목요일,부산광역시 해운대구 반여동,중상사고,0,1,0,0,차대차 - 측면직각충돌,중앙선침범,습기,흐림,교차로 - 교차로부근,승용,남,49세,상해없음,승용,여,58세,상해없음
2014031300100557,2014년 3월 13일 21시,목요일,부산광역시 사하구 장림동,중상사고,0,1,0,0,차대사람 - 횡단중,안전운전불이행,건조,흐림,단일로 - 기타,승용,남,53세,상해없음,보행자,남,58세,중상
2014031300100588,2014년 3월 13일 22시,목요일,부산광역시 서구 토성동5가,중상사고,0,1,0,0,차대사람 - 길가장자리구역통행중,안전운전불이행,습기,흐림,단일로 - 기타,승용,남,53세,상해없음,보행자,남,48세,중상
2014031300100589,2014년 3월 13일 22시,목요일,부산광역시 부산진구 범전동,부상신고사고,0,0,0,1,차대차 - 추돌 - 주정차중,안전운전불이행,건조,맑음,교차로 - 교차로부근,승용,남,56세,상해없음,승용,남,70세,부상신고
2014031300100590,2014년 3월 13일 22시,목요일,부산광역시 금정구 금사동,중상사고,0,1,0,0,차대차 - 정면충돌,기타,건조,흐림,교차로 - 교차로안,승용,남,53세,상해없음,자전거,남,39세,중상
2014031300100619,2014년 3월 13일 23시,목요일,부산광역시 사하구 감천동,중상사고,0,1,0,0,차대사람 - 보도통행중,기타,건조,맑음,단일로 - 기타,화물,남,39세,상해없음,보행자,여,60세,중상
2014031300100620,2014년 3월 13일 23시,목요일,부산광역시 사상구 덕포동,경상사고,0,0,1,0,차대차 - 기타,중앙선침범,건조,흐림,단일로 - 기타,승용,남,61세,상해없음,이륜,남,23세,경상
2014031400100003,2014년 3월 14일 00시,금요일,부산광역시 해운대구 중동,중상사고,0,1,1,0,차대차 - 기타,신호위반,기타,맑음,교차로 - 교차로안,승용,남,65세,상해없음,승용,남,31세,중상
2014031400100004,2014년 3월 14일 00시,금요일,부산광역시 사상구 학장동,경상사고,0,0,1,0,차대차 - 측면직각충돌,안전거리미확보,건조,맑음,단일로 - 기타,승용,남,64세,상해없음,승용,남,34세,경상
2014031400100050,2014년 3월 14일 03시,금요일,부산광역시 금정구 장전동,경상사고,0,0,1,0,차대차 - 추돌 - 주정차중,안전운전불이행,건조,맑음,단일로 - 기타,승용,남,22세,상해없음,승용,남,37세,경상
2014031400100072,2014년 3월 14일 06시,금요일,부산광역시 사하구 괴정동,경상사고,0,0,1,0,차대차 - 측면직각충돌,중앙선침범,건조,맑음,단일로 - 기타,이륜,남,45세,경상,화물,남,53세,상해없음
2014031400100073,2014년 3월 14일 06시,금요일,부산광역시 강서구 성북동,부상신고사고,0,0,0,1,차대차 - 추돌 - 진행중,안전운전불이행,습기,흐림,미분류 - 미분류,승용,남,29세,부상신고,화물,남,43세,상해없음
2014031400100074,2014년 3월 14일 06시,금요일,부산광역시 사상구 모라동,중상사고,0,1,0,0,차대사람 - 길가장자리구역통행중,안전운전불이행,건조,맑음,교차로 - 교차로안,승용,남,53세,상해없음,보행자,여,66세,중상
2014031400100087,2014년 3월 14일 07시,금요일,부산광역시 사하구 감천동,중상사고,0,1,0,0,차대차 - 추돌 - 주정차중,안전운전불이행,건조,맑음,단일로 - 기타,승용,여,28세,상해없음,승합,남,51세,중상
2014031400100127,2014년 3월 14일 08시,금요일,부산광역시 동래구 안락동,경상사고,0,0,1,0,차대사람 - 횡단중,보행자보호의무위반,건조,맑음,단일로 - 횡단보도상,승용,여,38세,상해없음,보행자,남,10세,경상
2014031400100128,2014년 3월 14일 08시,금요일,부산광역시 금정구 장전동,중상사고,0,2,0,0,차대차 - 추돌 - 진행중,안전거리미확보,건조,맑음,단일로 - 기타,승용,남,51세,상해없음,승용,여,44세,중상
2014031400100129,2014년 3월 14일 08시,금요일,부산광역시 사상구 주례동,중상사고,0,1,0,0,차대차 - 추돌 - 주정차중,안전운전불이행,건조,맑음,단일로 - 기타,승용,여,22세,상해없음,승용,남,33세,중상
2014031400100130,2014년 3월 14일 08시,금요일,부산광역시 기장군 기장읍,중상사고,0,1,1,0,차대차 - 정면충돌,안전운전불이행,건조,맑음,교차로 - 교차로안,화물,남,19세,상해없음,승합,여,35세,경상
2014031400100166,2014년 3월 14일 09시,금요일,부산광역시 해운대구 재송동,경상사고,0,0,2,0,차대차 - 측면직각충돌,안전운전불이행,건조,맑음,단일로 - 기타,승용,여,64세,경상,승용,남,29세,경상
2014031400100167,2014년 3월 14일 09시,금요일,부산광역시 연제구 연산동,중상사고,0,1,0,0,차대차 - 추돌 - 진행중,안전거리미확보,건조,맑음,단일로 - 기타,승용,남,55세,상해없음,화물,남,54세,중상
2014031400100204,2014년 3월 14일 10시,금요일,부산광역시 중구 남포동1가,중상사고,0,1,2,0,차대차 - 추돌 - 진행중,안전거리미확보,건조,맑음,교차로 - 교차로부근,승용,남,56세,상해없음,승용,남,61세,경상
2014031400100205,2014년 3월 14일 10시,금요일,부산광역시 금정구 구서동,중상사고,0,1,0,0,차대사람 - 횡단중,안전운전불이행,건조,맑음,단일로 - 기타,승용,남,39세,상해없음,보행자,남,52세,중상
2014031400100206,2014년 3월 14일 10시,금요일,부산광역시 사하구 감천동,경상사고,0,0,2,0,차대차 - 기타,안전운전불이행,건조,맑음,단일로 - 기타,승용,여,43세,상해없음,승용,남,59세,상해없음
2014031400100207,2014년 3월 14일 10시,금요일,부산광역시 강서구 대저1동,중상사고,0,1,0,0,차대차 - 추돌 - 주정차중,안전운전불이행,건조,맑음,단일로 - 기타,화물,남,48세,상해없음,승합,남,30세,중상
2014031400100228,2014년 3월 14일 11시,금요일,부산광역시 서구 토성동4가,경상사고,0,0,1,0,차대사람 - 차도통행중,안전운전불이행,기타,맑음,단일로 - 기타,화물,남,38세,상해없음,보행자,남,71세,경상
2014031400100230,2014년 3월 14일 11시,금요일,부산광역시 부산진구 범천동,중상사고,0,1,0,0,차대차 - 측면직각충돌,안전운전불이행,건조,맑음,단일로 - 기타,승용,남,68세,상해없음,원동기,남,71세,중상
2014031400100231,2014년 3월 14일 11시,금요일,부산광역시 부산진구 부전동,중상사고,0,1,0,0,차량단독 - 도로외이탈 - 추락,기타,건조,맑음,단일로 - 기타,승합,남,58세,상해없음,,,,
2014031400100232,2014년 3월 14일 11시,금요일,부산광역시 사하구 감천동,경상사고,0,0,2,0,차대차 - 추돌 - 진행중,안전거리미확보,건조,맑음,단일로 - 기타,승용,남,55세,상해없음,승용,남,39세,경상
2014031400100265,2014년 3월 14일 12시,금요일,부산광역시 사하구 신평동,중상사고,0,1,0,0,차대사람 - 횡단중,안전운전불이행,건조,맑음,단일로 - 횡단보도상,승용,여,60세,상해없음,보행자,여,53세,중상
2014031400100266,2014년 3월 14일 12시,금요일,부산광역시 강서구 대저1동,경상사고,0,0,3,0,차대차 - 측면직각충돌,안전운전불이행,건조,맑음,교차로 - 교차로부근,승용,남,57세,상해없음,승용,여,41세,경상
2014031400100292,2014년 3월 14일 13시,금요일,부산광역시 해운대구 재송동,경상사고,0,0,1,0,차대차 - 추돌 - 진행중,안전운전불이행,건조,맑음,단일로 - 기타,승용,여,40세,상해없음,승용,여,46세,경상
2014031400100293,2014년 3월 14일 13시,금요일,부산광역시 금정구 금사동,경상사고,0,0,1,0,차대차 - 측면직각충돌,안전운전불이행,건조,맑음,교차로 - 교차로안,화물,남,54세,상해없음,승용,남,43세,경상
2014031400100324,2014년 3월 14일 14시,금요일,부산광역시 남구 대연동,중상사고,0,2,1,0,차대차 - 추돌 - 진행중,기타,건조,맑음,단일로 - 터널,화물,남,46세,상해없음,승용,여,62세,중상
2014031400100359,2014년 3월 14일 15시,금요일,부산광역시 영도구 남항동1가,사망사고,1,0,0,0,차대사람 - 횡단중,안전운전불이행,건조,맑음,단일로 - 기타,화물,남,59세,상해없음,보행자,여,76세,사망
2014031400100395,2014년 3월 14일 16시,금요일,부산광역시 동구 범일동,경상사고,0,0,3,0,차대차 - 기타,안전거리미확보,건조,맑음,단일로 - 기타,승용,남,34세,상해없음,승용,남,25세,경상
2014031400100396,2014년 3월 14일 16시,금요일,부산광역시 부산진구 전포동,경상사고,0,0,1,0,차대차 - 추돌 - 진행중,안전운전불이행,건조,맑음,단일로 - 기타,화물,남,58세,상해없음,승용,남,64세,경상
2014031400100397,2014년 3월 14일 16시,금요일,부산광역시 연제구 거제동,경상사고,0,0,1,0,차대차 - 측면직각충돌,교차로운행방법위반,건조,맑음,교차로 - 교차로안,승용,여,43세,상해없음,승용,남,52세,경상
2014031400100431,2014년 3월 14일 17시,금요일,부산광역시 동구 초량동,중상사고,0,1,0,0,차대사람 - 기타,안전운전불이행,건조,흐림,단일로 - 기타,승합,남,43세,상해없음,보행자,여,59세,중상
2014031400100461,2014년 3월 14일 18시,금요일,부산광역시 동래구 사직동,중상사고,0,1,0,0,차대사람 - 길가장자리구역통행중,안전운전불이행,건조,맑음,단일로 - 기타,화물,남,45세,상해없음,보행자,남,64세,중상
2014031400100515,2014년 3월 14일 19시,금요일,부산광역시 동구 좌천동,중상사고,0,1,0,0,차대차 - 기타,차로위반,건조,맑음,교차로 - 교차로부근,승용,남,30세,기타불명,승용,남,31세,중상
2014031400100516,2014년 3월 14일 19시,금요일,부산광역시 사하구 감천동,경상사고,0,0,1,0,차대사람 - 기타,안전운전불이행,건조,맑음,단일로 - 기타,이륜,남,40세,상해없음,보행자,여,63세,경상
2014031400100567,2014년 3월 14일 20시,금요일,부산광역시 해운대구 재송동,중상사고,0,3,0,0,차대차 - 측면직각충돌,신호위반,건조,맑음,교차로 - 교차로안,승용,남,55세,상해없음,승용,남,49세,중상
2014031400100595,2014년 3월 14일 21시,금요일,부산광역시 남구 대연동,경상사고,0,0,1,0,차대사람 - 차도통행중,안전운전불이행,건조,맑음,단일로 - 기타,승용,남,31세,기타불명,보행자,여,19세,경상
2014031400100597,2014년 3월 14일 21시,금요일,부산광역시 해운대구 반여동,경상사고,0,0,1,0,차대사람 - 기타,안전운전불이행,건조,맑음,단일로 - 기타,원동기,남,23세,기타불명,보행자,여,43세,경상
2014031400100598,2014년 3월 14일 21시,금요일,부산광역시 금정구 부곡동,중상사고,0,1,4,1,차대사람 - 횡단중,안전운전불이행,건조,맑음,단일로 - 기타,승합,남,62세,상해없음,보행자,남,58세,중상
2014031400100599,2014년 3월 14일 21시,금요일,부산광역시 사상구 괘법동,경상사고,0,0,1,0,차대사람 - 기타,안전운전불이행,건조,맑음,단일로 - 기타,승합,남,44세,상해없음,보행자,여,49세,경상
2014031400100600,2014년 3월 14일 21시,금요일,부산광역시 사상구 학장동,경상사고,0,0,2,0,차대차 - 측면직각충돌,안전거리미확보,건조,맑음,단일로 - 기타,승용,남,53세,상해없음,승용,남,47세,경상
2014031400100687,2014년 3월 14일 23시,금요일,부산광역시 해운대구 재송동,중상사고,0,1,4,0,차대차 - 추돌 - 주정차중,안전운전불이행,건조,맑음,단일로 - 기타,승용,남,32세,상해없음,승용,남,62세,경상
2014031400100688,2014년 3월 14일 23시,금요일,부산광역시 금정구 구서동,중상사고,0,1,3,1,차대차 - 측면직각충돌,직진우회전진행방해,건조,맑음,교차로 - 교차로안,화물,남,34세,상해없음,승용,남,55세,중상
2014031500100006,2014년 3월 15일 00시,토요일,부산광역시 남구 대연동,경상사고,0,0,1,0,차대차 - 기타,안전거리미확보,건조,맑음,단일로 - 기타,승용,남,50세,상해없음,이륜,남,18세,경상
2014031500100041,2014년 3월 15일 01시,토요일,부산광역시 기장군 기장읍,경상사고,0,0,1,0,차대차 - 기타,중앙선침범,건조,맑음,교차로 - 교차로안,승용,남,36세,상해없음,승용,남,30세,경상
2014031500100063,2014년 3월 15일 02시,토요일,부산광역시 남구 감만동,경상사고,0,0,1,0,차량단독 - 기타,안전운전불이행,건조,맑음,단일로 - 기타,승용,여,34세,경상,,,,
2014031500100064,2014년 3월 15일 02시,토요일,부산광역시 북구 덕천동,중상사고,0,1,1,1,차대차 - 추돌 - 진행중,안전거리미확보,건조,맑음,교차로 - 교차로부근,승용,남,43세,부상신고,승용,남,58세,경상
2014031500100078,2014년 3월 15일 03시,토요일,부산광역시 부산진구 부암동,경상사고,0,0,2,0,차대차 - 기타,안전운전불이행,건조,맑음,미분류 - 미분류,승용,남,40세,상해없음,승용,남,33세,경상
2014031500100079,2014년 3월 15일 03시,토요일,부산광역시 수영구 망미동,중상사고,0,1,0,0,차대차 - 기타,중앙선침범,건조,맑음,교차로 - 교차로부근,승용,남,65세,상해없음,원동기,남,23세,중상
2014031500100085,2014년 3월 15일 04시,토요일,부산광역시 기장군 장안읍,사망사고,1,0,0,0,차량단독 - 기타,안전운전불이행,결빙,흐림,단일로 - 기타,승용,남,29세,사망,,,,
2014031500100098,2014년 3월 15일 05시,토요일,부산광역시 사하구 괴정동,중상사고,0,1,0,0,차대차 - 측면직각충돌,교차로운행방법위반,건조,맑음,교차로 - 교차로안,승용,남,26세,상해없음,승용,남,44세,중상
2014031500100114,2014년 3월 15일 06시,토요일,부산광역시 수영구 남천동,사망사고,1,0,0,0,차대사람 - 횡단중,안전운전불이행,건조,맑음,단일로 - 횡단보도상,이륜,남,26세,상해없음,보행자,여,85세,사망
2014031500100115,2014년 3월 15일 06시,토요일,부산광역시 사상구 감전동,중상사고,0,1,0,0,차대사람 - 차도통행중,안전운전불이행,건조,맑음,단일로 - 기타,승합,남,54세,상해없음,보행자,남,76세,중상
2014031500100132,2014년 3월 15일 07시,토요일,부산광역시 금정구 부곡동,중상사고,0,1,0,0,차대차 - 측면직각충돌,직진우회전진행방해,건조,맑음,교차로 - 교차로안,원동기,남,52세,중상,승용,남,62세,상해없음
2014031500100133,2014년 3월 15일 07시,토요일,부산광역시 수영구 망미동,중상사고,0,1,0,0,차대차 - 기타,안전운전불이행,건조,맑음,교차로 - 교차로안,원동기,남,65세,중상,승용,남,46세,상해없음
2014031500100147,2014년 3월 15일 08시,토요일,부산광역시 연제구 거제동,경상사고,0,0,1,0,차대차 - 추돌 - 주정차중,안전거리미확보,건조,맑음,단일로 - 기타,승용,여,41세,상해없음,화물,남,34세,경상
2014031500100165,2014년 3월 15일 09시,토요일,부산광역시 금정구 노포동,중상사고,0,1,0,0,차대차 - 추돌 - 주정차중,안전거리미확보,건조,맑음,교차로 - 교차로부근,화물,남,55세,상해없음,승용,여,54세,중상
2014031500100166,2014년 3월 15일 09시,토요일,부산광역시 사하구 괴정동,중상사고,0,1,0,0,차대사람 - 차도통행중,안전운전불이행,건조,맑음,단일로 - 기타,승용,남,32세,상해없음,보행자,여,69세,중상
2014031500100187,2014년 3월 15일 10시,토요일,부산광역시 부산진구 부암동,중상사고,0,1,0,0,차대사람 - 차도통행중,신호위반,건조,맑음,교차로 - 교차로부근,이륜,남,65세,상해없음,보행자,여,39세,중상
2014031500100225,2014년 3월 15일 11시,토요일,부산광역시 금정구 남산동,경상사고,0,0,1,0,차대사람 - 기타,안전운전불이행,건조,맑음,단일로 - 기타,승용,여,54세,상해없음,보행자,여,66세,경상
2014031500100257,2014년 3월 15일 12시,토요일,부산광역시 남구 대연동,중상사고,0,1,0,0,차대사람 - 기타,보행자보호의무위반,건조,맑음,단일로 - 기타,승용,남,54세,상해없음,보행자,남,10세,중상
2014031500100258,2014년 3월 15일 12시,토요일,부산광역시 남구 문현동,부상신고사고,0,0,0,1,차대차 - 기타,차로위반,건조,맑음,단일로 - 기타,승용,여,43세,상해없음,승용,남,64세,부상신고
2014031500100283,2014년 3월 15일 13시,토요일,부산광역시 해운대구 우동,경상사고,0,0,1,0,차대차 - 측면직각충돌,안전운전불이행,건조,맑음,단일로 - 기타,승용,남,28세,상해없음,승용,남,37세,경상
2014031500100284,2014년 3월 15일 13시,토요일,부산광역시 해운대구 우동,부상신고사고,0,0,0,2,차대차 - 추돌 - 주정차중,안전운전불이행,건조,맑음,교차로 - 교차로부근,승용,여,36세,상해없음,승용,여,57세,부상신고
2014031500100285,2014년 3월 15일 13시,토요일,부산광역시 금정구 구서동,경상사고,0,0,1,0,차대차 - 기타,안전운전불이행,건조,맑음,단일로 - 기타,승합,남,53세,상해없음,승용,여,39세,경상
2014031500100382,2014년 3월 15일 16시,토요일,부산광역시 남구 대연동,중상사고,0,2,1,0,차대차 - 기타,안전운전불이행,건조,맑음,단일로 - 기타,승용,남,54세,상해없음,승용,여,53세,중상
2014031500100383,2014년 3월 15일 16시,토요일,부산광역시 해운대구 좌동,경상사고,0,0,1,0,차대차 - 추돌 - 주정차중,안전운전불이행,건조,맑음,교차로 - 교차로부근,승용,남,30세,상해없음,승용,남,56세,경상
2014031500100384,2014년 3월 15일 16시,토요일,부산광역시 해운대구 반송동,경상사고,0,0,4,0,차대차 - 기타,안전운전불이행,건조,맑음,단일로 - 기타,승용,남,62세,상해없음,이륜,남,17세,경상
2014031500100427,2014년 3월 15일 17시,토요일,부산광역시 부산진구 개금동,경상사고,0,0,1,0,차대차 - 추돌 - 주정차중,안전운전불이행,건조,맑음,교차로 - 교차로부근,승용,남,56세,상해없음,승용,여,63세,경상
2014031500100428,2014년 3월 15일 17시,토요일,부산광역시 기장군 장안읍,경상사고,0,0,2,0,차대차 - 추돌 - 주정차중,안전운전불이행,건조,맑음,교차로 - 교차로부근,승용,남,48세,상해없음,승용,남,35세,경상
2014031500100429,2014년 3월 15일 17시,토요일,부산광역시 기장군 기장읍,중상사고,0,1,0,0,차대사람 - 길가장자리구역통행중,안전운전불이행,건조,맑음,단일로 - 기타,승용,남,61세,상해없음,보행자,여,50세,중상
2014031500100463,2014년 3월 15일 18시,토요일,부산광역시 사상구 모라동,경상사고,0,0,1,0,차대사람 - 기타,안전운전불이행,건조,맑음,단일로 - 기타,승합,남,54세,상해없음,보행자,여,22세,경상
2014031500100495,2014년 3월 15일 19시,토요일,부산광역시 북구 구포동,경상사고,0,0,1,0,차대차 - 추돌 - 진행중,교차로운행방법위반,건조,맑음,교차로 - 교차로안,승용,남,45세,상해없음,이륜,남,17세,경상
2014031500100497,2014년 3월 15일 19시,토요일,부산광역시 부산진구 초읍동,부상신고사고,0,0,0,3,차대사람 - 기타,안전운전불이행,건조,맑음,단일로 - 기타,승용,남,70세,상해없음,보행자,여,7세,부상신고
2014031500100498,2014년 3월 15일 19시,토요일,부산광역시 사상구 학장동,경상사고,0,0,1,0,차대차 - 정면충돌,안전거리미확보,건조,맑음,단일로 - 기타,승용,남,36세,상해없음,자전거,남,18세,경상
2014031500100499,2014년 3월 15일 19시,토요일,부산광역시 사상구 감전동,중상사고,0,1,1,0,차대차 - 기타,기타,건조,맑음,단일로 - 기타,승용,남,56세,경상,승용,남,63세,상해없음
2014031500100542,2014년 3월 15일 20시,토요일,부산광역시 금정구 부곡동,중상사고,0,1,0,0,차대사람 - 길가장자리구역통행중,안전운전불이행,건조,맑음,교차로 - 교차로부근,승용,남,26세,상해없음,보행자,여,66세,중상
2014031500100543,2014년 3월 15일 20시,토요일,부산광역시 기장군 기장읍,경상사고,0,0,2,0,차대차 - 측면직각충돌,중앙선침범,건조,맑음,단일로 - 기타,승용,남,52세,상해없음,승합,남,69세,경상
2014031500100573,2014년 3월 15일 21시,토요일,부산광역시 북구 금곡동,사망사고,1,0,0,0,차대사람 - 횡단중,보행자보호의무위반,건조,맑음,단일로 - 횡단보도상,승용,남,54세,상해없음,보행자,여,56세,사망
2014031500100574,2014년 3월 15일 21시,토요일,부산광역시 해운대구 우동,중상사고,0,1,0,0,차대차 - 기타,안전거리미확보,건조,맑음,단일로 - 기타,승용,남,55세,상해없음,이륜,남,24세,중상
2014031500100575,2014년 3월 15일 21시,토요일,부산광역시 해운대구 좌동,경상사고,0,0,2,0,차대차 - 추돌 - 진행중,안전거리미확보,건조,맑음,교차로 - 교차로부근,승용,남,50세,상해없음,승용,여,38세,경상
2014031500100599,2014년 3월 15일 22시,토요일,부산광역시 서구 암남동,중상사고,0,1,0,0,차대차 - 측면직각충돌,안전운전불이행,기타,기타,단일로 - 기타,승용,남,43세,상해없음,이륜,남,39세,중상
2014031500100600,2014년 3월 15일 22시,토요일,부산광역시 남구 대연동,경상사고,0,0,1,0,차대차 - 추돌 - 주정차중,안전운전불이행,건조,맑음,단일로 - 기타,승용,남,26세,상해없음,승용,남,61세,경상
2014031500100601,2014년 3월 15일 22시,토요일,부산광역시 북구 덕천동,경상사고,0,0,1,0,차대차 - 추돌 - 진행중,교차로운행방법위반,건조,맑음,교차로 - 교차로부근,승용,남,65세,상해없음,이륜,남,16세,경상
2014031500100602,2014년 3월 15일 22시,토요일,부산광역시 해운대구 반송동,경상사고,0,0,1,0,차대차 - 추돌 - 진행중,안전운전불이행,건조,맑음,교차로 - 교차로부근,이륜,남,17세,경상,이륜,남,47세,상해없음
2014031500100603,2014년 3월 15일 22시,토요일,부산광역시 부산진구 부전동,경상사고,0,0,1,0,차대사람 - 기타,안전운전불이행,건조,맑음,교차로 - 교차로안,승용,남,56세,상해없음,보행자,남,19세,경상
2014031500100604,2014년 3월 15일 22시,토요일,부산광역시 사하구 하단동,중상사고,0,1,0,0,차대사람 - 길가장자리구역통행중,안전운전불이행,건조,맑음,단일로 - 기타,승용,남,58세,상해없음,보행자,남,25세,중상
2014031500100605,2014년 3월 15일 22시,토요일,부산광역시 사하구 다대동,경상사고,0,0,2,0,차대차 - 측면직각충돌,신호위반,건조,맑음,교차로 - 교차로안,승용,남,26세,상해없음,승용,여,53세,경상
2014031500100606,2014년 3월 15일 22시,토요일,부산광역시 기장군 정관면,중상사고,0,1,1,0,차대차 - 측면직각충돌,교차로운행방법위반,건조,맑음,교차로 - 교차로안,승용,여,38세,경상,승용,남,62세,중상
2014031500100638,2014년 3월 15일 23시,토요일,부산광역시 수영구 광안동,경상사고,0,0,1,0,차대차 - 기타,안전거리미확보,건조,맑음,교차로 - 교차로안,이륜,기타불명,기타불명,기타불명,승합,남,41세,상해없음
2014031500100639,2014년 3월 15일 23시,토요일,부산광역시 해운대구 좌동,중상사고,0,1,0,0,차대차 - 기타,안전운전불이행,건조,맑음,교차로 - 교차로부근,승용,여,38세,상해없음,이륜,남,16세,중상
2014031500100640,2014년 3월 15일 23시,토요일,부산광역시 사하구 하단동,부상신고사고,0,0,0,1,차대사람 - 길가장자리구역통행중,안전운전불이행,건조,맑음,단일로 - 기타,승용,남,24세,상해없음,보행자,남,40세,부상신고
2014031600100004,2014년 3월 16일 00시,일요일,부산광역시 해운대구 재송동,경상사고,0,0,2,0,차대차 - 측면직각충돌,안전운전불이행,건조,맑음,교차로 - 교차로부근,승용,남,38세,상해없음,승용,남,28세,경상
2014031600100026,2014년 3월 16일 01시,일요일,부산광역시 수영구 광안동,중상사고,0,2,0,0,차대차 - 기타,중앙선침범,건조,맑음,단일로 - 기타,승용,남,44세,상해없음,승용,남,35세,기타불명