사고번호,사고일시,요일,시군구,사고내용,사망자수,중상자수,경상자수,부상신고자수,사고유형,법규위반,노면상태,기상상태,도로형태,가해운전자 차종,가해운전자 성별,가해운전자 연령,가해운전자 상해정도,피해운전자 차종,피해운전자 성별,피해운전자 연령,피해운전자 상해정도
2014031900100290,2014년 3월 19일 15시,수요일,부산광역시 동래구 온천동,중상사고,0,1,0,0,차대사람 - 횡단중,보행자보호의무위반,건조,맑음,단일로 - 횡단보도상,화물,남,53세,상해없음,보행자,여,23세,중상
2014031900100291,2014년 3월 19일 15시,수요일,부산광역시 부산진구 당감동,중상사고,0,1,2,0,차대차 - 측면직각충돌,안전운전불이행,건조,맑음,교차로 - 교차로안,화물,남,55세,상해없음,승용,남,43세,중상
2014031900100316,2014년 3월 19일 16시,수요일,부산광역시 북구 구포동,중상사고,0,1,0,0,차대사람 - 횡단중,안전운전불이행,건조,맑음,단일로 - 횡단보도부근,승용,여,39세,상해없음,보행자,여,58세,중상
2014031900100318,2014년 3월 19일 16시,수요일,부산광역시 부산진구 전포동,중상사고,0,1,0,0,차대사람 - 차도통행중,안전운전불이행,건조,맑음,단일로 - 기타,원동기,남,26세,상해없음,보행자,여,66세,중상
2014031900100348,2014년 3월 19일 17시,수요일,부산광역시 중구 중앙동1가,중상사고,0,1,0,0,차대차 - 측면직각충돌,안전운전불이행,건조,맑음,단일로 - 기타,승용,남,55세,상해없음,승용,남,58세,중상
2014031900100349,2014년 3월 19일 17시,수요일,부산광역시 수영구 망미동,중상사고,0,1,0,0,차량단독 - 기타,안전운전불이행,건조,맑음,교차로 - 교차로부근,승합,남,77세,상해없음,,,,
2014031900100380,2014년 3월 19일 18시,수요일,부산광역시 동래구 명장동,경상사고,0,0,3,0,차대차 - 측면직각충돌,중앙선침범,건조,맑음,단일로 - 기타,승용,여,43세,상해없음,승용,남,31세,경상
2014031900100422,2014년 3월 19일 19시,수요일,부산광역시 동구 범일동,중상사고,0,1,0,0,차대사람 - 횡단중,신호위반,건조,맑음,교차로 - 교차로부근,승합,남,46세,상해없음,보행자,남,66세,중상
2014031900100423,2014년 3월 19일 19시,수요일,부산광역시 금정구 장전동,경상사고,0,0,1,0,차대사람 - 기타,안전운전불이행,건조,맑음,단일로 - 기타,승용,여,31세,상해없음,보행자,남,25세,경상
2014031900100424,2014년 3월 19일 19시,수요일,부산광역시 사상구 괘법동,경상사고,0,0,1,0,차대차 - 측면직각충돌,교차로운행방법위반,건조,맑음,교차로 - 교차로안,승용,여,49세,상해없음,승용,여,54세,경상
2014031900100503,2014년 3월 19일 21시,수요일,부산광역시 동래구 온천동,경상사고,0,0,1,0,차대차 - 측면직각충돌,안전운전불이행,건조,맑음,단일로 - 기타,승용,남,40세,상해없음,원동기,남,23세,경상
2014031900100555,2014년 3월 19일 23시,수요일,부산광역시 수영구 민락동,경상사고,0,0,2,0,차대차 - 정면충돌,중앙선침범,건조,맑음,단일로 - 기타,승용,남,40세,상해없음,화물,남,40세,상해없음
2014031900100556,2014년 3월 19일 23시,수요일,부산광역시 해운대구 우동,중상사고,0,1,0,0,차대사람 - 기타,안전운전불이행,건조,맑음,단일로 - 기타,승용,남,51세,상해없음,보행자,남,63세,중상
2014032000100006,2014년 3월 20일 00시,목요일,부산광역시 동구 범일동,중상사고,0,1,1,0,차대차 - 추돌 - 진행중,차로위반,건조,맑음,단일로 - 기타,승용,남,60세,상해없음,승용,남,60세,경상
2014032000100068,2014년 3월 20일 06시,목요일,부산광역시 영도구 봉래동1가,경상사고,0,0,1,0,차대사람 - 기타,안전운전불이행,건조,맑음,단일로 - 기타,승용,여,51세,상해없음,보행자,남,56세,경상
2014032000100099,2014년 3월 20일 08시,목요일,부산광역시 사상구 엄궁동,경상사고,0,0,1,0,차대차 - 측면직각충돌,안전운전불이행,습기,비,교차로 - 교차로안,승용,여,50세,상해없음,자전거,남,30세,경상
2014032000100128,2014년 3월 20일 09시,목요일,부산광역시 서구 동대신동1가,경상사고,0,0,3,0,차대차 - 측면직각충돌,신호위반,습기,비,교차로 - 교차로안,승용,남,65세,상해없음,승용,여,57세,경상
2014032000100129,2014년 3월 20일 09시,목요일,부산광역시 영도구 남항동2가,경상사고,0,0,1,0,차대차 - 기타,안전운전불이행,습기,비,교차로 - 교차로안,승합,남,49세,상해없음,승용,남,32세,상해없음
2014032000100130,2014년 3월 20일 09시,목요일,부산광역시 해운대구 우동,중상사고,0,1,0,0,차대차 - 기타,안전거리미확보,습기,비,단일로 - 기타,승용,남,56세,상해없음,승용,남,24세,중상
2014032000100131,2014년 3월 20일 09시,목요일,부산광역시 연제구 거제동,중상사고,0,1,0,0,차대차 - 측면직각충돌,신호위반,습기,맑음,단일로 - 횡단보도상,승용,여,48세,상해없음,이륜,남,70세,중상
2014032000100154,2014년 3월 20일 10시,목요일,부산광역시 금정구 부곡동,경상사고,0,0,1,0,차대차 - 측면직각충돌,안전운전불이행,건조,맑음,교차로 - 교차로안,화물,남,40세,상해없음,승용,남,56세,경상
2014032000100155,2014년 3월 20일 10시,목요일,부산광역시 사하구 괴정동,중상사고,0,1,0,0,차대사람 - 차도통행중,안전운전불이행,건조,맑음,단일로 - 기타,이륜,남,49세,상해없음,보행자,여,76세,중상
2014032000100173,2014년 3월 20일 11시,목요일,부산광역시 부산진구 가야동,경상사고,0,0,1,0,차대차 - 기타,안전거리미확보,습기,비,단일로 - 기타,승용,남,53세,기타불명,이륜,남,65세,경상
2014032000100174,2014년 3월 20일 11시,목요일,부산광역시 기장군 기장읍,중상사고,0,1,0,0,차대차 - 측면직각충돌,직진우회전진행방해,건조,맑음,교차로 - 교차로안,승용,남,52세,상해없음,화물,남,50세,중상
2014032000100251,2014년 3월 20일 14시,목요일,부산광역시 수영구 남천동,경상사고,0,0,1,0,차대사람 - 기타,안전운전불이행,건조,맑음,교차로 - 교차로부근,승용,남,62세,상해없음,보행자,여,22세,경상
2014032000100252,2014년 3월 20일 14시,목요일,부산광역시 동래구 낙민동,중상사고,0,1,0,0,차대차 - 측면직각충돌,신호위반,건조,맑음,교차로 - 교차로안,화물,남,24세,상해없음,원동기,남,58세,중상
2014032000100278,2014년 3월 20일 15시,목요일,부산광역시 금정구 장전동,중상사고,0,2,0,0,차대차 - 측면직각충돌,교차로운행방법위반,건조,맑음,교차로 - 교차로부근,승용,여,51세,상해없음,승용,남,62세,중상
2014032000100279,2014년 3월 20일 15시,목요일,부산광역시 사상구 엄궁동,경상사고,0,0,1,0,차대차 - 측면직각충돌,안전거리미확보,건조,맑음,단일로 - 기타,화물,남,59세,상해없음,승용,여,45세,경상
2014032000100309,2014년 3월 20일 16시,목요일,부산광역시 강서구 강동동,경상사고,0,0,1,0,차대사람 - 기타,안전운전불이행,건조,맑음,단일로 - 기타,승용,여,59세,상해없음,보행자,남,7세,경상
2014032000100310,2014년 3월 20일 16시,목요일,부산광역시 강서구 구랑동,중상사고,0,1,0,0,차대차 - 기타,신호위반,건조,맑음,교차로 - 교차로안,승용,남,58세,기타불명,승용,남,39세,중상
2014032000100311,2014년 3월 20일 16시,목요일,부산광역시 기장군 정관면,중상사고,0,1,0,0,차대차 - 측면직각충돌,안전운전불이행,건조,맑음,단일로 - 기타,승용,남,36세,기타불명,승용,남,36세,중상
2014032000100335,2014년 3월 20일 17시,목요일,부산광역시 해운대구 중동,경상사고,0,0,1,0,차대차 - 측면직각충돌,중앙선침범,건조,맑음,교차로 - 교차로부근,승용,남,54세,상해없음,승용,남,22세,경상
2014032000100336,2014년 3월 20일 17시,목요일,부산광역시 부산진구 개금동,경상사고,0,0,1,0,차대사람 - 길가장자리구역통행중,안전운전불이행,건조,맑음,단일로 - 기타,승용,기타불명,기타불명,기타불명,보행자,남,9세,경상
2014032000100375,2014년 3월 20일 18시,목요일,부산광역시 남구 대연동,중상사고,0,1,0,0,차대사람 - 기타,기타,건조,맑음,단일로 - 기타,승합,남,56세,기타불명,보행자,여,27세,중상
2014032000100376,2014년 3월 20일 18시,목요일,부산광역시 강서구 대저2동,중상사고,0,1,0,0,차대차 - 추돌 - 진행중,안전거리미확보,건조,맑음,교차로 - 교차로부근,화물,남,44세,상해없음,승용,남,48세,중상
2014032000100423,2014년 3월 20일 19시,목요일,부산광역시 동구 수정동,경상사고,0,0,1,0,차대사람 - 기타,기타,건조,맑음,단일로 - 횡단보도부근,승용,남,74세,상해없음,보행자,여,28세,경상
2014032000100424,2014년 3월 20일 19시,목요일,부산광역시 북구 구포동,경상사고,0,0,1,0,차대차 - 추돌 - 주정차중,안전운전불이행,습기,비,단일로 - 기타,승용,남,48세,상해없음,승용,남,53세,경상
2014032000100425,2014년 3월 20일 19시,목요일,부산광역시 부산진구 가야동,부상신고사고,0,0,0,1,차대차 - 기타,안전운전불이행,습기,비,단일로 - 기타,원동기,남,19세,부상신고,승용,여,50세,상해없음
2014032000100426,2014년 3월 20일 19시,목요일,부산광역시 기장군 일광면,중상사고,0,2,1,0,차대차 - 추돌 - 진행중,안전거리미확보,건조,맑음,단일로 - 횡단보도부근,승용,여,66세,중상,승용,여,55세,중상
2014032000100477,2014년 3월 20일 20시,목요일,부산광역시 해운대구 반여동,중상사고,0,1,0,0,차대차 - 기타,중앙선침범,습기,비,단일로 - 기타,승용,남,31세,상해없음,승용,남,36세,기타불명
2014032000100524,2014년 3월 20일 21시,목요일,부산광역시 남구 문현동,경상사고,0,0,1,0,차대차 - 추돌 - 진행중,안전운전불이행,건조,흐림,단일로 - 기타,승용,남,54세,상해없음,승용,남,52세,경상
2014032000100525,2014년 3월 20일 21시,목요일,부산광역시 남구 감만동,중상사고,0,1,3,0,차대차 - 기타,안전운전불이행,습기,비,단일로 - 기타,승용,남,51세,상해없음,승합,남,32세,중상
2014032000100526,2014년 3월 20일 21시,목요일,부산광역시 금정구 노포동,중상사고,0,1,0,0,차대사람 - 횡단중,안전운전불이행,습기,비,단일로 - 횡단보도상,화물,남,53세,상해없음,보행자,여,65세,중상
2014032000100566,2014년 3월 20일 22시,목요일,부산광역시 서구 암남동,경상사고,0,0,1,0,차대차 - 측면직각충돌,중앙선침범,건조,맑음,단일로 - 기타,승용,남,33세,상해없음,승용,남,54세,경상
2014032000100567,2014년 3월 20일 22시,목요일,부산광역시 강서구 대저1동,경상사고,0,0,1,0,차대차 - 측면직각충돌,신호위반,건조,맑음,교차로 - 교차로안,화물,남,54세,상해없음,승용,남,33세,경상
2014032000100604,2014년 3월 20일 23시,목요일,부산광역시 동구 범일동,중상사고,0,1,0,0,차대차 - 기타,안전운전불이행,건조,맑음,단일로 - 기타,승용,남,51세,상해없음,이륜,남,17세,중상
2014032000100605,2014년 3월 20일 23시,목요일,부산광역시 금정구 구서동,경상사고,0,0,3,0,차대차 - 측면직각충돌,기타,습기,비,교차로 - 교차로안,승용,남,63세,상해없음,승용,남,47세,상해없음
2014032000100606,2014년 3월 20일 23시,목요일,부산광역시 사하구 당리동,중상사고,0,1,0,0,차대사람 - 횡단중,안전운전불이행,건조,맑음,단일로 - 기타,승용,여,65세,상해없음,보행자,남,52세,중상
2014032100100004,2014년 3월 21일 00시,금요일,부산광역시 사하구 괴정동,경상사고,0,0,1,0,차대차 - 측면직각충돌,안전운전불이행,건조,맑음,단일로 - 기타,승용,남,43세,상해없음,원동기,남,18세,경상
2014032100100033,2014년 3월 21일 02시,금요일,부산광역시 수영구 민락동,경상사고,0,0,1,0,차대차 - 기타,안전운전불이행,건조,맑음,교차로 - 교차로안,승용,여,43세,상해없음,승합,남,43세,경상
2014032100100034,2014년 3월 21일 02시,금요일,부산광역시 동래구 온천동,중상사고,0,1,1,0,차대차 - 추돌 - 진행중,차로위반,건조,맑음,단일로 - 기타,승합,남,48세,상해없음,승용,남,34세,상해없음
2014032100100035,2014년 3월 21일 02시,금요일,부산광역시 사상구 모라동,경상사고,0,0,1,0,차대사람 - 기타,보행자보호의무위반,건조,맑음,단일로 - 횡단보도상,승용,남,46세,상해없음,보행자,여,52세,경상
2014032100100042,2014년 3월 21일 03시,금요일,부산광역시 해운대구 중동,경상사고,0,0,1,0,차대사람 - 길가장자리구역통행중,안전운전불이행,건조,맑음,단일로 - 기타,승용,남,62세,상해없음,보행자,여,23세,경상
2014032100100061,2014년 3월 21일 05시,금요일,부산광역시 수영구 광안동,경상사고,0,0,1,0,차대사람 - 길가장자리구역통행중,안전운전불이행,건조,맑음,교차로 - 교차로부근,승용,남,42세,상해없음,보행자,여,57세,경상
2014032100100070,2014년 3월 21일 06시,금요일,부산광역시 동래구 사직동,경상사고,0,0,2,0,차대차 - 추돌 - 주정차중,안전거리미확보,건조,맑음,단일로 - 기타,승용,남,28세,상해없음,승용,여,56세,경상
2014032100100071,2014년 3월 21일 06시,금요일,부산광역시 연제구 연산동,경상사고,0,0,3,0,차대차 - 추돌 - 주정차중,안전운전불이행,건조,맑음,단일로 - 기타,승용,남,33세,상해없음,승합,남,70세,경상
2014032100100094,2014년 3월 21일 07시,금요일,부산광역시 수영구 광안동,경상사고,0,0,1,0,차대차 - 기타,안전운전불이행,건조,맑음,단일로 - 기타,화물,남,56세,상해없음,원동기,남,47세,경상
2014032100100095,2014년 3월 21일 07시,금요일,부산광역시 해운대구 반송동,중상사고,0,1,1,0,차대차 - 정면충돌,중앙선침범,건조,맑음,단일로 - 기타,화물,남,55세,상해없음,화물,남,56세,중상
2014032100100126,2014년 3월 21일 08시,금요일,부산광역시 서구 부민동2가,중상사고,0,1,1,0,차대차 - 기타,교차로운행방법위반,건조,맑음,교차로 - 교차로안,승용,남,55세,상해없음,자전거,남,35세,중상
2014032100100127,2014년 3월 21일 08시,금요일,부산광역시 북구 덕천동,중상사고,0,1,0,0,차량단독 - 기타,기타,건조,맑음,단일로 - 기타,승합,남,54세,상해없음,,,,
2014032100100128,2014년 3월 21일 08시,금요일,부산광역시 해운대구 반송동,중상사고,0,1,0,0,차대차 - 측면직각충돌,교차로운행방법위반,건조,맑음,교차로 - 교차로안,승용,여,53세,상해없음,이륜,남,35세,중상
2014032100100129,2014년 3월 21일 08시,금요일,부산광역시 부산진구 부전동,경상사고,0,0,1,0,차대사람 - 기타,안전운전불이행,건조,맑음,단일로 - 기타,승용,남,49세,상해없음,보행자,남,67세,경상
2014032100100130,2014년 3월 21일 08시,금요일,부산광역시 금정구 구서동,중상사고,0,1,0,0,차대사람 - 횡단중,안전운전불이행,건조,맑음,단일로 - 기타,화물,남,30세,상해없음,보행자,남,65세,중상
2014032100100177,2014년 3월 21일 09시,금요일,부산광역시 금정구 구서동,중상사고,0,1,0,0,차대차 - 측면직각충돌,안전운전불이행,건조,맑음,교차로 - 교차로부근,승용,남,59세,상해없음,승용,여,41세,중상
2014032100100178,2014년 3월 21일 09시,금요일,부산광역시 북구 덕천동,중상사고,0,1,0,0,차대차 - 기타,안전운전불이행,건조,맑음,단일로 - 기타,승용,여,55세,상해없음,승용,여,54세,중상
2014032100100206,2014년 3월 21일 10시,금요일,부산광역시 동래구 명장동,중상사고,0,1,0,0,차대차 - 측면직각충돌,안전운전불이행,건조,맑음,단일로 - 기타,승용,남,68세,상해없음,자전거,남,31세,중상
2014032100100225,2014년 3월 21일 11시,금요일,부산광역시 강서구 범방동,경상사고,0,0,1,0,차대차 - 측면직각충돌,신호위반,건조,맑음,교차로 - 교차로안,승용,남,78세,상해없음,승용,여,49세,경상
2014032100100249,2014년 3월 21일 12시,금요일,부산광역시 북구 화명동,경상사고,0,0,1,0,차대사람 - 길가장자리구역통행중,안전운전불이행,건조,맑음,교차로 - 교차로안,승용,남,52세,상해없음,보행자,남,70세,경상
2014032100100277,2014년 3월 21일 13시,금요일,부산광역시 동래구 사직동,중상사고,0,1,0,0,차대사람 - 횡단중,보행자보호의무위반,건조,맑음,단일로 - 횡단보도상,자전거,남,23세,상해없음,보행자,남,71세,중상
2014032100100278,2014년 3월 21일 13시,금요일,부산광역시 금정구 구서동,경상사고,0,0,3,3,차대차 - 추돌 - 주정차중,안전운전불이행,건조,맑음,단일로 - 기타,승용,남,34세,상해없음,승합,남,48세,부상신고
2014032100100312,2014년 3월 21일 14시,금요일,부산광역시 강서구 지사동,경상사고,0,0,1,0,차대차 - 측면직각충돌,신호위반,건조,맑음,단일로 - 기타,승용,남,26세,상해없음,승용,남,51세,경상
2014032100100313,2014년 3월 21일 14시,금요일,부산광역시 강서구 송정동,경상사고,0,0,1,0,차대차 - 추돌 - 진행중,교차로운행방법위반,건조,맑음,교차로 - 교차로안,특수,남,58세,상해없음,승용,남,51세,경상
2014032100100352,2014년 3월 21일 15시,금요일,부산광역시 동래구 안락동,경상사고,0,0,1,0,차대차 - 측면직각충돌,차로위반,건조,맑음,단일로 - 기타,기타불명,기타불명,기타불명,기타불명,승용,남,55세,상해없음
2014032100100392,2014년 3월 21일 16시,금요일,부산광역시 중구 남포동5가,중상사고,0,1,0,0,차대사람 - 차도통행중,안전운전불이행,건조,맑음,단일로 - 기타,승용,남,58세,상해없음,보행자,남,72세,중상
2014032100100393,2014년 3월 21일 16시,금요일,부산광역시 서구 아미동2가,경상사고,0,0,1,0,차대차 - 측면직각충돌,중앙선침범,건조,맑음,단일로 - 기타,승용,남,26세,상해없음,화물,남,52세,경상
2014032100100394,2014년 3월 21일 16시,금요일,부산광역시 남구 감만동,경상사고,0,0,1,0,차대차 - 측면직각충돌,신호위반,건조,맑음,교차로 - 교차로안,화물,남,70세,상해없음,승용,남,40세,경상
2014032100100395,2014년 3월 21일 16시,금요일,부산광역시 부산진구 양정동,중상사고,0,1,0,0,차대차 - 기타,안전운전불이행,건조,맑음,단일로 - 기타,승용,여,52세,상해없음,승용,남,25세,상해없음
2014032100100396,2014년 3월 21일 16시,금요일,부산광역시 기장군 기장읍,중상사고,0,1,0,0,차대사람 - 기타,안전운전불이행,건조,맑음,단일로 - 기타,승용,남,61세,상해없음,보행자,여,57세,중상
2014032100100429,2014년 3월 21일 17시,금요일,부산광역시 기장군 기장읍,중상사고,0,1,0,0,차대사람 - 횡단중,보행자보호의무위반,건조,맑음,단일로 - 횡단보도상,화물,남,45세,상해없음,보행자,여,12세,중상
2014032100100462,2014년 3월 21일 18시,금요일,부산광역시 해운대구 중동,중상사고,0,1,0,0,차대차 - 측면직각충돌,안전운전불이행,건조,맑음,단일로 - 기타,승용,남,23세,상해없음,원동기,남,22세,중상
2014032100100463,2014년 3월 21일 18시,금요일,부산광역시 부산진구 전포동,경상사고,0,0,1,0,차대차 - 기타,안전거리미확보,기타,맑음,단일로 - 기타,화물,남,59세,상해없음,승용,남,26세,상해없음
2014032100100495,2014년 3월 21일 19시,금요일,부산광역시 해운대구 중동,경상사고,0,0,1,0,차대사람 - 기타,안전운전불이행,건조,맑음,단일로 - 기타,승용,남,57세,상해없음,보행자,여,54세,경상
2014032100100544,2014년 3월 21일 20시,금요일,부산광역시 북구 만덕동,경상사고,0,0,1,0,차대차 - 추돌 - 진행중,안전운전불이행,건조,맑음,단일로 - 기타,승용,남,59세,상해없음,승용,남,60세,경상
2014032100100545,2014년 3월 21일 20시,금요일,부산광역시 동래구 수안동,중상사고,0,2,0,0,차대사람 - 횡단중,안전운전불이행,건조,맑음,단일로 - 횡단보도부근,승용,여,56세,상해없음,보행자,여,56세,중상
2014032100100546,2014년 3월 21일 20시,금요일,부산광역시 부산진구 부전동,경상사고,0,0,1,0,차대차 - 측면직각충돌,안전거리미확보,건조,맑음,단일로 - 기타,승합,남,59세,상해없음,승용,남,22세,경상
2014032100100547,2014년 3월 21일 20시,금요일,부산광역시 금정구 회동동,경상사고,0,0,1,0,차량단독 - 공작물충돌,안전운전불이행,건조,맑음,단일로 - 기타,승용,남,27세,경상,,,,
2014032100100548,2014년 3월 21일 20시,금요일,부산광역시 사하구 장림동,경상사고,0,0,2,0,차대차 - 측면직각충돌,안전운전불이행,건조,맑음,단일로 - 기타,승합,남,50세,상해없음,승용,여,40세,경상
2014032100100549,2014년 3월 21일 20시,금요일,부산광역시 사상구 모라동,경상사고,0,0,1,0,차대차 - 추돌 - 진행중,차로위반,건조,맑음,단일로 - 기타,이륜,남,24세,경상,승용,남,62세,상해없음
2014032100100587,2014년 3월 21일 21시,금요일,부산광역시 강서구 강동동,중상사고,0,1,0,0,차대사람 - 기타,중앙선침범,건조,맑음,단일로 - 기타,화물,남,39세,상해없음,보행자,남,60세,중상
2014032100100620,2014년 3월 21일 22시,금요일,부산광역시 사하구 다대동,경상사고,0,0,1,0,차대차 - 측면직각충돌,안전운전불이행,건조,맑음,단일로 - 기타,승용,여,48세,상해없음,승용,남,28세,경상
2014032100100621,2014년 3월 21일 22시,금요일,부산광역시 사상구 감전동,경상사고,0,0,1,0,차대차 - 기타,안전거리미확보,건조,맑음,단일로 - 기타,화물,남,54세,상해없음,승용,남,34세,경상
2014032100100649,2014년 3월 21일 23시,금요일,부산광역시 사하구 다대동,경상사고,0,0,1,0,차대차 - 측면직각충돌,안전운전불이행,건조,맑음,교차로 - 교차로부근,승용,남,44세,상해없음,이륜,남,38세,경상
2014032100100650,2014년 3월 21일 23시,금요일,부산광역시 연제구 연산동,중상사고,0,2,2,0,차대차 - 정면충돌,중앙선침범,건조,맑음,단일로 - 기타,승용,남,30세,상해없음,승용,남,74세,상해없음
2014032100100651,2014년 3월 21일 23시,금요일,부산광역시 기장군 기장읍,중상사고,0,1,2,0,차대차 - 추돌 - 주정차중,안전운전불이행,건조,맑음,교차로 - 교차로부근,승용,남,32세,상해없음,승용,남,32세,중상
2014032200100009,2014년 3월 22일 00시,토요일,부산광역시 수영구 민락동,중상사고,0,1,0,0,차대사람 - 횡단중,안전운전불이행,건조,맑음,단일로 - 횡단보도상,이륜,남,26세,상해없음,보행자,남,46세,중상
2014032200100010,2014년 3월 22일 00시,토요일,부산광역시 남구 문현동,경상사고,0,0,1,0,차대차 - 기타,불법유턴,건조,맑음,교차로 - 교차로안,이륜,남,17세,경상,승용,남,61세,상해없음
2014032200100011,2014년 3월 22일 00시,토요일,부산광역시 동래구 사직동,중상사고,0,1,0,0,차대차 - 측면직각충돌,교차로운행방법위반,건조,맑음,교차로 - 교차로안,승용,여,38세,상해없음,원동기,남,58세,중상
2014032200100025,2014년 3월 22일 01시,토요일,부산광역시 북구 덕천동,경상사고,0,0,1,0,차대차 - 측면직각충돌,신호위반,건조,맑음,교차로 - 교차로안,승용,남,23세,상해없음,승용,남,31세,경상
2014032200100062,2014년 3월 22일 03시,토요일,부산광역시 해운대구 중동,경상사고,0,0,1,0,차대차 - 추돌 - 진행중,안전운전불이행,건조,맑음,단일로 - 기타,승용,남,33세,상해없음,승용,남,63세,경상
2014032200100063,2014년 3월 22일 03시,토요일,부산광역시 부산진구 가야동,중상사고,0,2,2,0,차대차 - 측면직각충돌,신호위반,건조,맑음,교차로 - 교차로안,승용,남,24세,상해없음,승용,남,56세,경상
2014032200100064,2014년 3월 22일 03시,토요일,부산광역시 강서구 송정동,중상사고,0,1,0,0,차대차 - 측면직각충돌,안전운전불이행,건조,맑음,단일로 - 기타,승용,남,29세,상해없음,승용,여,53세,중상
2014032200100081,2014년 3월 22일 04시,토요일,부산광역시 수영구 민락동,중상사고,0,1,0,0,차대차 - 측면직각충돌,교차로운행방법위반,건조,맑음,교차로 - 교차로안,이륜,남,17세,상해없음,승용,남,19세,상해없음
2014032200100082,2014년 3월 22일 04시,토요일,부산광역시 사하구 당리동,중상사고,0,1,0,0,차대차 - 기타,안전거리미확보,건조,맑음,단일로 - 기타,화물,남,55세,상해없음,승용,남,68세,중상
2014032200100114,2014년 3월 22일 06시,토요일,부산광역시 동구 수정동,경상사고,0,0,1,1,차대차 - 추돌 - 진행중,안전거리미확보,건조,맑음,단일로 - 터널,화물,남,61세,부상신고,건설기계,남,52세,경상
2014032200100115,2014년 3월 22일 06시,토요일,부산광역시 수영구 광안동,경상사고,0,0,1,0,차량단독 - 공작물충돌,안전거리미확보,건조,맑음,단일로 - 기타,승용,남,53세,경상,,,,
2014032200100116,2014년 3월 22일 06시,토요일,부산광역시 금정구 장전동,경상사고,0,0,2,0,차량단독 - 전도전복,신호위반,건조,맑음,단일로 - 기타,이륜,남,17세,경상,,,,
2014032200100132,2014년 3월 22일 07시,토요일,부산광역시 해운대구 좌동,경상사고,0,0,4,0,차대차 - 기타,신호위반,건조,맑음,교차로 - 교차로안,승용,남,33세,기타불명,승용,남,51세,경상
2014032200100156,2014년 3월 22일 08시,토요일,부산광역시 사상구 덕포동,경상사고,0,0,1,0,차대차 - 기타,신호위반,건조,맑음,교차로 - 교차로안,승용,남,32세,상해없음,승용,여,33세,경상
2014032200100157,2014년 3월 22일 08시,토요일,부산광역시 사상구 덕포동,부상신고사고,0,0,0,1,차대차 - 기타,불법유턴,건조,맑음,교차로 - 교차로부근,승용,남,39세,상해없음,화물,남,33세,부상신고
2014032200100183,2014년 3월 22일 09시,토요일,부산광역시 해운대구 중동,경상사고,0,0,1,0,차대차 - 측면직각충돌,신호위반,건조,맑음,교차로 - 교차로안,자전거,남,27세,경상,승용,남,38세,상해없음
2014032200100233,2014년 3월 22일 11시,토요일,부산광역시 서구 동대신동3가,중상사고,0,1,0,0,차대사람 - 차도통행중,안전운전불이행,기타,맑음,단일로 - 기타,승용,남,65세,상해없음,보행자,남,76세,중상
2014032200100263,2014년 3월 22일 12시,토요일,부산광역시 중구 중앙동7가,중상사고,0,1,0,0,차대차 - 기타,기타,건조,맑음,교차로 - 교차로부근,승용,남,63세,상해없음,자전거,남,31세,중상
2014032200100264,2014년 3월 22일 12시,토요일,부산광역시 중구 중앙동4가,중상사고,0,1,0,0,차대차 - 기타,안전운전불이행,건조,흐림,단일로 - 기타,이륜,남,38세,중상,이륜,남,63세,상해없음
2014032200100265,2014년 3월 22일 12시,토요일,부산광역시 수영구 광안동,중상사고,0,1,0,0,차대사람 - 횡단중,안전운전불이행,건조,맑음,교차로 - 교차로안,화물,남,46세,상해없음,보행자,여,64세,중상
2014032200100266,2014년 3월 22일 12시,토요일,부산광역시 수영구 남천동,중상사고,0,1,0,0,차대사람 - 횡단중,보행자보호의무위반,건조,맑음,교차로 - 교차로안,승용,남,43세,상해없음,보행자,남,59세,중상
2014032200100267,2014년 3월 22일 12시,토요일,부산광역시 부산진구 범천동,중상사고,0,1,0,0,차대사람 - 기타,안전운전불이행,건조,맑음,단일로 - 기타,승용,남,37세,상해없음,보행자,여,74세,중상
2014032200100268,2014년 3월 22일 12시,토요일,부산광역시 사하구 다대동,경상사고,0,0,1,0,차대사람 - 횡단중,안전운전불이행,건조,맑음,단일로 - 기타,원동기,남,63세,상해없음,보행자,남,7세,경상
2014032200100295,2014년 3월 22일 13시,토요일,부산광역시 해운대구 우동,중상사고,0,1,0,0,차대차 - 측면직각충돌,안전운전불이행,건조,맑음,교차로 - 교차로부근,승용,남,33세,중상,승용,남,52세,상해없음
2014032200100296,2014년 3월 22일 13시,토요일,부산광역시 금정구 구서동,경상사고,0,0,1,0,차대차 - 추돌 - 진행중,안전거리미확보,건조,맑음,단일로 - 기타,승합,남,28세,상해없음,승용,남,49세,경상
2014032200100297,2014년 3월 22일 13시,토요일,부산광역시 사하구 괴정동,경상사고,0,0,1,0,차대차 - 측면직각충돌,안전운전불이행,건조,맑음,교차로 - 교차로안,승용,남,57세,상해없음,승용,남,68세,경상
2014032200100319,2014년 3월 22일 14시,토요일,부산광역시 사하구 당리동,경상사고,0,0,1,0,차대사람 - 길가장자리구역통행중,안전운전불이행,건조,맑음,단일로 - 기타,승용,남,46세,상해없음,보행자,남,49세,경상
2014032200100349,2014년 3월 22일 15시,토요일,부산광역시 남구 대연동,중상사고,0,1,0,0,차대사람 - 횡단중,안전운전불이행,건조,맑음,단일로 - 기타,승용,남,33세,상해없음,보행자,여,75세,중상