사고번호,사고일시,요일,시군구,사고내용,사망자수,중상자수,경상자수,부상신고자수,사고유형,법규위반,노면상태,기상상태,도로형태,가해운전자 차종,가해운전자 성별,가해운전자 연령,가해운전자 상해정도,피해운전자 차종,피해운전자 성별,피해운전자 연령,피해운전자 상해정도
2014032200100350,2014년 3월 22일 15시,토요일,부산광역시 수영구 광안동,경상사고,0,0,1,0,차대차 - 기타,안전운전불이행,건조,맑음,단일로 - 기타,승용,여,34세,상해없음,승용,남,45세,상해없음
2014032200100351,2014년 3월 22일 15시,토요일,부산광역시 금정구 금사동,중상사고,0,1,0,0,차대차 - 측면직각충돌,직진우회전진행방해,건조,맑음,교차로 - 교차로안,승용,남,62세,상해없음,자전거,남,56세,중상
2014032200100352,2014년 3월 22일 15시,토요일,부산광역시 기장군 일광면,경상사고,0,0,3,0,차대차 - 기타,안전거리미확보,건조,맑음,단일로 - 기타,승용,남,32세,상해없음,승용,남,37세,경상
2014032200100392,2014년 3월 22일 16시,토요일,부산광역시 해운대구 우동,경상사고,0,0,3,0,차대차 - 기타,신호위반,건조,맑음,교차로 - 교차로안,승용,남,24세,기타불명,승용,남,25세,경상
2014032200100393,2014년 3월 22일 16시,토요일,부산광역시 수영구 망미동,중상사고,0,1,0,0,차대사람 - 길가장자리구역통행중,안전운전불이행,건조,맑음,단일로 - 기타,승용,남,62세,상해없음,보행자,여,72세,중상
2014032200100425,2014년 3월 22일 17시,토요일,부산광역시 영도구 남항동1가,중상사고,0,1,0,0,차대사람 - 차도통행중,안전운전불이행,건조,맑음,교차로 - 교차로안,승용,남,64세,상해없음,보행자,남,53세,중상
2014032200100426,2014년 3월 22일 17시,토요일,부산광역시 부산진구 연지동,경상사고,0,0,1,0,차대차 - 추돌 - 진행중,안전거리미확보,건조,맑음,교차로 - 교차로안,승용,남,64세,상해없음,승용,남,43세,경상
2014032200100427,2014년 3월 22일 17시,토요일,부산광역시 기장군 기장읍,중상사고,0,1,0,0,차대차 - 추돌 - 진행중,안전운전불이행,건조,맑음,단일로 - 기타,승용,남,32세,상해없음,승용,여,46세,중상
2014032200100461,2014년 3월 22일 18시,토요일,부산광역시 강서구 대저1동,경상사고,0,0,4,0,차대차 - 추돌 - 진행중,안전거리미확보,건조,맑음,단일로 - 기타,승용,남,43세,상해없음,승용,남,18세,경상
2014032200100490,2014년 3월 22일 19시,토요일,부산광역시 해운대구 좌동,경상사고,0,0,1,0,차대사람 - 횡단중,안전운전불이행,건조,맑음,기타 - 기타,승용,여,39세,상해없음,보행자,남,76세,경상
2014032200100524,2014년 3월 22일 20시,토요일,부산광역시 남구 대연동,경상사고,0,0,1,0,차대차 - 기타,안전운전불이행,건조,맑음,단일로 - 기타,승용,남,54세,상해없음,승용,남,47세,상해없음
2014032200100525,2014년 3월 22일 20시,토요일,부산광역시 사상구 모라동,경상사고,0,0,1,0,차대사람 - 길가장자리구역통행중,안전운전불이행,건조,맑음,단일로 - 기타,승용,남,41세,상해없음,보행자,남,41세,경상
2014032200100560,2014년 3월 22일 21시,토요일,부산광역시 사상구 괘법동,경상사고,0,0,1,0,차대사람 - 횡단중,신호위반,건조,맑음,단일로 - 횡단보도상,이륜,남,17세,상해없음,보행자,남,59세,경상
2014032200100622,2014년 3월 22일 23시,토요일,부산광역시 남구 용호동,중상사고,0,1,0,0,차대차 - 기타,안전운전불이행,건조,맑음,교차로 - 교차로안,원동기,남,59세,중상,원동기,남,17세,상해없음
2014032200100623,2014년 3월 22일 23시,토요일,부산광역시 동래구 명장동,부상신고사고,0,0,0,1,차대사람 - 기타,안전운전불이행,건조,기타,기타 - 기타,화물,기타불명,기타불명,기타불명,보행자,남,41세,부상신고
2014032200100624,2014년 3월 22일 23시,토요일,부산광역시 기장군 정관면,경상사고,0,0,1,0,차대차 - 추돌 - 진행중,안전운전불이행,건조,맑음,단일로 - 기타,승용,여,50세,상해없음,승용,여,55세,경상
2014032300100006,2014년 3월 23일 00시,일요일,부산광역시 사상구 괘법동,부상신고사고,0,0,0,1,차대차 - 측면직각충돌,안전운전불이행,건조,맑음,단일로 - 기타,자전거,남,18세,부상신고,승용,남,29세,상해없음
2014032300100038,2014년 3월 23일 01시,일요일,부산광역시 기장군 일광면,경상사고,0,0,2,0,차량단독 - 공작물충돌,안전운전불이행,건조,맑음,단일로 - 기타,승용,남,29세,경상,,,,
2014032300100077,2014년 3월 23일 04시,일요일,부산광역시 금정구 부곡동,부상신고사고,0,0,0,1,차대사람 - 기타,안전운전불이행,건조,맑음,교차로 - 교차로부근,승용,남,59세,상해없음,보행자,남,32세,부상신고
2014032300100099,2014년 3월 23일 06시,일요일,부산광역시 부산진구 초읍동,중상사고,0,1,0,0,차대사람 - 기타,안전운전불이행,건조,맑음,단일로 - 기타,승용,여,25세,상해없음,보행자,여,65세,중상
2014032300100100,2014년 3월 23일 06시,일요일,부산광역시 강서구 죽동동,중상사고,0,2,0,0,차대차 - 측면직각충돌,신호위반,건조,맑음,교차로 - 교차로안,화물,남,61세,상해없음,승용,남,56세,중상
2014032300100120,2014년 3월 23일 07시,일요일,부산광역시 서구 남부민동,중상사고,0,1,0,0,차대차 - 추돌 - 진행중,안전운전불이행,건조,맑음,단일로 - 기타,승용,남,37세,상해없음,자전거,남,65세,중상
2014032300100121,2014년 3월 23일 07시,일요일,부산광역시 사상구 감전동,경상사고,0,0,1,0,차대차 - 기타,신호위반,건조,맑음,교차로 - 교차로안,화물,남,57세,상해없음,승용,남,56세,경상
2014032300100135,2014년 3월 23일 08시,일요일,부산광역시 서구 남부민동,중상사고,0,1,0,0,차대사람 - 기타,신호위반,건조,맑음,단일로 - 횡단보도상,승용,남,36세,상해없음,보행자,여,12세,중상
2014032300100150,2014년 3월 23일 09시,일요일,부산광역시 수영구 광안동,경상사고,0,0,1,0,차대사람 - 기타,안전운전불이행,건조,맑음,단일로 - 기타,승용,여,25세,상해없음,보행자,남,37세,경상
2014032300100151,2014년 3월 23일 09시,일요일,부산광역시 수영구 광안동,경상사고,0,0,4,0,차대차 - 정면충돌,교차로운행방법위반,건조,맑음,교차로 - 교차로부근,승용,남,31세,기타불명,승용,남,36세,경상
2014032300100152,2014년 3월 23일 09시,일요일,부산광역시 영도구 남항동2가,경상사고,0,0,1,0,차대차 - 추돌 - 진행중,중앙선침범,건조,맑음,단일로 - 기타,승용,남,55세,상해없음,이륜,남,22세,경상
2014032300100153,2014년 3월 23일 09시,일요일,부산광역시 해운대구 우동,부상신고사고,0,0,0,1,차대차 - 기타,안전거리미확보,건조,맑음,단일로 - 기타,승용,남,57세,상해없음,승용,남,41세,상해없음
2014032300100154,2014년 3월 23일 09시,일요일,부산광역시 부산진구 양정동,중상사고,0,1,0,0,차대사람 - 길가장자리구역통행중,보행자보호의무위반,건조,맑음,단일로 - 기타,화물,남,65세,상해없음,보행자,남,5세,중상
2014032300100174,2014년 3월 23일 10시,일요일,부산광역시 금정구 구서동,경상사고,0,0,2,0,차대차 - 측면직각충돌,신호위반,건조,맑음,교차로 - 교차로안,승용,남,29세,상해없음,승용,남,30세,경상
2014032300100197,2014년 3월 23일 11시,일요일,부산광역시 동구 범일동,경상사고,0,0,1,0,차대차 - 추돌 - 주정차중,안전운전불이행,건조,맑음,단일로 - 기타,승합,남,39세,상해없음,승용,남,51세,경상
2014032300100218,2014년 3월 23일 12시,일요일,부산광역시 동구 초량동,경상사고,0,0,2,0,차대차 - 측면직각충돌,안전거리미확보,건조,맑음,단일로 - 기타,승용,남,65세,상해없음,승용,남,50세,경상
2014032300100219,2014년 3월 23일 12시,일요일,부산광역시 해운대구 우동,중상사고,0,1,0,0,차대차 - 추돌 - 주정차중,안전운전불이행,건조,맑음,단일로 - 기타,화물,남,40세,상해없음,자전거,여,38세,중상
2014032300100220,2014년 3월 23일 12시,일요일,부산광역시 연제구 연산동,경상사고,0,0,1,0,차대사람 - 차도통행중,안전운전불이행,건조,맑음,단일로 - 기타,이륜,여,45세,상해없음,보행자,여,49세,경상
2014032300100294,2014년 3월 23일 15시,일요일,부산광역시 중구 중앙동1가,경상사고,0,0,1,0,차대차 - 측면직각충돌,안전운전불이행,건조,맑음,교차로 - 교차로안,승용,남,29세,상해없음,승용,남,33세,경상
2014032300100327,2014년 3월 23일 16시,일요일,부산광역시 남구 용호동,사망사고,1,0,0,0,차대사람 - 기타,안전운전불이행,건조,맑음,단일로 - 기타,승용,여,48세,상해없음,보행자,남,68세,사망
2014032300100360,2014년 3월 23일 17시,일요일,부산광역시 동구 범일동,중상사고,0,1,3,0,차대차 - 측면직각충돌,교차로운행방법위반,건조,맑음,교차로 - 교차로안,승용,남,38세,상해없음,승용,여,59세,중상
2014032300100390,2014년 3월 23일 18시,일요일,부산광역시 수영구 광안동,중상사고,0,1,0,0,차대차 - 기타,안전운전불이행,건조,맑음,단일로 - 기타,기타불명,기타불명,기타불명,기타불명,승용,남,40세,중상
2014032300100391,2014년 3월 23일 18시,일요일,부산광역시 부산진구 전포동,경상사고,0,0,1,0,차대사람 - 기타,안전운전불이행,건조,맑음,단일로 - 기타,승용,여,26세,상해없음,보행자,여,43세,경상
2014032300100420,2014년 3월 23일 19시,일요일,부산광역시 동래구 온천동,중상사고,0,3,0,0,차대차 - 추돌 - 주정차중,안전운전불이행,건조,맑음,단일로 - 기타,화물,남,47세,상해없음,승용,남,34세,중상
2014032300100458,2014년 3월 23일 20시,일요일,부산광역시 부산진구 가야동,중상사고,0,1,0,0,차대사람 - 횡단중,안전운전불이행,건조,맑음,단일로 - 기타,이륜,남,29세,상해없음,보행자,남,52세,중상
2014032300100507,2014년 3월 23일 22시,일요일,부산광역시 중구 남포동6가,중상사고,0,1,0,0,차대사람 - 기타,안전운전불이행,건조,맑음,단일로 - 횡단보도상,승합,남,33세,상해없음,보행자,남,62세,중상
2014032300100508,2014년 3월 23일 22시,일요일,부산광역시 북구 만덕동,중상사고,0,2,3,0,차대차 - 정면충돌,안전운전불이행,건조,맑음,단일로 - 기타,승용,여,31세,경상,승합,남,19세,중상
2014032400100003,2014년 3월 24일 00시,월요일,부산광역시 동구 좌천동,중상사고,0,2,0,0,차량단독 - 공작물충돌,안전운전불이행,건조,맑음,교차로 - 교차로안,승용,남,62세,상해없음,,,,
2014032400100026,2014년 3월 24일 02시,월요일,부산광역시 동래구 온천동,중상사고,0,1,0,0,차량단독 - 공작물충돌,안전운전불이행,건조,맑음,교차로 - 교차로부근,승용,남,27세,상해없음,,,,
2014032400100061,2014년 3월 24일 06시,월요일,부산광역시 사하구 괴정동,경상사고,0,0,1,0,차대차 - 측면직각충돌,안전운전불이행,건조,맑음,교차로 - 교차로부근,승용,남,54세,상해없음,승용,남,56세,상해없음
2014032400100075,2014년 3월 24일 07시,월요일,부산광역시 남구 용호동,중상사고,0,1,0,0,차대사람 - 기타,안전운전불이행,건조,맑음,기타 - 기타,승용,남,54세,상해없음,보행자,여,15세,중상
2014032400100076,2014년 3월 24일 07시,월요일,부산광역시 해운대구 반여동,경상사고,0,0,1,0,차대사람 - 길가장자리구역통행중,안전운전불이행,건조,맑음,단일로 - 기타,화물,남,52세,상해없음,보행자,남,24세,경상
2014032400100077,2014년 3월 24일 07시,월요일,부산광역시 사상구 감전동,중상사고,0,2,1,0,차대차 - 측면직각충돌,교차로운행방법위반,건조,맑음,교차로 - 교차로안,승용,남,60세,경상,승용,여,54세,중상
2014032400100114,2014년 3월 24일 08시,월요일,부산광역시 중구 보수동1가,중상사고,0,1,0,0,차대사람 - 기타,안전운전불이행,건조,맑음,단일로 - 기타,화물,남,63세,상해없음,보행자,여,59세,중상
2014032400100115,2014년 3월 24일 08시,월요일,부산광역시 서구 동대신동1가,중상사고,0,1,0,0,차대차 - 측면직각충돌,안전운전불이행,기타,맑음,단일로 - 기타,승용,여,60세,상해없음,이륜,남,62세,중상
2014032400100116,2014년 3월 24일 08시,월요일,부산광역시 남구 대연동,중상사고,0,1,1,0,차대차 - 추돌 - 진행중,신호위반,건조,맑음,교차로 - 교차로안,승용,남,68세,상해없음,승용,남,67세,중상
2014032400100152,2014년 3월 24일 09시,월요일,부산광역시 중구 부평동3가,경상사고,0,0,2,0,차대차 - 기타,신호위반,건조,맑음,교차로 - 교차로안,승합,남,61세,경상,화물,남,69세,상해없음
2014032400100153,2014년 3월 24일 09시,월요일,부산광역시 금정구 금사동,부상신고사고,0,0,0,2,차대차 - 측면직각충돌,교차로운행방법위반,건조,맑음,교차로 - 교차로안,승용,남,33세,상해없음,승합,남,42세,상해없음
2014032400100185,2014년 3월 24일 10시,월요일,부산광역시 동구 초량동,경상사고,0,0,1,0,차대차 - 추돌 - 진행중,안전거리미확보,건조,맑음,단일로 - 기타,특수,남,45세,상해없음,승용,여,40세,경상
2014032400100186,2014년 3월 24일 10시,월요일,부산광역시 영도구 동삼동,중상사고,0,1,0,0,차대사람 - 횡단중,보행자보호의무위반,건조,맑음,교차로 - 교차로안,승용,여,30세,상해없음,보행자,여,63세,중상
2014032400100187,2014년 3월 24일 10시,월요일,부산광역시 해운대구 중동,중상사고,0,1,0,0,차대차 - 측면직각충돌,안전운전불이행,건조,맑음,교차로 - 교차로부근,승용,남,74세,중상,승용,남,46세,기타불명
2014032400100220,2014년 3월 24일 11시,월요일,부산광역시 부산진구 부암동,중상사고,0,1,0,0,차대사람 - 차도통행중,안전운전불이행,건조,맑음,단일로 - 기타,승용,여,37세,상해없음,보행자,여,70세,중상
2014032400100221,2014년 3월 24일 11시,월요일,부산광역시 부산진구 당감동,부상신고사고,0,0,0,1,차대차 - 기타,안전운전불이행,기타,맑음,단일로 - 기타,승용,남,64세,상해없음,승용,여,68세,상해없음
2014032400100245,2014년 3월 24일 12시,월요일,부산광역시 해운대구 우동,경상사고,0,0,1,0,차대차 - 기타,신호위반,건조,맑음,교차로 - 교차로안,승용,남,29세,상해없음,이륜,남,34세,경상
2014032400100267,2014년 3월 24일 13시,월요일,부산광역시 북구 덕천동,경상사고,0,0,1,0,차대사람 - 기타,안전운전불이행,건조,맑음,단일로 - 기타,승용,남,58세,상해없음,보행자,여,56세,경상
2014032400100268,2014년 3월 24일 13시,월요일,부산광역시 강서구 강동동,경상사고,0,0,2,0,차대차 - 추돌 - 주정차중,안전운전불이행,건조,맑음,교차로 - 교차로안,승용,여,54세,상해없음,승용,여,45세,경상
2014032400100289,2014년 3월 24일 14시,월요일,부산광역시 동래구 온천동,부상신고사고,0,0,0,1,차대차 - 측면직각충돌,교차로운행방법위반,건조,맑음,교차로 - 교차로안,승용,여,41세,상해없음,원동기,남,63세,부상신고
2014032400100290,2014년 3월 24일 14시,월요일,부산광역시 부산진구 부전동,중상사고,0,1,0,0,차량단독 - 기타,기타,기타,맑음,단일로 - 기타,승합,남,51세,상해없음,,,,
2014032400100322,2014년 3월 24일 15시,월요일,부산광역시 서구 동대신동1가,중상사고,0,1,2,0,차대차 - 추돌 - 진행중,안전운전불이행,건조,맑음,단일로 - 기타,승용,남,49세,상해없음,승용,남,61세,중상
2014032400100323,2014년 3월 24일 15시,월요일,부산광역시 강서구 명지동,경상사고,0,0,1,0,차대차 - 측면직각충돌,안전운전불이행,건조,맑음,단일로 - 횡단보도부근,승용,남,59세,상해없음,승용,남,55세,경상
2014032400100392,2014년 3월 24일 17시,월요일,부산광역시 남구 대연동,중상사고,0,1,0,0,차대사람 - 기타,보행자보호의무위반,건조,맑음,교차로 - 교차로부근,승합,남,27세,상해없음,보행자,여,15세,중상
2014032400100427,2014년 3월 24일 18시,월요일,부산광역시 남구 용호동,경상사고,0,0,1,0,차대차 - 기타,차로위반,건조,맑음,단일로 - 기타,승용,남,47세,상해없음,이륜,남,30세,경상
2014032400100457,2014년 3월 24일 19시,월요일,부산광역시 동래구 명륜동,중상사고,0,1,1,0,차대사람 - 횡단중,안전운전불이행,건조,흐림,단일로 - 기타,기타불명,기타불명,기타불명,기타불명,보행자,여,37세,중상
2014032400100458,2014년 3월 24일 19시,월요일,부산광역시 영도구 영선동2가,중상사고,0,1,0,0,차대차 - 측면직각충돌,교차로운행방법위반,건조,맑음,교차로 - 교차로안,승용,남,57세,상해없음,이륜,여,41세,중상
2014032400100459,2014년 3월 24일 19시,월요일,부산광역시 사하구 신평동,중상사고,0,1,0,0,차대사람 - 기타,안전운전불이행,건조,맑음,단일로 - 기타,승용,남,42세,상해없음,보행자,여,78세,중상
2014032400100460,2014년 3월 24일 19시,월요일,부산광역시 사하구 괴정동,경상사고,0,0,1,0,차대차 - 추돌 - 진행중,안전운전불이행,건조,맑음,단일로 - 기타,승용,여,32세,상해없음,화물,남,58세,경상
2014032400100496,2014년 3월 24일 20시,월요일,부산광역시 서구 아미동2가,경상사고,0,0,2,0,차대차 - 측면직각충돌,안전운전불이행,건조,맑음,단일로 - 기타,승용,남,30세,상해없음,이륜,남,58세,경상
2014032400100497,2014년 3월 24일 20시,월요일,부산광역시 부산진구 당감동,중상사고,0,1,0,0,차대차 - 기타,차로위반,건조,맑음,단일로 - 기타,승용,남,21세,상해없음,이륜,남,19세,중상
2014032400100533,2014년 3월 24일 21시,월요일,부산광역시 연제구 거제동,경상사고,0,0,1,0,차대사람 - 기타,안전운전불이행,건조,맑음,단일로 - 기타,승용,남,61세,상해없음,보행자,여,27세,경상
2014032400100556,2014년 3월 24일 22시,월요일,부산광역시 동구 수정동,경상사고,0,0,1,0,차대차 - 기타,안전운전불이행,건조,맑음,교차로 - 교차로안,기타불명,남,53세,경상,승용,남,44세,상해없음
2014032400100578,2014년 3월 24일 23시,월요일,부산광역시 동래구 온천동,경상사고,0,0,1,0,차대사람 - 기타,안전운전불이행,건조,맑음,단일로 - 기타,승용,남,52세,상해없음,보행자,남,61세,경상
2014032400100579,2014년 3월 24일 23시,월요일,부산광역시 영도구 영선동1가,경상사고,0,0,1,0,차대차 - 측면직각충돌,신호위반,건조,맑음,교차로 - 교차로안,승용,남,23세,상해없음,승용,남,21세,경상
2014032500100005,2014년 3월 25일 00시,화요일,부산광역시 북구 구포동,경상사고,0,0,2,0,차대차 - 추돌 - 주정차중,안전운전불이행,건조,맑음,교차로 - 교차로부근,승용,남,22세,상해없음,승용,남,49세,경상
2014032500100006,2014년 3월 25일 00시,화요일,부산광역시 동래구 온천동,사망사고,1,0,0,0,차대차 - 측면직각충돌,중앙선침범,건조,맑음,단일로 - 기타,원동기,남,28세,사망,승용,남,41세,상해없음
2014032500100018,2014년 3월 25일 01시,화요일,부산광역시 북구 구포동,경상사고,0,0,1,0,차대차 - 기타,불법유턴,건조,맑음,교차로 - 교차로부근,승용,기타불명,기타불명,기타불명,승용,남,59세,상해없음
2014032500100039,2014년 3월 25일 03시,화요일,부산광역시 부산진구 당감동,중상사고,0,1,2,0,차량단독 - 전도전복,안전운전불이행,건조,맑음,미분류 - 미분류,승용,남,18세,상해없음,,,,
2014032500100040,2014년 3월 25일 03시,화요일,부산광역시 부산진구 부암동,중상사고,0,1,0,0,차대차 - 측면직각충돌,신호위반,건조,맑음,교차로 - 교차로안,승용,남,58세,상해없음,승용,남,59세,중상
2014032500100041,2014년 3월 25일 03시,화요일,부산광역시 부산진구 전포동,중상사고,0,1,0,0,차량단독 - 공작물충돌,안전운전불이행,건조,맑음,단일로 - 기타,승용,여,55세,중상,,,,
2014032500100042,2014년 3월 25일 03시,화요일,부산광역시 사상구 주례동,중상사고,0,1,1,0,차대차 - 기타,안전운전불이행,건조,맑음,교차로 - 교차로부근,승용,남,31세,상해없음,승용,남,44세,경상
2014032500100047,2014년 3월 25일 04시,화요일,부산광역시 수영구 광안동,경상사고,0,0,2,0,차대차 - 기타,직진우회전진행방해,습기,흐림,교차로 - 교차로안,승용,남,26세,상해없음,승용,남,58세,경상
2014032500100048,2014년 3월 25일 04시,화요일,부산광역시 동래구 수안동,중상사고,0,1,0,0,차대사람 - 횡단중,신호위반,건조,맑음,단일로 - 횡단보도상,승용,남,34세,상해없음,보행자,여,35세,중상
2014032500100085,2014년 3월 25일 07시,화요일,부산광역시 서구 남부민동,중상사고,0,1,1,0,차대차 - 정면충돌,중앙선침범,건조,맑음,단일로 - 기타,승용,남,33세,경상,승용,남,40세,중상
2014032500100086,2014년 3월 25일 07시,화요일,부산광역시 기장군 장안읍,중상사고,0,1,0,0,차대차 - 기타,안전운전불이행,건조,맑음,단일로 - 기타,화물,남,46세,상해없음,승용,남,47세,중상
2014032500100161,2014년 3월 25일 10시,화요일,부산광역시 동구 수정동,중상사고,0,1,0,0,차대사람 - 기타,안전운전불이행,건조,맑음,단일로 - 기타,화물,남,58세,상해없음,보행자,여,80세,중상
2014032500100162,2014년 3월 25일 10시,화요일,부산광역시 남구 문현동,중상사고,0,1,2,0,차대차 - 기타,안전운전불이행,건조,맑음,교차로 - 교차로안,승용,남,63세,상해없음,화물,남,60세,중상
2014032500100163,2014년 3월 25일 10시,화요일,부산광역시 북구 덕천동,경상사고,0,0,1,0,차대사람 - 길가장자리구역통행중,안전운전불이행,건조,맑음,단일로 - 기타,승용,여,38세,기타불명,보행자,남,20세,경상
2014032500100183,2014년 3월 25일 11시,화요일,부산광역시 부산진구 양정동,중상사고,0,1,0,0,차대사람 - 기타,안전운전불이행,기타,맑음,단일로 - 기타,승용,여,39세,상해없음,보행자,남,52세,중상
2014032500100227,2014년 3월 25일 13시,화요일,부산광역시 중구 남포동1가,중상사고,0,1,0,0,차대사람 - 기타,안전운전불이행,건조,맑음,단일로 - 기타,승용,남,57세,상해없음,보행자,여,62세,중상
2014032500100228,2014년 3월 25일 13시,화요일,부산광역시 남구 대연동,경상사고,0,0,2,0,차대차 - 측면직각충돌,교차로운행방법위반,습기,비,단일로 - 기타,승용,남,64세,상해없음,화물,남,47세,상해없음
2014032500100229,2014년 3월 25일 13시,화요일,부산광역시 동래구 명장동,중상사고,0,1,2,0,차대차 - 측면직각충돌,교차로운행방법위반,건조,맑음,교차로 - 교차로안,화물,남,32세,상해없음,승합,남,57세,상해없음
2014032500100258,2014년 3월 25일 14시,화요일,부산광역시 동래구 온천동,경상사고,0,0,1,0,차대차 - 정면충돌,중앙선침범,습기,비,단일로 - 기타,승용,남,67세,상해없음,화물,남,51세,경상
2014032500100281,2014년 3월 25일 15시,화요일,부산광역시 북구 덕천동,중상사고,0,1,0,0,차대차 - 추돌 - 진행중,안전거리미확보,습기,흐림,단일로 - 기타,승용,남,60세,상해없음,승합,여,47세,중상
2014032500100307,2014년 3월 25일 16시,화요일,부산광역시 강서구 명지동,경상사고,0,0,1,2,차대차 - 정면충돌,신호위반,습기,비,교차로 - 교차로안,화물,남,32세,부상신고,승용,여,51세,경상
2014032500100335,2014년 3월 25일 17시,화요일,부산광역시 남구 대연동,중상사고,0,4,13,25,차대차 - 추돌 - 진행중,안전운전불이행,습기,비,교차로 - 교차로부근,승합,남,53세,기타불명,승합,남,42세,중상
2014032500100336,2014년 3월 25일 17시,화요일,부산광역시 동래구 온천동,중상사고,0,1,0,0,차대차 - 측면직각충돌,안전운전불이행,건조,맑음,단일로 - 기타,승용,여,39세,상해없음,승용,여,37세,중상
2014032500100337,2014년 3월 25일 17시,화요일,부산광역시 강서구 대저2동,중상사고,0,1,0,0,차대차 - 측면직각충돌,안전운전불이행,습기,비,교차로 - 교차로안,이륜,남,51세,중상,승용,남,57세,상해없음
2014032500100373,2014년 3월 25일 18시,화요일,부산광역시 중구 대청동1가,중상사고,0,1,0,0,차대사람 - 횡단중,보행자보호의무위반,건조,맑음,단일로 - 횡단보도상,화물,남,56세,상해없음,보행자,여,45세,중상
2014032500100374,2014년 3월 25일 18시,화요일,부산광역시 북구 구포동,경상사고,0,0,1,0,차대차 - 기타,안전운전불이행,건조,맑음,단일로 - 기타,승용,남,34세,상해없음,승용,여,25세,경상
2014032500100426,2014년 3월 25일 19시,화요일,부산광역시 동구 좌천동,경상사고,0,0,1,0,차대차 - 추돌 - 진행중,안전거리미확보,습기,비,단일로 - 기타,승용,남,59세,상해없음,승용,남,51세,경상
2014032500100427,2014년 3월 25일 19시,화요일,부산광역시 남구 문현동,경상사고,0,0,1,0,차대사람 - 기타,안전운전불이행,습기,비,단일로 - 기타,승용,기타불명,기타불명,기타불명,보행자,여,66세,경상
2014032500100428,2014년 3월 25일 19시,화요일,부산광역시 남구 용호동,중상사고,0,1,0,0,차대사람 - 횡단중,신호위반,습기,비,교차로 - 교차로부근,화물,남,38세,상해없음,보행자,여,66세,중상
2014032500100429,2014년 3월 25일 19시,화요일,부산광역시 남구 용호동,경상사고,0,0,1,0,차대차 - 추돌 - 진행중,신호위반,건조,맑음,교차로 - 교차로부근,승용,남,56세,상해없음,승용,남,45세,경상
2014032500100430,2014년 3월 25일 19시,화요일,부산광역시 사하구 장림동,중상사고,0,1,0,0,차대사람 - 길가장자리구역통행중,안전운전불이행,습기,비,단일로 - 기타,승용,남,45세,상해없음,보행자,남,30세,중상
2014032500100473,2014년 3월 25일 20시,화요일,부산광역시 동구 수정동,부상신고사고,0,0,0,1,차대사람 - 보도통행중,기타,습기,비,단일로 - 기타,원동기,남,66세,상해없음,보행자,남,63세,부상신고
2014032500100474,2014년 3월 25일 20시,화요일,부산광역시 서구 서대신동2가,경상사고,0,0,1,0,차대차 - 측면직각충돌,중앙선침범,습기,비,단일로 - 기타,화물,남,30세,상해없음,화물,남,48세,경상
2014032500100520,2014년 3월 25일 21시,화요일,부산광역시 중구 부평동1가,경상사고,0,0,2,0,차대차 - 측면직각충돌,신호위반,습기,비,교차로 - 교차로안,승용,여,42세,상해없음,승용,남,59세,경상
2014032500100521,2014년 3월 25일 21시,화요일,부산광역시 부산진구 부전동,경상사고,0,0,1,0,차대차 - 추돌 - 주정차중,안전거리미확보,습기,비,단일로 - 기타,승용,남,53세,상해없음,승합,남,55세,경상
2014032500100522,2014년 3월 25일 21시,화요일,부산광역시 사하구 장림동,경상사고,0,0,1,0,차대사람 - 횡단중,보행자보호의무위반,기타,비,교차로 - 교차로안,승용,남,25세,상해없음,보행자,남,21세,경상
2014032500100565,2014년 3월 25일 22시,화요일,부산광역시 금정구 남산동,중상사고,0,2,0,0,차대사람 - 기타,기타,습기,비,교차로 - 교차로안,승용,남,62세,상해없음,보행자,남,50세,중상
2014032500100566,2014년 3월 25일 22시,화요일,부산광역시 연제구 연산동,경상사고,0,0,1,0,차대차 - 측면직각충돌,안전운전불이행,습기,비,단일로 - 기타,승용,남,39세,상해없음,이륜,남,32세,경상
2014032500100567,2014년 3월 25일 22시,화요일,부산광역시 사상구 모라동,경상사고,0,0,1,0,차대차 - 측면직각충돌,안전운전불이행,습기,비,단일로 - 기타,승용,여,28세,상해없음,승합,남,61세,상해없음
2014032500100608,2014년 3월 25일 23시,화요일,부산광역시 남구 대연동,중상사고,0,1,0,0,차대사람 - 기타,신호위반,습기,비,단일로 - 횡단보도상,승합,남,70세,상해없음,보행자,남,24세,중상
2014032500100609,2014년 3월 25일 23시,화요일,부산광역시 수영구 광안동,중상사고,0,2,0,0,차대차 - 정면충돌,신호위반,습기,비,교차로 - 교차로안,승용,남,31세,상해없음,승용,남,53세,중상
2014032500100610,2014년 3월 25일 23시,화요일,부산광역시 동래구 사직동,경상사고,0,0,1,0,차대차 - 추돌 - 진행중,안전운전불이행,습기,비,단일로 - 기타,승용,남,31세,상해없음,승용,남,39세,경상
2014032500100611,2014년 3월 25일 23시,화요일,부산광역시 부산진구 부암동,중상사고,0,2,0,0,차대차 - 정면충돌,중앙선침범,습기,비,교차로 - 교차로부근,승합,남,49세,상해없음,승용,남,49세,중상
2014032500100612,2014년 3월 25일 23시,화요일,부산광역시 금정구 부곡동,경상사고,0,0,1,0,차대차 - 측면직각충돌,직진우회전진행방해,습기,비,교차로 - 교차로안,승용,남,35세,상해없음,승용,남,49세,상해없음