사고번호,사고일시,요일,시군구,사고내용,사망자수,중상자수,경상자수,부상신고자수,사고유형,법규위반,노면상태,기상상태,도로형태,가해운전자 차종,가해운전자 성별,가해운전자 연령,가해운전자 상해정도,피해운전자 차종,피해운전자 성별,피해운전자 연령,피해운전자 상해정도
2014032900100185,2014년 3월 29일 09시,토요일,부산광역시 금정구 남산동,중상사고,0,2,0,0,차대차 - 추돌 - 주정차중,안전거리미확보,건조,맑음,단일로 - 기타,승용,남,50세,상해없음,승용,남,47세,중상
2014032900100186,2014년 3월 29일 09시,토요일,부산광역시 사하구 다대동,부상신고사고,0,0,0,1,차대사람 - 기타,안전운전불이행,습기,비,단일로 - 기타,기타불명,기타불명,기타불명,기타불명,보행자,여,13세,부상신고
2014032900100187,2014년 3월 29일 09시,토요일,부산광역시 강서구 범방동,중상사고,0,1,0,0,차대차 - 추돌 - 주정차중,안전운전불이행,습기,비,교차로 - 교차로부근,승용,여,41세,상해없음,승용,남,37세,중상
2014032900100206,2014년 3월 29일 10시,토요일,부산광역시 사하구 신평동,경상사고,0,0,1,0,차대차 - 추돌 - 진행중,신호위반,건조,맑음,단일로 - 기타,화물,남,46세,상해없음,승용,남,57세,경상
2014032900100227,2014년 3월 29일 11시,토요일,부산광역시 동구 초량동,경상사고,0,0,1,0,차대사람 - 기타,안전운전불이행,건조,맑음,교차로 - 교차로안,승용,남,47세,상해없음,보행자,여,48세,경상
2014032900100228,2014년 3월 29일 11시,토요일,부산광역시 부산진구 양정동,부상신고사고,0,0,0,1,차량단독 - 기타,안전운전불이행,습기,비,단일로 - 기타,승합,남,53세,상해없음,,,,
2014032900100229,2014년 3월 29일 11시,토요일,부산광역시 금정구 구서동,경상사고,0,0,1,0,차대차 - 측면직각충돌,신호위반,습기,비,교차로 - 교차로안,승용,남,22세,상해없음,이륜,남,19세,경상
2014032900100255,2014년 3월 29일 12시,토요일,부산광역시 중구 영주동,경상사고,0,0,1,0,차대차 - 측면직각충돌,안전운전불이행,건조,맑음,단일로 - 기타,승용,남,34세,상해없음,승용,남,42세,상해없음
2014032900100283,2014년 3월 29일 13시,토요일,부산광역시 동구 범일동,중상사고,0,3,6,0,차대차 - 기타,중앙선침범,습기,비,단일로 - 기타,화물,남,21세,상해없음,승합,남,56세,중상
2014032900100284,2014년 3월 29일 13시,토요일,부산광역시 북구 만덕동,경상사고,0,0,1,0,차대차 - 추돌 - 진행중,안전운전불이행,습기,비,단일로 - 기타,승용,여,32세,기타불명,승용,남,52세,경상
2014032900100285,2014년 3월 29일 13시,토요일,부산광역시 해운대구 좌동,경상사고,0,0,1,0,차대사람 - 보도통행중,보행자보호의무위반,습기,기타,단일로 - 기타,승용,여,54세,상해없음,보행자,남,51세,경상
2014032900100354,2014년 3월 29일 15시,토요일,부산광역시 사상구 엄궁동,경상사고,0,0,1,0,차대사람 - 횡단중,신호위반,습기,비,단일로 - 횡단보도상,승용,여,32세,상해없음,보행자,남,70세,경상
2014032900100388,2014년 3월 29일 16시,토요일,부산광역시 부산진구 초읍동,중상사고,0,1,0,0,차대사람 - 횡단중,안전운전불이행,습기,비,단일로 - 기타,승용,남,30세,상해없음,보행자,남,12세,중상
2014032900100424,2014년 3월 29일 17시,토요일,부산광역시 수영구 민락동,경상사고,0,0,2,0,차대차 - 추돌 - 진행중,안전거리미확보,습기,비,단일로 - 기타,승용,남,48세,상해없음,승용,여,45세,경상
2014032900100466,2014년 3월 29일 18시,토요일,부산광역시 남구 대연동,중상사고,0,1,2,0,차대차 - 추돌 - 주정차중,안전운전불이행,습기,비,단일로 - 기타,승용,남,59세,상해없음,승용,여,37세,경상
2014032900100467,2014년 3월 29일 18시,토요일,부산광역시 수영구 망미동,경상사고,0,0,1,0,차대차 - 기타,안전운전불이행,건조,맑음,단일로 - 기타,승용,남,52세,상해없음,승용,남,33세,경상
2014032900100468,2014년 3월 29일 18시,토요일,부산광역시 강서구 대저2동,중상사고,0,1,0,1,차대차 - 정면충돌,신호위반,습기,비,기타 - 기타,화물,남,34세,부상신고,승용,남,36세,중상
2014032900100499,2014년 3월 29일 19시,토요일,부산광역시 해운대구 좌동,중상사고,0,1,0,0,차대차 - 추돌 - 진행중,차로위반,습기,비,교차로 - 교차로부근,승용,남,30세,상해없음,승용,여,40세,중상
2014032900100500,2014년 3월 29일 19시,토요일,부산광역시 부산진구 부암동,경상사고,0,0,2,0,차대차 - 추돌 - 진행중,안전운전불이행,습기,비,교차로 - 교차로부근,승합,남,34세,상해없음,승용,여,38세,경상
2014032900100501,2014년 3월 29일 19시,토요일,부산광역시 부산진구 가야동,중상사고,0,1,0,0,차대사람 - 횡단중,보행자보호의무위반,습기,비,교차로 - 교차로부근,승용,남,71세,상해없음,보행자,여,74세,중상
2014032900100543,2014년 3월 29일 20시,토요일,부산광역시 서구 서대신동2가,경상사고,0,0,3,0,차대차 - 측면직각충돌,차로위반,습기,비,단일로 - 터널,승용,남,29세,경상,승합,남,58세,경상
2014032900100544,2014년 3월 29일 20시,토요일,부산광역시 사상구 괘법동,경상사고,0,0,7,0,차대차 - 측면직각충돌,차로위반,습기,비,단일로 - 기타,승합,남,41세,상해없음,승용,남,48세,경상
2014032900100577,2014년 3월 29일 21시,토요일,부산광역시 동구 범일동,중상사고,0,1,0,0,차대사람 - 횡단중,안전운전불이행,건조,맑음,교차로 - 교차로부근,승용,남,67세,상해없음,보행자,남,56세,중상
2014032900100578,2014년 3월 29일 21시,토요일,부산광역시 해운대구 우동,경상사고,0,0,1,0,차대사람 - 기타,안전운전불이행,건조,맑음,단일로 - 기타,원동기,남,22세,상해없음,보행자,남,35세,경상
2014032900100579,2014년 3월 29일 21시,토요일,부산광역시 부산진구 양정동,경상사고,0,0,1,0,차대차 - 기타,차로위반,습기,비,단일로 - 기타,승용,남,56세,상해없음,이륜,남,18세,경상
2014032900100615,2014년 3월 29일 22시,토요일,부산광역시 서구 동대신동3가,중상사고,0,1,0,0,차대차 - 측면직각충돌,신호위반,습기,비,교차로 - 교차로안,승용,여,26세,상해없음,승용,여,25세,중상
2014032900100616,2014년 3월 29일 22시,토요일,부산광역시 남구 용호동,경상사고,0,0,1,0,차대차 - 측면직각충돌,교차로운행방법위반,건조,맑음,교차로 - 교차로안,승용,남,49세,상해없음,원동기,남,49세,경상
2014032900100617,2014년 3월 29일 22시,토요일,부산광역시 사하구 하단동,경상사고,0,0,1,0,차대차 - 기타,안전거리미확보,습기,비,기타 - 기타,승용,남,59세,상해없음,승용,남,58세,경상
2014032900100618,2014년 3월 29일 22시,토요일,부산광역시 강서구 대저1동,경상사고,0,0,3,0,차대차 - 측면직각충돌,안전운전불이행,습기,비,단일로 - 기타,승용,남,39세,상해없음,승용,남,36세,경상
2014032900100662,2014년 3월 29일 23시,토요일,부산광역시 동래구 안락동,경상사고,0,0,1,1,차대차 - 측면직각충돌,신호위반,습기,비,교차로 - 교차로안,승용,여,26세,상해없음,승용,남,66세,경상
2014032900100663,2014년 3월 29일 23시,토요일,부산광역시 영도구 청학동,사망사고,1,0,0,0,차대사람 - 횡단중,안전운전불이행,습기,비,단일로 - 횡단보도부근,승용,남,47세,상해없음,보행자,남,63세,사망
2014033000100008,2014년 3월 30일 00시,일요일,부산광역시 서구 충무동1가,경상사고,0,0,1,0,차대차 - 측면직각충돌,안전운전불이행,습기,비,교차로 - 교차로안,승용,남,44세,상해없음,승용,남,51세,상해없음
2014033000100009,2014년 3월 30일 00시,일요일,부산광역시 동래구 온천동,부상신고사고,0,0,0,1,차대사람 - 횡단중,보행자보호의무위반,습기,비,교차로 - 교차로부근,승용,기타불명,기타불명,기타불명,보행자,남,45세,부상신고
2014033000100010,2014년 3월 30일 00시,일요일,부산광역시 부산진구 범천동,부상신고사고,0,0,0,1,차대사람 - 기타,안전운전불이행,습기,흐림,교차로 - 교차로안,승용,남,34세,상해없음,보행자,여,58세,부상신고
2014033000100011,2014년 3월 30일 00시,일요일,부산광역시 금정구 서동,경상사고,0,0,1,0,차대차 - 측면직각충돌,불법유턴,건조,맑음,교차로 - 교차로안,승용,남,32세,상해없음,승용,남,31세,경상
2014033000100033,2014년 3월 30일 01시,일요일,부산광역시 서구 동대신동1가,중상사고,0,1,0,0,차대사람 - 횡단중,신호위반,습기,비,단일로 - 기타,승용,남,49세,상해없음,보행자,남,39세,중상
2014033000100034,2014년 3월 30일 01시,일요일,부산광역시 동래구 온천동,경상사고,0,0,1,0,차대차 - 기타,안전운전불이행,건조,맑음,단일로 - 기타,승용,남,59세,상해없음,승용,남,24세,경상
2014033000100035,2014년 3월 30일 01시,일요일,부산광역시 부산진구 범천동,경상사고,0,0,1,0,차대차 - 기타,교차로운행방법위반,습기,비,교차로 - 교차로안,승용,기타불명,기타불명,기타불명,승용,남,52세,경상
2014033000100036,2014년 3월 30일 01시,일요일,부산광역시 사하구 당리동,중상사고,0,1,0,0,차대사람 - 기타,안전운전불이행,건조,맑음,단일로 - 기타,승용,남,62세,상해없음,보행자,남,26세,중상
2014033000100058,2014년 3월 30일 02시,일요일,부산광역시 수영구 민락동,중상사고,0,1,2,0,차대차 - 측면직각충돌,안전거리미확보,습기,비,단일로 - 교량,승용,남,55세,상해없음,승용,남,44세,경상
2014033000100059,2014년 3월 30일 02시,일요일,부산광역시 북구 덕천동,경상사고,0,0,2,0,차대차 - 기타,신호위반,습기,비,교차로 - 교차로안,승용,남,49세,상해없음,승용,남,49세,경상
2014033000100060,2014년 3월 30일 02시,일요일,부산광역시 동래구 안락동,중상사고,0,1,0,0,차대차 - 추돌 - 진행중,안전운전불이행,습기,비,단일로 - 기타,승용,남,57세,상해없음,승용,남,30세,중상
2014033000100061,2014년 3월 30일 02시,일요일,부산광역시 사상구 모라동,중상사고,0,1,0,1,차대차 - 기타,안전운전불이행,습기,비,단일로 - 기타,승용,여,22세,중상,승용,남,43세,상해없음
2014033000100080,2014년 3월 30일 03시,일요일,부산광역시 수영구 민락동,경상사고,0,0,1,0,차대차 - 측면직각충돌,안전운전불이행,습기,비,단일로 - 기타,승용,남,43세,경상,승용,기타불명,기타불명,기타불명
2014033000100081,2014년 3월 30일 03시,일요일,부산광역시 해운대구 반여동,경상사고,0,0,1,0,차대차 - 측면직각충돌,신호위반,습기,비,교차로 - 교차로안,승용,남,36세,상해없음,승용,남,48세,경상
2014033000100098,2014년 3월 30일 04시,일요일,부산광역시 영도구 봉래동1가,중상사고,0,1,0,0,차대사람 - 길가장자리구역통행중,안전운전불이행,습기,비,단일로 - 기타,승용,남,27세,기타불명,보행자,남,40세,중상
2014033000100099,2014년 3월 30일 04시,일요일,부산광역시 해운대구 좌동,중상사고,0,1,0,0,차대사람 - 기타,안전운전불이행,습기,비,단일로 - 기타,승용,여,44세,상해없음,보행자,남,70세,중상
2014033000100107,2014년 3월 30일 05시,일요일,부산광역시 연제구 거제동,경상사고,0,0,2,0,차대차 - 추돌 - 진행중,안전거리미확보,건조,맑음,단일로 - 기타,승용,남,35세,상해없음,승용,남,38세,상해없음
2014033000100139,2014년 3월 30일 08시,일요일,부산광역시 북구 화명동,중상사고,0,1,0,0,차대차 - 정면충돌,안전운전불이행,건조,맑음,단일로 - 기타,승용,남,33세,상해없음,승용,여,34세,중상
2014033000100140,2014년 3월 30일 08시,일요일,부산광역시 동래구 사직동,경상사고,0,0,2,0,차대차 - 측면직각충돌,신호위반,건조,맑음,교차로 - 교차로안,승용,남,47세,상해없음,승용,남,60세,경상
2014033000100211,2014년 3월 30일 11시,일요일,부산광역시 금정구 장전동,경상사고,0,0,2,0,차대차 - 기타,신호위반,건조,맑음,교차로 - 교차로안,기타불명,기타불명,기타불명,기타불명,이륜,남,23세,경상
2014033000100212,2014년 3월 30일 11시,일요일,부산광역시 사하구 괴정동,경상사고,0,0,1,0,차대차 - 추돌 - 주정차중,안전운전불이행,건조,맑음,단일로 - 기타,승용,남,75세,상해없음,승용,남,52세,상해없음
2014033000100234,2014년 3월 30일 12시,일요일,부산광역시 동구 초량동,경상사고,0,0,4,0,차대차 - 추돌 - 주정차중,안전거리미확보,습기,비,단일로 - 기타,특수,남,64세,상해없음,승용,남,49세,경상
2014033000100235,2014년 3월 30일 12시,일요일,부산광역시 서구 암남동,중상사고,0,1,0,0,차대차 - 정면충돌,중앙선침범,기타,맑음,단일로 - 기타,승용,여,39세,상해없음,이륜,남,50세,중상
2014033000100236,2014년 3월 30일 12시,일요일,부산광역시 남구 용호동,경상사고,0,0,1,0,차대사람 - 횡단중,안전운전불이행,건조,맑음,단일로 - 기타,승용,여,40세,상해없음,보행자,남,40세,경상
2014033000100237,2014년 3월 30일 12시,일요일,부산광역시 사하구 괴정동,경상사고,0,0,1,0,차대사람 - 횡단중,안전운전불이행,습기,흐림,단일로 - 횡단보도부근,이륜,남,17세,상해없음,보행자,여,50세,경상
2014033000100261,2014년 3월 30일 13시,일요일,부산광역시 사상구 괘법동,경상사고,0,0,1,0,차대차 - 기타,안전운전불이행,습기,흐림,단일로 - 기타,이륜,남,19세,경상,승용,남,38세,상해없음
2014033000100289,2014년 3월 30일 14시,일요일,부산광역시 부산진구 연지동,중상사고,0,1,0,0,차대사람 - 기타,보행자보호의무위반,건조,맑음,단일로 - 기타,승용,남,48세,상해없음,보행자,남,7세,중상
2014033000100290,2014년 3월 30일 14시,일요일,부산광역시 강서구 범방동,중상사고,0,1,0,0,차대차 - 측면직각충돌,신호위반,건조,맑음,교차로 - 교차로안,승합,남,34세,상해없음,승용,남,63세,중상
2014033000100291,2014년 3월 30일 14시,일요일,부산광역시 기장군 기장읍,경상사고,0,0,1,0,차대사람 - 횡단중,안전운전불이행,건조,맑음,단일로 - 기타,승용,남,56세,상해없음,보행자,남,6세,경상
2014033000100292,2014년 3월 30일 14시,일요일,부산광역시 기장군 기장읍,중상사고,0,1,0,3,차대차 - 기타,안전거리미확보,건조,맑음,단일로 - 기타,승용,남,19세,상해없음,승용,남,59세,중상
2014033000100322,2014년 3월 30일 15시,일요일,부산광역시 동구 초량동,경상사고,0,0,1,0,차대차 - 기타,차로위반,건조,맑음,단일로 - 기타,승용,여,36세,상해없음,승용,남,40세,경상
2014033000100323,2014년 3월 30일 15시,일요일,부산광역시 북구 금곡동,경상사고,0,0,1,0,차대차 - 추돌 - 진행중,안전운전불이행,건조,맑음,단일로 - 기타,승용,남,39세,상해없음,자전거,남,14세,경상
2014033000100351,2014년 3월 30일 16시,일요일,부산광역시 중구 남포동4가,경상사고,0,0,1,0,차대사람 - 길가장자리구역통행중,안전운전불이행,건조,맑음,단일로 - 기타,승용,남,76세,상해없음,보행자,여,62세,경상
2014033000100352,2014년 3월 30일 16시,일요일,부산광역시 남구 용호동,중상사고,0,1,0,0,차대차 - 기타,안전운전불이행,건조,맑음,단일로 - 기타,자전거,남,18세,상해없음,자전거,남,14세,중상
2014033000100377,2014년 3월 30일 17시,일요일,부산광역시 사상구 주례동,경상사고,0,0,2,0,차대사람 - 길가장자리구역통행중,안전운전불이행,건조,맑음,단일로 - 기타,승용,남,25세,상해없음,보행자,여,12세,경상
2014033000100441,2014년 3월 30일 19시,일요일,부산광역시 영도구 청학동,경상사고,0,0,2,0,차대차 - 추돌 - 진행중,안전운전불이행,건조,맑음,교차로 - 교차로안,이륜,남,18세,상해없음,승용,남,46세,상해없음
2014033000100442,2014년 3월 30일 19시,일요일,부산광역시 해운대구 반송동,경상사고,0,0,1,0,차대차 - 기타,안전운전불이행,건조,맑음,교차로 - 교차로안,승용,남,63세,상해없음,이륜,남,20세,경상
2014033000100474,2014년 3월 30일 20시,일요일,부산광역시 동래구 낙민동,경상사고,0,0,2,0,차대차 - 측면직각충돌,신호위반,건조,맑음,교차로 - 교차로안,승용,남,40세,상해없음,승용,여,36세,경상
2014033000100475,2014년 3월 30일 20시,일요일,부산광역시 연제구 거제동,중상사고,0,1,2,0,차대차 - 측면직각충돌,안전운전불이행,건조,맑음,교차로 - 교차로부근,화물,남,65세,상해없음,승용,남,59세,중상
2014033000100519,2014년 3월 30일 22시,일요일,부산광역시 수영구 민락동,부상신고사고,0,0,0,1,차대차 - 기타,안전운전불이행,건조,맑음,단일로 - 기타,승용,남,30세,상해없음,승용,남,58세,부상신고
2014033000100540,2014년 3월 30일 23시,일요일,부산광역시 사상구 괘법동,경상사고,0,0,1,0,차대차 - 기타,안전운전불이행,건조,맑음,교차로 - 교차로안,승용,여,43세,상해없음,승용,남,41세,경상
2014033100100044,2014년 3월 31일 05시,월요일,부산광역시 해운대구 반여동,중상사고,0,1,0,0,차대사람 - 기타,중앙선침범,건조,맑음,단일로 - 기타,승용,남,57세,상해없음,보행자,여,64세,중상
2014033100100069,2014년 3월 31일 07시,월요일,부산광역시 사하구 신평동,중상사고,0,1,0,0,차대사람 - 기타,안전운전불이행,건조,맑음,단일로 - 기타,승용,기타불명,기타불명,기타불명,보행자,남,10세,중상
2014033100100070,2014년 3월 31일 07시,월요일,부산광역시 연제구 연산동,중상사고,0,1,0,0,차대사람 - 횡단중,안전운전불이행,건조,맑음,단일로 - 횡단보도상,승용,남,33세,상해없음,보행자,남,15세,중상
2014033100100100,2014년 3월 31일 08시,월요일,부산광역시 수영구 광안동,경상사고,0,0,1,0,차대차 - 추돌 - 진행중,안전운전불이행,건조,맑음,단일로 - 기타,승용,남,31세,상해없음,승합,남,63세,경상
2014033100100101,2014년 3월 31일 08시,월요일,부산광역시 금정구 장전동,부상신고사고,0,0,0,1,차대사람 - 기타,안전운전불이행,건조,맑음,단일로 - 기타,기타불명,기타불명,기타불명,기타불명,보행자,여,23세,부상신고
2014033100100134,2014년 3월 31일 09시,월요일,부산광역시 영도구 동삼동,경상사고,0,0,1,0,차대사람 - 기타,안전운전불이행,건조,맑음,단일로 - 기타,이륜,남,35세,상해없음,보행자,남,59세,경상
2014033100100135,2014년 3월 31일 09시,월요일,부산광역시 강서구 봉림동,경상사고,0,0,1,0,차대차 - 기타,신호위반,건조,맑음,교차로 - 교차로안,승용,여,35세,상해없음,화물,남,35세,경상
2014033100100136,2014년 3월 31일 09시,월요일,부산광역시 기장군 기장읍,부상신고사고,0,0,0,1,차대사람 - 길가장자리구역통행중,안전운전불이행,건조,맑음,단일로 - 기타,승합,남,46세,상해없음,보행자,남,62세,부상신고
2014033100100159,2014년 3월 31일 10시,월요일,부산광역시 해운대구 반송동,경상사고,0,0,3,0,차대차 - 추돌 - 진행중,안전운전불이행,건조,맑음,단일로 - 기타,승용,남,65세,상해없음,승용,여,47세,경상
2014033100100160,2014년 3월 31일 10시,월요일,부산광역시 사하구 괴정동,중상사고,0,1,1,1,차대차 - 측면직각충돌,교차로운행방법위반,기타,맑음,교차로 - 교차로안,승용,남,62세,부상신고,승용,남,52세,경상
2014033100100161,2014년 3월 31일 10시,월요일,부산광역시 사상구 주례동,경상사고,0,0,1,0,차대차 - 기타,안전거리미확보,건조,흐림,단일로 - 교량,승용,여,39세,상해없음,승용,남,58세,경상
2014033100100182,2014년 3월 31일 11시,월요일,부산광역시 사하구 하단동,중상사고,0,1,0,0,차대사람 - 횡단중,보행자보호의무위반,건조,맑음,단일로 - 횡단보도상,화물,남,55세,상해없음,보행자,여,59세,중상
2014033100100183,2014년 3월 31일 11시,월요일,부산광역시 연제구 연산동,경상사고,0,0,1,0,차대차 - 추돌 - 진행중,신호위반,건조,맑음,교차로 - 교차로부근,승용,남,32세,상해없음,화물,남,37세,경상
2014033100100203,2014년 3월 31일 12시,월요일,부산광역시 남구 대연동,중상사고,0,1,0,0,차대차 - 추돌 - 진행중,신호위반,건조,맑음,교차로 - 교차로안,화물,남,63세,상해없음,화물,남,58세,중상
2014033100100204,2014년 3월 31일 12시,월요일,부산광역시 연제구 거제동,중상사고,0,1,0,0,차대사람 - 보도통행중,기타,건조,맑음,단일로 - 기타,이륜,남,63세,상해없음,보행자,여,72세,중상
2014033100100229,2014년 3월 31일 13시,월요일,부산광역시 해운대구 재송동,중상사고,0,1,1,0,차대차 - 기타,안전운전불이행,건조,맑음,교차로 - 교차로부근,승용,남,27세,상해없음,승용,남,67세,중상
2014033100100230,2014년 3월 31일 13시,월요일,부산광역시 부산진구 부전동,중상사고,0,1,0,0,차대차 - 추돌 - 진행중,안전거리미확보,건조,맑음,단일로 - 기타,승용,남,51세,상해없음,승용,남,67세,상해없음
2014033100100250,2014년 3월 31일 14시,월요일,부산광역시 동구 초량동,경상사고,0,0,1,0,차량단독 - 기타,안전운전불이행,건조,맑음,단일로 - 기타,승용,남,58세,기타불명,,,,
2014033100100251,2014년 3월 31일 14시,월요일,부산광역시 부산진구 부전동,경상사고,0,0,1,0,차대차 - 추돌 - 주정차중,안전운전불이행,건조,맑음,단일로 - 기타,승용,남,57세,상해없음,승용,남,34세,경상
2014033100100288,2014년 3월 31일 15시,월요일,부산광역시 서구 암남동,경상사고,0,0,2,0,차대차 - 추돌 - 진행중,안전거리미확보,건조,맑음,단일로 - 기타,승용,남,65세,상해없음,이륜,남,47세,경상
2014033100100289,2014년 3월 31일 15시,월요일,부산광역시 남구 대연동,경상사고,0,0,1,0,차대차 - 기타,안전거리미확보,건조,맑음,단일로 - 터널,이륜,기타불명,기타불명,기타불명,승용,여,32세,경상
2014033100100316,2014년 3월 31일 16시,월요일,부산광역시 남구 용당동,경상사고,0,0,1,0,차대사람 - 기타,안전운전불이행,건조,맑음,단일로 - 기타,승용,남,48세,상해없음,보행자,남,69세,경상
2014033100100317,2014년 3월 31일 16시,월요일,부산광역시 부산진구 개금동,중상사고,0,2,0,0,차대사람 - 길가장자리구역통행중,안전운전불이행,건조,맑음,단일로 - 기타,승용,남,61세,상해없음,보행자,여,50세,중상
2014033100100318,2014년 3월 31일 16시,월요일,부산광역시 금정구 구서동,부상신고사고,0,0,0,1,차대사람 - 횡단중,보행자보호의무위반,건조,맑음,단일로 - 횡단보도상,승용,기타불명,기타불명,기타불명,보행자,여,14세,부상신고
2014033100100319,2014년 3월 31일 16시,월요일,부산광역시 강서구 대저1동,중상사고,0,1,0,0,차대차 - 기타,안전운전불이행,건조,맑음,교차로 - 교차로안,건설기계,남,52세,상해없음,자전거,남,76세,중상
2014033100100359,2014년 3월 31일 17시,월요일,부산광역시 동구 좌천동,중상사고,0,1,0,0,차대사람 - 길가장자리구역통행중,안전운전불이행,건조,맑음,단일로 - 기타,승용,여,35세,상해없음,보행자,여,76세,중상
2014033100100360,2014년 3월 31일 17시,월요일,부산광역시 사하구 장림동,경상사고,0,0,2,0,차대차 - 추돌 - 주정차중,안전운전불이행,건조,맑음,단일로 - 기타,승용,남,64세,상해없음,승합,남,63세,상해없음
2014033100100361,2014년 3월 31일 17시,월요일,부산광역시 기장군 정관면,경상사고,0,0,1,0,차대사람 - 기타,안전운전불이행,건조,맑음,단일로 - 기타,승용,여,48세,상해없음,보행자,여,51세,경상
2014033100100395,2014년 3월 31일 18시,월요일,부산광역시 서구 암남동,경상사고,0,0,1,0,차대차 - 추돌 - 주정차중,안전운전불이행,건조,맑음,단일로 - 교량,승용,남,25세,상해없음,승용,남,29세,경상
2014033100100396,2014년 3월 31일 18시,월요일,부산광역시 부산진구 부암동,중상사고,0,1,2,0,차대차 - 기타,안전거리미확보,건조,맑음,단일로 - 기타,승용,남,49세,상해없음,승용,남,33세,경상
2014033100100455,2014년 3월 31일 20시,월요일,부산광역시 동구 범일동,경상사고,0,0,1,0,차대차 - 기타,교차로운행방법위반,건조,맑음,교차로 - 교차로부근,승용,남,46세,상해없음,승합,남,54세,상해없음
2014033100100456,2014년 3월 31일 20시,월요일,부산광역시 해운대구 재송동,경상사고,0,0,1,0,차대차 - 기타,안전거리미확보,건조,맑음,단일로 - 기타,승용,남,62세,상해없음,원동기,남,29세,경상
2014033100100457,2014년 3월 31일 20시,월요일,부산광역시 부산진구 범천동,경상사고,0,0,1,0,차대사람 - 기타,안전운전불이행,건조,맑음,단일로 - 기타,승용,남,32세,상해없음,보행자,여,43세,경상
2014033100100458,2014년 3월 31일 20시,월요일,부산광역시 연제구 거제동,경상사고,0,0,1,0,차대차 - 추돌 - 진행중,안전거리미확보,건조,맑음,교차로 - 교차로부근,승용,남,40세,상해없음,승용,여,64세,경상
2014033100100483,2014년 3월 31일 21시,월요일,부산광역시 금정구 장전동,경상사고,0,0,1,0,차량단독 - 기타,기타,건조,맑음,교차로 - 교차로안,승용,남,67세,상해없음,,,,
2014033100100484,2014년 3월 31일 21시,월요일,부산광역시 사하구 하단동,중상사고,0,1,0,0,차대사람 - 길가장자리구역통행중,안전운전불이행,건조,흐림,단일로 - 기타,승용,여,31세,상해없음,보행자,여,79세,중상
2014033100100518,2014년 3월 31일 22시,월요일,부산광역시 동구 초량동,경상사고,0,0,1,0,차대사람 - 기타,신호위반,건조,맑음,단일로 - 횡단보도상,승용,남,73세,상해없음,보행자,여,50세,경상
2014033100100519,2014년 3월 31일 22시,월요일,부산광역시 남구 대연동,경상사고,0,0,1,0,차대차 - 측면직각충돌,안전거리미확보,건조,맑음,단일로 - 기타,승용,남,58세,상해없음,자전거,남,26세,경상
2014033100100520,2014년 3월 31일 22시,월요일,부산광역시 해운대구 반여동,경상사고,0,0,3,0,차대차 - 기타,안전운전불이행,건조,맑음,교차로 - 교차로부근,승용,남,42세,상해없음,승용,남,49세,경상
2014033100100521,2014년 3월 31일 22시,월요일,부산광역시 금정구 장전동,경상사고,0,0,4,0,차대차 - 측면직각충돌,안전운전불이행,건조,맑음,교차로 - 교차로안,승용,남,23세,상해없음,승용,남,25세,경상
2014040100100003,2014년 4월 1일 00시,화요일,부산광역시 강서구 강동동,중상사고,0,2,1,0,차대차 - 정면충돌,중앙선침범,건조,맑음,단일로 - 기타,승용,여,50세,경상,승용,남,32세,중상
2014040100100004,2014년 4월 1일 00시,화요일,부산광역시 강서구 대저1동,중상사고,0,1,2,0,차대차 - 추돌 - 진행중,안전운전불이행,건조,맑음,단일로 - 기타,승용,남,30세,상해없음,화물,남,44세,중상
2014040100100030,2014년 4월 1일 01시,화요일,부산광역시 연제구 연산동,경상사고,0,0,2,0,차대차 - 측면직각충돌,안전거리미확보,건조,맑음,단일로 - 기타,승용,남,59세,상해없음,원동기,남,16세,경상
2014040100100031,2014년 4월 1일 01시,화요일,부산광역시 기장군 기장읍,경상사고,0,0,1,0,차대차 - 측면직각충돌,안전운전불이행,건조,맑음,단일로 - 기타,승용,남,54세,상해없음,화물,남,52세,상해없음
2014040100100046,2014년 4월 1일 02시,화요일,부산광역시 기장군 기장읍,중상사고,0,1,0,0,차대사람 - 차도통행중,안전운전불이행,건조,맑음,단일로 - 기타,승용,여,55세,상해없음,보행자,여,51세,중상
2014040100100065,2014년 4월 1일 05시,화요일,부산광역시 동래구 온천동,중상사고,0,1,0,0,차대차 - 측면직각충돌,안전운전불이행,건조,맑음,단일로 - 기타,자전거,남,69세,중상,승합,남,60세,상해없음
2014040100100066,2014년 4월 1일 05시,화요일,부산광역시 해운대구 반여동,경상사고,0,0,1,0,차대사람 - 횡단중,안전운전불이행,건조,흐림,단일로 - 기타,승용,남,70세,상해없음,보행자,여,84세,경상
2014040100100074,2014년 4월 1일 06시,화요일,부산광역시 북구 구포동,중상사고,0,1,0,0,차대사람 - 횡단중,보행자보호의무위반,건조,맑음,단일로 - 횡단보도상,승용,남,36세,상해없음,보행자,여,15세,중상
2014040100100086,2014년 4월 1일 07시,화요일,부산광역시 동래구 안락동,부상신고사고,0,0,0,1,차대차 - 측면직각충돌,안전운전불이행,건조,맑음,단일로 - 기타,자전거,남,17세,부상신고,승용,남,54세,상해없음
2014040100100087,2014년 4월 1일 07시,화요일,부산광역시 동래구 사직동,경상사고,0,0,1,0,차대차 - 측면직각충돌,교차로운행방법위반,건조,맑음,교차로 - 교차로안,승용,여,44세,상해없음,승용,남,57세,경상