사고번호,사고일시,요일,시군구,사고내용,사망자수,중상자수,경상자수,부상신고자수,사고유형,법규위반,노면상태,기상상태,도로형태,가해운전자 차종,가해운전자 성별,가해운전자 연령,가해운전자 상해정도,피해운전자 차종,피해운전자 성별,피해운전자 연령,피해운전자 상해정도
2014040100100119,2014년 4월 1일 08시,화요일,부산광역시 부산진구 전포동,중상사고,0,1,0,0,차대사람 - 기타,기타,건조,맑음,단일로 - 기타,화물,남,47세,상해없음,보행자,남,71세,중상
2014040100100159,2014년 4월 1일 09시,화요일,부산광역시 강서구 대저2동,중상사고,0,1,0,0,차대차 - 추돌 - 주정차중,안전운전불이행,건조,맑음,교차로 - 교차로부근,화물,남,58세,상해없음,화물,남,61세,중상
2014040100100186,2014년 4월 1일 10시,화요일,부산광역시 수영구 민락동,경상사고,0,0,2,0,차대차 - 기타,교차로운행방법위반,기타,기타,교차로 - 교차로안,승용,남,59세,상해없음,승용,남,33세,경상
2014040100100187,2014년 4월 1일 10시,화요일,부산광역시 북구 구포동,중상사고,0,1,0,0,차대차 - 기타,안전운전불이행,건조,맑음,단일로 - 기타,승용,남,34세,상해없음,승용,여,51세,상해없음
2014040100100188,2014년 4월 1일 10시,화요일,부산광역시 해운대구 반여동,경상사고,0,0,1,0,차대차 - 추돌 - 진행중,안전운전불이행,건조,맑음,단일로 - 기타,화물,남,53세,상해없음,승용,남,45세,경상
2014040100100189,2014년 4월 1일 10시,화요일,부산광역시 해운대구 우동,경상사고,0,0,1,0,차대차 - 추돌 - 진행중,안전운전불이행,건조,맑음,교차로 - 교차로부근,승용,여,45세,상해없음,승용,남,24세,경상
2014040100100211,2014년 4월 1일 11시,화요일,부산광역시 사하구 장림동,경상사고,0,0,1,0,차대차 - 추돌 - 주정차중,안전거리미확보,건조,맑음,단일로 - 기타,승용,남,46세,상해없음,자전거,남,34세,경상
2014040100100242,2014년 4월 1일 12시,화요일,부산광역시 수영구 망미동,중상사고,0,1,0,0,차대사람 - 기타,안전운전불이행,건조,맑음,기타 - 기타,승용,여,42세,상해없음,보행자,남,45세,중상
2014040100100265,2014년 4월 1일 13시,화요일,부산광역시 사상구 엄궁동,중상사고,0,1,0,0,차대차 - 추돌 - 주정차중,안전운전불이행,건조,맑음,단일로 - 기타,화물,남,31세,상해없음,이륜,남,47세,중상
2014040100100334,2014년 4월 1일 15시,화요일,부산광역시 수영구 남천동,경상사고,0,0,1,0,차량단독 - 기타,안전운전불이행,건조,맑음,단일로 - 기타,승용,여,55세,상해없음,,,,
2014040100100335,2014년 4월 1일 15시,화요일,부산광역시 연제구 연산동,중상사고,0,1,0,0,차량단독 - 기타,기타,건조,맑음,단일로 - 기타,승합,남,54세,상해없음,,,,
2014040100100366,2014년 4월 1일 16시,화요일,부산광역시 중구 부평동1가,경상사고,0,0,2,0,차대차 - 기타,안전거리미확보,건조,맑음,단일로 - 기타,승용,남,32세,경상,승용,남,23세,경상
2014040100100367,2014년 4월 1일 16시,화요일,부산광역시 수영구 망미동,중상사고,0,1,0,0,차대사람 - 횡단중,안전운전불이행,건조,맑음,단일로 - 기타,승용,남,62세,상해없음,보행자,남,8세,중상
2014040100100368,2014년 4월 1일 16시,화요일,부산광역시 남구 용호동,중상사고,0,1,0,0,차대사람 - 기타,안전운전불이행,건조,맑음,기타 - 기타,기타불명,기타불명,기타불명,기타불명,보행자,남,8세,중상
2014040100100369,2014년 4월 1일 16시,화요일,부산광역시 사상구 덕포동,경상사고,0,0,1,0,차대차 - 측면직각충돌,차로위반,건조,맑음,단일로 - 기타,승용,남,59세,상해없음,이륜,남,22세,경상
2014040100100415,2014년 4월 1일 17시,화요일,부산광역시 동구 범일동,경상사고,0,0,1,0,차대차 - 추돌 - 진행중,안전운전불이행,건조,맑음,교차로 - 교차로부근,원동기,남,26세,경상,승용,남,57세,상해없음
2014040100100416,2014년 4월 1일 17시,화요일,부산광역시 금정구 남산동,부상신고사고,0,0,0,1,차대사람 - 보도통행중,기타,건조,맑음,기타 - 기타,자전거,남,8세,상해없음,보행자,여,85세,부상신고
2014040100100417,2014년 4월 1일 17시,화요일,부산광역시 금정구 구서동,경상사고,0,0,1,0,차대사람 - 보도통행중,기타,건조,맑음,기타 - 기타,승용,여,40세,상해없음,보행자,남,57세,경상
2014040100100461,2014년 4월 1일 18시,화요일,부산광역시 해운대구 우동,중상사고,0,1,1,0,차대차 - 측면직각충돌,안전운전불이행,건조,맑음,교차로 - 교차로부근,승용,남,43세,상해없음,승용,남,62세,상해없음
2014040100100492,2014년 4월 1일 19시,화요일,부산광역시 중구 중앙동1가,경상사고,0,0,1,0,차대차 - 측면직각충돌,불법유턴,건조,맑음,단일로 - 기타,화물,남,37세,상해없음,이륜,남,19세,경상
2014040100100493,2014년 4월 1일 19시,화요일,부산광역시 부산진구 부전동,경상사고,0,0,1,0,차대차 - 기타,안전운전불이행,건조,맑음,단일로 - 기타,승용,남,62세,상해없음,이륜,남,23세,경상
2014040100100494,2014년 4월 1일 19시,화요일,부산광역시 부산진구 범전동,경상사고,0,0,2,0,차대차 - 측면직각충돌,신호위반,건조,맑음,단일로 - 횡단보도상,이륜,남,22세,상해없음,이륜,여,50세,경상
2014040100100495,2014년 4월 1일 19시,화요일,부산광역시 연제구 연산동,경상사고,0,0,1,0,차대사람 - 횡단중,신호위반,건조,맑음,교차로 - 교차로안,승용,남,33세,상해없음,보행자,여,45세,경상
2014040100100534,2014년 4월 1일 20시,화요일,부산광역시 영도구 봉래동1가,경상사고,0,0,3,0,차대차 - 추돌 - 주정차중,안전거리미확보,건조,맑음,교차로 - 교차로부근,승용,남,33세,상해없음,승용,남,72세,경상
2014040100100535,2014년 4월 1일 20시,화요일,부산광역시 영도구 봉래동1가,중상사고,0,1,0,0,차대사람 - 차도통행중,안전운전불이행,건조,맑음,교차로 - 교차로부근,승용,기타불명,기타불명,기타불명,보행자,남,53세,중상
2014040100100536,2014년 4월 1일 20시,화요일,부산광역시 부산진구 범천동,부상신고사고,0,0,0,1,차대차 - 기타,안전거리미확보,건조,맑음,교차로 - 교차로안,승용,남,43세,부상신고,승용,여,53세,상해없음
2014040100100595,2014년 4월 1일 22시,화요일,부산광역시 부산진구 가야동,경상사고,0,0,1,0,차대차 - 기타,안전거리미확보,건조,맑음,단일로 - 기타,승합,남,53세,상해없음,이륜,남,22세,경상
2014040100100612,2014년 4월 1일 23시,화요일,부산광역시 사상구 엄궁동,경상사고,0,0,1,0,차대차 - 기타,안전운전불이행,건조,맑음,교차로 - 교차로안,특수,남,46세,상해없음,승용,남,60세,경상
2014040200100024,2014년 4월 2일 02시,수요일,부산광역시 사하구 괴정동,중상사고,0,3,1,0,차대차 - 측면직각충돌,신호위반,건조,맑음,교차로 - 교차로안,승용,남,59세,상해없음,승용,남,22세,중상
2014040200100036,2014년 4월 2일 03시,수요일,부산광역시 중구 중앙동1가,부상신고사고,0,0,0,1,차대차 - 추돌 - 주정차중,안전운전불이행,건조,맑음,단일로 - 기타,승용,남,39세,상해없음,승용,남,70세,부상신고
2014040200100040,2014년 4월 2일 04시,수요일,부산광역시 부산진구 부전동,경상사고,0,0,1,0,차대사람 - 횡단중,보행자보호의무위반,건조,맑음,교차로 - 교차로안,승용,여,43세,상해없음,보행자,여,58세,경상
2014040200100054,2014년 4월 2일 06시,수요일,부산광역시 남구 감만동,중상사고,0,1,2,0,차대차 - 측면직각충돌,중앙선침범,건조,맑음,단일로 - 교량,화물,남,60세,중상,승용,남,52세,경상
2014040200100069,2014년 4월 2일 07시,수요일,부산광역시 서구 동대신동3가,중상사고,0,1,0,0,차대사람 - 횡단중,안전운전불이행,건조,맑음,교차로 - 교차로부근,승용,남,65세,상해없음,보행자,남,61세,중상
2014040200100070,2014년 4월 2일 07시,수요일,부산광역시 동래구 온천동,경상사고,0,0,1,0,차대사람 - 길가장자리구역통행중,안전운전불이행,건조,맑음,교차로 - 교차로부근,승용,여,43세,기타불명,보행자,여,17세,경상
2014040200100071,2014년 4월 2일 07시,수요일,부산광역시 동래구 안락동,중상사고,0,1,0,0,차대사람 - 횡단중,보행자보호의무위반,건조,맑음,단일로 - 횡단보도상,화물,남,47세,상해없음,보행자,여,17세,중상
2014040200100072,2014년 4월 2일 07시,수요일,부산광역시 연제구 연산동,경상사고,0,0,1,0,차대차 - 추돌 - 진행중,안전운전불이행,건조,맑음,교차로 - 교차로부근,승용,남,73세,상해없음,승용,여,43세,경상
2014040200100106,2014년 4월 2일 08시,수요일,부산광역시 수영구 수영동,경상사고,0,0,1,0,차대차 - 추돌 - 진행중,안전운전불이행,건조,맑음,단일로 - 기타,승용,기타불명,기타불명,기타불명,승용,여,40세,경상
2014040200100107,2014년 4월 2일 08시,수요일,부산광역시 강서구 신호동,경상사고,0,0,1,0,차대차 - 추돌 - 주정차중,안전거리미확보,건조,맑음,교차로 - 교차로부근,승용,여,30세,상해없음,승용,남,51세,경상
2014040200100143,2014년 4월 2일 09시,수요일,부산광역시 사하구 당리동,경상사고,0,0,1,0,차대차 - 기타,안전거리미확보,건조,맑음,단일로 - 기타,승용,남,60세,상해없음,승용,여,57세,경상
2014040200100144,2014년 4월 2일 09시,수요일,부산광역시 사상구 학장동,중상사고,0,1,1,0,차대차 - 측면직각충돌,안전운전불이행,건조,맑음,교차로 - 교차로안,승용,남,52세,상해없음,승용,남,44세,경상
2014040200100169,2014년 4월 2일 10시,수요일,부산광역시 남구 용호동,중상사고,0,1,1,0,차대차 - 추돌 - 진행중,안전운전불이행,건조,맑음,단일로 - 기타,승용,남,32세,상해없음,승용,남,65세,경상
2014040200100170,2014년 4월 2일 10시,수요일,부산광역시 사상구 괘법동,중상사고,0,1,0,0,차대사람 - 기타,안전운전불이행,건조,맑음,단일로 - 기타,승용,남,25세,기타불명,보행자,여,54세,중상
2014040200100197,2014년 4월 2일 11시,수요일,부산광역시 북구 금곡동,중상사고,0,1,0,0,차대사람 - 기타,안전운전불이행,건조,맑음,기타 - 기타,승합,기타불명,기타불명,기타불명,보행자,남,51세,중상
2014040200100224,2014년 4월 2일 12시,수요일,부산광역시 사하구 장림동,중상사고,0,1,0,0,차대차 - 측면직각충돌,안전운전불이행,건조,맑음,단일로 - 기타,화물,남,31세,상해없음,자전거,남,58세,중상
2014040200100253,2014년 4월 2일 13시,수요일,부산광역시 수영구 광안동,경상사고,0,0,1,0,차대사람 - 기타,안전운전불이행,건조,맑음,단일로 - 기타,승용,여,61세,상해없음,보행자,남,73세,경상
2014040200100283,2014년 4월 2일 14시,수요일,부산광역시 남구 대연동,중상사고,0,2,2,0,차대차 - 추돌 - 진행중,안전운전불이행,건조,맑음,단일로 - 기타,승용,남,54세,상해없음,승용,여,50세,중상
2014040200100284,2014년 4월 2일 14시,수요일,부산광역시 북구 만덕동,중상사고,0,1,0,0,차대차 - 기타,안전운전불이행,건조,맑음,단일로 - 기타,이륜,남,73세,중상,승용,남,66세,상해없음
2014040200100285,2014년 4월 2일 14시,수요일,부산광역시 해운대구 반여동,경상사고,0,0,1,0,차대차 - 측면직각충돌,안전운전불이행,건조,맑음,교차로 - 교차로부근,승용,여,57세,상해없음,승용,남,42세,경상
2014040200100314,2014년 4월 2일 15시,수요일,부산광역시 수영구 광안동,경상사고,0,0,1,0,차대차 - 측면직각충돌,안전운전불이행,건조,맑음,단일로 - 기타,승용,남,46세,상해없음,자전거,남,67세,경상
2014040200100315,2014년 4월 2일 15시,수요일,부산광역시 영도구 남항동2가,중상사고,0,1,0,0,차대차 - 정면충돌,안전운전불이행,건조,맑음,교차로 - 교차로안,승용,여,25세,상해없음,이륜,남,52세,중상
2014040200100350,2014년 4월 2일 16시,수요일,부산광역시 강서구 대저2동,중상사고,0,1,0,0,차대차 - 측면직각충돌,안전운전불이행,건조,맑음,교차로 - 교차로부근,건설기계,남,58세,상해없음,자전거,남,76세,중상
2014040200100379,2014년 4월 2일 17시,수요일,부산광역시 북구 금곡동,경상사고,0,0,1,0,차대차 - 기타,안전운전불이행,건조,맑음,기타 - 기타,자전거,남,50세,상해없음,자전거,남,30세,경상
2014040200100380,2014년 4월 2일 17시,수요일,부산광역시 해운대구 우동,경상사고,0,0,1,0,차대차 - 측면직각충돌,안전운전불이행,건조,맑음,교차로 - 교차로안,승용,여,48세,상해없음,자전거,남,8세,경상
2014040200100381,2014년 4월 2일 17시,수요일,부산광역시 금정구 남산동,경상사고,0,0,1,0,차대사람 - 횡단중,신호위반,건조,맑음,단일로 - 기타,승용,남,49세,상해없음,보행자,남,8세,경상
2014040200100418,2014년 4월 2일 18시,수요일,부산광역시 중구 남포동5가,경상사고,0,0,1,0,차대사람 - 횡단중,안전운전불이행,건조,맑음,단일로 - 기타,승용,남,58세,상해없음,보행자,남,39세,경상
2014040200100419,2014년 4월 2일 18시,수요일,부산광역시 동구 초량동,경상사고,0,0,1,0,차대차 - 측면직각충돌,차로위반,건조,맑음,단일로 - 기타,건설기계,남,45세,상해없음,승용,남,30세,경상
2014040200100420,2014년 4월 2일 18시,수요일,부산광역시 동래구 수안동,경상사고,0,0,1,0,차대사람 - 횡단중,안전운전불이행,건조,맑음,단일로 - 기타,자전거,남,30세,상해없음,보행자,남,9세,경상
2014040200100421,2014년 4월 2일 18시,수요일,부산광역시 해운대구 반여동,경상사고,0,0,1,0,차대차 - 기타,교차로운행방법위반,건조,맑음,교차로 - 교차로안,화물,남,65세,상해없음,승용,남,30세,경상
2014040200100422,2014년 4월 2일 18시,수요일,부산광역시 금정구 금사동,경상사고,0,0,1,0,차대차 - 추돌 - 진행중,교차로운행방법위반,건조,맑음,교차로 - 교차로안,화물,남,62세,상해없음,승용,여,33세,경상
2014040200100423,2014년 4월 2일 18시,수요일,부산광역시 강서구 송정동,경상사고,0,0,5,0,차대차 - 측면직각충돌,안전운전불이행,건조,맑음,교차로 - 교차로안,화물,남,35세,상해없음,승용,남,65세,경상
2014040200100460,2014년 4월 2일 19시,수요일,부산광역시 서구 부민동2가,중상사고,0,2,0,0,차대차 - 측면직각충돌,교차로운행방법위반,건조,맑음,교차로 - 교차로안,승합,남,49세,상해없음,승용,여,24세,중상
2014040200100461,2014년 4월 2일 19시,수요일,부산광역시 남구 대연동,경상사고,0,0,2,0,차대차 - 추돌 - 진행중,안전거리미확보,건조,맑음,단일로 - 기타,원동기,남,47세,상해없음,승용,여,52세,경상
2014040200100462,2014년 4월 2일 19시,수요일,부산광역시 부산진구 부암동,중상사고,0,1,0,0,차대차 - 기타,신호위반,건조,맑음,교차로 - 교차로안,승용,기타불명,기타불명,기타불명,승용,남,56세,상해없음
2014040200100503,2014년 4월 2일 20시,수요일,부산광역시 동구 범일동,경상사고,0,0,1,0,차대사람 - 보도통행중,기타,건조,맑음,단일로 - 기타,원동기,남,16세,상해없음,보행자,여,58세,경상
2014040200100504,2014년 4월 2일 20시,수요일,부산광역시 사상구 덕포동,경상사고,0,0,1,0,차대사람 - 횡단중,보행자보호의무위반,건조,맑음,교차로 - 교차로안,승용,남,62세,상해없음,보행자,여,51세,경상
2014040200100505,2014년 4월 2일 20시,수요일,부산광역시 기장군 기장읍,중상사고,0,1,0,0,차대사람 - 기타,안전운전불이행,건조,맑음,단일로 - 기타,화물,남,64세,상해없음,보행자,남,60세,중상
2014040200100553,2014년 4월 2일 21시,수요일,부산광역시 해운대구 반여동,부상신고사고,0,0,0,1,차대차 - 측면직각충돌,안전운전불이행,건조,맑음,교차로 - 교차로안,이륜,남,22세,부상신고,승용,남,69세,상해없음
2014040200100554,2014년 4월 2일 21시,수요일,부산광역시 기장군 정관면,중상사고,0,1,1,0,차대차 - 추돌 - 주정차중,안전운전불이행,건조,맑음,교차로 - 교차로부근,승용,남,39세,상해없음,승용,여,30세,경상
2014040200100587,2014년 4월 2일 22시,수요일,부산광역시 서구 동대신동1가,중상사고,0,1,0,0,차대차 - 측면직각충돌,신호위반,건조,맑음,교차로 - 교차로안,승합,남,55세,상해없음,자전거,남,13세,중상
2014040200100588,2014년 4월 2일 22시,수요일,부산광역시 해운대구 우동,경상사고,0,0,1,0,차대차 - 추돌 - 주정차중,안전운전불이행,건조,맑음,단일로 - 기타,승용,남,48세,상해없음,승용,남,48세,경상
2014040200100589,2014년 4월 2일 22시,수요일,부산광역시 부산진구 양정동,중상사고,0,1,0,0,차대차 - 기타,안전거리미확보,건조,맑음,단일로 - 기타,승용,여,47세,상해없음,승용,남,28세,중상
2014040200100613,2014년 4월 2일 23시,수요일,부산광역시 사상구 주례동,경상사고,0,0,2,0,차대차 - 추돌 - 주정차중,안전운전불이행,건조,맑음,단일로 - 기타,승합,남,34세,상해없음,승용,남,27세,경상
2014040200100614,2014년 4월 2일 23시,수요일,부산광역시 기장군 정관면,중상사고,0,1,0,0,차대차 - 기타,중앙선침범,건조,맑음,단일로 - 기타,승용,남,27세,상해없음,승용,남,39세,중상
2014040300100003,2014년 4월 3일 00시,목요일,부산광역시 수영구 남천동,경상사고,0,0,1,0,차대차 - 기타,차로위반,건조,맑음,교차로 - 교차로안,승용,여,43세,상해없음,승용,여,46세,경상
2014040300100004,2014년 4월 3일 00시,목요일,부산광역시 연제구 연산동,경상사고,0,0,1,0,차대사람 - 횡단중,신호위반,건조,맑음,단일로 - 횡단보도상,이륜,남,17세,상해없음,보행자,남,46세,경상
2014040300100025,2014년 4월 3일 01시,목요일,부산광역시 남구 대연동,경상사고,0,0,1,0,차대차 - 추돌 - 진행중,안전운전불이행,건조,맑음,단일로 - 터널,승용,남,56세,상해없음,이륜,남,32세,경상
2014040300100026,2014년 4월 3일 01시,목요일,부산광역시 사하구 감천동,중상사고,0,1,2,0,차대차 - 측면직각충돌,신호위반,건조,맑음,단일로 - 기타,승용,남,31세,상해없음,승용,남,43세,경상
2014040300100042,2014년 4월 3일 02시,목요일,부산광역시 사상구 주례동,경상사고,0,0,1,0,차대차 - 추돌 - 주정차중,안전운전불이행,건조,맑음,교차로 - 교차로부근,승용,남,30세,기타불명,승합,여,53세,경상
2014040300100064,2014년 4월 3일 06시,목요일,부산광역시 기장군 철마면,중상사고,0,2,3,0,차량단독 - 전도전복,안전운전불이행,건조,맑음,단일로 - 기타,승용,남,51세,경상,,,,
2014040300100084,2014년 4월 3일 07시,목요일,부산광역시 남구 대연동,경상사고,0,0,1,0,차대차 - 추돌 - 진행중,안전거리미확보,건조,맑음,단일로 - 기타,화물,남,21세,상해없음,승용,남,27세,경상
2014040300100085,2014년 4월 3일 07시,목요일,부산광역시 해운대구 우동,중상사고,0,1,0,0,차대차 - 추돌 - 진행중,신호위반,건조,맑음,교차로 - 교차로안,승용,남,52세,상해없음,승용,남,42세,중상
2014040300100086,2014년 4월 3일 07시,목요일,부산광역시 사하구 괴정동,경상사고,0,0,1,0,차대차 - 측면직각충돌,신호위반,건조,맑음,교차로 - 교차로안,승용,남,54세,상해없음,승용,남,30세,경상
2014040300100110,2014년 4월 3일 08시,목요일,부산광역시 부산진구 가야동,중상사고,0,1,0,0,차대사람 - 횡단중,신호위반,건조,맑음,단일로 - 횡단보도상,화물,남,27세,상해없음,보행자,여,53세,중상
2014040300100111,2014년 4월 3일 08시,목요일,부산광역시 부산진구 가야동,중상사고,0,1,1,0,차대차 - 측면직각충돌,차로위반,건조,흐림,단일로 - 기타,원동기,남,62세,중상,승용,여,29세,경상
2014040300100149,2014년 4월 3일 09시,목요일,부산광역시 서구 남부민동,경상사고,0,0,1,0,차대차 - 기타,교차로운행방법위반,건조,맑음,교차로 - 교차로안,승용,남,50세,상해없음,승용,남,64세,기타불명
2014040300100150,2014년 4월 3일 09시,목요일,부산광역시 수영구 남천동,중상사고,0,1,0,0,차대사람 - 보도통행중,중앙선침범,건조,맑음,단일로 - 기타,승용,여,23세,상해없음,보행자,여,57세,중상
2014040300100180,2014년 4월 3일 10시,목요일,부산광역시 부산진구 부암동,경상사고,0,0,1,0,차대차 - 측면직각충돌,신호위반,건조,맑음,교차로 - 교차로안,화물,남,46세,상해없음,승용,남,57세,경상
2014040300100181,2014년 4월 3일 10시,목요일,부산광역시 기장군 기장읍,경상사고,0,0,5,0,차대차 - 추돌 - 주정차중,안전운전불이행,건조,맑음,교차로 - 교차로부근,승용,남,62세,상해없음,화물,남,45세,경상
2014040300100195,2014년 4월 3일 11시,목요일,부산광역시 남구 대연동,경상사고,0,0,2,0,차대차 - 기타,안전거리미확보,건조,맑음,단일로 - 기타,승용,남,65세,상해없음,승용,남,36세,경상
2014040300100196,2014년 4월 3일 11시,목요일,부산광역시 해운대구 좌동,경상사고,0,0,1,0,차대차 - 추돌 - 진행중,안전운전불이행,건조,맑음,교차로 - 교차로부근,승용,남,40세,상해없음,자전거,남,60세,경상
2014040300100233,2014년 4월 3일 12시,목요일,부산광역시 북구 금곡동,중상사고,0,1,0,0,차대사람 - 횡단중,안전운전불이행,건조,맑음,교차로 - 교차로안,화물,남,47세,상해없음,보행자,남,66세,중상
2014040300100262,2014년 4월 3일 13시,목요일,부산광역시 금정구 남산동,경상사고,0,0,1,0,차대사람 - 보도통행중,보행자보호의무위반,건조,맑음,단일로 - 횡단보도상,승용,기타불명,기타불명,기타불명,보행자,여,18세,경상
2014040300100263,2014년 4월 3일 13시,목요일,부산광역시 기장군 기장읍,중상사고,0,1,0,0,차대사람 - 기타,안전운전불이행,건조,맑음,교차로 - 교차로안,승합,여,42세,상해없음,보행자,남,71세,중상
2014040300100316,2014년 4월 3일 15시,목요일,부산광역시 사상구 삼락동,중상사고,0,1,0,0,차대차 - 측면직각충돌,교차로운행방법위반,건조,흐림,교차로 - 교차로안,화물,남,54세,상해없음,자전거,남,44세,중상
2014040300100317,2014년 4월 3일 15시,목요일,부산광역시 강서구 대저1동,경상사고,0,0,2,0,차대차 - 추돌 - 주정차중,안전운전불이행,건조,맑음,단일로 - 기타,승용,남,41세,상해없음,승용,남,23세,경상
2014040300100337,2014년 4월 3일 16시,목요일,부산광역시 동구 초량동,중상사고,0,2,0,0,차대차 - 측면직각충돌,교차로운행방법위반,건조,맑음,교차로 - 교차로안,승합,남,44세,상해없음,승용,여,53세,중상
2014040300100338,2014년 4월 3일 16시,목요일,부산광역시 해운대구 재송동,중상사고,0,1,0,0,차대차 - 측면직각충돌,안전거리미확보,건조,맑음,교차로 - 교차로부근,승용,남,61세,상해없음,자전거,남,15세,중상
2014040300100367,2014년 4월 3일 17시,목요일,부산광역시 남구 대연동,경상사고,0,0,1,0,차대차 - 기타,기타,건조,맑음,교차로 - 교차로부근,화물,남,54세,상해없음,승용,여,29세,경상
2014040300100368,2014년 4월 3일 17시,목요일,부산광역시 영도구 남항동1가,경상사고,0,0,1,0,차대차 - 기타,중앙선침범,건조,맑음,단일로 - 기타,승용,남,56세,상해없음,승용,남,58세,경상
2014040300100369,2014년 4월 3일 17시,목요일,부산광역시 해운대구 반송동,경상사고,0,0,1,0,차대사람 - 기타,안전운전불이행,건조,기타,단일로 - 기타,승용,여,66세,기타불명,보행자,여,76세,경상
2014040300100370,2014년 4월 3일 17시,목요일,부산광역시 금정구 남산동,부상신고사고,0,0,0,1,차대차 - 측면직각충돌,안전운전불이행,건조,맑음,단일로 - 기타,승용,여,24세,부상신고,승용,남,50세,상해없음
2014040300100371,2014년 4월 3일 17시,목요일,부산광역시 기장군 기장읍,부상신고사고,0,0,0,1,차대사람 - 길가장자리구역통행중,안전운전불이행,건조,맑음,단일로 - 기타,화물,여,41세,상해없음,보행자,남,51세,부상신고
2014040300100398,2014년 4월 3일 18시,목요일,부산광역시 해운대구 우동,경상사고,0,0,1,0,차대사람 - 기타,안전운전불이행,건조,맑음,교차로 - 교차로안,승합,여,45세,상해없음,보행자,남,63세,경상
2014040300100399,2014년 4월 3일 18시,목요일,부산광역시 해운대구 중동,경상사고,0,0,1,0,차대차 - 측면직각충돌,안전운전불이행,건조,맑음,교차로 - 교차로부근,이륜,남,45세,경상,승용,남,33세,상해없음
2014040300100437,2014년 4월 3일 19시,목요일,부산광역시 서구 동대신동3가,중상사고,0,1,0,0,차대사람 - 횡단중,보행자보호의무위반,건조,맑음,단일로 - 기타,승용,남,32세,상해없음,보행자,여,34세,중상
2014040300100438,2014년 4월 3일 19시,목요일,부산광역시 남구 대연동,중상사고,0,2,0,0,차대차 - 측면직각충돌,중앙선침범,건조,맑음,단일로 - 기타,승용,남,54세,상해없음,승용,남,39세,중상
2014040300100439,2014년 4월 3일 19시,목요일,부산광역시 동래구 안락동,중상사고,0,1,0,0,차대차 - 측면직각충돌,안전운전불이행,건조,맑음,단일로 - 기타,화물,남,31세,상해없음,자전거,남,54세,중상
2014040300100440,2014년 4월 3일 19시,목요일,부산광역시 강서구 명지동,경상사고,0,0,1,0,차대차 - 측면직각충돌,안전운전불이행,건조,맑음,단일로 - 기타,승용,여,40세,상해없음,승용,여,48세,경상
2014040300100475,2014년 4월 3일 20시,목요일,부산광역시 부산진구 양정동,중상사고,0,1,0,0,차대차 - 측면직각충돌,신호위반,건조,맑음,교차로 - 교차로안,이륜,남,34세,중상,승용,남,37세,상해없음
2014040300100476,2014년 4월 3일 20시,목요일,부산광역시 사하구 다대동,중상사고,0,1,0,0,차대사람 - 횡단중,보행자보호의무위반,건조,맑음,단일로 - 기타,승용,남,47세,상해없음,보행자,남,45세,중상
2014040300100477,2014년 4월 3일 20시,목요일,부산광역시 사상구 학장동,중상사고,0,1,0,0,차대차 - 측면직각충돌,안전운전불이행,건조,맑음,단일로 - 기타,승용,남,55세,기타불명,승용,남,63세,중상
2014040300100514,2014년 4월 3일 21시,목요일,부산광역시 수영구 민락동,중상사고,0,1,0,0,차대사람 - 기타,안전운전불이행,건조,맑음,교차로 - 교차로안,승용,남,61세,상해없음,보행자,남,52세,중상
2014040300100515,2014년 4월 3일 21시,목요일,부산광역시 해운대구 반여동,중상사고,0,1,0,0,차대차 - 측면직각충돌,중앙선침범,건조,맑음,단일로 - 기타,승용,남,61세,상해없음,승용,남,70세,중상
2014040300100554,2014년 4월 3일 22시,목요일,부산광역시 부산진구 초읍동,경상사고,0,0,1,0,차대차 - 기타,중앙선침범,습기,흐림,단일로 - 기타,승용,여,45세,상해없음,승용,여,46세,경상
2014040300100555,2014년 4월 3일 22시,목요일,부산광역시 사하구 하단동,중상사고,0,2,1,1,차대차 - 추돌 - 진행중,안전운전불이행,습기,맑음,교차로 - 교차로부근,특수,남,25세,상해없음,화물,남,49세,부상신고
2014040300100556,2014년 4월 3일 22시,목요일,부산광역시 사상구 모라동,중상사고,0,1,0,0,차대차 - 측면직각충돌,신호위반,건조,맑음,교차로 - 교차로안,이륜,남,14세,중상,승용,남,39세,상해없음
2014040300100589,2014년 4월 3일 23시,목요일,부산광역시 동구 범일동,경상사고,0,0,2,0,차대차 - 추돌 - 진행중,안전운전불이행,습기,비,단일로 - 기타,승용,남,72세,상해없음,승용,남,25세,상해없음
2014040300100590,2014년 4월 3일 23시,목요일,부산광역시 해운대구 반송동,중상사고,0,1,0,0,차대사람 - 횡단중,안전운전불이행,습기,비,단일로 - 기타,승용,남,61세,상해없음,보행자,여,40세,중상
2014040300100591,2014년 4월 3일 23시,목요일,부산광역시 부산진구 가야동,부상신고사고,0,0,0,1,차대사람 - 기타,안전운전불이행,습기,비,단일로 - 기타,승용,남,30세,상해없음,보행자,여,18세,부상신고
2014040300100592,2014년 4월 3일 23시,목요일,부산광역시 부산진구 전포동,중상사고,0,1,0,0,차대차 - 정면충돌,안전운전불이행,건조,맑음,단일로 - 기타,승용,남,49세,상해없음,승용,남,38세,중상
2014040300100593,2014년 4월 3일 23시,목요일,부산광역시 수영구 망미동,중상사고,0,1,3,0,차대차 - 추돌 - 진행중,안전거리미확보,습기,비,단일로 - 기타,승용,남,25세,상해없음,승용,남,51세,상해없음
2014040300100594,2014년 4월 3일 23시,목요일,부산광역시 사상구 학장동,경상사고,0,0,1,0,차대차 - 추돌 - 주정차중,안전운전불이행,습기,비,교차로 - 교차로부근,승합,남,56세,상해없음,승용,남,32세,경상