사고번호,사고일시,요일,시군구,사고내용,사망자수,중상자수,경상자수,부상신고자수,사고유형,법규위반,노면상태,기상상태,도로형태,가해운전자 차종,가해운전자 성별,가해운전자 연령,가해운전자 상해정도,피해운전자 차종,피해운전자 성별,피해운전자 연령,피해운전자 상해정도
2014040400100009,2014년 4월 4일 00시,금요일,부산광역시 해운대구 좌동,경상사고,0,0,1,0,차대사람 - 횡단중,신호위반,습기,비,단일로 - 횡단보도상,승용,남,61세,상해없음,보행자,여,46세,경상
2014040400100010,2014년 4월 4일 00시,금요일,부산광역시 해운대구 재송동,경상사고,0,0,2,0,차대차 - 추돌 - 주정차중,안전운전불이행,습기,비,단일로 - 기타,승용,여,26세,상해없음,승용,남,52세,상해없음
2014040400100011,2014년 4월 4일 00시,금요일,부산광역시 부산진구 연지동,경상사고,0,0,1,0,차대차 - 기타,신호위반,습기,비,교차로 - 교차로안,승용,남,60세,상해없음,승용,남,23세,상해없음
2014040400100032,2014년 4월 4일 01시,금요일,부산광역시 해운대구 반여동,경상사고,0,0,1,0,차대차 - 기타,중앙선침범,습기,비,단일로 - 기타,승용,남,52세,상해없음,승용,남,18세,상해없음
2014040400100033,2014년 4월 4일 01시,금요일,부산광역시 해운대구 반여동,중상사고,0,2,0,0,차대차 - 추돌 - 진행중,안전운전불이행,건조,맑음,교차로 - 교차로안,승용,남,52세,상해없음,승용,남,39세,중상
2014040400100034,2014년 4월 4일 01시,금요일,부산광역시 사하구 당리동,중상사고,0,1,0,0,차대사람 - 기타,안전운전불이행,건조,맑음,단일로 - 기타,승용,남,57세,상해없음,보행자,남,30세,중상
2014040400100075,2014년 4월 4일 04시,금요일,부산광역시 연제구 연산동,중상사고,0,1,1,0,차대차 - 측면직각충돌,교차로운행방법위반,습기,비,교차로 - 교차로안,승용,여,33세,중상,화물,남,44세,경상
2014040400100085,2014년 4월 4일 05시,금요일,부산광역시 수영구 남천동,경상사고,0,0,1,0,차대차 - 기타,안전운전불이행,건조,맑음,교차로 - 교차로안,기타불명,기타불명,기타불명,기타불명,승용,남,31세,경상
2014040400100086,2014년 4월 4일 05시,금요일,부산광역시 부산진구 부암동,경상사고,0,0,1,0,차대차 - 정면충돌,교차로운행방법위반,건조,맑음,교차로 - 교차로안,승용,남,48세,상해없음,자전거,남,64세,경상
2014040400100094,2014년 4월 4일 06시,금요일,부산광역시 동구 범일동,사망사고,1,0,2,0,차대차 - 기타,안전운전불이행,건조,맑음,단일로 - 기타,승용,남,21세,상해없음,승용,남,54세,경상
2014040400100095,2014년 4월 4일 06시,금요일,부산광역시 서구 서대신동1가,경상사고,0,0,2,0,차대차 - 기타,안전운전불이행,건조,맑음,단일로 - 기타,승용,남,51세,상해없음,승용,남,32세,경상
2014040400100096,2014년 4월 4일 06시,금요일,부산광역시 부산진구 당감동,경상사고,0,0,1,1,차대차 - 측면직각충돌,신호위반,건조,맑음,교차로 - 교차로안,승용,남,64세,부상신고,승용,남,57세,경상
2014040400100106,2014년 4월 4일 07시,금요일,부산광역시 사하구 신평동,경상사고,0,0,2,0,차대차 - 측면직각충돌,신호위반,건조,맑음,단일로 - 기타,승용,남,34세,경상,승용,여,44세,경상
2014040400100107,2014년 4월 4일 07시,금요일,부산광역시 사하구 감천동,경상사고,0,0,1,0,차대차 - 측면직각충돌,중앙선침범,건조,맑음,교차로 - 교차로부근,승합,남,62세,상해없음,이륜,남,47세,경상
2014040400100133,2014년 4월 4일 08시,금요일,부산광역시 동래구 명장동,중상사고,0,2,0,0,차대사람 - 기타,안전운전불이행,건조,맑음,교차로 - 교차로안,승용,여,46세,상해없음,보행자,여,20세,중상
2014040400100134,2014년 4월 4일 08시,금요일,부산광역시 부산진구 범천동,중상사고,0,1,0,0,차대차 - 기타,신호위반,건조,맑음,교차로 - 교차로안,승용,여,32세,상해없음,이륜,남,70세,중상
2014040400100166,2014년 4월 4일 09시,금요일,부산광역시 해운대구 중동,경상사고,0,0,1,0,차대차 - 기타,안전거리미확보,건조,맑음,교차로 - 교차로안,승용,여,37세,상해없음,자전거,남,28세,경상
2014040400100205,2014년 4월 4일 10시,금요일,부산광역시 사하구 신평동,중상사고,0,1,0,0,차대사람 - 횡단중,안전운전불이행,건조,맑음,단일로 - 기타,승용,남,49세,상해없음,보행자,여,72세,중상
2014040400100206,2014년 4월 4일 10시,금요일,부산광역시 강서구 녹산동,경상사고,0,0,2,0,차대차 - 측면직각충돌,교차로운행방법위반,건조,맑음,교차로 - 교차로안,승용,여,35세,상해없음,승합,남,31세,상해없음
2014040400100233,2014년 4월 4일 11시,금요일,부산광역시 사상구 감전동,경상사고,0,0,1,0,차대차 - 기타,안전운전불이행,건조,맑음,단일로 - 기타,화물,남,65세,상해없음,승용,여,23세,경상
2014040400100263,2014년 4월 4일 12시,금요일,부산광역시 금정구 부곡동,경상사고,0,0,1,0,차대사람 - 길가장자리구역통행중,안전운전불이행,건조,맑음,단일로 - 기타,화물,남,58세,상해없음,보행자,여,53세,경상
2014040400100293,2014년 4월 4일 13시,금요일,부산광역시 기장군 일광면,중상사고,0,1,0,1,차대차 - 측면직각충돌,신호위반,건조,맑음,교차로 - 교차로안,승용,여,46세,부상신고,승용,여,50세,중상
2014040400100315,2014년 4월 4일 14시,금요일,부산광역시 서구 부민동2가,경상사고,0,0,2,0,차대차 - 측면직각충돌,교차로운행방법위반,건조,맑음,교차로 - 교차로안,화물,남,35세,경상,승용,남,55세,경상
2014040400100316,2014년 4월 4일 14시,금요일,부산광역시 사하구 구평동,경상사고,0,0,1,0,차대차 - 기타,안전운전불이행,건조,맑음,기타 - 기타,화물,남,52세,상해없음,화물,남,27세,경상
2014040400100317,2014년 4월 4일 14시,금요일,부산광역시 사상구 주례동,중상사고,0,1,0,0,차대차 - 기타,신호위반,건조,맑음,교차로 - 교차로안,승용,남,61세,상해없음,승용,남,26세,중상
2014040400100353,2014년 4월 4일 15시,금요일,부산광역시 금정구 부곡동,경상사고,0,0,1,0,차대사람 - 기타,안전운전불이행,건조,맑음,단일로 - 기타,기타불명,기타불명,기타불명,기타불명,보행자,여,13세,경상
2014040400100438,2014년 4월 4일 17시,금요일,부산광역시 서구 남부민동,중상사고,0,1,0,0,차대사람 - 차도통행중,안전운전불이행,건조,맑음,단일로 - 기타,승용,남,52세,상해없음,보행자,여,73세,중상
2014040400100439,2014년 4월 4일 17시,금요일,부산광역시 수영구 남천동,중상사고,0,1,0,0,차대차 - 기타,기타,건조,맑음,단일로 - 기타,승용,남,54세,상해없음,이륜,남,26세,중상
2014040400100479,2014년 4월 4일 18시,금요일,부산광역시 연제구 연산동,중상사고,0,1,1,0,차대차 - 기타,안전운전불이행,건조,맑음,단일로 - 기타,승용,남,41세,상해없음,원동기,남,18세,중상
2014040400100522,2014년 4월 4일 19시,금요일,부산광역시 사하구 하단동,경상사고,0,0,4,0,차대차 - 정면충돌,안전운전불이행,건조,맑음,교차로 - 교차로부근,승용,여,56세,상해없음,승용,여,46세,경상
2014040400100559,2014년 4월 4일 20시,금요일,부산광역시 동래구 온천동,경상사고,0,0,2,0,차대차 - 추돌 - 진행중,안전거리미확보,건조,맑음,단일로 - 기타,승용,여,35세,상해없음,승용,여,42세,경상
2014040400100596,2014년 4월 4일 21시,금요일,부산광역시 해운대구 재송동,경상사고,0,0,1,0,차대차 - 기타,신호위반,건조,맑음,교차로 - 교차로안,승용,여,45세,상해없음,이륜,남,37세,경상
2014040400100597,2014년 4월 4일 21시,금요일,부산광역시 부산진구 양정동,경상사고,0,0,1,0,차대차 - 측면직각충돌,교차로운행방법위반,건조,맑음,교차로 - 교차로안,승용,여,45세,상해없음,원동기,남,17세,경상
2014040400100628,2014년 4월 4일 22시,금요일,부산광역시 동구 초량동,경상사고,0,0,1,0,차대사람 - 횡단중,보행자보호의무위반,건조,맑음,교차로 - 교차로부근,승용,남,55세,상해없음,보행자,남,54세,경상
2014040400100629,2014년 4월 4일 22시,금요일,부산광역시 북구 덕천동,경상사고,0,0,1,0,차대사람 - 보도통행중,안전운전불이행,건조,맑음,단일로 - 기타,승용,남,50세,상해없음,보행자,남,19세,경상
2014040500100006,2014년 4월 5일 00시,토요일,부산광역시 남구 문현동,경상사고,0,0,1,0,차대차 - 정면충돌,중앙선침범,건조,맑음,단일로 - 기타,승용,남,35세,상해없음,이륜,여,15세,경상
2014040500100027,2014년 4월 5일 01시,토요일,부산광역시 동래구 안락동,중상사고,0,1,0,0,차대차 - 추돌 - 진행중,안전운전불이행,건조,맑음,교차로 - 교차로안,화물,남,31세,상해없음,승용,남,50세,중상
2014040500100028,2014년 4월 5일 01시,토요일,부산광역시 해운대구 우동,경상사고,0,0,2,0,차대차 - 정면충돌,신호위반,건조,맑음,교차로 - 교차로안,승용,남,30세,상해없음,원동기,남,16세,경상
2014040500100048,2014년 4월 5일 02시,토요일,부산광역시 중구 남포동6가,중상사고,0,1,0,0,차대차 - 측면직각충돌,신호위반,건조,흐림,교차로 - 교차로안,이륜,남,19세,중상,승용,남,63세,상해없음
2014040500100089,2014년 4월 5일 05시,토요일,부산광역시 금정구 부곡동,경상사고,0,0,1,0,차대사람 - 횡단중,안전운전불이행,건조,맑음,단일로 - 기타,승용,기타불명,기타불명,기타불명,보행자,남,22세,경상
2014040500100103,2014년 4월 5일 06시,토요일,부산광역시 남구 대연동,경상사고,0,0,1,0,차대차 - 기타,안전운전불이행,건조,맑음,교차로 - 교차로부근,승합,남,49세,상해없음,승용,여,29세,경상
2014040500100129,2014년 4월 5일 08시,토요일,부산광역시 사상구 주례동,경상사고,0,0,1,0,차대차 - 측면직각충돌,안전운전불이행,건조,맑음,단일로 - 기타,승용,남,62세,상해없음,자전거,남,39세,경상
2014040500100207,2014년 4월 5일 11시,토요일,부산광역시 서구 동대신동1가,중상사고,0,1,0,0,차대사람 - 횡단중,안전운전불이행,건조,맑음,교차로 - 교차로안,화물,남,51세,상해없음,보행자,여,14세,중상
2014040500100208,2014년 4월 5일 11시,토요일,부산광역시 수영구 광안동,중상사고,0,1,0,0,차대사람 - 기타,안전운전불이행,건조,맑음,단일로 - 기타,승용,남,56세,상해없음,보행자,여,67세,중상
2014040500100239,2014년 4월 5일 12시,토요일,부산광역시 수영구 광안동,경상사고,0,0,1,0,차대차 - 기타,안전운전불이행,건조,맑음,단일로 - 기타,승용,남,30세,상해없음,승용,여,46세,경상
2014040500100240,2014년 4월 5일 12시,토요일,부산광역시 강서구 대저1동,경상사고,0,0,1,0,차대차 - 측면직각충돌,안전운전불이행,건조,맑음,단일로 - 기타,승용,남,61세,경상,승용,여,58세,상해없음
2014040500100270,2014년 4월 5일 13시,토요일,부산광역시 영도구 봉래동1가,중상사고,0,1,0,0,차대차 - 추돌 - 주정차중,안전운전불이행,건조,맑음,단일로 - 교량,승용,남,69세,상해없음,승용,남,37세,중상
2014040500100271,2014년 4월 5일 13시,토요일,부산광역시 연제구 거제동,경상사고,0,0,1,0,차대차 - 추돌 - 진행중,안전운전불이행,건조,맑음,단일로 - 횡단보도상,승용,여,30세,상해없음,자전거,여,28세,경상
2014040500100338,2014년 4월 5일 15시,토요일,부산광역시 동구 범일동,경상사고,0,0,1,0,차대사람 - 기타,안전운전불이행,건조,맑음,교차로 - 교차로안,승용,남,59세,상해없음,보행자,남,44세,경상
2014040500100339,2014년 4월 5일 15시,토요일,부산광역시 금정구 남산동,중상사고,0,1,0,0,차대차 - 추돌 - 진행중,안전운전불이행,건조,맑음,단일로 - 기타,승용,남,45세,상해없음,승용,여,34세,상해없음
2014040500100411,2014년 4월 5일 17시,토요일,부산광역시 사상구 학장동,경상사고,0,0,1,0,차대차 - 기타,안전거리미확보,건조,맑음,교차로 - 교차로부근,화물,남,54세,상해없음,승용,남,67세,경상
2014040500100440,2014년 4월 5일 18시,토요일,부산광역시 사상구 모라동,경상사고,0,0,1,0,차대사람 - 기타,안전운전불이행,건조,맑음,단일로 - 기타,승용,남,36세,상해없음,보행자,남,75세,경상
2014040500100470,2014년 4월 5일 19시,토요일,부산광역시 사하구 괴정동,중상사고,0,1,0,0,차대사람 - 기타,안전운전불이행,건조,맑음,교차로 - 교차로부근,승용,기타불명,기타불명,기타불명,보행자,남,69세,중상
2014040500100471,2014년 4월 5일 19시,토요일,부산광역시 사하구 신평동,중상사고,0,1,0,0,차대차 - 기타,안전운전불이행,건조,맑음,단일로 - 기타,승합,남,42세,기타불명,기타불명,여,57세,중상
2014040500100511,2014년 4월 5일 20시,토요일,부산광역시 수영구 남천동,경상사고,0,0,1,0,차대차 - 기타,안전운전불이행,건조,맑음,단일로 - 기타,승용,남,43세,상해없음,승용,남,61세,상해없음
2014040500100512,2014년 4월 5일 20시,토요일,부산광역시 북구 화명동,경상사고,0,0,2,0,차대차 - 추돌 - 주정차중,안전운전불이행,건조,맑음,교차로 - 교차로부근,승용,남,52세,상해없음,승용,남,38세,경상
2014040500100513,2014년 4월 5일 20시,토요일,부산광역시 수영구 망미동,경상사고,0,0,6,0,차대차 - 추돌 - 진행중,안전거리미확보,건조,맑음,단일로 - 기타,승용,여,27세,상해없음,승용,남,25세,경상
2014040500100558,2014년 4월 5일 21시,토요일,부산광역시 남구 용호동,중상사고,0,1,0,0,차대사람 - 기타,안전운전불이행,건조,맑음,단일로 - 기타,승용,남,46세,상해없음,보행자,남,54세,중상
2014040500100559,2014년 4월 5일 21시,토요일,부산광역시 해운대구 좌동,중상사고,0,1,3,0,차대차 - 추돌 - 진행중,안전운전불이행,건조,맑음,단일로 - 기타,화물,남,59세,상해없음,승용,남,61세,중상
2014040500100560,2014년 4월 5일 21시,토요일,부산광역시 해운대구 반송동,부상신고사고,0,0,0,2,차대차 - 추돌 - 주정차중,안전운전불이행,건조,맑음,단일로 - 기타,이륜,남,21세,부상신고,승용,여,39세,부상신고
2014040500100561,2014년 4월 5일 21시,토요일,부산광역시 연제구 연산동,부상신고사고,0,0,0,1,차대차 - 측면직각충돌,안전거리미확보,건조,맑음,단일로 - 기타,승용,여,56세,상해없음,승용,남,62세,부상신고
2014040500100591,2014년 4월 5일 22시,토요일,부산광역시 동구 초량동,경상사고,0,0,1,0,차대차 - 측면직각충돌,교차로운행방법위반,건조,맑음,교차로 - 교차로안,승용,남,21세,상해없음,승용,남,32세,경상
2014040500100592,2014년 4월 5일 22시,토요일,부산광역시 기장군 일광면,중상사고,0,1,0,0,차대차 - 추돌 - 주정차중,안전운전불이행,건조,맑음,교차로 - 교차로안,승용,남,53세,상해없음,승용,남,56세,상해없음
2014040500100617,2014년 4월 5일 23시,토요일,부산광역시 해운대구 좌동,경상사고,0,0,1,0,차대차 - 정면충돌,신호위반,건조,맑음,교차로 - 교차로안,승용,남,38세,상해없음,승용,여,26세,경상
2014040600100031,2014년 4월 6일 02시,일요일,부산광역시 사하구 괴정동,중상사고,0,1,0,0,차대차 - 측면직각충돌,교차로운행방법위반,건조,맑음,교차로 - 교차로안,승용,남,58세,상해없음,승용,남,35세,상해없음
2014040600100054,2014년 4월 6일 04시,일요일,부산광역시 사하구 신평동,경상사고,0,0,1,0,차대차 - 정면충돌,신호위반,건조,맑음,교차로 - 교차로안,승용,남,24세,상해없음,승용,남,53세,경상
2014040600100059,2014년 4월 6일 05시,일요일,부산광역시 사하구 괴정동,부상신고사고,0,0,0,1,차대사람 - 횡단중,신호위반,건조,맑음,교차로 - 교차로부근,기타불명,기타불명,기타불명,기타불명,보행자,남,21세,부상신고
2014040600100081,2014년 4월 6일 08시,일요일,부산광역시 남구 용호동,중상사고,0,1,0,0,차대차 - 측면직각충돌,교차로운행방법위반,건조,맑음,교차로 - 교차로안,승용,여,53세,상해없음,이륜,남,76세,중상
2014040600100082,2014년 4월 6일 08시,일요일,부산광역시 사상구 학장동,경상사고,0,0,1,0,차대사람 - 기타,안전운전불이행,건조,맑음,단일로 - 기타,화물,남,53세,상해없음,보행자,여,45세,경상
2014040600100129,2014년 4월 6일 10시,일요일,부산광역시 남구 용호동,중상사고,0,1,0,0,차대차 - 기타,신호위반,건조,맑음,단일로 - 횡단보도상,승용,여,48세,상해없음,자전거,남,76세,중상
2014040600100154,2014년 4월 6일 11시,일요일,부산광역시 사상구 감전동,중상사고,0,1,0,0,차대차 - 기타,안전운전불이행,건조,맑음,단일로 - 기타,자전거,여,30세,상해없음,자전거,남,61세,중상
2014040600100174,2014년 4월 6일 12시,일요일,부산광역시 동구 좌천동,경상사고,0,0,1,0,차대차 - 기타,안전운전불이행,건조,맑음,단일로 - 기타,승용,여,59세,상해없음,승용,남,48세,경상
2014040600100210,2014년 4월 6일 13시,일요일,부산광역시 동래구 사직동,경상사고,0,0,1,0,차대차 - 추돌 - 진행중,안전운전불이행,건조,맑음,단일로 - 기타,승용,여,38세,상해없음,이륜,남,22세,경상
2014040600100296,2014년 4월 6일 16시,일요일,부산광역시 중구 중앙동5가,경상사고,0,0,2,0,차대차 - 추돌 - 진행중,안전거리미확보,건조,맑음,단일로 - 기타,승용,남,44세,상해없음,승용,여,47세,경상
2014040600100297,2014년 4월 6일 16시,일요일,부산광역시 동래구 온천동,경상사고,0,0,2,0,차대차 - 추돌 - 진행중,안전운전불이행,건조,맑음,교차로 - 교차로안,승용,남,52세,상해없음,승용,여,44세,경상
2014040600100298,2014년 4월 6일 16시,일요일,부산광역시 부산진구 양정동,부상신고사고,0,0,0,1,차대사람 - 횡단중,안전운전불이행,건조,맑음,단일로 - 기타,승용,여,59세,상해없음,보행자,남,30세,부상신고
2014040600100327,2014년 4월 6일 17시,일요일,부산광역시 동래구 안락동,중상사고,0,1,0,0,차대차 - 측면직각충돌,교차로운행방법위반,건조,맑음,교차로 - 교차로부근,화물,남,35세,상해없음,승용,남,53세,중상
2014040600100328,2014년 4월 6일 17시,일요일,부산광역시 사하구 하단동,중상사고,0,1,0,0,차대차 - 추돌 - 진행중,안전운전불이행,건조,맑음,교차로 - 교차로부근,이륜,여,47세,중상,승합,여,55세,상해없음
2014040600100363,2014년 4월 6일 18시,일요일,부산광역시 동구 범일동,경상사고,0,0,1,0,차대차 - 기타,안전거리미확보,건조,맑음,교차로 - 교차로부근,승합,남,62세,상해없음,승용,남,63세,경상
2014040600100364,2014년 4월 6일 18시,일요일,부산광역시 수영구 광안동,중상사고,0,1,1,0,차대사람 - 길가장자리구역통행중,안전운전불이행,건조,맑음,단일로 - 기타,승용,여,54세,상해없음,보행자,남,59세,중상
2014040600100391,2014년 4월 6일 19시,일요일,부산광역시 부산진구 전포동,중상사고,0,1,0,0,차대사람 - 횡단중,보행자보호의무위반,건조,맑음,단일로 - 횡단보도상,승합,남,41세,상해없음,보행자,여,45세,중상
2014040600100392,2014년 4월 6일 19시,일요일,부산광역시 강서구 대저1동,중상사고,0,1,0,0,차대차 - 측면직각충돌,안전운전불이행,건조,맑음,교차로 - 교차로부근,승용,남,33세,상해없음,자전거,남,71세,중상
2014040600100393,2014년 4월 6일 19시,일요일,부산광역시 사상구 학장동,중상사고,0,2,0,0,차대차 - 측면직각충돌,안전운전불이행,건조,맑음,단일로 - 기타,승용,여,59세,상해없음,이륜,남,54세,중상
2014040600100423,2014년 4월 6일 20시,일요일,부산광역시 남구 대연동,경상사고,0,0,1,0,차대사람 - 기타,안전운전불이행,건조,맑음,단일로 - 기타,승용,남,23세,상해없음,보행자,여,57세,경상
2014040600100424,2014년 4월 6일 20시,일요일,부산광역시 부산진구 양정동,경상사고,0,0,1,0,차대차 - 기타,기타,건조,맑음,단일로 - 기타,승용,남,60세,상해없음,이륜,남,31세,경상
2014040600100451,2014년 4월 6일 21시,일요일,부산광역시 부산진구 개금동,경상사고,0,0,3,0,차대차 - 추돌 - 주정차중,안전운전불이행,건조,맑음,교차로 - 교차로부근,승용,여,50세,상해없음,승용,남,31세,경상
2014040600100452,2014년 4월 6일 21시,일요일,부산광역시 사상구 모라동,중상사고,0,1,1,0,차대사람 - 길가장자리구역통행중,안전운전불이행,건조,맑음,단일로 - 기타,이륜,남,23세,상해없음,보행자,남,51세,중상
2014040600100453,2014년 4월 6일 21시,일요일,부산광역시 사상구 괘법동,중상사고,0,1,0,0,차대사람 - 기타,기타,건조,맑음,단일로 - 기타,승합,남,53세,상해없음,보행자,여,60세,중상
2014040600100506,2014년 4월 6일 23시,일요일,부산광역시 남구 대연동,중상사고,0,1,0,0,차대사람 - 횡단중,신호위반,건조,맑음,단일로 - 횡단보도상,승용,남,58세,상해없음,보행자,남,31세,중상
2014040700100045,2014년 4월 7일 06시,월요일,부산광역시 동구 초량동,중상사고,0,1,0,0,차대사람 - 기타,안전운전불이행,건조,맑음,단일로 - 기타,화물,남,51세,상해없음,보행자,여,74세,중상
2014040700100046,2014년 4월 7일 06시,월요일,부산광역시 해운대구 우동,경상사고,0,0,1,0,차량단독 - 공작물충돌,안전운전불이행,건조,맑음,단일로 - 기타,승용,남,22세,상해없음,,,,
2014040700100056,2014년 4월 7일 07시,월요일,부산광역시 영도구 청학동,중상사고,0,1,0,0,차량단독 - 기타,기타,건조,맑음,단일로 - 기타,승합,남,47세,상해없음,,,,
2014040700100057,2014년 4월 7일 07시,월요일,부산광역시 금정구 서동,중상사고,0,1,0,0,차대차 - 기타,안전운전불이행,건조,맑음,단일로 - 기타,승용,남,48세,상해없음,원동기,남,30세,중상
2014040700100094,2014년 4월 7일 08시,월요일,부산광역시 남구 대연동,경상사고,0,0,3,0,차대차 - 추돌 - 진행중,안전운전불이행,건조,맑음,단일로 - 기타,승용,남,52세,상해없음,승용,남,45세,경상
2014040700100095,2014년 4월 7일 08시,월요일,부산광역시 동래구 명장동,중상사고,0,1,0,0,차대차 - 기타,기타,건조,맑음,단일로 - 기타,승용,남,45세,상해없음,원동기,남,55세,중상
2014040700100096,2014년 4월 7일 08시,월요일,부산광역시 해운대구 반여동,경상사고,0,0,1,0,차대차 - 측면직각충돌,안전운전불이행,건조,맑음,단일로 - 기타,승용,남,43세,경상,승용,남,55세,상해없음
2014040700100097,2014년 4월 7일 08시,월요일,부산광역시 기장군 기장읍,중상사고,0,1,0,0,차대사람 - 보도통행중,기타,건조,맑음,단일로 - 기타,화물,남,57세,상해없음,보행자,여,56세,중상
2014040700100137,2014년 4월 7일 09시,월요일,부산광역시 남구 대연동,경상사고,0,0,1,0,차대사람 - 횡단중,안전운전불이행,건조,맑음,교차로 - 교차로안,승용,여,37세,상해없음,보행자,여,75세,경상
2014040700100138,2014년 4월 7일 09시,월요일,부산광역시 해운대구 좌동,경상사고,0,0,1,1,차대차 - 측면직각충돌,교차로운행방법위반,건조,맑음,교차로 - 교차로안,승용,남,22세,상해없음,승용,남,62세,경상
2014040700100139,2014년 4월 7일 09시,월요일,부산광역시 금정구 구서동,경상사고,0,0,1,0,차대차 - 측면직각충돌,직진우회전진행방해,건조,맑음,교차로 - 교차로안,승용,남,49세,상해없음,화물,남,52세,경상
2014040700100140,2014년 4월 7일 09시,월요일,부산광역시 연제구 연산동,중상사고,0,1,0,0,차대사람 - 횡단중,안전운전불이행,건조,맑음,단일로 - 기타,승용,여,61세,상해없음,보행자,여,36세,중상
2014040700100141,2014년 4월 7일 09시,월요일,부산광역시 사상구 엄궁동,경상사고,0,0,1,0,차대차 - 추돌 - 진행중,안전거리미확보,건조,맑음,단일로 - 기타,화물,남,62세,상해없음,승용,여,54세,경상
2014040700100186,2014년 4월 7일 11시,월요일,부산광역시 동래구 온천동,중상사고,0,1,0,0,차대사람 - 횡단중,안전운전불이행,건조,맑음,교차로 - 교차로안,화물,남,35세,상해없음,보행자,여,16세,중상
2014040700100206,2014년 4월 7일 12시,월요일,부산광역시 부산진구 연지동,중상사고,0,1,2,0,차대차 - 측면직각충돌,안전거리미확보,건조,맑음,단일로 - 기타,승용,남,72세,상해없음,승용,남,72세,경상
2014040700100207,2014년 4월 7일 12시,월요일,부산광역시 금정구 금사동,경상사고,0,0,1,0,차대차 - 측면직각충돌,안전거리미확보,건조,맑음,교차로 - 교차로부근,원동기,남,72세,상해없음,원동기,남,54세,경상
2014040700100235,2014년 4월 7일 13시,월요일,부산광역시 기장군 기장읍,중상사고,0,3,3,1,차대차 - 정면충돌,신호위반,건조,맑음,교차로 - 교차로안,화물,남,65세,상해없음,승합,남,50세,경상
2014040700100263,2014년 4월 7일 14시,월요일,부산광역시 동구 좌천동,경상사고,0,0,1,0,차대사람 - 기타,안전운전불이행,건조,맑음,단일로 - 기타,승용,남,28세,상해없음,보행자,남,51세,경상
2014040700100306,2014년 4월 7일 15시,월요일,부산광역시 북구 금곡동,중상사고,0,1,0,0,차대사람 - 횡단중,안전운전불이행,건조,맑음,단일로 - 기타,승용,남,31세,상해없음,보행자,남,2세,중상
2014040700100342,2014년 4월 7일 16시,월요일,부산광역시 해운대구 재송동,중상사고,0,1,0,0,차대차 - 측면직각충돌,중앙선침범,건조,맑음,단일로 - 기타,승용,여,68세,상해없음,이륜,남,62세,중상
2014040700100343,2014년 4월 7일 16시,월요일,부산광역시 사하구 장림동,경상사고,0,0,1,0,차대차 - 정면충돌,안전운전불이행,건조,맑음,교차로 - 교차로안,승용,남,39세,상해없음,이륜,남,67세,경상
2014040700100369,2014년 4월 7일 17시,월요일,부산광역시 남구 용호동,경상사고,0,0,1,0,차대사람 - 기타,중앙선침범,건조,맑음,단일로 - 기타,승용,여,32세,상해없음,보행자,여,13세,경상
2014040700100370,2014년 4월 7일 17시,월요일,부산광역시 북구 화명동,경상사고,0,0,1,0,차대차 - 기타,기타,건조,맑음,단일로 - 기타,승합,남,61세,상해없음,이륜,남,27세,상해없음
2014040700100371,2014년 4월 7일 17시,월요일,부산광역시 금정구 구서동,경상사고,0,0,1,0,차대사람 - 기타,안전운전불이행,건조,맑음,단일로 - 기타,승합,남,33세,상해없음,보행자,여,12세,경상
2014040700100416,2014년 4월 7일 18시,월요일,부산광역시 사상구 감전동,부상신고사고,0,0,0,1,차대차 - 기타,안전운전불이행,건조,맑음,단일로 - 기타,승용,남,60세,상해없음,승용,여,31세,부상신고
2014040700100456,2014년 4월 7일 19시,월요일,부산광역시 서구 동대신동3가,중상사고,0,1,0,0,차대사람 - 횡단중,안전운전불이행,건조,맑음,교차로 - 교차로안,승용,여,22세,상해없음,보행자,여,19세,중상
2014040700100457,2014년 4월 7일 19시,월요일,부산광역시 동래구 안락동,중상사고,0,1,1,0,차대차 - 정면충돌,중앙선침범,건조,맑음,교차로 - 교차로부근,승용,남,42세,상해없음,승용,여,50세,중상
2014040700100458,2014년 4월 7일 19시,월요일,부산광역시 금정구 남산동,경상사고,0,0,1,0,차대차 - 추돌 - 주정차중,안전운전불이행,건조,맑음,단일로 - 기타,승용,남,46세,상해없음,승용,남,18세,경상
2014040700100515,2014년 4월 7일 21시,월요일,부산광역시 남구 용호동,사망사고,1,0,0,0,차대차 - 추돌 - 주정차중,안전운전불이행,건조,맑음,단일로 - 기타,화물,남,56세,사망,화물,남,48세,상해없음
2014040700100516,2014년 4월 7일 21시,월요일,부산광역시 영도구 동삼동,경상사고,0,0,1,0,차대사람 - 길가장자리구역통행중,안전운전불이행,건조,맑음,단일로 - 기타,승용,남,62세,상해없음,보행자,여,16세,경상
2014040700100517,2014년 4월 7일 21시,월요일,부산광역시 연제구 거제동,중상사고,0,1,0,0,차대차 - 기타,안전운전불이행,건조,맑음,단일로 - 기타,자전거,여,39세,중상,원동기,남,51세,상해없음
2014040700100518,2014년 4월 7일 21시,월요일,부산광역시 강서구 송정동,경상사고,0,0,1,0,차대차 - 측면직각충돌,신호위반,건조,맑음,교차로 - 교차로안,화물,남,42세,상해없음,승용,남,25세,경상
2014040700100552,2014년 4월 7일 22시,월요일,부산광역시 서구 아미동1가,경상사고,0,0,1,0,차대사람 - 횡단중,안전운전불이행,건조,맑음,단일로 - 기타,승용,여,29세,상해없음,보행자,남,43세,경상
2014040700100553,2014년 4월 7일 22시,월요일,부산광역시 해운대구 우동,중상사고,0,1,0,0,차대차 - 기타,신호위반,기타,맑음,교차로 - 교차로안,승용,남,29세,상해없음,승용,남,46세,중상