사고번호,사고일시,요일,시군구,사고내용,사망자수,중상자수,경상자수,부상신고자수,사고유형,법규위반,노면상태,기상상태,도로형태,가해운전자 차종,가해운전자 성별,가해운전자 연령,가해운전자 상해정도,피해운전자 차종,피해운전자 성별,피해운전자 연령,피해운전자 상해정도
2014041100100005,2014년 4월 11일 00시,금요일,부산광역시 북구 덕천동,중상사고,0,1,0,0,차대사람 - 기타,안전운전불이행,건조,맑음,단일로 - 기타,승용,남,40세,상해없음,보행자,남,20세,중상
2014041100100019,2014년 4월 11일 01시,금요일,부산광역시 해운대구 반여동,중상사고,0,2,0,0,차대차 - 측면직각충돌,신호위반,건조,맑음,교차로 - 교차로안,이륜,남,16세,상해없음,승용,남,44세,상해없음
2014041100100027,2014년 4월 11일 02시,금요일,부산광역시 금정구 부곡동,경상사고,0,0,1,0,차량단독 - 기타,안전운전불이행,건조,맑음,단일로 - 기타,원동기,남,27세,경상,,,,
2014041100100035,2014년 4월 11일 03시,금요일,부산광역시 부산진구 양정동,부상신고사고,0,0,0,1,차대차 - 측면직각충돌,신호위반,건조,맑음,교차로 - 교차로안,승용,남,25세,상해없음,화물,남,59세,부상신고
2014041100100036,2014년 4월 11일 03시,금요일,부산광역시 부산진구 당감동,중상사고,0,1,0,0,차대차 - 기타,안전운전불이행,건조,맑음,미분류 - 미분류,승용,남,36세,상해없음,화물,남,73세,상해없음
2014041100100044,2014년 4월 11일 04시,금요일,부산광역시 남구 대연동,중상사고,0,1,1,0,차대사람 - 횡단중,안전운전불이행,습기,비,단일로 - 횡단보도상,승용,여,36세,상해없음,보행자,남,22세,중상
2014041100100076,2014년 4월 11일 07시,금요일,부산광역시 중구 남포동1가,경상사고,0,0,1,0,차대차 - 측면직각충돌,안전운전불이행,기타,비,단일로 - 기타,승용,남,53세,상해없음,이륜,남,57세,경상
2014041100100077,2014년 4월 11일 07시,금요일,부산광역시 부산진구 당감동,경상사고,0,0,1,0,차대차 - 추돌 - 주정차중,안전운전불이행,건조,맑음,단일로 - 터널,화물,남,43세,상해없음,화물,남,51세,경상
2014041100100138,2014년 4월 11일 09시,금요일,부산광역시 북구 구포동,중상사고,0,1,0,0,차대사람 - 차도통행중,안전운전불이행,건조,맑음,단일로 - 기타,승용,남,42세,상해없음,보행자,남,17세,중상
2014041100100159,2014년 4월 11일 10시,금요일,부산광역시 동래구 사직동,중상사고,0,1,0,0,차대사람 - 기타,신호위반,건조,맑음,단일로 - 기타,승용,여,53세,상해없음,보행자,여,26세,중상
2014041100100160,2014년 4월 11일 10시,금요일,부산광역시 금정구 남산동,중상사고,0,2,0,0,차대차 - 측면직각충돌,신호위반,건조,맑음,교차로 - 교차로안,승용,여,45세,상해없음,승용,남,62세,중상
2014041100100240,2014년 4월 11일 13시,금요일,부산광역시 동래구 낙민동,경상사고,0,0,1,0,차대차 - 측면직각충돌,안전운전불이행,건조,맑음,교차로 - 교차로안,승용,여,52세,상해없음,승용,여,26세,경상
2014041100100271,2014년 4월 11일 14시,금요일,부산광역시 동래구 온천동,경상사고,0,0,1,0,차대사람 - 기타,안전운전불이행,건조,맑음,단일로 - 기타,승합,남,55세,상해없음,보행자,여,43세,경상
2014041100100272,2014년 4월 11일 14시,금요일,부산광역시 연제구 연산동,중상사고,0,1,0,0,차대차 - 기타,안전운전불이행,건조,맑음,교차로 - 교차로안,승용,남,67세,상해없음,승용,여,65세,중상
2014041100100311,2014년 4월 11일 15시,금요일,부산광역시 남구 대연동,경상사고,0,0,1,0,차대사람 - 기타,안전운전불이행,건조,맑음,단일로 - 기타,화물,남,61세,상해없음,보행자,남,23세,경상
2014041100100312,2014년 4월 11일 15시,금요일,부산광역시 부산진구 부전동,경상사고,0,0,1,0,차대차 - 추돌 - 주정차중,안전운전불이행,건조,맑음,교차로 - 교차로안,이륜,남,69세,상해없음,이륜,남,41세,경상
2014041100100341,2014년 4월 11일 16시,금요일,부산광역시 기장군 정관면,경상사고,0,0,1,0,차대차 - 측면직각충돌,안전거리미확보,건조,맑음,단일로 - 기타,화물,남,65세,상해없음,승용,여,53세,경상
2014041100100381,2014년 4월 11일 17시,금요일,부산광역시 동구 초량동,경상사고,0,0,1,0,차대사람 - 기타,안전운전불이행,건조,맑음,단일로 - 기타,승용,남,67세,기타불명,보행자,남,15세,경상
2014041100100382,2014년 4월 11일 17시,금요일,부산광역시 부산진구 범천동,경상사고,0,0,1,0,차대차 - 정면충돌,신호위반,건조,맑음,교차로 - 교차로안,승용,남,53세,상해없음,승용,남,60세,경상
2014041100100408,2014년 4월 11일 18시,금요일,부산광역시 동래구 사직동,중상사고,0,1,0,0,차대차 - 측면직각충돌,안전운전불이행,건조,맑음,단일로 - 기타,승용,남,35세,상해없음,이륜,남,32세,중상
2014041100100409,2014년 4월 11일 18시,금요일,부산광역시 기장군 기장읍,경상사고,0,0,1,0,차대차 - 기타,직진우회전진행방해,건조,맑음,교차로 - 교차로안,승용,남,53세,상해없음,승용,남,24세,경상
2014041100100460,2014년 4월 11일 19시,금요일,부산광역시 부산진구 범전동,경상사고,0,0,1,0,차대차 - 기타,안전운전불이행,건조,맑음,단일로 - 기타,승용,남,41세,상해없음,자전거,남,37세,경상
2014041100100461,2014년 4월 11일 19시,금요일,부산광역시 부산진구 범천동,경상사고,0,0,3,0,차대차 - 추돌 - 진행중,안전운전불이행,건조,맑음,교차로 - 교차로부근,화물,남,55세,상해없음,승용,남,48세,경상
2014041100100510,2014년 4월 11일 20시,금요일,부산광역시 부산진구 부암동,경상사고,0,0,1,0,차대차 - 측면직각충돌,안전거리미확보,건조,맑음,단일로 - 기타,승용,남,51세,상해없음,화물,남,52세,경상
2014041100100542,2014년 4월 11일 21시,금요일,부산광역시 기장군 철마면,경상사고,0,0,1,0,차대차 - 기타,기타,건조,맑음,교차로 - 교차로부근,승용,여,34세,상해없음,승용,남,50세,경상
2014041100100581,2014년 4월 11일 22시,금요일,부산광역시 수영구 광안동,경상사고,0,0,1,0,차대차 - 정면충돌,중앙선침범,건조,맑음,교차로 - 교차로부근,원동기,남,16세,상해없음,원동기,남,44세,경상
2014041100100582,2014년 4월 11일 22시,금요일,부산광역시 북구 덕천동,경상사고,0,0,1,0,차대차 - 측면직각충돌,교차로운행방법위반,건조,맑음,교차로 - 교차로안,승용,남,62세,상해없음,이륜,남,31세,경상
2014041100100626,2014년 4월 11일 23시,금요일,부산광역시 해운대구 우동,중상사고,0,1,2,0,차대차 - 측면직각충돌,안전운전불이행,건조,맑음,단일로 - 기타,승용,남,41세,상해없음,승용,여,36세,경상
2014041200100010,2014년 4월 12일 00시,토요일,부산광역시 연제구 연산동,경상사고,0,0,1,0,차대차 - 측면직각충돌,신호위반,건조,맑음,단일로 - 기타,원동기,남,34세,상해없음,승용,남,38세,상해없음
2014041200100011,2014년 4월 12일 00시,토요일,부산광역시 사상구 주례동,중상사고,0,1,0,0,차대사람 - 횡단중,안전운전불이행,건조,맑음,단일로 - 기타,승용,남,62세,상해없음,보행자,여,32세,중상
2014041200100036,2014년 4월 12일 01시,토요일,부산광역시 서구 남부민동,부상신고사고,0,0,0,1,차대차 - 추돌 - 진행중,안전운전불이행,기타,맑음,교차로 - 교차로안,승용,남,34세,상해없음,승용,남,65세,부상신고
2014041200100037,2014년 4월 12일 01시,토요일,부산광역시 수영구 민락동,중상사고,0,1,0,0,차대사람 - 횡단중,기타,건조,맑음,교차로 - 교차로부근,승용,남,61세,상해없음,보행자,남,46세,중상
2014041200100059,2014년 4월 12일 02시,토요일,부산광역시 해운대구 반여동,경상사고,0,0,1,0,차대차 - 기타,신호위반,건조,맑음,단일로 - 횡단보도상,승용,남,21세,상해없음,자전거,남,25세,경상
2014041200100060,2014년 4월 12일 02시,토요일,부산광역시 해운대구 우동,중상사고,0,1,0,0,차대차 - 기타,신호위반,건조,맑음,교차로 - 교차로안,승용,남,28세,상해없음,이륜,남,29세,중상
2014041200100091,2014년 4월 12일 04시,토요일,부산광역시 중구 보수동1가,경상사고,0,0,1,0,차대사람 - 기타,안전운전불이행,건조,흐림,단일로 - 기타,승용,남,62세,상해없음,보행자,남,64세,경상
2014041200100092,2014년 4월 12일 04시,토요일,부산광역시 연제구 연산동,경상사고,0,0,1,1,차대차 - 측면직각충돌,차로위반,건조,맑음,단일로 - 기타,승용,남,17세,상해없음,승용,남,48세,경상
2014041200100093,2014년 4월 12일 04시,토요일,부산광역시 연제구 연산동,경상사고,0,0,1,0,차대사람 - 차도통행중,안전운전불이행,건조,맑음,단일로 - 기타,승용,남,50세,상해없음,보행자,여,36세,경상
2014041200100141,2014년 4월 12일 08시,토요일,부산광역시 해운대구 좌동,경상사고,0,0,2,0,차대차 - 기타,안전운전불이행,건조,맑음,기타 - 기타,승용,여,24세,경상,승용,남,48세,경상
2014041200100165,2014년 4월 12일 09시,토요일,부산광역시 사하구 하단동,경상사고,0,0,1,0,차대차 - 기타,안전거리미확보,습기,비,단일로 - 기타,승용,남,62세,상해없음,승용,남,53세,상해없음
2014041200100199,2014년 4월 12일 10시,토요일,부산광역시 동래구 칠산동,중상사고,0,1,0,0,차대사람 - 기타,안전운전불이행,습기,흐림,단일로 - 기타,화물,남,43세,상해없음,보행자,남,65세,중상
2014041200100200,2014년 4월 12일 10시,토요일,부산광역시 부산진구 초읍동,중상사고,0,1,0,0,차대차 - 기타,교차로운행방법위반,건조,맑음,교차로 - 교차로부근,건설기계,남,64세,상해없음,승용,남,65세,중상
2014041200100260,2014년 4월 12일 12시,토요일,부산광역시 동래구 사직동,경상사고,0,0,1,0,차대차 - 추돌 - 진행중,안전운전불이행,건조,맑음,단일로 - 기타,승합,남,54세,기타불명,승용,남,49세,경상
2014041200100317,2014년 4월 12일 14시,토요일,부산광역시 동래구 안락동,중상사고,0,1,0,0,차대차 - 기타,안전운전불이행,건조,맑음,기타 - 기타,승용,남,33세,상해없음,자전거,남,50세,중상
2014041200100318,2014년 4월 12일 14시,토요일,부산광역시 사하구 장림동,중상사고,0,1,0,0,차대차 - 측면직각충돌,중앙선침범,건조,맑음,교차로 - 교차로부근,승용,남,71세,상해없음,승용,남,65세,중상
2014041200100319,2014년 4월 12일 14시,토요일,부산광역시 사하구 장림동,경상사고,0,0,1,0,차대차 - 측면직각충돌,안전거리미확보,건조,맑음,단일로 - 기타,건설기계,남,43세,상해없음,승용,여,47세,경상
2014041200100342,2014년 4월 12일 15시,토요일,부산광역시 해운대구 우동,중상사고,0,1,0,0,차대차 - 기타,안전거리미확보,건조,맑음,단일로 - 기타,화물,남,50세,상해없음,화물,남,74세,상해없음
2014041200100383,2014년 4월 12일 16시,토요일,부산광역시 동래구 사직동,중상사고,0,1,0,0,차대사람 - 횡단중,보행자보호의무위반,건조,맑음,단일로 - 횡단보도상,승용,남,61세,상해없음,보행자,남,25세,중상
2014041200100384,2014년 4월 12일 16시,토요일,부산광역시 강서구 강동동,경상사고,0,0,1,0,차대차 - 기타,안전운전불이행,습기,비,교차로 - 교차로부근,승용,남,57세,상해없음,승용,남,46세,경상
2014041200100416,2014년 4월 12일 17시,토요일,부산광역시 남구 대연동,경상사고,0,0,1,0,차대차 - 기타,안전운전불이행,건조,맑음,교차로 - 교차로부근,승용,남,26세,상해없음,승용,남,48세,경상
2014041200100417,2014년 4월 12일 17시,토요일,부산광역시 해운대구 반송동,경상사고,0,0,2,0,차대차 - 추돌 - 진행중,안전거리미확보,건조,맑음,단일로 - 기타,승용,남,74세,상해없음,원동기,남,16세,경상
2014041200100445,2014년 4월 12일 18시,토요일,부산광역시 남구 대연동,중상사고,0,1,0,0,차대차 - 기타,안전운전불이행,건조,맑음,교차로 - 교차로부근,승용,남,34세,상해없음,승용,남,30세,기타불명
2014041200100446,2014년 4월 12일 18시,토요일,부산광역시 금정구 금성동,경상사고,0,0,1,0,차대사람 - 길가장자리구역통행중,안전운전불이행,건조,맑음,단일로 - 기타,승용,여,34세,기타불명,보행자,여,52세,경상
2014041200100485,2014년 4월 12일 19시,토요일,부산광역시 해운대구 송정동,경상사고,0,0,1,0,차대차 - 추돌 - 주정차중,안전운전불이행,건조,맑음,단일로 - 기타,승용,남,28세,상해없음,승용,남,22세,경상
2014041200100510,2014년 4월 12일 20시,토요일,부산광역시 동래구 안락동,경상사고,0,0,1,0,차대차 - 기타,안전운전불이행,건조,맑음,단일로 - 기타,원동기,남,17세,상해없음,승합,남,58세,상해없음
2014041200100511,2014년 4월 12일 20시,토요일,부산광역시 기장군 기장읍,경상사고,0,0,3,0,차대차 - 측면직각충돌,교차로운행방법위반,건조,맑음,교차로 - 교차로안,승용,남,18세,경상,승용,남,52세,경상
2014041200100543,2014년 4월 12일 21시,토요일,부산광역시 부산진구 부전동,경상사고,0,0,1,0,차대사람 - 기타,보행자보호의무위반,건조,맑음,단일로 - 횡단보도상,승용,여,47세,상해없음,보행자,남,35세,경상
2014041200100544,2014년 4월 12일 21시,토요일,부산광역시 금정구 장전동,경상사고,0,0,1,0,차대사람 - 기타,안전운전불이행,건조,맑음,단일로 - 기타,승용,남,42세,기타불명,보행자,남,20세,경상
2014041200100545,2014년 4월 12일 21시,토요일,부산광역시 사상구 덕포동,중상사고,0,1,0,0,차대차 - 추돌 - 진행중,중앙선침범,건조,맑음,단일로 - 횡단보도부근,원동기,남,25세,상해없음,원동기,남,47세,중상
2014041200100570,2014년 4월 12일 22시,토요일,부산광역시 수영구 망미동,중상사고,0,1,1,0,차대차 - 측면직각충돌,신호위반,건조,맑음,교차로 - 교차로안,승용,남,42세,상해없음,승용,남,25세,경상
2014041200100601,2014년 4월 12일 23시,토요일,부산광역시 연제구 연산동,경상사고,0,0,1,0,차대사람 - 차도통행중,안전운전불이행,건조,맑음,단일로 - 기타,승용,기타불명,기타불명,기타불명,보행자,남,55세,경상
2014041300100006,2014년 4월 13일 00시,일요일,부산광역시 금정구 구서동,중상사고,0,2,2,0,차대차 - 측면직각충돌,직진우회전진행방해,건조,맑음,교차로 - 교차로안,승용,남,58세,상해없음,승용,남,54세,중상
2014041300100041,2014년 4월 13일 02시,일요일,부산광역시 동구 초량동,중상사고,0,1,0,0,차대사람 - 횡단중,안전운전불이행,건조,흐림,단일로 - 기타,승용,남,66세,상해없음,보행자,남,47세,중상
2014041300100042,2014년 4월 13일 02시,일요일,부산광역시 동래구 수안동,중상사고,0,1,2,0,차대차 - 측면직각충돌,안전거리미확보,건조,맑음,단일로 - 기타,승용,남,25세,상해없음,승용,남,61세,중상
2014041300100077,2014년 4월 13일 05시,일요일,부산광역시 사상구 주례동,중상사고,0,1,0,0,차대차 - 기타,안전운전불이행,습기,비,단일로 - 교량,승합,남,35세,중상,승용,여,40세,상해없음
2014041300100090,2014년 4월 13일 06시,일요일,부산광역시 사하구 괴정동,경상사고,0,0,1,0,차대차 - 기타,신호위반,습기,비,교차로 - 교차로안,승합,남,61세,상해없음,승용,남,41세,경상
2014041300100099,2014년 4월 13일 07시,일요일,부산광역시 서구 동대신동2가,경상사고,0,0,4,0,차대차 - 추돌 - 진행중,안전운전불이행,습기,비,단일로 - 기타,승용,남,29세,상해없음,승용,남,52세,경상
2014041300100100,2014년 4월 13일 07시,일요일,부산광역시 해운대구 반송동,중상사고,0,1,2,1,차대차 - 측면직각충돌,신호위반,습기,비,교차로 - 교차로안,승용,남,39세,상해없음,승용,남,75세,경상
2014041300100122,2014년 4월 13일 08시,일요일,부산광역시 동구 범일동,경상사고,0,0,1,0,차대차 - 측면직각충돌,안전운전불이행,습기,비,미분류 - 미분류,승용,남,56세,상해없음,승용,여,54세,경상
2014041300100123,2014년 4월 13일 08시,일요일,부산광역시 해운대구 우동,중상사고,0,1,1,0,차대차 - 측면직각충돌,안전거리미확보,습기,비,교차로 - 교차로부근,화물,남,48세,상해없음,승용,남,63세,상해없음
2014041300100164,2014년 4월 13일 10시,일요일,부산광역시 해운대구 우동,경상사고,0,0,8,1,차대차 - 추돌 - 진행중,안전운전불이행,습기,비,단일로 - 터널,승용,남,59세,부상신고,승용,여,51세,경상
2014041300100165,2014년 4월 13일 10시,일요일,부산광역시 사하구 다대동,중상사고,0,2,0,0,차대차 - 측면직각충돌,신호위반,습기,비,교차로 - 교차로안,승용,여,47세,상해없음,승용,남,52세,중상
2014041300100183,2014년 4월 13일 11시,일요일,부산광역시 사하구 하단동,중상사고,0,2,0,0,차대차 - 측면직각충돌,중앙선침범,습기,맑음,단일로 - 교량,승용,남,42세,상해없음,승용,남,45세,중상
2014041300100208,2014년 4월 13일 12시,일요일,부산광역시 수영구 민락동,경상사고,0,0,2,0,차대차 - 추돌 - 주정차중,안전운전불이행,습기,비,단일로 - 기타,화물,남,63세,상해없음,승용,여,47세,경상
2014041300100209,2014년 4월 13일 12시,일요일,부산광역시 북구 구포동,부상신고사고,0,0,0,1,차대차 - 기타,안전운전불이행,습기,비,단일로 - 기타,승용,남,27세,부상신고,승용,남,60세,상해없음
2014041300100210,2014년 4월 13일 12시,일요일,부산광역시 부산진구 양정동,중상사고,0,2,0,0,차대차 - 추돌 - 진행중,안전거리미확보,건조,맑음,단일로 - 기타,화물,남,43세,상해없음,승용,남,37세,중상
2014041300100211,2014년 4월 13일 12시,일요일,부산광역시 금정구 금사동,경상사고,0,0,2,1,차대차 - 측면직각충돌,신호위반,습기,흐림,교차로 - 교차로안,승용,여,39세,부상신고,승용,남,51세,경상
2014041300100231,2014년 4월 13일 13시,일요일,부산광역시 북구 금곡동,중상사고,0,1,0,0,차대차 - 정면충돌,안전운전불이행,건조,맑음,기타 - 기타,이륜,남,48세,중상,승용,남,59세,상해없음
2014041300100232,2014년 4월 13일 13시,일요일,부산광역시 해운대구 반여동,부상신고사고,0,0,0,1,차대차 - 측면직각충돌,안전운전불이행,습기,비,교차로 - 교차로안,원동기,남,26세,부상신고,승합,남,45세,상해없음
2014041300100265,2014년 4월 13일 14시,일요일,부산광역시 수영구 민락동,중상사고,0,2,0,0,차대사람 - 기타,불법유턴,건조,맑음,단일로 - 기타,승합,남,64세,상해없음,보행자,남,5세,중상
2014041300100266,2014년 4월 13일 14시,일요일,부산광역시 연제구 연산동,경상사고,0,0,1,0,차대차 - 측면직각충돌,안전운전불이행,건조,맑음,단일로 - 기타,이륜,남,55세,상해없음,승합,남,53세,상해없음
2014041300100303,2014년 4월 13일 15시,일요일,부산광역시 동래구 사직동,경상사고,0,0,1,0,차대사람 - 길가장자리구역통행중,안전운전불이행,건조,맑음,단일로 - 기타,승용,남,36세,상해없음,보행자,남,38세,경상
2014041300100304,2014년 4월 13일 15시,일요일,부산광역시 금정구 회동동,경상사고,0,0,2,0,차대차 - 추돌 - 주정차중,안전운전불이행,건조,맑음,단일로 - 기타,승용,남,54세,상해없음,화물,남,52세,경상
2014041300100393,2014년 4월 13일 17시,일요일,부산광역시 부산진구 가야동,중상사고,0,1,0,0,차대차 - 측면직각충돌,교차로운행방법위반,건조,맑음,교차로 - 교차로안,승용,여,51세,상해없음,원동기,남,25세,중상
2014041300100416,2014년 4월 13일 18시,일요일,부산광역시 금정구 장전동,경상사고,0,0,1,0,차대차 - 기타,안전운전불이행,건조,맑음,교차로 - 교차로부근,승용,기타불명,기타불명,기타불명,승용,여,33세,경상
2014041300100450,2014년 4월 13일 19시,일요일,부산광역시 동래구 온천동,중상사고,0,1,0,0,차대사람 - 횡단중,안전운전불이행,건조,맑음,단일로 - 횡단보도상,승용,남,68세,상해없음,보행자,남,56세,중상
2014041300100451,2014년 4월 13일 19시,일요일,부산광역시 사상구 괘법동,경상사고,0,0,1,0,차대차 - 기타,안전운전불이행,건조,맑음,단일로 - 기타,승용,기타불명,기타불명,기타불명,승용,남,63세,경상
2014041300100502,2014년 4월 13일 21시,일요일,부산광역시 연제구 연산동,경상사고,0,0,2,0,차대사람 - 보도통행중,신호위반,건조,맑음,교차로 - 교차로부근,승용,남,61세,상해없음,보행자,여,21세,경상
2014041300100537,2014년 4월 13일 22시,일요일,부산광역시 동래구 사직동,경상사고,0,0,1,0,차대사람 - 횡단중,중앙선침범,건조,맑음,단일로 - 기타,승용,남,45세,상해없음,보행자,남,39세,경상
2014041300100560,2014년 4월 13일 23시,일요일,부산광역시 부산진구 부전동,중상사고,0,1,1,0,차대차 - 기타,신호위반,건조,맑음,교차로 - 교차로안,승용,남,23세,상해없음,승용,남,54세,경상
2014041400100010,2014년 4월 14일 01시,월요일,부산광역시 북구 화명동,사망사고,1,0,0,0,차대사람 - 횡단중,안전운전불이행,건조,맑음,교차로 - 교차로안,승용,남,55세,상해없음,보행자,남,26세,사망
2014041400100011,2014년 4월 14일 01시,월요일,부산광역시 해운대구 송정동,중상사고,0,1,0,0,차대차 - 측면직각충돌,교차로운행방법위반,건조,맑음,교차로 - 교차로안,승용,남,20세,상해없음,승용,남,38세,중상
2014041400100034,2014년 4월 14일 04시,월요일,부산광역시 사상구 엄궁동,중상사고,0,1,0,0,차대사람 - 기타,안전운전불이행,건조,맑음,기타 - 기타,화물,남,54세,상해없음,보행자,남,62세,중상
2014041400100069,2014년 4월 14일 07시,월요일,부산광역시 동래구 명륜동,경상사고,0,0,1,0,차대차 - 추돌 - 진행중,안전거리미확보,건조,맑음,단일로 - 기타,화물,남,44세,상해없음,화물,남,56세,경상
2014041400100070,2014년 4월 14일 07시,월요일,부산광역시 연제구 연산동,경상사고,0,0,1,0,차대사람 - 기타,안전운전불이행,건조,맑음,단일로 - 기타,승용,남,35세,상해없음,보행자,남,55세,경상
2014041400100148,2014년 4월 14일 09시,월요일,부산광역시 서구 동대신동1가,경상사고,0,0,1,0,차대사람 - 기타,안전운전불이행,건조,맑음,단일로 - 기타,승용,여,29세,상해없음,보행자,여,76세,경상
2014041400100177,2014년 4월 14일 10시,월요일,부산광역시 수영구 수영동,중상사고,0,1,3,0,차대차 - 추돌 - 진행중,안전거리미확보,건조,맑음,단일로 - 기타,승용,여,34세,경상,승용,남,47세,상해없음
2014041400100203,2014년 4월 14일 11시,월요일,부산광역시 남구 대연동,중상사고,0,1,0,0,차대차 - 기타,신호위반,건조,맑음,교차로 - 교차로부근,승용,남,57세,상해없음,원동기,남,68세,중상
2014041400100204,2014년 4월 14일 11시,월요일,부산광역시 북구 화명동,중상사고,0,1,0,0,차대차 - 측면직각충돌,안전운전불이행,건조,맑음,단일로 - 기타,승용,남,20세,상해없음,이륜,남,62세,중상
2014041400100205,2014년 4월 14일 11시,월요일,부산광역시 연제구 연산동,중상사고,0,1,0,0,차대차 - 추돌 - 진행중,안전운전불이행,건조,맑음,단일로 - 기타,원동기,남,25세,중상,승용,남,55세,상해없음
2014041400100206,2014년 4월 14일 11시,월요일,부산광역시 기장군 기장읍,경상사고,0,0,1,0,차대사람 - 기타,보행자보호의무위반,건조,맑음,교차로 - 교차로안,화물,남,34세,상해없음,보행자,남,63세,경상
2014041400100243,2014년 4월 14일 12시,월요일,부산광역시 북구 구포동,경상사고,0,0,1,0,차대사람 - 기타,안전운전불이행,건조,맑음,단일로 - 기타,자전거,남,24세,상해없음,보행자,여,58세,경상
2014041400100244,2014년 4월 14일 12시,월요일,부산광역시 사하구 하단동,경상사고,0,0,1,0,차대차 - 측면직각충돌,교차로운행방법위반,건조,맑음,교차로 - 교차로안,승용,남,64세,상해없음,승용,여,44세,경상
2014041400100245,2014년 4월 14일 12시,월요일,부산광역시 연제구 연산동,중상사고,0,1,0,0,차대차 - 기타,교차로운행방법위반,건조,맑음,교차로 - 교차로안,원동기,남,31세,중상,승용,남,58세,상해없음
2014041400100276,2014년 4월 14일 13시,월요일,부산광역시 남구 용호동,중상사고,0,1,0,0,차대차 - 측면직각충돌,교차로운행방법위반,건조,맑음,교차로 - 교차로안,원동기,남,24세,중상,승용,여,42세,상해없음
2014041400100312,2014년 4월 14일 14시,월요일,부산광역시 부산진구 가야동,중상사고,0,1,0,0,차대차 - 추돌 - 진행중,안전운전불이행,건조,맑음,교차로 - 교차로부근,원동기,남,62세,중상,승용,남,55세,상해없음
2014041400100337,2014년 4월 14일 15시,월요일,부산광역시 동구 좌천동,중상사고,0,1,0,0,차대사람 - 보도통행중,안전운전불이행,건조,맑음,단일로 - 횡단보도부근,승용,여,65세,상해없음,보행자,남,39세,중상
2014041400100338,2014년 4월 14일 15시,월요일,부산광역시 서구 동대신동1가,부상신고사고,0,0,0,1,차량단독 - 기타,안전운전불이행,건조,맑음,단일로 - 기타,원동기,남,48세,부상신고,,,,
2014041400100339,2014년 4월 14일 15시,월요일,부산광역시 서구 서대신동2가,중상사고,0,1,5,1,차대차 - 기타,기타,건조,맑음,단일로 - 기타,승용,남,35세,상해없음,승합,남,46세,상해없음
2014041400100340,2014년 4월 14일 15시,월요일,부산광역시 남구 대연동,중상사고,0,1,0,0,차대차 - 기타,기타,건조,맑음,단일로 - 기타,승용,남,24세,상해없음,원동기,남,37세,중상
2014041400100341,2014년 4월 14일 15시,월요일,부산광역시 동래구 온천동,경상사고,0,0,1,0,차대차 - 측면직각충돌,중앙선침범,건조,맑음,교차로 - 교차로부근,원동기,남,72세,상해없음,원동기,남,30세,경상
2014041400100342,2014년 4월 14일 15시,월요일,부산광역시 부산진구 부전동,경상사고,0,0,1,0,차대사람 - 기타,보행자보호의무위반,건조,맑음,단일로 - 횡단보도상,승용,남,74세,상해없음,보행자,여,59세,경상
2014041400100343,2014년 4월 14일 15시,월요일,부산광역시 부산진구 가야동,경상사고,0,0,1,0,차대차 - 추돌 - 진행중,안전거리미확보,건조,맑음,단일로 - 기타,화물,남,53세,상해없음,승용,여,59세,경상
2014041400100344,2014년 4월 14일 15시,월요일,부산광역시 금정구 부곡동,경상사고,0,0,1,0,차대차 - 추돌 - 주정차중,안전운전불이행,건조,맑음,교차로 - 교차로부근,승합,남,56세,상해없음,화물,남,49세,경상
2014041400100381,2014년 4월 14일 16시,월요일,부산광역시 금정구 회동동,중상사고,0,1,0,0,차대차 - 측면직각충돌,안전거리미확보,건조,맑음,단일로 - 기타,승용,여,64세,상해없음,승용,남,22세,중상
2014041400100382,2014년 4월 14일 16시,월요일,부산광역시 연제구 연산동,중상사고,0,1,0,0,차대사람 - 기타,안전운전불이행,건조,맑음,기타 - 기타,자전거,남,14세,상해없음,보행자,여,64세,중상
2014041400100383,2014년 4월 14일 16시,월요일,부산광역시 사상구 괘법동,중상사고,0,1,0,0,차대차 - 기타,안전거리미확보,건조,맑음,교차로 - 교차로안,화물,남,37세,상해없음,원동기,남,60세,중상
2014041400100417,2014년 4월 14일 17시,월요일,부산광역시 해운대구 우동,부상신고사고,0,0,0,1,차대사람 - 기타,안전운전불이행,건조,맑음,단일로 - 기타,승용,기타불명,기타불명,기타불명,보행자,여,12세,부상신고
2014041400100418,2014년 4월 14일 17시,월요일,부산광역시 사하구 장림동,경상사고,0,0,1,0,차대사람 - 길가장자리구역통행중,안전운전불이행,건조,맑음,단일로 - 기타,화물,남,39세,상해없음,보행자,남,66세,경상
2014041400100456,2014년 4월 14일 18시,월요일,부산광역시 남구 감만동,경상사고,0,0,2,0,차대차 - 기타,차로위반,건조,맑음,단일로 - 기타,특수,남,40세,상해없음,승용,남,40세,경상
2014041400100457,2014년 4월 14일 18시,월요일,부산광역시 사상구 감전동,경상사고,0,0,1,0,차대차 - 추돌 - 진행중,교차로운행방법위반,건조,맑음,교차로 - 교차로안,승합,남,72세,상해없음,승합,남,37세,경상
2014041400100503,2014년 4월 14일 19시,월요일,부산광역시 동구 범일동,경상사고,0,0,2,0,차대차 - 측면직각충돌,안전거리미확보,건조,맑음,단일로 - 기타,승용,여,34세,상해없음,승합,남,54세,경상
2014041400100504,2014년 4월 14일 19시,월요일,부산광역시 동래구 온천동,중상사고,0,1,0,0,차대사람 - 횡단중,안전운전불이행,건조,맑음,단일로 - 기타,승용,남,42세,상해없음,보행자,여,27세,중상