사고번호,사고일시,요일,시군구,사고내용,사망자수,중상자수,경상자수,부상신고자수,사고유형,법규위반,노면상태,기상상태,도로형태,가해운전자 차종,가해운전자 성별,가해운전자 연령,가해운전자 상해정도,피해운전자 차종,피해운전자 성별,피해운전자 연령,피해운전자 상해정도
2014041400100505,2014년 4월 14일 19시,월요일,부산광역시 해운대구 좌동,중상사고,0,1,0,0,차대사람 - 횡단중,안전운전불이행,건조,맑음,단일로 - 기타,승용,남,53세,상해없음,보행자,남,62세,중상
2014041400100506,2014년 4월 14일 19시,월요일,부산광역시 금정구 부곡동,경상사고,0,0,1,0,차대차 - 측면직각충돌,신호위반,건조,맑음,교차로 - 교차로안,승합,남,62세,상해없음,이륜,남,41세,경상
2014041400100507,2014년 4월 14일 19시,월요일,부산광역시 사상구 삼락동,경상사고,0,0,1,0,차대차 - 측면직각충돌,안전거리미확보,건조,맑음,단일로 - 기타,승용,여,59세,상해없음,승용,남,33세,경상
2014041400100508,2014년 4월 14일 19시,월요일,부산광역시 사상구 모라동,중상사고,0,1,0,0,차량단독 - 기타,안전운전불이행,건조,맑음,단일로 - 기타,승합,남,45세,상해없음,,,,
2014041400100569,2014년 4월 14일 21시,월요일,부산광역시 동구 수정동,중상사고,0,1,0,0,차대차 - 추돌 - 진행중,안전거리미확보,건조,맑음,단일로 - 기타,승용,여,41세,상해없음,승합,남,46세,상해없음
2014041400100570,2014년 4월 14일 21시,월요일,부산광역시 남구 대연동,경상사고,0,0,2,0,차대차 - 추돌 - 주정차중,안전운전불이행,건조,맑음,단일로 - 기타,승용,남,34세,상해없음,승용,남,56세,경상
2014041400100592,2014년 4월 14일 22시,월요일,부산광역시 부산진구 양정동,경상사고,0,0,1,0,차대사람 - 기타,안전운전불이행,건조,기타,교차로 - 교차로안,기타불명,기타불명,기타불명,기타불명,보행자,여,17세,경상
2014041400100593,2014년 4월 14일 22시,월요일,부산광역시 연제구 연산동,중상사고,0,1,0,0,차대차 - 기타,안전운전불이행,건조,맑음,단일로 - 기타,승용,남,42세,상해없음,승용,남,32세,중상
2014041400100622,2014년 4월 14일 23시,월요일,부산광역시 남구 대연동,중상사고,0,1,0,0,차대사람 - 횡단중,신호위반,건조,맑음,단일로 - 기타,승용,여,36세,상해없음,보행자,남,21세,중상
2014041400100623,2014년 4월 14일 23시,월요일,부산광역시 북구 화명동,중상사고,0,1,0,0,차대차 - 측면직각충돌,신호위반,건조,맑음,단일로 - 기타,원동기,남,17세,상해없음,자전거,여,16세,중상
2014041400100624,2014년 4월 14일 23시,월요일,부산광역시 동래구 사직동,경상사고,0,0,1,0,차대차 - 기타,안전운전불이행,건조,맑음,교차로 - 교차로부근,원동기,남,25세,상해없음,승용,남,64세,상해없음
2014041500100005,2014년 4월 15일 00시,화요일,부산광역시 동구 수정동,중상사고,0,1,0,0,차대차 - 기타,안전운전불이행,건조,맑음,단일로 - 기타,원동기,남,46세,중상,원동기,남,16세,상해없음
2014041500100006,2014년 4월 15일 00시,화요일,부산광역시 북구 화명동,경상사고,0,0,2,0,차대차 - 측면직각충돌,신호위반,건조,맑음,교차로 - 교차로안,승용,남,68세,상해없음,승용,남,51세,상해없음
2014041500100007,2014년 4월 15일 00시,화요일,부산광역시 동래구 온천동,경상사고,0,0,1,0,차대차 - 측면직각충돌,기타,건조,맑음,단일로 - 터널,승용,남,64세,상해없음,승용,남,41세,경상
2014041500100008,2014년 4월 15일 00시,화요일,부산광역시 연제구 거제동,경상사고,0,0,1,0,차대차 - 측면직각충돌,신호위반,건조,맑음,교차로 - 교차로안,승용,남,18세,상해없음,승용,남,51세,경상
2014041500100023,2014년 4월 15일 01시,화요일,부산광역시 북구 화명동,중상사고,0,1,0,0,차대사람 - 횡단중,안전운전불이행,건조,맑음,단일로 - 기타,승용,남,60세,상해없음,보행자,남,49세,중상
2014041500100024,2014년 4월 15일 01시,화요일,부산광역시 사상구 주례동,중상사고,0,1,0,0,차대사람 - 횡단중,보행자보호의무위반,건조,맑음,교차로 - 교차로부근,화물,남,54세,상해없음,보행자,남,44세,중상
2014041500100049,2014년 4월 15일 04시,화요일,부산광역시 동구 초량동,중상사고,0,1,0,0,차대차 - 기타,교차로운행방법위반,건조,맑음,교차로 - 교차로안,승용,남,45세,상해없음,승용,남,60세,중상
2014041500100050,2014년 4월 15일 04시,화요일,부산광역시 기장군 일광면,경상사고,0,0,1,0,차대차 - 추돌 - 진행중,안전운전불이행,건조,맑음,단일로 - 기타,승용,남,40세,상해없음,승용,남,59세,경상
2014041500100070,2014년 4월 15일 06시,화요일,부산광역시 부산진구 범천동,중상사고,0,1,0,0,차대차 - 기타,신호위반,건조,맑음,교차로 - 교차로안,승용,남,63세,상해없음,승용,여,39세,상해없음
2014041500100071,2014년 4월 15일 06시,화요일,부산광역시 금정구 구서동,경상사고,0,0,1,0,차대사람 - 기타,안전운전불이행,건조,맑음,단일로 - 기타,화물,남,66세,상해없음,보행자,남,72세,경상
2014041500100128,2014년 4월 15일 08시,화요일,부산광역시 남구 문현동,경상사고,0,0,2,0,차대차 - 기타,중앙선침범,건조,맑음,단일로 - 기타,승용,남,63세,상해없음,승용,남,39세,경상
2014041500100175,2014년 4월 15일 09시,화요일,부산광역시 중구 부평동1가,중상사고,0,1,0,0,차대차 - 기타,신호위반,건조,맑음,교차로 - 교차로안,승용,남,31세,상해없음,승용,남,37세,중상
2014041500100176,2014년 4월 15일 09시,화요일,부산광역시 동래구 명장동,부상신고사고,0,0,0,1,차대차 - 추돌 - 주정차중,안전거리미확보,건조,맑음,단일로 - 기타,승용,남,19세,상해없음,승용,남,59세,부상신고
2014041500100205,2014년 4월 15일 10시,화요일,부산광역시 남구 감만동,중상사고,0,1,0,0,차대사람 - 기타,안전운전불이행,건조,맑음,단일로 - 기타,승용,남,33세,상해없음,보행자,여,75세,중상
2014041500100206,2014년 4월 15일 10시,화요일,부산광역시 해운대구 반여동,중상사고,0,1,1,0,차대차 - 측면직각충돌,안전거리미확보,건조,맑음,미분류 - 미분류,승용,여,34세,중상,승용,남,41세,경상
2014041500100229,2014년 4월 15일 11시,화요일,부산광역시 북구 덕천동,중상사고,0,1,0,0,차대차 - 추돌 - 진행중,안전운전불이행,건조,맑음,단일로 - 기타,승용,남,58세,상해없음,이륜,여,56세,중상
2014041500100252,2014년 4월 15일 12시,화요일,부산광역시 동구 초량동,경상사고,0,0,1,0,차대사람 - 기타,안전운전불이행,건조,맑음,단일로 - 기타,승용,여,48세,상해없음,보행자,남,29세,경상
2014041500100315,2014년 4월 15일 14시,화요일,부산광역시 부산진구 개금동,경상사고,0,0,2,0,차대차 - 추돌 - 주정차중,안전거리미확보,건조,맑음,단일로 - 기타,승용,남,45세,상해없음,승용,남,31세,경상
2014041500100336,2014년 4월 15일 15시,화요일,부산광역시 중구 동광동1가,중상사고,0,1,0,0,차대차 - 추돌 - 주정차중,안전운전불이행,건조,맑음,단일로 - 기타,승용,여,39세,상해없음,이륜,남,69세,중상
2014041500100337,2014년 4월 15일 15시,화요일,부산광역시 동구 수정동,중상사고,0,1,0,0,차대차 - 정면충돌,안전운전불이행,건조,맑음,단일로 - 기타,승용,여,50세,상해없음,원동기,남,61세,중상
2014041500100338,2014년 4월 15일 15시,화요일,부산광역시 서구 충무동1가,중상사고,0,1,0,0,차대차 - 측면직각충돌,안전운전불이행,건조,맑음,교차로 - 교차로부근,승용,남,75세,상해없음,승용,남,69세,중상
2014041500100339,2014년 4월 15일 15시,화요일,부산광역시 금정구 회동동,경상사고,0,0,1,0,차대사람 - 기타,보행자보호의무위반,건조,맑음,단일로 - 횡단보도상,화물,남,48세,상해없음,보행자,남,71세,경상
2014041500100366,2014년 4월 15일 16시,화요일,부산광역시 해운대구 반송동,경상사고,0,0,1,0,차대차 - 측면직각충돌,안전운전불이행,건조,맑음,단일로 - 기타,승용,남,53세,상해없음,화물,남,42세,경상
2014041500100367,2014년 4월 15일 16시,화요일,부산광역시 부산진구 연지동,중상사고,0,1,0,0,차대사람 - 횡단중,안전운전불이행,건조,맑음,단일로 - 기타,승용,남,59세,상해없음,보행자,여,54세,중상
2014041500100390,2014년 4월 15일 17시,화요일,부산광역시 북구 화명동,경상사고,0,0,1,0,차대차 - 추돌 - 진행중,안전운전불이행,건조,맑음,교차로 - 교차로안,승용,여,45세,상해없음,승용,여,41세,경상
2014041500100391,2014년 4월 15일 17시,화요일,부산광역시 동래구 명륜동,중상사고,0,1,0,0,차대차 - 측면직각충돌,교차로운행방법위반,건조,맑음,교차로 - 교차로안,승용,여,49세,상해없음,이륜,남,54세,중상
2014041500100392,2014년 4월 15일 17시,화요일,부산광역시 강서구 송정동,중상사고,0,1,0,0,차대사람 - 기타,안전운전불이행,건조,맑음,단일로 - 기타,이륜,남,33세,기타불명,보행자,남,56세,중상
2014041500100428,2014년 4월 15일 18시,화요일,부산광역시 금정구 부곡동,부상신고사고,0,0,0,1,차대차 - 기타,안전운전불이행,건조,맑음,단일로 - 기타,승용,남,48세,상해없음,승용,남,43세,부상신고
2014041500100429,2014년 4월 15일 18시,화요일,부산광역시 사하구 장림동,중상사고,0,1,0,0,차대차 - 측면직각충돌,안전운전불이행,건조,맑음,단일로 - 기타,승용,여,54세,상해없음,승용,여,32세,중상
2014041500100467,2014년 4월 15일 19시,화요일,부산광역시 남구 대연동,경상사고,0,0,1,0,차대차 - 추돌 - 진행중,안전거리미확보,건조,맑음,단일로 - 기타,승합,남,57세,상해없음,승용,남,52세,경상
2014041500100468,2014년 4월 15일 19시,화요일,부산광역시 해운대구 반송동,부상신고사고,0,0,0,1,차대사람 - 횡단중,보행자보호의무위반,건조,맑음,단일로 - 횡단보도상,승용,여,24세,상해없음,보행자,여,52세,부상신고
2014041500100469,2014년 4월 15일 19시,화요일,부산광역시 금정구 금사동,중상사고,0,1,0,0,차대차 - 측면직각충돌,불법유턴,건조,맑음,단일로 - 횡단보도상,자전거,여,40세,중상,승용,남,53세,상해없음
2014041500100493,2014년 4월 15일 20시,화요일,부산광역시 부산진구 당감동,경상사고,0,0,1,0,차대차 - 추돌 - 진행중,안전거리미확보,건조,맑음,단일로 - 기타,승용,남,54세,상해없음,승용,남,41세,경상
2014041500100494,2014년 4월 15일 20시,화요일,부산광역시 사하구 장림동,경상사고,0,0,1,0,차대사람 - 기타,안전운전불이행,건조,맑음,단일로 - 기타,이륜,남,19세,상해없음,보행자,남,57세,경상
2014041500100521,2014년 4월 15일 21시,화요일,부산광역시 부산진구 연지동,중상사고,0,2,2,0,차대차 - 추돌 - 진행중,안전거리미확보,건조,맑음,단일로 - 기타,승용,남,69세,상해없음,승용,남,29세,경상
2014041500100522,2014년 4월 15일 21시,화요일,부산광역시 사상구 주례동,부상신고사고,0,0,0,1,차대차 - 측면직각충돌,안전운전불이행,건조,맑음,교차로 - 교차로부근,이륜,남,23세,부상신고,승용,남,52세,상해없음
2014041500100555,2014년 4월 15일 22시,화요일,부산광역시 남구 문현동,중상사고,0,1,1,0,차대사람 - 기타,안전운전불이행,건조,맑음,교차로 - 교차로부근,승용,남,26세,상해없음,보행자,여,27세,중상
2014041500100556,2014년 4월 15일 22시,화요일,부산광역시 북구 구포동,경상사고,0,0,1,0,차대차 - 측면직각충돌,안전운전불이행,건조,맑음,교차로 - 교차로안,승용,남,55세,상해없음,승용,여,44세,경상
2014041500100557,2014년 4월 15일 22시,화요일,부산광역시 북구 덕천동,중상사고,0,1,0,0,차대사람 - 횡단중,안전운전불이행,건조,맑음,교차로 - 교차로부근,승용,남,50세,상해없음,보행자,여,44세,중상
2014041500100558,2014년 4월 15일 22시,화요일,부산광역시 북구 덕천동,경상사고,0,0,1,0,차대사람 - 횡단중,안전운전불이행,건조,맑음,단일로 - 기타,이륜,남,16세,상해없음,보행자,남,39세,경상
2014041500100559,2014년 4월 15일 22시,화요일,부산광역시 동래구 안락동,중상사고,0,1,1,0,차대차 - 정면충돌,기타,건조,맑음,단일로 - 횡단보도부근,자전거,여,57세,중상,자전거,남,33세,경상
2014041500100584,2014년 4월 15일 23시,화요일,부산광역시 동래구 명장동,경상사고,0,0,1,0,차대차 - 추돌 - 진행중,안전운전불이행,건조,맑음,단일로 - 기타,승용,남,57세,기타불명,승용,남,36세,경상
2014041500100585,2014년 4월 15일 23시,화요일,부산광역시 금정구 구서동,경상사고,0,0,1,0,차대차 - 기타,중앙선침범,건조,맑음,단일로 - 기타,기타불명,기타불명,기타불명,기타불명,화물,남,47세,상해없음
2014041600100035,2014년 4월 16일 03시,수요일,부산광역시 사상구 주례동,경상사고,0,0,1,0,차대차 - 측면직각충돌,안전운전불이행,건조,맑음,미분류 - 미분류,승용,남,33세,상해없음,화물,남,46세,경상
2014041600100063,2014년 4월 16일 06시,수요일,부산광역시 서구 동대신동1가,중상사고,0,1,0,0,차대차 - 측면직각충돌,신호위반,건조,맑음,교차로 - 교차로안,화물,남,69세,상해없음,승용,남,50세,중상
2014041600100064,2014년 4월 16일 06시,수요일,부산광역시 동래구 명륜동,경상사고,0,0,1,1,차대차 - 측면직각충돌,교차로운행방법위반,건조,맑음,교차로 - 교차로안,화물,남,24세,상해없음,승용,남,72세,경상
2014041600100102,2014년 4월 16일 08시,수요일,부산광역시 동구 범일동,경상사고,0,0,1,0,차대차 - 기타,안전운전불이행,건조,맑음,단일로 - 기타,이륜,남,34세,상해없음,승용,남,37세,경상
2014041600100103,2014년 4월 16일 08시,수요일,부산광역시 남구 대연동,중상사고,0,1,0,0,차대차 - 기타,안전거리미확보,건조,맑음,단일로 - 기타,승용,남,62세,상해없음,승합,남,54세,상해없음
2014041600100104,2014년 4월 16일 08시,수요일,부산광역시 수영구 광안동,중상사고,0,1,0,0,차대사람 - 기타,안전운전불이행,건조,맑음,단일로 - 기타,승용,여,27세,상해없음,보행자,남,13세,중상
2014041600100105,2014년 4월 16일 08시,수요일,부산광역시 동래구 온천동,경상사고,0,0,1,0,차대차 - 기타,안전운전불이행,건조,맑음,단일로 - 기타,승용,여,58세,기타불명,승용,여,51세,경상
2014041600100106,2014년 4월 16일 08시,수요일,부산광역시 해운대구 좌동,부상신고사고,0,0,0,1,차대차 - 추돌 - 진행중,안전운전불이행,건조,맑음,교차로 - 교차로안,승용,남,27세,상해없음,자전거,남,13세,부상신고
2014041600100141,2014년 4월 16일 09시,수요일,부산광역시 동구 초량동,경상사고,0,0,2,0,차대사람 - 보도통행중,기타,건조,맑음,단일로 - 기타,승용,남,52세,상해없음,보행자,여,47세,경상
2014041600100142,2014년 4월 16일 09시,수요일,부산광역시 부산진구 범천동,경상사고,0,0,1,0,차대사람 - 기타,안전운전불이행,건조,맑음,교차로 - 교차로부근,승용,남,59세,상해없음,보행자,남,53세,경상
2014041600100171,2014년 4월 16일 10시,수요일,부산광역시 동래구 온천동,중상사고,0,1,0,0,차대차 - 기타,안전운전불이행,건조,맑음,단일로 - 기타,화물,남,51세,상해없음,자전거,남,42세,중상
2014041600100172,2014년 4월 16일 10시,수요일,부산광역시 사하구 장림동,경상사고,0,0,1,0,차대차 - 추돌 - 진행중,안전거리미확보,건조,흐림,단일로 - 기타,승용,남,30세,상해없음,승용,남,32세,경상
2014041600100173,2014년 4월 16일 10시,수요일,부산광역시 연제구 연산동,부상신고사고,0,0,0,1,차대사람 - 기타,안전운전불이행,건조,맑음,단일로 - 기타,승용,여,42세,상해없음,보행자,여,45세,부상신고
2014041600100200,2014년 4월 16일 11시,수요일,부산광역시 영도구 동삼동,경상사고,0,0,1,0,차대사람 - 기타,기타,건조,맑음,단일로 - 기타,화물,남,57세,상해없음,보행자,남,51세,경상
2014041600100220,2014년 4월 16일 12시,수요일,부산광역시 금정구 구서동,부상신고사고,0,0,0,1,차대차 - 기타,안전거리미확보,건조,맑음,단일로 - 기타,승용,남,57세,상해없음,이륜,남,43세,부상신고
2014041600100251,2014년 4월 16일 13시,수요일,부산광역시 동래구 명장동,중상사고,0,1,0,0,차대사람 - 기타,안전운전불이행,건조,맑음,단일로 - 기타,승용,남,55세,상해없음,보행자,여,61세,중상
2014041600100252,2014년 4월 16일 13시,수요일,부산광역시 사상구 주례동,경상사고,0,0,1,0,차대차 - 기타,안전거리미확보,건조,맑음,교차로 - 교차로부근,승용,기타불명,기타불명,기타불명,이륜,남,23세,경상
2014041600100253,2014년 4월 16일 13시,수요일,부산광역시 사상구 주례동,중상사고,0,1,0,0,차대사람 - 기타,안전운전불이행,건조,맑음,단일로 - 기타,승합,남,41세,상해없음,보행자,여,19세,중상
2014041600100272,2014년 4월 16일 14시,수요일,부산광역시 중구 남포동5가,중상사고,0,1,0,0,차대사람 - 차도통행중,안전운전불이행,건조,맑음,단일로 - 기타,승용,남,72세,상해없음,보행자,여,75세,중상
2014041600100302,2014년 4월 16일 15시,수요일,부산광역시 해운대구 재송동,중상사고,0,1,0,0,차대차 - 기타,안전운전불이행,기타,맑음,단일로 - 기타,승용,여,59세,상해없음,승용,남,54세,중상
2014041600100303,2014년 4월 16일 15시,수요일,부산광역시 부산진구 부전동,경상사고,0,0,1,0,차량단독 - 기타,안전운전불이행,건조,맑음,단일로 - 기타,승합,남,51세,상해없음,,,,
2014041600100375,2014년 4월 16일 17시,수요일,부산광역시 사하구 장림동,경상사고,0,0,1,0,차대차 - 측면직각충돌,안전운전불이행,건조,맑음,교차로 - 교차로안,이륜,남,50세,경상,화물,남,44세,상해없음
2014041600100416,2014년 4월 16일 18시,수요일,부산광역시 동구 초량동,중상사고,0,1,0,0,차대차 - 측면직각충돌,신호위반,건조,맑음,교차로 - 교차로안,원동기,남,23세,상해없음,원동기,남,66세,중상
2014041600100417,2014년 4월 16일 18시,수요일,부산광역시 해운대구 중동,중상사고,0,1,0,0,차대사람 - 횡단중,안전운전불이행,건조,맑음,단일로 - 기타,승용,남,32세,상해없음,보행자,여,18세,중상
2014041600100418,2014년 4월 16일 18시,수요일,부산광역시 사상구 감전동,중상사고,0,1,0,0,차대사람 - 기타,안전운전불이행,건조,맑음,단일로 - 기타,승용,남,20세,상해없음,보행자,남,7세,중상
2014041600100419,2014년 4월 16일 18시,수요일,부산광역시 기장군 기장읍,경상사고,0,0,2,0,차대차 - 측면직각충돌,교차로운행방법위반,건조,맑음,교차로 - 교차로안,승용,남,68세,경상,승용,남,35세,경상
2014041600100455,2014년 4월 16일 19시,수요일,부산광역시 중구 남포동5가,경상사고,0,0,1,0,차대차 - 기타,안전거리미확보,건조,맑음,단일로 - 기타,승용,남,41세,상해없음,자전거,남,30세,경상
2014041600100492,2014년 4월 16일 20시,수요일,부산광역시 남구 대연동,중상사고,0,1,0,0,차대사람 - 기타,안전운전불이행,건조,맑음,단일로 - 기타,승용,여,62세,상해없음,보행자,남,65세,중상
2014041600100493,2014년 4월 16일 20시,수요일,부산광역시 남구 용호동,경상사고,0,0,1,0,차대차 - 측면직각충돌,교차로운행방법위반,건조,흐림,교차로 - 교차로안,승용,남,55세,기타불명,화물,남,43세,경상
2014041600100494,2014년 4월 16일 20시,수요일,부산광역시 연제구 연산동,경상사고,0,0,1,0,차대차 - 측면직각충돌,신호위반,건조,맑음,교차로 - 교차로부근,승용,남,61세,상해없음,자전거,여,42세,경상
2014041600100536,2014년 4월 16일 21시,수요일,부산광역시 북구 구포동,중상사고,0,1,0,0,차대사람 - 횡단중,안전운전불이행,건조,맑음,단일로 - 횡단보도상,이륜,남,16세,상해없음,보행자,남,57세,중상
2014041600100538,2014년 4월 16일 21시,수요일,부산광역시 금정구 금사동,경상사고,0,0,1,0,차대사람 - 차도통행중,안전운전불이행,건조,맑음,단일로 - 기타,승용,남,51세,상해없음,보행자,남,16세,경상
2014041600100567,2014년 4월 16일 22시,수요일,부산광역시 동구 수정동,중상사고,0,1,0,0,차대사람 - 기타,안전운전불이행,건조,맑음,단일로 - 기타,승용,기타불명,기타불명,기타불명,보행자,남,64세,중상
2014041600100568,2014년 4월 16일 22시,수요일,부산광역시 수영구 광안동,중상사고,0,1,2,0,차대차 - 추돌 - 주정차중,안전운전불이행,건조,맑음,단일로 - 기타,승용,남,47세,상해없음,승용,남,38세,경상
2014041600100596,2014년 4월 16일 23시,수요일,부산광역시 동래구 수안동,중상사고,0,2,0,0,차대차 - 추돌 - 주정차중,안전운전불이행,건조,맑음,단일로 - 기타,승용,남,46세,상해없음,승용,남,57세,중상
2014041600100597,2014년 4월 16일 23시,수요일,부산광역시 동래구 명륜동,중상사고,0,1,0,0,차대사람 - 기타,보행자보호의무위반,건조,맑음,단일로 - 기타,승합,남,60세,상해없음,보행자,남,51세,중상
2014041700100083,2014년 4월 17일 07시,목요일,부산광역시 부산진구 전포동,경상사고,0,0,2,0,차대차 - 측면직각충돌,안전운전불이행,건조,맑음,단일로 - 기타,화물,남,38세,기타불명,승용,여,29세,경상
2014041700100107,2014년 4월 17일 08시,목요일,부산광역시 사하구 신평동,중상사고,0,1,4,0,차대차 - 측면직각충돌,신호위반,건조,맑음,교차로 - 교차로안,승용,여,35세,상해없음,승용,남,70세,경상
2014041700100108,2014년 4월 17일 08시,목요일,부산광역시 연제구 연산동,부상신고사고,0,0,0,1,차대차 - 추돌 - 진행중,안전운전불이행,건조,맑음,단일로 - 기타,이륜,남,39세,부상신고,승용,남,66세,상해없음
2014041700100148,2014년 4월 17일 09시,목요일,부산광역시 서구 부용동1가,중상사고,0,1,0,0,차대차 - 추돌 - 주정차중,안전거리미확보,건조,맑음,단일로 - 기타,승용,남,60세,상해없음,승용,남,38세,상해없음
2014041700100149,2014년 4월 17일 09시,목요일,부산광역시 북구 구포동,경상사고,0,0,1,0,차대사람 - 기타,안전운전불이행,건조,맑음,단일로 - 기타,화물,남,42세,상해없음,보행자,여,74세,경상
2014041700100150,2014년 4월 17일 09시,목요일,부산광역시 부산진구 가야동,중상사고,0,1,0,0,차대사람 - 횡단중,안전운전불이행,건조,맑음,교차로 - 교차로안,화물,남,62세,상해없음,보행자,남,22세,중상
2014041700100178,2014년 4월 17일 10시,목요일,부산광역시 중구 보수동1가,경상사고,0,0,1,0,차대차 - 기타,안전운전불이행,건조,맑음,교차로 - 교차로부근,승합,남,58세,상해없음,화물,남,42세,경상
2014041700100179,2014년 4월 17일 10시,목요일,부산광역시 서구 동대신동1가,중상사고,0,1,0,0,차대차 - 측면직각충돌,안전거리미확보,건조,맑음,교차로 - 교차로부근,화물,남,57세,상해없음,승용,남,71세,상해없음
2014041700100204,2014년 4월 17일 11시,목요일,부산광역시 동래구 온천동,중상사고,0,1,0,0,차대사람 - 기타,안전운전불이행,건조,맑음,단일로 - 기타,승용,남,59세,상해없음,보행자,여,70세,중상
2014041700100233,2014년 4월 17일 12시,목요일,부산광역시 해운대구 좌동,중상사고,0,1,0,0,차대사람 - 횡단중,안전운전불이행,건조,맑음,단일로 - 기타,승용,여,42세,상해없음,보행자,남,18세,중상
2014041700100254,2014년 4월 17일 13시,목요일,부산광역시 연제구 연산동,경상사고,0,0,1,0,차대사람 - 기타,안전운전불이행,건조,맑음,기타 - 기타,화물,남,56세,상해없음,보행자,여,75세,경상
2014041700100285,2014년 4월 17일 14시,목요일,부산광역시 남구 용당동,경상사고,0,0,1,0,차대차 - 기타,안전운전불이행,건조,맑음,단일로 - 기타,특수,남,56세,상해없음,승용,남,55세,경상
2014041700100286,2014년 4월 17일 14시,목요일,부산광역시 북구 화명동,중상사고,0,1,0,0,차대사람 - 횡단중,보행자보호의무위반,습기,비,단일로 - 횡단보도상,승용,남,59세,상해없음,보행자,남,7세,중상
2014041700100287,2014년 4월 17일 14시,목요일,부산광역시 기장군 기장읍,경상사고,0,0,1,0,차대사람 - 기타,안전운전불이행,건조,맑음,기타 - 기타,화물,남,41세,상해없음,보행자,남,54세,경상
2014041700100315,2014년 4월 17일 15시,목요일,부산광역시 중구 중앙동5가,경상사고,0,0,2,0,차대차 - 측면직각충돌,안전운전불이행,건조,맑음,단일로 - 기타,승합,남,66세,상해없음,승용,남,32세,경상
2014041700100316,2014년 4월 17일 15시,목요일,부산광역시 남구 문현동,중상사고,0,1,1,0,차대차 - 측면직각충돌,신호위반,습기,비,교차로 - 교차로안,승합,남,25세,상해없음,승용,여,72세,중상
2014041700100317,2014년 4월 17일 15시,목요일,부산광역시 금정구 구서동,경상사고,0,0,1,0,차대차 - 기타,직진우회전진행방해,습기,흐림,교차로 - 교차로부근,승용,여,44세,상해없음,원동기,남,19세,경상
2014041700100318,2014년 4월 17일 15시,목요일,부산광역시 강서구 대저1동,경상사고,0,0,2,0,차대차 - 추돌 - 진행중,안전운전불이행,습기,비,교차로 - 교차로부근,화물,남,56세,상해없음,승용,여,56세,경상
2014041700100319,2014년 4월 17일 15시,목요일,부산광역시 강서구 봉림동,경상사고,0,0,1,0,차대차 - 기타,안전거리미확보,습기,비,단일로 - 기타,화물,남,46세,상해없음,승용,여,34세,경상
2014041700100349,2014년 4월 17일 16시,목요일,부산광역시 서구 충무동1가,경상사고,0,0,1,0,차대사람 - 기타,안전운전불이행,습기,비,단일로 - 기타,승용,남,52세,상해없음,보행자,여,44세,경상
2014041700100350,2014년 4월 17일 16시,목요일,부산광역시 해운대구 재송동,경상사고,0,0,1,0,차대차 - 측면직각충돌,교차로운행방법위반,건조,맑음,교차로 - 교차로안,승합,남,46세,경상,승합,남,63세,상해없음
2014041700100351,2014년 4월 17일 16시,목요일,부산광역시 금정구 구서동,부상신고사고,0,0,0,1,차대차 - 측면직각충돌,직진우회전진행방해,습기,비,단일로 - 기타,원동기,남,33세,부상신고,승용,남,48세,상해없음
2014041700100380,2014년 4월 17일 17시,목요일,부산광역시 서구 동대신동1가,경상사고,0,0,1,0,차대차 - 측면직각충돌,불법유턴,습기,비,교차로 - 교차로안,화물,남,65세,상해없음,승용,남,56세,경상
2014041700100381,2014년 4월 17일 17시,목요일,부산광역시 해운대구 좌동,경상사고,0,0,3,0,차대차 - 측면직각충돌,신호위반,습기,비,교차로 - 교차로안,화물,남,21세,상해없음,승합,남,47세,상해없음
2014041700100382,2014년 4월 17일 17시,목요일,부산광역시 부산진구 부전동,경상사고,0,0,1,0,차대사람 - 길가장자리구역통행중,안전운전불이행,습기,비,단일로 - 기타,기타불명,기타불명,기타불명,기타불명,보행자,여,21세,경상
2014041700100383,2014년 4월 17일 17시,목요일,부산광역시 기장군 기장읍,중상사고,0,1,0,0,차대차 - 정면충돌,교차로운행방법위반,습기,비,교차로 - 교차로안,승용,여,41세,상해없음,원동기,남,38세,중상
2014041700100423,2014년 4월 17일 18시,목요일,부산광역시 동구 좌천동,중상사고,0,1,1,0,차대차 - 추돌 - 진행중,신호위반,습기,맑음,단일로 - 기타,승용,남,64세,상해없음,승용,남,49세,경상
2014041700100483,2014년 4월 17일 19시,목요일,부산광역시 동구 초량동,중상사고,0,1,0,0,차대차 - 기타,신호위반,습기,비,교차로 - 교차로안,승용,남,46세,상해없음,승용,남,56세,중상
2014041700100484,2014년 4월 17일 19시,목요일,부산광역시 해운대구 중동,경상사고,0,0,1,0,차대차 - 측면직각충돌,안전거리미확보,습기,비,단일로 - 기타,승용,여,43세,상해없음,승용,여,65세,경상
2014041700100485,2014년 4월 17일 19시,목요일,부산광역시 부산진구 부전동,중상사고,0,1,0,0,차대사람 - 횡단중,안전운전불이행,습기,비,단일로 - 기타,이륜,남,31세,상해없음,보행자,남,49세,중상
2014041700100486,2014년 4월 17일 19시,목요일,부산광역시 부산진구 당감동,경상사고,0,0,1,0,차대차 - 측면직각충돌,신호위반,습기,비,교차로 - 교차로안,승용,남,45세,상해없음,승용,남,54세,경상
2014041700100487,2014년 4월 17일 19시,목요일,부산광역시 부산진구 전포동,경상사고,0,0,1,0,차대차 - 측면직각충돌,교차로운행방법위반,습기,흐림,교차로 - 교차로안,승용,남,40세,상해없음,승용,남,29세,경상