사고번호,사고일시,요일,시군구,사고내용,사망자수,중상자수,경상자수,부상신고자수,사고유형,법규위반,노면상태,기상상태,도로형태,가해운전자 차종,가해운전자 성별,가해운전자 연령,가해운전자 상해정도,피해운전자 차종,피해운전자 성별,피해운전자 연령,피해운전자 상해정도
2014042800100332,2014년 4월 28일 14시,월요일,부산광역시 사상구 괘법동,경상사고,0,0,1,0,차대차 - 추돌 - 주정차중,안전거리미확보,건조,맑음,단일로 - 기타,승용,남,57세,상해없음,승용,여,42세,경상
2014042800100372,2014년 4월 28일 15시,월요일,부산광역시 사하구 당리동,중상사고,0,1,0,0,차대사람 - 횡단중,기타,건조,맑음,단일로 - 기타,승용,남,26세,상해없음,보행자,여,5세,중상
2014042800100411,2014년 4월 28일 16시,월요일,부산광역시 해운대구 우동,경상사고,0,0,2,0,차대차 - 측면직각충돌,안전운전불이행,습기,비,교차로 - 교차로부근,승합,남,46세,상해없음,승합,남,29세,기타불명
2014042800100412,2014년 4월 28일 16시,월요일,부산광역시 해운대구 우동,경상사고,0,0,1,0,차대차 - 측면직각충돌,안전거리미확보,습기,비,단일로 - 기타,승용,남,69세,상해없음,승용,남,30세,경상
2014042800100413,2014년 4월 28일 16시,월요일,부산광역시 기장군 기장읍,중상사고,0,1,0,0,차대차 - 기타,교차로운행방법위반,건조,맑음,단일로 - 기타,승용,남,51세,상해없음,승용,여,58세,상해없음
2014042800100438,2014년 4월 28일 17시,월요일,부산광역시 북구 구포동,경상사고,0,0,1,0,차대차 - 측면직각충돌,신호위반,건조,맑음,교차로 - 교차로안,승용,여,69세,상해없음,승용,남,57세,경상
2014042800100439,2014년 4월 28일 17시,월요일,부산광역시 동래구 안락동,경상사고,0,0,1,0,차대사람 - 횡단중,안전운전불이행,습기,비,단일로 - 기타,승용,남,32세,상해없음,보행자,여,53세,경상
2014042800100440,2014년 4월 28일 17시,월요일,부산광역시 부산진구 당감동,경상사고,0,0,1,0,차대차 - 추돌 - 진행중,안전운전불이행,건조,흐림,단일로 - 터널,승용,여,47세,상해없음,승용,남,43세,경상
2014042800100441,2014년 4월 28일 17시,월요일,부산광역시 부산진구 개금동,중상사고,0,1,1,0,차대차 - 측면직각충돌,안전운전불이행,습기,비,단일로 - 기타,승용,남,36세,중상,화물,남,65세,경상
2014042800100442,2014년 4월 28일 17시,월요일,부산광역시 사하구 구평동,중상사고,0,1,0,0,차대차 - 정면충돌,교차로운행방법위반,건조,맑음,교차로 - 교차로안,승용,여,47세,상해없음,승용,여,20세,중상
2014042800100443,2014년 4월 28일 17시,월요일,부산광역시 사상구 삼락동,경상사고,0,0,1,0,차대차 - 추돌 - 진행중,안전거리미확보,습기,비,단일로 - 교량,승용,남,43세,상해없음,승용,여,28세,경상
2014042800100444,2014년 4월 28일 17시,월요일,부산광역시 사상구 덕포동,중상사고,0,1,0,0,차대차 - 기타,안전운전불이행,습기,비,교차로 - 교차로안,이륜,남,64세,중상,승용,남,59세,상해없음
2014042800100445,2014년 4월 28일 17시,월요일,부산광역시 사상구 주례동,중상사고,0,1,0,0,차량단독 - 기타,안전운전불이행,습기,비,단일로 - 기타,자전거,남,54세,중상,,,,
2014042800100446,2014년 4월 28일 17시,월요일,부산광역시 기장군 기장읍,중상사고,0,2,0,0,차량단독 - 기타,안전운전불이행,습기,비,단일로 - 기타,승용,남,50세,중상,,,,
2014042800100479,2014년 4월 28일 18시,월요일,부산광역시 북구 구포동,경상사고,0,0,1,0,차대차 - 추돌 - 주정차중,안전운전불이행,습기,비,단일로 - 횡단보도부근,승합,남,51세,상해없음,승용,남,59세,경상
2014042800100480,2014년 4월 28일 18시,월요일,부산광역시 사상구 덕포동,경상사고,0,0,1,0,차대사람 - 횡단중,보행자보호의무위반,습기,비,단일로 - 횡단보도상,화물,남,55세,상해없음,보행자,여,18세,경상
2014042800100503,2014년 4월 28일 19시,월요일,부산광역시 동구 초량동,경상사고,0,0,1,0,차대사람 - 기타,안전운전불이행,습기,비,교차로 - 교차로안,화물,남,44세,상해없음,보행자,여,37세,경상
2014042800100504,2014년 4월 28일 19시,월요일,부산광역시 남구 문현동,부상신고사고,0,0,0,1,차대차 - 기타,교차로운행방법위반,습기,비,교차로 - 교차로부근,승용,남,45세,상해없음,원동기,남,52세,부상신고
2014042800100505,2014년 4월 28일 19시,월요일,부산광역시 금정구 구서동,경상사고,0,0,1,0,차대사람 - 횡단중,보행자보호의무위반,습기,비,교차로 - 교차로부근,승용,남,58세,상해없음,보행자,남,64세,경상
2014042800100506,2014년 4월 28일 19시,월요일,부산광역시 사하구 당리동,경상사고,0,0,1,0,차대사람 - 횡단중,보행자보호의무위반,습기,비,단일로 - 횡단보도상,승용,남,71세,상해없음,보행자,여,47세,경상
2014042800100545,2014년 4월 28일 20시,월요일,부산광역시 북구 화명동,경상사고,0,0,1,0,차대사람 - 기타,안전운전불이행,습기,비,기타 - 기타,승용,기타불명,기타불명,기타불명,보행자,여,66세,경상
2014042800100546,2014년 4월 28일 20시,월요일,부산광역시 수영구 수영동,중상사고,0,1,0,0,차대사람 - 횡단중,안전운전불이행,습기,비,교차로 - 교차로부근,승용,남,55세,상해없음,보행자,남,23세,중상
2014042800100586,2014년 4월 28일 21시,월요일,부산광역시 부산진구 당감동,경상사고,0,0,1,0,차대차 - 추돌 - 주정차중,안전거리미확보,습기,비,교차로 - 교차로부근,승용,남,59세,상해없음,승용,남,54세,경상
2014042800100587,2014년 4월 28일 21시,월요일,부산광역시 기장군 정관면,중상사고,0,1,0,0,차대사람 - 기타,안전운전불이행,습기,비,단일로 - 기타,승합,남,42세,상해없음,보행자,남,49세,중상
2014042800100634,2014년 4월 28일 22시,월요일,부산광역시 부산진구 양정동,경상사고,0,0,1,1,차대사람 - 횡단중,보행자보호의무위반,습기,비,교차로 - 교차로부근,승용,여,29세,상해없음,보행자,여,46세,경상
2014042800100635,2014년 4월 28일 22시,월요일,부산광역시 사하구 장림동,중상사고,0,1,0,0,차대차 - 측면직각충돌,중앙선침범,습기,비,단일로 - 기타,승용,남,34세,상해없음,승용,남,36세,중상
2014042800100636,2014년 4월 28일 22시,월요일,부산광역시 사상구 감전동,사망사고,1,0,0,0,차대사람 - 횡단중,과속,습기,비,단일로 - 기타,승용,남,53세,상해없음,보행자,여,72세,사망
2014042800100674,2014년 4월 28일 23시,월요일,부산광역시 북구 화명동,경상사고,0,0,2,0,차대차 - 측면직각충돌,차로위반,습기,비,단일로 - 기타,승용,남,56세,상해없음,승합,남,58세,경상
2014042800100675,2014년 4월 28일 23시,월요일,부산광역시 북구 덕천동,중상사고,0,1,0,0,차대사람 - 횡단중,안전운전불이행,습기,비,단일로 - 횡단보도상,승용,남,65세,상해없음,보행자,여,29세,중상
2014042800100676,2014년 4월 28일 23시,월요일,부산광역시 부산진구 초읍동,중상사고,0,1,0,0,차대차 - 추돌 - 주정차중,안전운전불이행,습기,비,단일로 - 기타,승용,남,30세,상해없음,승용,여,55세,중상
2014042800100677,2014년 4월 28일 23시,월요일,부산광역시 부산진구 초읍동,중상사고,0,2,0,0,차대사람 - 횡단중,신호위반,습기,비,교차로 - 교차로부근,승용,남,30세,상해없음,보행자,남,58세,중상
2014042800100678,2014년 4월 28일 23시,월요일,부산광역시 금정구 남산동,중상사고,0,1,0,0,차대차 - 추돌 - 진행중,안전거리미확보,습기,비,단일로 - 기타,승용,남,32세,상해없음,승용,여,53세,중상
2014042800100679,2014년 4월 28일 23시,월요일,부산광역시 사하구 괴정동,경상사고,0,0,1,0,차대차 - 측면직각충돌,신호위반,습기,비,교차로 - 교차로안,승용,남,50세,상해없음,승용,남,27세,경상
2014042800100680,2014년 4월 28일 23시,월요일,부산광역시 사상구 삼락동,중상사고,0,1,0,1,차대차 - 기타,안전운전불이행,습기,비,단일로 - 기타,화물,남,24세,부상신고,승합,남,26세,중상
2014042800100681,2014년 4월 28일 23시,월요일,부산광역시 기장군 기장읍,경상사고,0,0,2,0,차대차 - 측면직각충돌,중앙선침범,습기,비,단일로 - 기타,승용,남,31세,상해없음,승용,남,30세,경상
2014042900100038,2014년 4월 29일 01시,화요일,부산광역시 남구 대연동,경상사고,0,0,1,0,차대사람 - 기타,안전운전불이행,습기,비,단일로 - 기타,승용,남,41세,상해없음,보행자,남,22세,경상
2014042900100039,2014년 4월 29일 01시,화요일,부산광역시 부산진구 부전동,중상사고,0,1,0,0,차대사람 - 횡단중,안전운전불이행,습기,비,단일로 - 기타,승용,남,65세,상해없음,보행자,여,46세,중상
2014042900100058,2014년 4월 29일 02시,화요일,부산광역시 부산진구 개금동,중상사고,0,1,0,0,차대사람 - 기타,안전운전불이행,습기,비,단일로 - 기타,승용,남,52세,상해없음,보행자,여,26세,중상
2014042900100059,2014년 4월 29일 02시,화요일,부산광역시 사하구 괴정동,경상사고,0,0,2,0,차대차 - 측면직각충돌,중앙선침범,습기,비,단일로 - 기타,화물,남,31세,기타불명,승용,남,59세,경상
2014042900100082,2014년 4월 29일 04시,화요일,부산광역시 사하구 장림동,경상사고,0,0,1,0,차대사람 - 횡단중,보행자보호의무위반,습기,흐림,교차로 - 교차로안,승용,남,74세,상해없음,보행자,남,58세,경상
2014042900100096,2014년 4월 29일 05시,화요일,부산광역시 사하구 괴정동,경상사고,0,0,1,1,차대차 - 정면충돌,신호위반,건조,맑음,교차로 - 교차로안,이륜,남,76세,부상신고,승용,여,50세,경상
2014042900100118,2014년 4월 29일 07시,화요일,부산광역시 수영구 민락동,중상사고,0,1,4,0,차대차 - 추돌 - 진행중,안전운전불이행,건조,맑음,단일로 - 교량,화물,남,37세,상해없음,승용,남,45세,경상
2014042900100119,2014년 4월 29일 07시,화요일,부산광역시 남구 용호동,경상사고,0,0,1,0,차량단독 - 도로외이탈 - 기타,안전운전불이행,습기,비,단일로 - 기타,승용,남,52세,경상,,,,
2014042900100120,2014년 4월 29일 07시,화요일,부산광역시 사하구 괴정동,경상사고,0,0,1,0,차대차 - 측면직각충돌,신호위반,건조,맑음,교차로 - 교차로안,승용,남,56세,상해없음,승용,남,61세,경상
2014042900100157,2014년 4월 29일 08시,화요일,부산광역시 남구 대연동,중상사고,0,1,0,0,차대차 - 기타,교차로운행방법위반,건조,맑음,교차로 - 교차로안,승합,남,43세,상해없음,승용,남,64세,상해없음
2014042900100158,2014년 4월 29일 08시,화요일,부산광역시 해운대구 우동,중상사고,0,1,0,0,차대사람 - 횡단중,안전운전불이행,습기,흐림,단일로 - 기타,승용,남,52세,상해없음,보행자,여,50세,중상
2014042900100159,2014년 4월 29일 08시,화요일,부산광역시 부산진구 당감동,사망사고,1,0,0,0,차량단독 - 공작물충돌,안전운전불이행,습기,흐림,단일로 - 기타,특수,남,66세,사망,,,,
2014042900100160,2014년 4월 29일 08시,화요일,부산광역시 강서구 지사동,경상사고,0,0,1,0,차대차 - 추돌 - 진행중,안전거리미확보,건조,맑음,교차로 - 교차로부근,승합,남,38세,상해없음,화물,남,40세,상해없음
2014042900100206,2014년 4월 29일 09시,화요일,부산광역시 중구 중앙동4가,중상사고,0,1,0,0,차대사람 - 길가장자리구역통행중,안전운전불이행,건조,맑음,단일로 - 기타,승용,남,36세,상해없음,보행자,남,74세,중상
2014042900100207,2014년 4월 29일 09시,화요일,부산광역시 중구 남포동6가,중상사고,0,1,0,0,차대차 - 기타,중앙선침범,건조,흐림,교차로 - 교차로부근,승용,남,53세,상해없음,이륜,남,48세,중상
2014042900100208,2014년 4월 29일 09시,화요일,부산광역시 사하구 장림동,경상사고,0,0,2,0,차대차 - 기타,안전운전불이행,건조,맑음,교차로 - 교차로안,승용,남,48세,경상,승용,남,67세,경상
2014042900100261,2014년 4월 29일 11시,화요일,부산광역시 사상구 감전동,중상사고,0,1,0,0,차량단독 - 공작물충돌,안전운전불이행,습기,흐림,기타 - 기타,화물,남,64세,중상,,,,
2014042900100280,2014년 4월 29일 12시,화요일,부산광역시 금정구 두구동,부상신고사고,0,0,0,1,차대사람 - 기타,안전운전불이행,습기,맑음,단일로 - 횡단보도상,승용,남,51세,상해없음,보행자,남,78세,부상신고
2014042900100327,2014년 4월 29일 14시,화요일,부산광역시 영도구 남항동3가,경상사고,0,0,1,0,차대사람 - 횡단중,보행자보호의무위반,건조,맑음,단일로 - 기타,승용,남,67세,상해없음,보행자,남,8세,경상
2014042900100360,2014년 4월 29일 15시,화요일,부산광역시 북구 구포동,중상사고,0,1,0,0,차대사람 - 기타,안전운전불이행,건조,맑음,단일로 - 기타,승용,여,48세,상해없음,보행자,여,23세,중상
2014042900100361,2014년 4월 29일 15시,화요일,부산광역시 부산진구 전포동,경상사고,0,0,1,0,차대차 - 기타,안전거리미확보,건조,맑음,교차로 - 교차로부근,화물,남,45세,상해없음,승용,남,31세,경상
2014042900100362,2014년 4월 29일 15시,화요일,부산광역시 사하구 당리동,경상사고,0,0,1,0,차대차 - 측면직각충돌,안전운전불이행,건조,맑음,교차로 - 교차로안,승용,여,34세,상해없음,승용,남,35세,경상
2014042900100392,2014년 4월 29일 16시,화요일,부산광역시 부산진구 범천동,경상사고,0,0,2,0,차대차 - 기타,안전운전불이행,건조,맑음,교차로 - 교차로안,기타불명,기타불명,기타불명,기타불명,승용,여,41세,경상
2014042900100431,2014년 4월 29일 17시,화요일,부산광역시 부산진구 부전동,중상사고,0,1,0,0,차대차 - 측면직각충돌,안전운전불이행,건조,맑음,단일로 - 기타,승용,남,42세,상해없음,승용,여,42세,중상
2014042900100432,2014년 4월 29일 17시,화요일,부산광역시 사하구 구평동,경상사고,0,0,3,0,차대차 - 측면직각충돌,안전거리미확보,건조,맑음,교차로 - 교차로안,승용,여,20세,상해없음,승용,남,52세,경상
2014042900100467,2014년 4월 29일 18시,화요일,부산광역시 기장군 기장읍,중상사고,0,1,0,0,차대사람 - 길가장자리구역통행중,안전운전불이행,건조,맑음,단일로 - 기타,승용,여,58세,상해없음,보행자,여,51세,중상
2014042900100500,2014년 4월 29일 19시,화요일,부산광역시 기장군 기장읍,중상사고,0,1,0,0,차대사람 - 기타,안전운전불이행,건조,맑음,교차로 - 교차로안,승용,여,50세,상해없음,보행자,남,54세,중상
2014042900100544,2014년 4월 29일 20시,화요일,부산광역시 남구 용호동,중상사고,0,1,0,0,차대사람 - 횡단중,보행자보호의무위반,건조,맑음,교차로 - 교차로안,화물,남,41세,상해없음,보행자,여,50세,중상
2014042900100545,2014년 4월 29일 20시,화요일,부산광역시 영도구 동삼동,경상사고,0,0,1,0,차량단독 - 기타,기타,건조,맑음,단일로 - 기타,승합,남,49세,상해없음,,,,
2014042900100571,2014년 4월 29일 21시,화요일,부산광역시 부산진구 전포동,경상사고,0,0,1,0,차대사람 - 기타,안전운전불이행,건조,맑음,단일로 - 기타,승용,여,40세,상해없음,보행자,남,32세,경상
2014042900100572,2014년 4월 29일 21시,화요일,부산광역시 사상구 모라동,중상사고,0,1,0,0,차대사람 - 기타,안전운전불이행,건조,맑음,교차로 - 교차로부근,승합,남,60세,상해없음,보행자,여,51세,중상
2014042900100595,2014년 4월 29일 22시,화요일,부산광역시 남구 용호동,경상사고,0,0,1,0,차대차 - 기타,안전거리미확보,건조,맑음,단일로 - 기타,기타불명,기타불명,기타불명,기타불명,승합,남,49세,상해없음
2014042900100596,2014년 4월 29일 22시,화요일,부산광역시 동래구 명장동,경상사고,0,0,1,0,차대사람 - 기타,안전운전불이행,건조,맑음,단일로 - 기타,승용,남,70세,상해없음,보행자,남,36세,경상
2014042900100597,2014년 4월 29일 22시,화요일,부산광역시 강서구 대저2동,중상사고,0,1,0,0,차대차 - 기타,안전운전불이행,건조,맑음,단일로 - 기타,승용,여,26세,상해없음,승용,여,46세,중상
2014043000100003,2014년 4월 30일 00시,수요일,부산광역시 강서구 송정동,중상사고,0,1,0,1,차대차 - 측면직각충돌,신호위반,건조,맑음,교차로 - 교차로안,승용,남,47세,상해없음,승용,남,38세,중상
2014043000100080,2014년 4월 30일 06시,수요일,부산광역시 금정구 구서동,부상신고사고,0,0,0,1,차대차 - 측면직각충돌,안전거리미확보,습기,비,단일로 - 기타,승용,남,55세,상해없음,승용,여,60세,부상신고
2014043000100092,2014년 4월 30일 07시,수요일,부산광역시 금정구 금사동,경상사고,0,0,1,0,차대사람 - 길가장자리구역통행중,안전운전불이행,습기,비,단일로 - 기타,건설기계,남,53세,상해없음,보행자,여,17세,경상
2014043000100093,2014년 4월 30일 07시,수요일,부산광역시 강서구 봉림동,중상사고,0,1,0,0,차대차 - 기타,신호위반,습기,비,교차로 - 교차로안,승용,남,31세,상해없음,화물,남,60세,중상
2014043000100133,2014년 4월 30일 08시,수요일,부산광역시 북구 만덕동,경상사고,0,0,1,0,차대차 - 측면직각충돌,안전운전불이행,건조,맑음,단일로 - 기타,건설기계,남,31세,상해없음,승용,여,47세,경상
2014043000100134,2014년 4월 30일 08시,수요일,부산광역시 부산진구 가야동,경상사고,0,0,2,0,차대차 - 추돌 - 진행중,안전거리미확보,습기,비,교차로 - 교차로안,승합,남,58세,상해없음,승용,남,63세,경상
2014043000100173,2014년 4월 30일 09시,수요일,부산광역시 동래구 온천동,중상사고,0,1,0,0,차대사람 - 길가장자리구역통행중,안전운전불이행,건조,맑음,단일로 - 기타,이륜,남,22세,상해없음,보행자,여,48세,중상
2014043000100225,2014년 4월 30일 11시,수요일,부산광역시 사하구 하단동,경상사고,0,0,1,0,차대차 - 측면직각충돌,직진우회전진행방해,건조,맑음,교차로 - 교차로안,승용,남,24세,상해없음,승용,남,53세,경상
2014043000100255,2014년 4월 30일 12시,수요일,부산광역시 남구 문현동,중상사고,0,1,0,0,차대사람 - 기타,안전운전불이행,건조,맑음,단일로 - 기타,승용,남,43세,상해없음,보행자,남,64세,중상
2014043000100256,2014년 4월 30일 12시,수요일,부산광역시 강서구 송정동,중상사고,0,1,0,0,차대차 - 측면직각충돌,신호위반,건조,맑음,교차로 - 교차로안,화물,남,50세,상해없음,승용,남,37세,중상
2014043000100318,2014년 4월 30일 14시,수요일,부산광역시 북구 금곡동,경상사고,0,0,1,0,차대사람 - 횡단중,안전운전불이행,건조,맑음,단일로 - 기타,승용,여,35세,상해없음,보행자,여,58세,경상
2014043000100319,2014년 4월 30일 14시,수요일,부산광역시 동래구 온천동,중상사고,0,1,0,0,차대사람 - 횡단중,보행자보호의무위반,건조,맑음,교차로 - 교차로안,승용,남,48세,상해없음,보행자,남,67세,중상
2014043000100320,2014년 4월 30일 14시,수요일,부산광역시 강서구 미음동,부상신고사고,0,0,0,1,차대차 - 기타,안전운전불이행,건조,맑음,단일로 - 기타,화물,남,44세,부상신고,화물,남,40세,상해없음
2014043000100356,2014년 4월 30일 15시,수요일,부산광역시 동구 수정동,중상사고,0,1,0,0,차량단독 - 기타,안전운전불이행,건조,맑음,단일로 - 기타,승합,남,42세,기타불명,,,,
2014043000100357,2014년 4월 30일 15시,수요일,부산광역시 해운대구 좌동,중상사고,0,1,0,0,차대차 - 추돌 - 진행중,안전운전불이행,건조,맑음,교차로 - 교차로안,승용,남,54세,상해없음,승용,여,44세,중상
2014043000100358,2014년 4월 30일 15시,수요일,부산광역시 강서구 대저1동,경상사고,0,0,1,0,차대차 - 측면직각충돌,안전운전불이행,건조,맑음,교차로 - 교차로부근,특수,남,68세,상해없음,승용,남,70세,경상
2014043000100388,2014년 4월 30일 16시,수요일,부산광역시 서구 토성동1가,중상사고,0,2,0,0,차대차 - 추돌 - 주정차중,안전운전불이행,건조,맑음,단일로 - 기타,이륜,남,27세,중상,화물,남,37세,기타불명
2014043000100389,2014년 4월 30일 16시,수요일,부산광역시 동래구 명륜동,중상사고,0,1,0,0,차대사람 - 횡단중,보행자보호의무위반,건조,맑음,교차로 - 교차로부근,승합,남,55세,상해없음,보행자,여,72세,중상
2014043000100390,2014년 4월 30일 16시,수요일,부산광역시 금정구 노포동,경상사고,0,0,1,0,차대차 - 추돌 - 진행중,안전운전불이행,건조,맑음,단일로 - 기타,승합,남,43세,상해없음,자전거,남,55세,경상
2014043000100391,2014년 4월 30일 16시,수요일,부산광역시 사하구 장림동,중상사고,0,1,0,0,차대차 - 정면충돌,중앙선침범,건조,맑음,교차로 - 교차로안,승용,남,51세,상해없음,승용,여,54세,중상
2014043000100411,2014년 4월 30일 17시,수요일,부산광역시 사하구 구평동,경상사고,0,0,1,0,차대사람 - 기타,기타,건조,맑음,단일로 - 기타,승합,남,44세,상해없음,보행자,여,56세,경상
2014043000100484,2014년 4월 30일 19시,수요일,부산광역시 강서구 명지동,부상신고사고,0,0,0,1,차대차 - 기타,안전거리미확보,건조,맑음,단일로 - 기타,승용,남,30세,상해없음,승용,남,43세,상해없음
2014043000100522,2014년 4월 30일 20시,수요일,부산광역시 수영구 광안동,경상사고,0,0,1,0,차대차 - 기타,안전거리미확보,건조,맑음,단일로 - 기타,승용,남,56세,상해없음,이륜,남,23세,경상
2014043000100523,2014년 4월 30일 20시,수요일,부산광역시 해운대구 우동,경상사고,0,0,1,0,차대사람 - 횡단중,보행자보호의무위반,건조,맑음,교차로 - 교차로부근,기타불명,기타불명,기타불명,기타불명,보행자,남,62세,경상
2014043000100564,2014년 4월 30일 21시,수요일,부산광역시 동구 초량동,경상사고,0,0,1,0,차대사람 - 횡단중,안전운전불이행,건조,맑음,단일로 - 기타,승용,남,25세,상해없음,보행자,남,56세,경상
2014043000100565,2014년 4월 30일 21시,수요일,부산광역시 수영구 망미동,부상신고사고,0,0,0,1,차대차 - 추돌 - 진행중,안전운전불이행,건조,맑음,교차로 - 교차로부근,이륜,남,18세,부상신고,승용,남,58세,상해없음
2014043000100566,2014년 4월 30일 21시,수요일,부산광역시 강서구 송정동,중상사고,0,1,0,0,차대사람 - 횡단중,안전운전불이행,건조,맑음,교차로 - 교차로부근,승용,남,48세,상해없음,보행자,남,29세,중상
2014043000100567,2014년 4월 30일 21시,수요일,부산광역시 사상구 모라동,경상사고,0,0,1,0,차대사람 - 기타,안전운전불이행,건조,맑음,단일로 - 기타,승용,남,70세,상해없음,보행자,여,29세,경상
2014043000100606,2014년 4월 30일 22시,수요일,부산광역시 동래구 명륜동,경상사고,0,0,1,0,차대차 - 추돌 - 진행중,안전운전불이행,건조,맑음,단일로 - 기타,승용,남,37세,상해없음,승용,남,54세,경상
2014043000100607,2014년 4월 30일 22시,수요일,부산광역시 사상구 괘법동,경상사고,0,0,1,0,차대사람 - 차도통행중,안전운전불이행,건조,맑음,단일로 - 기타,승용,남,34세,상해없음,보행자,남,62세,경상
2014043000100648,2014년 4월 30일 23시,수요일,부산광역시 수영구 광안동,중상사고,0,1,0,0,차대차 - 측면직각충돌,신호위반,건조,맑음,교차로 - 교차로안,승용,남,71세,상해없음,이륜,남,24세,중상
2014050100100024,2014년 5월 1일 01시,목요일,부산광역시 부산진구 부전동,경상사고,0,0,2,0,차대차 - 기타,안전운전불이행,건조,맑음,교차로 - 교차로부근,승용,여,29세,상해없음,승용,남,61세,경상
2014050100100051,2014년 5월 1일 03시,목요일,부산광역시 수영구 광안동,중상사고,0,1,0,0,차대차 - 측면직각충돌,중앙선침범,건조,맑음,단일로 - 기타,승용,남,18세,상해없음,승용,남,38세,중상
2014050100100052,2014년 5월 1일 03시,목요일,부산광역시 사상구 주례동,부상신고사고,0,0,0,1,차량단독 - 공작물충돌,안전운전불이행,건조,맑음,단일로 - 기타,이륜,남,26세,부상신고,,,,
2014050100100068,2014년 5월 1일 04시,목요일,부산광역시 동래구 온천동,부상신고사고,0,0,0,1,차대사람 - 기타,안전운전불이행,건조,맑음,단일로 - 기타,승용,남,56세,상해없음,보행자,남,37세,부상신고
2014050100100088,2014년 5월 1일 06시,목요일,부산광역시 부산진구 당감동,경상사고,0,0,2,0,차대차 - 측면직각충돌,안전거리미확보,건조,맑음,미분류 - 미분류,승용,기타불명,기타불명,기타불명,승용,남,58세,경상
2014050100100089,2014년 5월 1일 06시,목요일,부산광역시 사상구 주례동,중상사고,0,1,2,0,차대차 - 추돌 - 진행중,안전운전불이행,건조,맑음,교차로 - 교차로부근,승용,남,44세,상해없음,승용,여,33세,경상
2014050100100097,2014년 5월 1일 07시,목요일,부산광역시 서구 남부민동,경상사고,0,0,1,0,차량단독 - 기타,기타,건조,맑음,교차로 - 교차로부근,승합,남,46세,상해없음,,,,
2014050100100121,2014년 5월 1일 08시,목요일,부산광역시 동구 초량동,중상사고,0,1,0,0,차대사람 - 기타,안전운전불이행,습기,비,교차로 - 교차로안,승용,기타불명,기타불명,기타불명,보행자,남,50세,중상
2014050100100122,2014년 5월 1일 08시,목요일,부산광역시 서구 충무동2가,경상사고,0,0,1,0,차대차 - 측면직각충돌,안전운전불이행,건조,맑음,단일로 - 기타,승합,남,34세,상해없음,자전거,남,31세,경상
2014050100100123,2014년 5월 1일 08시,목요일,부산광역시 부산진구 전포동,중상사고,0,1,0,0,차대차 - 측면직각충돌,안전운전불이행,건조,맑음,교차로 - 교차로안,특수,남,43세,상해없음,승용,남,70세,중상
2014050100100228,2014년 5월 1일 12시,목요일,부산광역시 수영구 망미동,경상사고,0,0,1,0,차대차 - 추돌 - 진행중,안전운전불이행,건조,맑음,단일로 - 기타,승용,남,46세,상해없음,승용,남,65세,경상
2014050100100229,2014년 5월 1일 12시,목요일,부산광역시 수영구 망미동,중상사고,0,1,0,0,차대차 - 측면직각충돌,안전거리미확보,건조,맑음,단일로 - 기타,승용,남,69세,상해없음,이륜,남,25세,중상
2014050100100254,2014년 5월 1일 13시,목요일,부산광역시 북구 덕천동,경상사고,0,0,2,0,차대차 - 측면직각충돌,신호위반,건조,맑음,단일로 - 기타,원동기,남,17세,상해없음,승용,남,35세,경상
2014050100100255,2014년 5월 1일 13시,목요일,부산광역시 북구 금곡동,중상사고,0,1,0,0,차대사람 - 횡단중,보행자보호의무위반,건조,맑음,단일로 - 횡단보도상,승용,남,21세,상해없음,보행자,여,46세,중상
2014050100100291,2014년 5월 1일 14시,목요일,부산광역시 영도구 동삼동,경상사고,0,0,2,0,차대차 - 측면직각충돌,안전운전불이행,건조,맑음,교차로 - 교차로안,승용,남,23세,상해없음,승용,남,49세,경상
2014050100100292,2014년 5월 1일 14시,목요일,부산광역시 연제구 거제동,중상사고,0,1,0,0,차대사람 - 기타,안전운전불이행,건조,맑음,교차로 - 교차로안,승용,여,49세,상해없음,보행자,남,50세,중상
2014050100100321,2014년 5월 1일 15시,목요일,부산광역시 남구 감만동,경상사고,0,0,1,0,차대사람 - 길가장자리구역통행중,기타,건조,맑음,단일로 - 기타,승용,남,70세,상해없음,보행자,남,2세,경상
2014050100100322,2014년 5월 1일 15시,목요일,부산광역시 강서구 대저2동,중상사고,0,1,0,0,차대차 - 측면직각충돌,교차로운행방법위반,건조,맑음,교차로 - 교차로안,승용,여,35세,상해없음,승용,남,48세,중상
2014050100100362,2014년 5월 1일 16시,목요일,부산광역시 영도구 남항동1가,경상사고,0,0,1,0,차량단독 - 공작물충돌,안전운전불이행,건조,맑음,단일로 - 기타,승용,남,19세,상해없음,,,,
2014050100100363,2014년 5월 1일 16시,목요일,부산광역시 사상구 모라동,부상신고사고,0,0,0,1,차량단독 - 기타,기타,건조,맑음,단일로 - 기타,승합,남,40세,상해없음,,,,
2014050100100407,2014년 5월 1일 17시,목요일,부산광역시 북구 만덕동,중상사고,0,1,0,0,차대사람 - 횡단중,신호위반,건조,맑음,단일로 - 횡단보도부근,승용,남,32세,상해없음,보행자,남,12세,중상
2014050100100408,2014년 5월 1일 17시,목요일,부산광역시 동래구 안락동,중상사고,0,1,1,0,차대차 - 측면직각충돌,신호위반,건조,맑음,교차로 - 교차로안,승합,남,50세,상해없음,이륜,남,29세,중상