사고번호,사고일시,요일,시군구,사고내용,사망자수,중상자수,경상자수,부상신고자수,사고유형,법규위반,노면상태,기상상태,도로형태,가해운전자 차종,가해운전자 성별,가해운전자 연령,가해운전자 상해정도,피해운전자 차종,피해운전자 성별,피해운전자 연령,피해운전자 상해정도
2014051400100675,2014년 5월 14일 23시,수요일,부산광역시 영도구 남항동1가,경상사고,0,0,1,0,차대차 - 기타,직진우회전진행방해,건조,맑음,교차로 - 교차로안,승용,남,62세,상해없음,승용,남,64세,상해없음
2014051400100676,2014년 5월 14일 23시,수요일,부산광역시 금정구 금사동,중상사고,0,1,0,0,차대차 - 측면직각충돌,신호위반,건조,맑음,교차로 - 교차로안,승용,남,44세,상해없음,승용,여,37세,중상
2014051500100006,2014년 5월 15일 00시,목요일,부산광역시 금정구 구서동,경상사고,0,0,1,0,차대차 - 측면직각충돌,신호위반,건조,맑음,교차로 - 교차로안,화물,남,56세,상해없음,승용,남,58세,경상
2014051500100032,2014년 5월 15일 01시,목요일,부산광역시 서구 남부민동,중상사고,0,2,1,0,차대차 - 측면직각충돌,안전운전불이행,건조,맑음,교차로 - 교차로안,화물,남,33세,상해없음,승용,남,55세,중상
2014051500100033,2014년 5월 15일 01시,목요일,부산광역시 해운대구 우동,중상사고,0,1,0,1,차대차 - 추돌 - 진행중,중앙선침범,건조,맑음,교차로 - 교차로부근,승용,남,39세,상해없음,승용,남,51세,중상
2014051500100052,2014년 5월 15일 02시,목요일,부산광역시 금정구 부곡동,중상사고,0,1,0,0,차대차 - 측면직각충돌,신호위반,건조,맑음,교차로 - 교차로안,승용,남,55세,상해없음,승용,남,60세,중상
2014051500100053,2014년 5월 15일 02시,목요일,부산광역시 사상구 괘법동,경상사고,0,0,1,0,차대차 - 측면직각충돌,중앙선침범,건조,맑음,교차로 - 교차로부근,승용,남,26세,상해없음,원동기,남,23세,경상
2014051500100076,2014년 5월 15일 05시,목요일,부산광역시 강서구 대저2동,경상사고,0,0,1,0,차대차 - 기타,중앙선침범,건조,맑음,단일로 - 기타,승용,여,57세,상해없음,승용,남,62세,경상
2014051500100087,2014년 5월 15일 06시,목요일,부산광역시 해운대구 우동,중상사고,0,1,1,0,차대차 - 측면직각충돌,신호위반,건조,맑음,교차로 - 교차로부근,승용,남,34세,상해없음,승용,여,42세,중상
2014051500100088,2014년 5월 15일 06시,목요일,부산광역시 해운대구 송정동,경상사고,0,0,1,0,차대차 - 측면직각충돌,안전거리미확보,건조,맑음,단일로 - 기타,건설기계,남,57세,상해없음,승용,남,32세,경상
2014051500100089,2014년 5월 15일 06시,목요일,부산광역시 부산진구 전포동,중상사고,0,1,0,0,차대사람 - 횡단중,신호위반,건조,맑음,단일로 - 횡단보도상,화물,남,28세,상해없음,보행자,남,43세,중상
2014051500100104,2014년 5월 15일 07시,목요일,부산광역시 연제구 거제동,경상사고,0,0,1,0,차대차 - 기타,교차로운행방법위반,건조,맑음,교차로 - 교차로안,승용,남,36세,기타불명,이륜,남,31세,경상
2014051500100135,2014년 5월 15일 08시,목요일,부산광역시 북구 화명동,경상사고,0,0,1,0,차대차 - 측면직각충돌,직진우회전진행방해,건조,맑음,교차로 - 교차로안,승용,여,41세,상해없음,승용,여,33세,경상
2014051500100136,2014년 5월 15일 08시,목요일,부산광역시 부산진구 부전동,중상사고,0,1,1,0,차대차 - 측면직각충돌,안전운전불이행,건조,맑음,단일로 - 기타,자전거,남,59세,중상,원동기,남,43세,경상
2014051500100137,2014년 5월 15일 08시,목요일,부산광역시 금정구 남산동,경상사고,0,0,1,0,차대차 - 기타,차로위반,건조,맑음,단일로 - 기타,승용,남,43세,상해없음,이륜,남,36세,경상
2014051500100138,2014년 5월 15일 08시,목요일,부산광역시 금정구 구서동,중상사고,0,1,1,0,차대차 - 추돌 - 주정차중,중앙선침범,건조,맑음,교차로 - 교차로부근,승용,여,41세,상해없음,승용,남,54세,중상
2014051500100169,2014년 5월 15일 09시,목요일,부산광역시 북구 만덕동,경상사고,0,0,2,0,차대차 - 기타,기타,건조,맑음,교차로 - 교차로부근,화물,남,52세,상해없음,승용,여,28세,상해없음
2014051500100170,2014년 5월 15일 09시,목요일,부산광역시 동래구 안락동,중상사고,0,1,0,0,차대차 - 추돌 - 주정차중,안전운전불이행,건조,맑음,단일로 - 기타,승용,남,57세,상해없음,승용,남,51세,중상
2014051500100171,2014년 5월 15일 09시,목요일,부산광역시 해운대구 좌동,경상사고,0,0,1,0,차대사람 - 기타,신호위반,건조,맑음,단일로 - 횡단보도상,승용,여,58세,상해없음,보행자,여,19세,경상
2014051500100172,2014년 5월 15일 09시,목요일,부산광역시 부산진구 초읍동,경상사고,0,0,1,0,차대차 - 기타,안전거리미확보,건조,맑음,단일로 - 기타,화물,남,61세,상해없음,승용,남,50세,상해없음
2014051500100173,2014년 5월 15일 09시,목요일,부산광역시 금정구 장전동,경상사고,0,0,1,0,차대차 - 추돌 - 주정차중,안전거리미확보,건조,맑음,단일로 - 기타,이륜,남,18세,경상,승합,남,50세,상해없음
2014051500100174,2014년 5월 15일 09시,목요일,부산광역시 금정구 금사동,중상사고,0,1,0,0,차대차 - 측면직각충돌,안전거리미확보,건조,맑음,단일로 - 기타,특수,남,48세,상해없음,승용,여,55세,중상
2014051500100175,2014년 5월 15일 09시,목요일,부산광역시 기장군 정관면,경상사고,0,0,1,0,차대차 - 추돌 - 주정차중,안전운전불이행,건조,맑음,교차로 - 교차로부근,이륜,남,31세,상해없음,승용,여,35세,경상
2014051500100212,2014년 5월 15일 10시,목요일,부산광역시 동래구 온천동,경상사고,0,0,3,0,차대차 - 추돌 - 주정차중,안전운전불이행,건조,맑음,교차로 - 교차로부근,승용,남,29세,상해없음,승용,여,31세,경상
2014051500100213,2014년 5월 15일 10시,목요일,부산광역시 부산진구 양정동,부상신고사고,0,0,0,1,차대차 - 측면직각충돌,안전운전불이행,건조,맑음,단일로 - 기타,승용,남,70세,상해없음,원동기,남,55세,부상신고
2014051500100269,2014년 5월 15일 12시,목요일,부산광역시 해운대구 우동,경상사고,0,0,1,0,차대사람 - 횡단중,안전운전불이행,건조,맑음,단일로 - 기타,화물,남,62세,상해없음,보행자,여,79세,경상
2014051500100270,2014년 5월 15일 12시,목요일,부산광역시 사하구 괴정동,중상사고,0,1,0,0,차대차 - 측면직각충돌,안전운전불이행,건조,맑음,단일로 - 기타,원동기,남,63세,중상,화물,남,41세,상해없음
2014051500100271,2014년 5월 15일 12시,목요일,부산광역시 사하구 하단동,중상사고,0,2,0,0,차대차 - 추돌 - 주정차중,안전운전불이행,건조,맑음,단일로 - 기타,화물,남,56세,상해없음,승용,여,38세,중상
2014051500100272,2014년 5월 15일 12시,목요일,부산광역시 강서구 대저1동,중상사고,0,2,1,0,차대차 - 기타,신호위반,건조,맑음,교차로 - 교차로안,승용,남,70세,상해없음,승용,남,34세,중상
2014051500100273,2014년 5월 15일 12시,목요일,부산광역시 사상구 괘법동,경상사고,0,0,2,1,차대차 - 측면직각충돌,신호위반,건조,맑음,단일로 - 기타,화물,남,58세,경상,승용,여,39세,경상
2014051500100274,2014년 5월 15일 12시,목요일,부산광역시 사상구 감전동,중상사고,0,1,0,0,차대사람 - 기타,신호위반,건조,맑음,교차로 - 교차로안,승합,남,42세,상해없음,보행자,여,51세,중상
2014051500100309,2014년 5월 15일 13시,목요일,부산광역시 동래구 온천동,경상사고,0,0,1,0,차대사람 - 횡단중,안전운전불이행,건조,맑음,단일로 - 기타,승용,남,57세,상해없음,보행자,남,14세,경상
2014051500100310,2014년 5월 15일 13시,목요일,부산광역시 부산진구 초읍동,경상사고,0,0,1,0,차대차 - 측면직각충돌,교차로운행방법위반,건조,맑음,교차로 - 교차로안,원동기,남,51세,상해없음,원동기,남,33세,경상
2014051500100311,2014년 5월 15일 13시,목요일,부산광역시 부산진구 전포동,중상사고,0,1,0,0,차대사람 - 기타,안전운전불이행,건조,맑음,교차로 - 교차로안,건설기계,남,41세,상해없음,보행자,남,70세,중상
2014051500100312,2014년 5월 15일 13시,목요일,부산광역시 금정구 부곡동,중상사고,0,1,0,0,차대사람 - 기타,중앙선침범,건조,맑음,단일로 - 기타,승용,남,47세,상해없음,보행자,여,33세,중상
2014051500100313,2014년 5월 15일 13시,목요일,부산광역시 사하구 괴정동,중상사고,0,1,0,0,차대사람 - 기타,안전운전불이행,건조,맑음,단일로 - 기타,화물,남,53세,상해없음,보행자,남,73세,중상
2014051500100336,2014년 5월 15일 14시,목요일,부산광역시 연제구 거제동,중상사고,0,1,0,0,차대사람 - 횡단중,안전운전불이행,건조,맑음,교차로 - 교차로안,승용,여,38세,상해없음,보행자,여,56세,중상
2014051500100369,2014년 5월 15일 15시,목요일,부산광역시 해운대구 좌동,경상사고,0,0,2,0,차대차 - 추돌 - 진행중,안전거리미확보,건조,맑음,단일로 - 기타,승용,남,43세,경상,승용,남,54세,상해없음
2014051500100481,2014년 5월 15일 17시,목요일,부산광역시 해운대구 반송동,중상사고,0,1,0,0,차대사람 - 기타,안전운전불이행,건조,맑음,교차로 - 교차로안,승용,남,34세,상해없음,보행자,남,59세,중상
2014051500100482,2014년 5월 15일 17시,목요일,부산광역시 부산진구 부전동,중상사고,0,1,0,0,차대차 - 기타,기타,건조,맑음,단일로 - 기타,승용,남,62세,상해없음,이륜,남,45세,중상
2014051500100483,2014년 5월 15일 17시,목요일,부산광역시 부산진구 부전동,경상사고,0,0,1,0,차량단독 - 기타,안전운전불이행,건조,맑음,교차로 - 교차로안,승합,남,47세,상해없음,,,,
2014051500100484,2014년 5월 15일 17시,목요일,부산광역시 금정구 장전동,경상사고,0,0,1,0,차대차 - 측면직각충돌,신호위반,건조,맑음,교차로 - 교차로안,승용,여,57세,상해없음,승용,남,40세,경상
2014051500100485,2014년 5월 15일 17시,목요일,부산광역시 금정구 부곡동,경상사고,0,0,1,0,차대차 - 기타,안전운전불이행,건조,맑음,단일로 - 기타,원동기,남,68세,경상,승용,여,51세,상해없음
2014051500100487,2014년 5월 15일 17시,목요일,부산광역시 강서구 대저1동,부상신고사고,0,0,0,1,차대차 - 기타,안전운전불이행,건조,맑음,단일로 - 교량,승용,남,69세,상해없음,승용,남,54세,부상신고
2014051500100537,2014년 5월 15일 18시,목요일,부산광역시 해운대구 재송동,경상사고,0,0,1,0,차대사람 - 횡단중,신호위반,건조,맑음,단일로 - 기타,이륜,남,45세,상해없음,보행자,남,6세,경상
2014051500100538,2014년 5월 15일 18시,목요일,부산광역시 부산진구 당감동,경상사고,0,0,1,0,차량단독 - 기타,안전운전불이행,건조,맑음,단일로 - 기타,승합,남,52세,상해없음,,,,
2014051500100539,2014년 5월 15일 18시,목요일,부산광역시 사상구 학장동,경상사고,0,0,1,0,차대차 - 기타,교차로운행방법위반,건조,맑음,교차로 - 교차로안,승합,남,61세,상해없음,이륜,남,27세,경상
2014051500100592,2014년 5월 15일 19시,목요일,부산광역시 해운대구 우동,경상사고,0,0,2,0,차대차 - 추돌 - 진행중,안전거리미확보,건조,맑음,단일로 - 터널,승용,남,60세,경상,승용,남,42세,상해없음
2014051500100593,2014년 5월 15일 19시,목요일,부산광역시 부산진구 범천동,중상사고,0,1,0,0,차대차 - 측면직각충돌,교차로운행방법위반,건조,맑음,교차로 - 교차로부근,승용,남,52세,상해없음,원동기,남,29세,중상
2014051500100594,2014년 5월 15일 19시,목요일,부산광역시 사하구 다대동,중상사고,0,1,0,0,차대사람 - 횡단중,신호위반,건조,맑음,단일로 - 횡단보도상,화물,남,44세,상해없음,보행자,여,7세,중상
2014051500100633,2014년 5월 15일 20시,목요일,부산광역시 연제구 거제동,중상사고,0,2,0,0,차대사람 - 횡단중,안전운전불이행,건조,흐림,교차로 - 교차로안,이륜,남,52세,중상,보행자,남,17세,중상
2014051500100664,2014년 5월 15일 21시,목요일,부산광역시 사하구 괴정동,중상사고,0,1,0,0,차대사람 - 기타,안전운전불이행,건조,맑음,단일로 - 기타,승합,남,54세,상해없음,보행자,남,63세,중상
2014051500100708,2014년 5월 15일 22시,목요일,부산광역시 해운대구 좌동,경상사고,0,0,1,0,차대차 - 측면직각충돌,신호위반,건조,맑음,교차로 - 교차로안,화물,남,25세,상해없음,승용,남,58세,경상
2014051500100742,2014년 5월 15일 23시,목요일,부산광역시 사하구 괴정동,경상사고,0,0,2,0,차대차 - 추돌 - 주정차중,안전운전불이행,건조,맑음,교차로 - 교차로부근,승용,남,39세,상해없음,승용,남,29세,경상
2014051500100743,2014년 5월 15일 23시,목요일,부산광역시 기장군 장안읍,경상사고,0,0,1,0,차대차 - 측면직각충돌,교차로운행방법위반,건조,맑음,교차로 - 교차로부근,화물,남,48세,상해없음,승용,남,52세,경상
2014051600100010,2014년 5월 16일 00시,금요일,부산광역시 동래구 온천동,중상사고,0,1,0,0,차대사람 - 횡단중,안전운전불이행,건조,맑음,단일로 - 횡단보도부근,승용,남,36세,상해없음,보행자,남,35세,중상
2014051600100011,2014년 5월 16일 00시,금요일,부산광역시 해운대구 중동,중상사고,0,2,0,0,차대차 - 측면직각충돌,안전운전불이행,건조,맑음,단일로 - 기타,이륜,남,17세,중상,승용,남,62세,상해없음
2014051600100024,2014년 5월 16일 01시,금요일,부산광역시 북구 만덕동,중상사고,0,1,1,0,차대차 - 추돌 - 주정차중,안전운전불이행,건조,맑음,교차로 - 교차로부근,승용,남,24세,상해없음,승용,남,58세,경상
2014051600100025,2014년 5월 16일 01시,금요일,부산광역시 영도구 신선동2가,경상사고,0,0,1,0,차량단독 - 기타,안전운전불이행,건조,맑음,단일로 - 기타,승용,남,57세,상해없음,,,,
2014051600100026,2014년 5월 16일 01시,금요일,부산광역시 부산진구 양정동,중상사고,0,1,0,0,차대차 - 추돌 - 주정차중,안전거리미확보,건조,맑음,단일로 - 기타,승용,남,39세,상해없음,승용,남,30세,중상
2014051600100045,2014년 5월 16일 02시,금요일,부산광역시 부산진구 범천동,중상사고,0,1,0,0,차대차 - 측면직각충돌,신호위반,건조,맑음,교차로 - 교차로안,승용,남,56세,상해없음,승용,남,61세,중상
2014051600100059,2014년 5월 16일 04시,금요일,부산광역시 부산진구 범천동,경상사고,0,0,1,0,차대차 - 추돌 - 주정차중,안전운전불이행,건조,맑음,단일로 - 기타,승용,남,25세,상해없음,승합,남,22세,경상
2014051600100069,2014년 5월 16일 05시,금요일,부산광역시 동구 범일동,경상사고,0,0,1,0,차대사람 - 기타,안전운전불이행,건조,맑음,단일로 - 기타,승용,남,44세,기타불명,보행자,남,45세,경상
2014051600100114,2014년 5월 16일 08시,금요일,부산광역시 금정구 부곡동,경상사고,0,0,1,0,차대차 - 기타,중앙선침범,건조,맑음,단일로 - 기타,승용,남,40세,상해없음,승용,남,44세,경상
2014051600100115,2014년 5월 16일 08시,금요일,부산광역시 사하구 장림동,경상사고,0,0,1,0,차대차 - 추돌 - 주정차중,안전거리미확보,건조,맑음,단일로 - 기타,승용,여,54세,상해없음,승용,남,26세,경상
2014051600100116,2014년 5월 16일 08시,금요일,부산광역시 연제구 연산동,중상사고,0,1,1,0,차대차 - 기타,신호위반,건조,맑음,교차로 - 교차로안,원동기,남,17세,중상,승용,남,40세,상해없음
2014051600100155,2014년 5월 16일 09시,금요일,부산광역시 수영구 광안동,중상사고,0,3,7,0,차대차 - 기타,안전거리미확보,건조,맑음,교차로 - 교차로부근,승용,남,23세,상해없음,승합,남,52세,경상
2014051600100156,2014년 5월 16일 09시,금요일,부산광역시 해운대구 우동,경상사고,0,0,1,0,차대차 - 측면직각충돌,안전거리미확보,건조,맑음,교차로 - 교차로부근,승용,여,28세,상해없음,승용,남,46세,경상
2014051600100187,2014년 5월 16일 10시,금요일,부산광역시 사상구 모라동,경상사고,0,0,1,0,차대사람 - 기타,안전운전불이행,건조,맑음,단일로 - 기타,화물,남,44세,상해없음,보행자,남,50세,경상
2014051600100216,2014년 5월 16일 11시,금요일,부산광역시 부산진구 부전동,중상사고,0,1,0,0,차대사람 - 길가장자리구역통행중,안전운전불이행,건조,맑음,단일로 - 기타,화물,남,60세,상해없음,보행자,남,58세,중상
2014051600100243,2014년 5월 16일 12시,금요일,부산광역시 서구 부민동1가,중상사고,0,2,0,0,차대사람 - 횡단중,보행자보호의무위반,건조,맑음,단일로 - 횡단보도상,승용,남,33세,상해없음,보행자,남,27세,중상
2014051600100276,2014년 5월 16일 13시,금요일,부산광역시 중구 영주동,경상사고,0,0,1,0,차대사람 - 횡단중,신호위반,건조,맑음,단일로 - 횡단보도상,승합,남,66세,상해없음,보행자,남,24세,경상
2014051600100277,2014년 5월 16일 13시,금요일,부산광역시 동구 초량동,중상사고,0,1,0,0,차대사람 - 차도통행중,안전운전불이행,건조,맑음,단일로 - 기타,승용,남,64세,상해없음,보행자,여,82세,중상
2014051600100278,2014년 5월 16일 13시,금요일,부산광역시 부산진구 부전동,중상사고,0,1,0,0,차량단독 - 기타,기타,건조,맑음,단일로 - 기타,승합,남,57세,상해없음,,,,
2014051600100279,2014년 5월 16일 13시,금요일,부산광역시 금정구 장전동,중상사고,0,1,0,0,차대차 - 측면직각충돌,기타,건조,맑음,교차로 - 교차로안,승용,남,54세,상해없음,자전거,남,57세,중상
2014051600100315,2014년 5월 16일 14시,금요일,부산광역시 해운대구 우동,경상사고,0,0,2,0,차대차 - 측면직각충돌,안전거리미확보,건조,맑음,단일로 - 기타,승용,남,41세,상해없음,승용,남,51세,경상
2014051600100316,2014년 5월 16일 14시,금요일,부산광역시 금정구 부곡동,중상사고,0,1,0,0,차대차 - 기타,안전운전불이행,건조,맑음,교차로 - 교차로안,승용,남,21세,상해없음,화물,남,67세,중상
2014051600100317,2014년 5월 16일 14시,금요일,부산광역시 연제구 연산동,중상사고,0,1,0,0,차대사람 - 횡단중,안전운전불이행,건조,맑음,단일로 - 기타,승용,남,59세,상해없음,보행자,여,59세,중상
2014051600100318,2014년 5월 16일 14시,금요일,부산광역시 연제구 거제동,경상사고,0,0,1,0,차대사람 - 횡단중,신호위반,건조,맑음,단일로 - 기타,승용,남,85세,상해없음,보행자,남,11세,경상
2014051600100319,2014년 5월 16일 14시,금요일,부산광역시 강서구 미음동,중상사고,0,1,0,0,차대차 - 측면직각충돌,신호위반,건조,맑음,교차로 - 교차로안,화물,남,34세,상해없음,승용,여,33세,중상
2014051600100384,2014년 5월 16일 16시,금요일,부산광역시 금정구 장전동,경상사고,0,0,1,0,차대사람 - 기타,안전운전불이행,건조,맑음,교차로 - 교차로부근,승합,남,42세,상해없음,보행자,남,16세,경상
2014051600100385,2014년 5월 16일 16시,금요일,부산광역시 기장군 기장읍,중상사고,0,1,0,0,차대사람 - 횡단중,보행자보호의무위반,건조,맑음,단일로 - 횡단보도상,승용,여,47세,상해없음,보행자,여,83세,중상
2014051600100432,2014년 5월 16일 17시,금요일,부산광역시 수영구 광안동,중상사고,0,1,0,0,차대사람 - 횡단중,안전운전불이행,건조,맑음,교차로 - 교차로안,승용,남,32세,상해없음,보행자,남,49세,중상
2014051600100434,2014년 5월 16일 17시,금요일,부산광역시 부산진구 범천동,경상사고,0,0,1,0,차대사람 - 횡단중,기타,건조,맑음,단일로 - 횡단보도상,승용,여,25세,상해없음,보행자,남,6세,경상
2014051600100537,2014년 5월 16일 19시,금요일,부산광역시 동구 범일동,중상사고,0,1,0,0,차대사람 - 기타,안전운전불이행,건조,맑음,단일로 - 기타,이륜,남,73세,상해없음,보행자,여,19세,중상
2014051600100538,2014년 5월 16일 19시,금요일,부산광역시 영도구 청학동,경상사고,0,0,1,0,차대사람 - 길가장자리구역통행중,안전운전불이행,건조,맑음,단일로 - 기타,이륜,남,30세,상해없음,보행자,남,12세,경상
2014051600100573,2014년 5월 16일 20시,금요일,부산광역시 동래구 수안동,중상사고,0,2,1,0,차대차 - 측면직각충돌,신호위반,건조,맑음,교차로 - 교차로안,승용,여,49세,상해없음,승용,남,62세,중상
2014051600100574,2014년 5월 16일 20시,금요일,부산광역시 동래구 명장동,부상신고사고,0,0,0,1,차량단독 - 기타,안전운전불이행,건조,맑음,단일로 - 기타,승합,남,37세,상해없음,,,,
2014051600100575,2014년 5월 16일 20시,금요일,부산광역시 기장군 일광면,중상사고,0,1,2,0,차대차 - 추돌 - 진행중,안전거리미확보,건조,맑음,단일로 - 기타,화물,여,40세,상해없음,승용,남,55세,경상
2014051600100612,2014년 5월 16일 21시,금요일,부산광역시 남구 감만동,중상사고,0,1,0,0,차대사람 - 횡단중,안전운전불이행,건조,맑음,단일로 - 횡단보도상,승용,남,21세,상해없음,보행자,남,61세,중상
2014051600100613,2014년 5월 16일 21시,금요일,부산광역시 부산진구 가야동,중상사고,0,1,0,0,차대사람 - 기타,안전운전불이행,건조,맑음,단일로 - 기타,화물,남,51세,상해없음,보행자,남,52세,중상
2014051600100614,2014년 5월 16일 21시,금요일,부산광역시 연제구 연산동,부상신고사고,0,0,0,1,차대사람 - 길가장자리구역통행중,안전운전불이행,건조,맑음,단일로 - 기타,승용,남,36세,기타불명,보행자,남,48세,부상신고
2014051600100652,2014년 5월 16일 22시,금요일,부산광역시 해운대구 우동,경상사고,0,0,2,0,차대차 - 측면직각충돌,교차로운행방법위반,건조,기타,단일로 - 기타,승용,여,23세,경상,자전거,남,18세,경상
2014051600100653,2014년 5월 16일 22시,금요일,부산광역시 부산진구 가야동,경상사고,0,0,2,0,차대차 - 기타,신호위반,건조,맑음,교차로 - 교차로안,승용,남,40세,상해없음,승용,남,39세,상해없음
2014051600100654,2014년 5월 16일 22시,금요일,부산광역시 기장군 정관면,중상사고,0,1,3,0,차대차 - 측면직각충돌,교차로운행방법위반,건조,맑음,교차로 - 교차로안,승용,남,58세,경상,승용,여,37세,중상
2014051600100695,2014년 5월 16일 23시,금요일,부산광역시 동래구 안락동,경상사고,0,0,2,0,차대차 - 측면직각충돌,신호위반,건조,맑음,교차로 - 교차로안,승용,남,53세,상해없음,승용,남,49세,경상
2014051600100696,2014년 5월 16일 23시,금요일,부산광역시 사하구 괴정동,경상사고,0,0,1,0,차대차 - 추돌 - 주정차중,안전운전불이행,습기,비,교차로 - 교차로부근,승용,여,57세,상해없음,승용,남,29세,경상
2014051700100010,2014년 5월 17일 00시,토요일,부산광역시 서구 충무동1가,중상사고,0,1,3,0,차대차 - 측면직각충돌,중앙선침범,건조,맑음,교차로 - 교차로부근,승용,남,27세,상해없음,승용,남,56세,중상
2014051700100011,2014년 5월 17일 00시,토요일,부산광역시 서구 남부민동,중상사고,0,1,0,0,차대사람 - 횡단중,안전운전불이행,건조,맑음,단일로 - 기타,승용,남,30세,상해없음,보행자,여,67세,중상
2014051700100012,2014년 5월 17일 00시,토요일,부산광역시 수영구 광안동,부상신고사고,0,0,0,2,차대차 - 추돌 - 주정차중,안전운전불이행,건조,맑음,단일로 - 기타,승용,남,23세,상해없음,승용,남,59세,상해없음
2014051700100013,2014년 5월 17일 00시,토요일,부산광역시 부산진구 부전동,경상사고,0,0,2,0,차대차 - 추돌 - 진행중,안전운전불이행,건조,맑음,교차로 - 교차로부근,승용,기타불명,기타불명,기타불명,승용,여,27세,경상
2014051700100014,2014년 5월 17일 00시,토요일,부산광역시 연제구 연산동,경상사고,0,0,2,0,차대차 - 측면직각충돌,신호위반,건조,맑음,교차로 - 교차로안,승용,여,44세,기타불명,승용,남,54세,상해없음
2014051700100038,2014년 5월 17일 01시,토요일,부산광역시 중구 부평동1가,부상신고사고,0,0,0,1,차대사람 - 기타,안전운전불이행,건조,맑음,단일로 - 기타,승용,남,59세,상해없음,보행자,남,21세,부상신고
2014051700100039,2014년 5월 17일 01시,토요일,부산광역시 북구 금곡동,부상신고사고,0,0,0,1,차대사람 - 횡단중,안전운전불이행,건조,맑음,단일로 - 기타,승용,남,70세,상해없음,보행자,남,44세,부상신고
2014051700100040,2014년 5월 17일 01시,토요일,부산광역시 부산진구 양정동,경상사고,0,0,1,0,차대차 - 추돌 - 진행중,안전운전불이행,건조,맑음,단일로 - 기타,승용,남,39세,상해없음,승용,남,27세,경상
2014051700100075,2014년 5월 17일 03시,토요일,부산광역시 부산진구 양정동,경상사고,0,0,2,0,차대차 - 추돌 - 진행중,안전거리미확보,건조,맑음,교차로 - 교차로안,승용,남,35세,상해없음,승용,남,52세,경상
2014051700100088,2014년 5월 17일 04시,토요일,부산광역시 기장군 일광면,경상사고,0,0,2,0,차대차 - 추돌 - 진행중,안전운전불이행,건조,맑음,단일로 - 기타,승용,남,33세,경상,화물,남,44세,경상
2014051700100096,2014년 5월 17일 05시,토요일,부산광역시 강서구 성북동,사망사고,1,0,1,0,차대차 - 추돌 - 주정차중,안전운전불이행,건조,맑음,단일로 - 기타,승용,남,42세,사망,특수,남,37세,경상
2014051700100123,2014년 5월 17일 07시,토요일,부산광역시 사하구 괴정동,중상사고,0,1,0,0,차대사람 - 횡단중,보행자보호의무위반,건조,맑음,단일로 - 기타,승용,여,26세,상해없음,보행자,여,55세,중상
2014051700100143,2014년 5월 17일 08시,토요일,부산광역시 부산진구 부전동,경상사고,0,0,1,0,차대사람 - 횡단중,신호위반,건조,맑음,단일로 - 횡단보도상,화물,남,30세,상해없음,보행자,남,62세,경상
2014051700100144,2014년 5월 17일 08시,토요일,부산광역시 금정구 서동,중상사고,0,1,0,0,차대사람 - 횡단중,보행자보호의무위반,건조,맑음,단일로 - 횡단보도상,승용,여,48세,상해없음,보행자,여,61세,중상
2014051700100177,2014년 5월 17일 09시,토요일,부산광역시 수영구 민락동,경상사고,0,0,1,0,차대차 - 추돌 - 진행중,안전거리미확보,건조,맑음,단일로 - 횡단보도부근,승용,남,27세,상해없음,승용,여,40세,경상
2014051700100178,2014년 5월 17일 09시,토요일,부산광역시 강서구 송정동,중상사고,0,1,1,0,차대차 - 기타,신호위반,건조,맑음,교차로 - 교차로안,승합,남,55세,상해없음,화물,남,39세,중상
2014051700100202,2014년 5월 17일 10시,토요일,부산광역시 북구 구포동,중상사고,0,1,0,0,차대사람 - 횡단중,안전운전불이행,건조,맑음,교차로 - 교차로안,승용,여,54세,상해없음,보행자,남,72세,중상
2014051700100223,2014년 5월 17일 11시,토요일,부산광역시 연제구 연산동,부상신고사고,0,0,0,1,차대차 - 추돌 - 진행중,안전거리미확보,건조,맑음,단일로 - 기타,승용,남,31세,상해없음,승합,남,55세,상해없음
2014051700100224,2014년 5월 17일 11시,토요일,부산광역시 사상구 감전동,경상사고,0,0,1,0,차대차 - 측면직각충돌,기타,건조,맑음,교차로 - 교차로안,승용,남,44세,상해없음,승용,남,54세,경상
2014051700100263,2014년 5월 17일 12시,토요일,부산광역시 사상구 모라동,경상사고,0,0,1,0,차대차 - 측면직각충돌,중앙선침범,건조,맑음,단일로 - 기타,승용,여,51세,상해없음,승용,여,40세,경상
2014051700100297,2014년 5월 17일 13시,토요일,부산광역시 동구 범일동,경상사고,0,0,1,0,차대차 - 추돌 - 주정차중,안전운전불이행,건조,맑음,단일로 - 기타,승용,남,54세,상해없음,화물,남,32세,경상
2014051700100298,2014년 5월 17일 13시,토요일,부산광역시 동래구 안락동,부상신고사고,0,0,0,1,차대차 - 기타,안전운전불이행,건조,맑음,교차로 - 교차로안,자전거,남,13세,부상신고,승용,여,51세,상해없음
2014051700100299,2014년 5월 17일 13시,토요일,부산광역시 동래구 사직동,경상사고,0,0,1,0,차대사람 - 횡단중,안전운전불이행,건조,맑음,단일로 - 기타,이륜,남,16세,상해없음,보행자,남,14세,경상
2014051700100334,2014년 5월 17일 14시,토요일,부산광역시 해운대구 반여동,경상사고,0,0,1,0,차대사람 - 기타,안전운전불이행,건조,맑음,단일로 - 기타,화물,남,53세,상해없음,보행자,남,5세,경상
2014051700100335,2014년 5월 17일 14시,토요일,부산광역시 해운대구 반여동,중상사고,0,1,0,0,차대차 - 기타,안전거리미확보,건조,맑음,단일로 - 기타,승용,여,55세,상해없음,승용,남,56세,중상