사고번호,사고일시,요일,시군구,사고내용,사망자수,중상자수,경상자수,부상신고자수,사고유형,법규위반,노면상태,기상상태,도로형태,가해운전자 차종,가해운전자 성별,가해운전자 연령,가해운전자 상해정도,피해운전자 차종,피해운전자 성별,피해운전자 연령,피해운전자 상해정도
2014051700100336,2014년 5월 17일 14시,토요일,부산광역시 금정구 노포동,경상사고,0,0,3,0,차대차 - 측면직각충돌,안전거리미확보,건조,맑음,단일로 - 기타,승용,남,63세,경상,승용,남,53세,경상
2014051700100337,2014년 5월 17일 14시,토요일,부산광역시 사하구 괴정동,경상사고,0,0,1,0,차대차 - 추돌 - 진행중,안전운전불이행,건조,맑음,단일로 - 기타,승용,기타불명,기타불명,기타불명,이륜,남,55세,경상
2014051700100380,2014년 5월 17일 15시,토요일,부산광역시 북구 화명동,중상사고,0,1,1,0,차대사람 - 차도통행중,안전운전불이행,건조,맑음,교차로 - 교차로안,승용,남,38세,상해없음,보행자,여,61세,중상
2014051700100426,2014년 5월 17일 16시,토요일,부산광역시 남구 대연동,경상사고,0,0,1,0,차대차 - 기타,안전운전불이행,건조,맑음,단일로 - 기타,승용,남,18세,상해없음,승용,여,28세,경상
2014051700100458,2014년 5월 17일 17시,토요일,부산광역시 사하구 괴정동,중상사고,0,1,0,0,차대차 - 측면직각충돌,안전운전불이행,건조,맑음,단일로 - 기타,승용,남,46세,상해없음,이륜,남,35세,중상
2014051700100459,2014년 5월 17일 17시,토요일,부산광역시 사하구 하단동,중상사고,0,1,2,0,차대차 - 측면직각충돌,신호위반,건조,맑음,교차로 - 교차로안,승용,남,64세,상해없음,승합,남,30세,경상
2014051700100460,2014년 5월 17일 17시,토요일,부산광역시 사하구 신평동,중상사고,0,1,0,0,차대차 - 기타,안전운전불이행,건조,맑음,교차로 - 교차로부근,승합,남,60세,상해없음,자전거,남,53세,중상
2014051700100503,2014년 5월 17일 18시,토요일,부산광역시 동구 범일동,중상사고,0,1,0,0,차대사람 - 길가장자리구역통행중,안전운전불이행,건조,맑음,단일로 - 기타,승용,남,57세,상해없음,보행자,남,72세,중상
2014051700100504,2014년 5월 17일 18시,토요일,부산광역시 해운대구 좌동,경상사고,0,0,2,0,차대차 - 측면직각충돌,교차로운행방법위반,건조,맑음,교차로 - 교차로안,승용,여,56세,상해없음,승용,남,21세,경상
2014051700100505,2014년 5월 17일 18시,토요일,부산광역시 사하구 다대동,중상사고,0,1,0,0,차대사람 - 횡단중,안전운전불이행,건조,맑음,단일로 - 기타,승용,여,35세,상해없음,보행자,여,10세,중상
2014051700100506,2014년 5월 17일 18시,토요일,부산광역시 사상구 주례동,부상신고사고,0,0,0,2,차대사람 - 기타,안전운전불이행,건조,맑음,기타 - 기타,승용,여,44세,상해없음,보행자,여,56세,부상신고
2014051700100546,2014년 5월 17일 19시,토요일,부산광역시 남구 감만동,중상사고,0,1,0,0,차대차 - 추돌 - 진행중,차로위반,건조,맑음,단일로 - 기타,승용,남,31세,상해없음,원동기,남,28세,중상
2014051700100547,2014년 5월 17일 19시,토요일,부산광역시 동래구 온천동,경상사고,0,0,1,0,차대차 - 추돌 - 진행중,안전거리미확보,건조,맑음,단일로 - 터널,승용,남,49세,상해없음,승용,남,36세,경상
2014051700100580,2014년 5월 17일 20시,토요일,부산광역시 금정구 장전동,중상사고,0,1,0,0,차대사람 - 횡단중,안전운전불이행,건조,맑음,단일로 - 기타,승용,남,27세,상해없음,보행자,여,77세,중상
2014051700100651,2014년 5월 17일 22시,토요일,부산광역시 동구 좌천동,중상사고,0,1,2,0,차대차 - 기타,신호위반,건조,맑음,교차로 - 교차로안,승용,남,64세,상해없음,승용,남,29세,중상
2014051700100652,2014년 5월 17일 22시,토요일,부산광역시 북구 구포동,경상사고,0,0,1,0,차대사람 - 길가장자리구역통행중,안전운전불이행,건조,맑음,단일로 - 횡단보도부근,승용,남,55세,상해없음,보행자,남,49세,경상
2014051700100653,2014년 5월 17일 22시,토요일,부산광역시 해운대구 우동,부상신고사고,0,0,0,4,차대차 - 추돌 - 주정차중,안전운전불이행,건조,맑음,교차로 - 교차로부근,승용,남,45세,상해없음,승용,남,53세,부상신고
2014051700100690,2014년 5월 17일 23시,토요일,부산광역시 부산진구 범전동,경상사고,0,0,2,0,차대차 - 측면직각충돌,안전운전불이행,건조,맑음,교차로 - 교차로안,승용,남,58세,상해없음,승용,남,35세,경상
2014051700100691,2014년 5월 17일 23시,토요일,부산광역시 연제구 거제동,중상사고,0,1,0,0,차대차 - 추돌 - 주정차중,안전운전불이행,건조,맑음,교차로 - 교차로부근,승용,남,49세,상해없음,승용,여,40세,중상
2014051800100005,2014년 5월 18일 00시,일요일,부산광역시 사상구 모라동,중상사고,0,1,0,0,차대사람 - 횡단중,안전운전불이행,건조,맑음,단일로 - 기타,승용,남,62세,상해없음,보행자,남,49세,중상
2014051800100033,2014년 5월 18일 01시,일요일,부산광역시 수영구 광안동,부상신고사고,0,0,0,1,차대사람 - 기타,안전운전불이행,건조,맑음,단일로 - 기타,승용,남,57세,상해없음,보행자,남,44세,부상신고
2014051800100034,2014년 5월 18일 01시,일요일,부산광역시 사하구 신평동,경상사고,0,0,1,0,차대차 - 측면직각충돌,신호위반,건조,맑음,교차로 - 교차로안,이륜,남,15세,경상,승용,남,56세,상해없음
2014051800100035,2014년 5월 18일 01시,일요일,부산광역시 사상구 덕포동,경상사고,0,0,1,0,차대차 - 기타,안전거리미확보,건조,맑음,단일로 - 기타,화물,남,21세,상해없음,승용,남,35세,상해없음
2014051800100062,2014년 5월 18일 02시,일요일,부산광역시 남구 대연동,경상사고,0,0,1,0,차대차 - 추돌 - 주정차중,안전운전불이행,건조,맑음,단일로 - 기타,승용,남,29세,상해없음,승용,남,38세,경상
2014051800100063,2014년 5월 18일 02시,일요일,부산광역시 수영구 망미동,중상사고,0,1,0,0,차대사람 - 횡단중,신호위반,건조,맑음,단일로 - 횡단보도상,원동기,남,15세,상해없음,보행자,남,26세,중상
2014051800100064,2014년 5월 18일 02시,일요일,부산광역시 연제구 거제동,중상사고,0,2,2,0,차대차 - 측면직각충돌,신호위반,건조,맑음,교차로 - 교차로안,승용,여,59세,경상,승용,남,46세,경상
2014051800100101,2014년 5월 18일 05시,일요일,부산광역시 동래구 온천동,경상사고,0,0,1,0,차대사람 - 횡단중,안전운전불이행,건조,맑음,단일로 - 기타,승용,남,22세,상해없음,보행자,여,23세,경상
2014051800100122,2014년 5월 18일 07시,일요일,부산광역시 사하구 다대동,중상사고,0,1,0,0,차량단독 - 공작물충돌,중앙선침범,건조,맑음,단일로 - 기타,승용,남,38세,상해없음,,,,
2014051800100137,2014년 5월 18일 08시,일요일,부산광역시 해운대구 우동,경상사고,0,0,1,0,차대차 - 측면직각충돌,신호위반,건조,맑음,교차로 - 교차로안,승용,남,53세,상해없음,승용,남,71세,경상
2014051800100138,2014년 5월 18일 08시,일요일,부산광역시 강서구 대저1동,경상사고,0,0,1,0,차대차 - 기타,안전운전불이행,건조,맑음,교차로 - 교차로부근,승용,남,24세,상해없음,승용,남,41세,경상
2014051800100160,2014년 5월 18일 09시,일요일,부산광역시 북구 만덕동,경상사고,0,0,1,0,차대차 - 측면직각충돌,안전운전불이행,건조,맑음,단일로 - 기타,승합,남,46세,상해없음,승용,남,51세,상해없음
2014051800100183,2014년 5월 18일 10시,일요일,부산광역시 동래구 낙민동,경상사고,0,0,1,0,차대차 - 추돌 - 주정차중,안전운전불이행,건조,맑음,단일로 - 기타,승용,여,34세,상해없음,승용,남,46세,경상
2014051800100207,2014년 5월 18일 11시,일요일,부산광역시 사상구 괘법동,경상사고,0,0,1,0,차대사람 - 기타,안전운전불이행,건조,맑음,단일로 - 기타,이륜,남,58세,상해없음,보행자,여,77세,경상
2014051800100266,2014년 5월 18일 13시,일요일,부산광역시 동구 범일동,경상사고,0,0,1,0,차대차 - 측면직각충돌,안전운전불이행,건조,맑음,단일로 - 기타,승용,남,24세,상해없음,승용,남,56세,경상
2014051800100267,2014년 5월 18일 13시,일요일,부산광역시 부산진구 범천동,중상사고,0,1,1,0,차대차 - 기타,안전운전불이행,건조,맑음,단일로 - 기타,승용,남,38세,상해없음,원동기,남,63세,중상
2014051800100268,2014년 5월 18일 13시,일요일,부산광역시 사상구 엄궁동,경상사고,0,0,4,0,차대차 - 추돌 - 주정차중,안전거리미확보,건조,맑음,교차로 - 교차로부근,승용,남,67세,상해없음,승용,남,44세,경상
2014051800100299,2014년 5월 18일 14시,일요일,부산광역시 사상구 감전동,경상사고,0,0,1,0,차대차 - 기타,안전거리미확보,건조,맑음,단일로 - 기타,화물,남,59세,상해없음,승용,남,53세,상해없음
2014051800100333,2014년 5월 18일 15시,일요일,부산광역시 해운대구 우동,부상신고사고,0,0,0,2,차대차 - 추돌 - 진행중,안전운전불이행,건조,맑음,단일로 - 기타,화물,남,39세,상해없음,승용,남,44세,부상신고
2014051800100368,2014년 5월 18일 16시,일요일,부산광역시 남구 문현동,중상사고,0,1,0,0,차대차 - 측면직각충돌,신호위반,건조,맑음,단일로 - 횡단보도상,승용,여,44세,상해없음,이륜,남,23세,중상
2014051800100398,2014년 5월 18일 17시,일요일,부산광역시 동래구 온천동,중상사고,0,2,3,0,차대차 - 추돌 - 주정차중,안전거리미확보,건조,맑음,단일로 - 기타,승용,남,44세,상해없음,승용,여,35세,중상
2014051800100433,2014년 5월 18일 18시,일요일,부산광역시 해운대구 재송동,경상사고,0,0,1,3,차대사람 - 기타,안전운전불이행,건조,맑음,단일로 - 기타,승용,여,44세,경상,보행자,남,32세,부상신고
2014051800100502,2014년 5월 18일 20시,일요일,부산광역시 사하구 하단동,부상신고사고,0,0,0,1,차대차 - 측면직각충돌,안전운전불이행,건조,맑음,단일로 - 기타,승용,남,39세,기타불명,자전거,남,50세,부상신고
2014051800100538,2014년 5월 18일 21시,일요일,부산광역시 해운대구 우동,중상사고,0,1,0,0,차대차 - 추돌 - 진행중,안전운전불이행,건조,맑음,단일로 - 기타,승용,남,66세,상해없음,자전거,남,21세,중상
2014051800100539,2014년 5월 18일 21시,일요일,부산광역시 금정구 장전동,부상신고사고,0,0,0,1,차대사람 - 기타,안전운전불이행,건조,맑음,단일로 - 기타,승용,남,27세,기타불명,보행자,남,27세,부상신고
2014051800100570,2014년 5월 18일 22시,일요일,부산광역시 북구 구포동,중상사고,0,2,0,0,차대차 - 측면직각충돌,신호위반,건조,맑음,교차로 - 교차로안,승용,여,36세,상해없음,이륜,남,21세,중상
2014051800100571,2014년 5월 18일 22시,일요일,부산광역시 부산진구 초읍동,중상사고,0,2,0,0,차대차 - 정면충돌,신호위반,건조,맑음,교차로 - 교차로안,승용,남,37세,상해없음,자전거,남,17세,중상
2014051800100572,2014년 5월 18일 22시,일요일,부산광역시 강서구 봉림동,중상사고,0,2,0,0,차대차 - 추돌 - 주정차중,안전운전불이행,건조,맑음,교차로 - 교차로부근,승용,남,27세,상해없음,승용,남,33세,중상
2014051800100591,2014년 5월 18일 23시,일요일,부산광역시 동구 범일동,중상사고,0,1,0,0,차대차 - 측면직각충돌,안전운전불이행,건조,맑음,단일로 - 기타,기타불명,기타불명,기타불명,기타불명,승용,남,65세,중상
2014051900100020,2014년 5월 19일 02시,월요일,부산광역시 부산진구 부전동,경상사고,0,0,1,0,차대차 - 기타,안전운전불이행,건조,맑음,교차로 - 교차로안,기타불명,기타불명,기타불명,기타불명,승용,남,42세,경상
2014051900100021,2014년 5월 19일 02시,월요일,부산광역시 금정구 장전동,부상신고사고,0,0,0,1,차대차 - 기타,기타,건조,맑음,단일로 - 기타,원동기,남,23세,부상신고,기타불명,기타불명,기타불명,기타불명
2014051900100041,2014년 5월 19일 06시,월요일,부산광역시 사상구 감전동,경상사고,0,0,1,0,차대차 - 측면직각충돌,신호위반,건조,맑음,단일로 - 기타,승용,남,57세,상해없음,이륜,남,34세,경상
2014051900100078,2014년 5월 19일 08시,월요일,부산광역시 수영구 남천동,중상사고,0,2,0,0,차대차 - 측면직각충돌,신호위반,건조,맑음,교차로 - 교차로안,승용,여,24세,상해없음,승합,남,22세,중상
2014051900100079,2014년 5월 19일 08시,월요일,부산광역시 수영구 광안동,경상사고,0,0,1,0,차대차 - 기타,안전운전불이행,건조,맑음,단일로 - 기타,승용,여,44세,상해없음,승용,여,37세,경상
2014051900100080,2014년 5월 19일 08시,월요일,부산광역시 부산진구 연지동,경상사고,0,0,1,0,차대사람 - 보도통행중,보행자보호의무위반,건조,맑음,단일로 - 기타,승용,남,25세,상해없음,보행자,남,15세,경상
2014051900100123,2014년 5월 19일 09시,월요일,부산광역시 동구 범일동,경상사고,0,0,2,0,차대차 - 기타,안전운전불이행,건조,맑음,단일로 - 기타,승용,여,53세,상해없음,화물,남,66세,경상
2014051900100124,2014년 5월 19일 09시,월요일,부산광역시 동구 초량동,경상사고,0,0,1,0,차대차 - 기타,차로위반,건조,맑음,교차로 - 교차로부근,승용,남,69세,상해없음,원동기,남,18세,경상
2014051900100153,2014년 5월 19일 10시,월요일,부산광역시 동구 수정동,중상사고,0,1,0,0,차대사람 - 기타,안전운전불이행,건조,맑음,단일로 - 기타,원동기,남,46세,상해없음,보행자,여,73세,중상
2014051900100154,2014년 5월 19일 10시,월요일,부산광역시 사상구 모라동,경상사고,0,0,2,0,차대차 - 추돌 - 진행중,중앙선침범,건조,맑음,단일로 - 기타,승용,여,64세,기타불명,승용,남,77세,경상
2014051900100186,2014년 5월 19일 11시,월요일,부산광역시 서구 동대신동1가,경상사고,0,0,1,0,차대차 - 기타,안전운전불이행,건조,맑음,단일로 - 기타,이륜,남,40세,경상,승용,남,67세,상해없음
2014051900100187,2014년 5월 19일 11시,월요일,부산광역시 금정구 부곡동,중상사고,0,2,0,0,차대차 - 측면직각충돌,기타,건조,맑음,교차로 - 교차로안,화물,남,54세,상해없음,이륜,남,69세,중상
2014051900100188,2014년 5월 19일 11시,월요일,부산광역시 금정구 구서동,경상사고,0,0,1,0,차대차 - 기타,차로위반,건조,맑음,단일로 - 기타,원동기,남,66세,경상,승용,여,35세,상해없음
2014051900100189,2014년 5월 19일 11시,월요일,부산광역시 연제구 연산동,부상신고사고,0,0,0,1,차대차 - 추돌 - 진행중,교차로운행방법위반,건조,맑음,교차로 - 교차로안,승용,남,39세,상해없음,승용,남,63세,상해없음
2014051900100221,2014년 5월 19일 12시,월요일,부산광역시 동구 수정동,경상사고,0,0,1,0,차대차 - 추돌 - 진행중,교차로운행방법위반,건조,맑음,교차로 - 교차로안,승용,남,65세,상해없음,원동기,남,52세,경상
2014051900100222,2014년 5월 19일 12시,월요일,부산광역시 영도구 봉래동4가,중상사고,0,1,0,0,차대차 - 추돌 - 진행중,안전운전불이행,건조,맑음,단일로 - 기타,승용,여,43세,상해없음,승용,남,36세,중상
2014051900100223,2014년 5월 19일 12시,월요일,부산광역시 연제구 거제동,경상사고,0,0,1,0,차대사람 - 기타,안전운전불이행,건조,맑음,단일로 - 기타,승용,여,45세,상해없음,보행자,여,71세,경상
2014051900100277,2014년 5월 19일 14시,월요일,부산광역시 금정구 부곡동,중상사고,0,1,0,0,차대사람 - 횡단중,안전운전불이행,건조,맑음,단일로 - 기타,승용,여,66세,상해없음,보행자,여,60세,중상
2014051900100278,2014년 5월 19일 14시,월요일,부산광역시 사상구 삼락동,부상신고사고,0,0,0,1,차량단독 - 전도전복,안전운전불이행,건조,맑음,단일로 - 기타,화물,남,46세,상해없음,,,,
2014051900100279,2014년 5월 19일 14시,월요일,부산광역시 기장군 기장읍,중상사고,0,1,2,0,차대차 - 측면직각충돌,중앙선침범,건조,맑음,단일로 - 기타,승용,남,28세,경상,승용,남,54세,중상
2014051900100280,2014년 5월 19일 14시,월요일,부산광역시 기장군 기장읍,부상신고사고,0,0,0,1,차대사람 - 기타,안전운전불이행,건조,맑음,단일로 - 기타,기타불명,기타불명,기타불명,기타불명,보행자,여,10세,부상신고
2014051900100307,2014년 5월 19일 15시,월요일,부산광역시 수영구 광안동,중상사고,0,1,0,0,차대사람 - 기타,보행자보호의무위반,건조,맑음,교차로 - 교차로안,승용,여,39세,상해없음,보행자,여,10세,중상
2014051900100308,2014년 5월 19일 15시,월요일,부산광역시 남구 용호동,경상사고,0,0,1,0,차대차 - 기타,안전운전불이행,건조,맑음,교차로 - 교차로안,승용,기타불명,기타불명,기타불명,자전거,남,14세,경상
2014051900100310,2014년 5월 19일 15시,월요일,부산광역시 강서구 범방동,중상사고,0,1,0,0,차대차 - 기타,안전운전불이행,건조,맑음,단일로 - 기타,화물,남,44세,상해없음,특수,남,50세,중상
2014051900100350,2014년 5월 19일 16시,월요일,부산광역시 동구 범일동,경상사고,0,0,2,0,차대차 - 기타,안전운전불이행,건조,맑음,단일로 - 기타,화물,남,26세,상해없음,화물,남,35세,경상
2014051900100351,2014년 5월 19일 16시,월요일,부산광역시 연제구 거제동,경상사고,0,0,1,0,차대사람 - 길가장자리구역통행중,안전운전불이행,건조,맑음,단일로 - 기타,승용,여,24세,상해없음,보행자,여,14세,경상
2014051900100352,2014년 5월 19일 16시,월요일,부산광역시 사상구 괘법동,중상사고,0,1,0,0,차대차 - 측면직각충돌,교차로운행방법위반,건조,맑음,교차로 - 교차로안,승용,남,37세,상해없음,이륜,남,35세,중상
2014051900100353,2014년 5월 19일 16시,월요일,부산광역시 기장군 철마면,경상사고,0,0,1,0,차대사람 - 횡단중,안전운전불이행,건조,맑음,단일로 - 기타,승용,남,43세,상해없음,보행자,남,7세,경상
2014051900100382,2014년 5월 19일 17시,월요일,부산광역시 금정구 서동,경상사고,0,0,2,0,차대차 - 추돌 - 진행중,안전거리미확보,건조,맑음,교차로 - 교차로부근,승용,남,63세,상해없음,승용,남,49세,경상
2014051900100383,2014년 5월 19일 17시,월요일,부산광역시 사하구 다대동,중상사고,0,1,0,0,차대사람 - 횡단중,보행자보호의무위반,건조,맑음,단일로 - 기타,승합,남,39세,상해없음,보행자,여,8세,중상
2014051900100428,2014년 5월 19일 18시,월요일,부산광역시 부산진구 당감동,중상사고,0,1,0,0,차대차 - 기타,안전거리미확보,건조,맑음,단일로 - 기타,승용,남,36세,상해없음,승용,여,56세,중상
2014051900100474,2014년 5월 19일 19시,월요일,부산광역시 부산진구 범천동,경상사고,0,0,1,0,차대차 - 추돌 - 주정차중,안전거리미확보,건조,맑음,단일로 - 기타,승용,여,49세,상해없음,승용,여,45세,경상
2014051900100546,2014년 5월 19일 21시,월요일,부산광역시 동래구 낙민동,경상사고,0,0,3,0,차대차 - 추돌 - 진행중,안전거리미확보,건조,맑음,단일로 - 기타,승용,남,53세,상해없음,승용,남,53세,경상
2014051900100575,2014년 5월 19일 22시,월요일,부산광역시 남구 대연동,경상사고,0,0,2,0,차대차 - 측면직각충돌,신호위반,건조,맑음,교차로 - 교차로안,승용,남,23세,상해없음,승용,여,30세,경상
2014051900100576,2014년 5월 19일 22시,월요일,부산광역시 수영구 민락동,중상사고,0,1,0,0,차대차 - 기타,안전운전불이행,건조,맑음,단일로 - 기타,승용,남,25세,상해없음,자전거,남,17세,중상
2014051900100577,2014년 5월 19일 22시,월요일,부산광역시 부산진구 개금동,경상사고,0,0,1,0,차대사람 - 기타,안전운전불이행,건조,맑음,단일로 - 기타,승용,남,55세,상해없음,보행자,남,21세,경상
2014051900100578,2014년 5월 19일 22시,월요일,부산광역시 사하구 괴정동,중상사고,0,2,0,0,차대차 - 기타,안전운전불이행,건조,맑음,교차로 - 교차로부근,승용,여,46세,상해없음,이륜,남,50세,중상
2014051900100607,2014년 5월 19일 23시,월요일,부산광역시 동래구 칠산동,부상신고사고,0,0,0,1,차대차 - 기타,안전운전불이행,건조,맑음,단일로 - 기타,승용,남,59세,상해없음,이륜,남,61세,부상신고
2014052000100004,2014년 5월 20일 00시,화요일,부산광역시 수영구 남천동,중상사고,0,1,0,0,차대사람 - 기타,안전운전불이행,건조,맑음,단일로 - 기타,승용,남,42세,상해없음,보행자,남,72세,중상
2014052000100005,2014년 5월 20일 00시,화요일,부산광역시 남구 대연동,경상사고,0,0,1,0,차대사람 - 기타,안전운전불이행,건조,맑음,교차로 - 교차로부근,승용,남,24세,상해없음,보행자,여,22세,경상
2014052000100006,2014년 5월 20일 00시,화요일,부산광역시 부산진구 양정동,중상사고,0,1,1,0,차대차 - 기타,신호위반,건조,맑음,교차로 - 교차로안,원동기,남,28세,경상,원동기,남,17세,중상
2014052000100007,2014년 5월 20일 00시,화요일,부산광역시 금정구 장전동,경상사고,0,0,3,0,차대차 - 측면직각충돌,신호위반,건조,맑음,교차로 - 교차로안,승합,남,36세,상해없음,승용,남,57세,경상
2014052000100029,2014년 5월 20일 01시,화요일,부산광역시 서구 남부민동,경상사고,0,0,1,0,차대사람 - 차도통행중,안전운전불이행,건조,맑음,단일로 - 기타,승용,여,26세,상해없음,보행자,남,35세,경상
2014052000100056,2014년 5월 20일 05시,화요일,부산광역시 사하구 구평동,경상사고,0,0,3,0,차대차 - 추돌 - 주정차중,안전운전불이행,건조,맑음,교차로 - 교차로부근,승용,여,47세,상해없음,승용,남,18세,경상
2014052000100078,2014년 5월 20일 07시,화요일,부산광역시 동구 수정동,경상사고,0,0,1,0,차대사람 - 기타,안전운전불이행,건조,맑음,단일로 - 기타,승용,남,41세,상해없음,보행자,여,36세,경상
2014052000100079,2014년 5월 20일 07시,화요일,부산광역시 금정구 노포동,중상사고,0,1,0,0,차대차 - 기타,안전운전불이행,건조,맑음,단일로 - 기타,승용,기타불명,기타불명,기타불명,원동기,남,23세,중상
2014052000100107,2014년 5월 20일 08시,화요일,부산광역시 북구 만덕동,중상사고,0,2,0,0,차대차 - 측면직각충돌,안전거리미확보,건조,맑음,단일로 - 기타,화물,남,35세,상해없음,이륜,남,61세,중상
2014052000100108,2014년 5월 20일 08시,화요일,부산광역시 사하구 장림동,경상사고,0,0,3,0,차대차 - 추돌 - 주정차중,안전거리미확보,건조,맑음,단일로 - 기타,화물,남,58세,상해없음,승용,여,40세,경상
2014052000100109,2014년 5월 20일 08시,화요일,부산광역시 사하구 당리동,중상사고,0,1,0,0,차대사람 - 횡단중,보행자보호의무위반,건조,맑음,단일로 - 횡단보도상,승용,남,69세,상해없음,보행자,여,6세,중상
2014052000100110,2014년 5월 20일 08시,화요일,부산광역시 사상구 주례동,부상신고사고,0,0,0,1,차대차 - 추돌 - 주정차중,안전운전불이행,건조,맑음,단일로 - 기타,승용,남,18세,부상신고,화물,남,38세,기타불명
2014052000100173,2014년 5월 20일 10시,화요일,부산광역시 부산진구 부전동,경상사고,0,0,2,0,차대차 - 측면직각충돌,신호위반,습기,비,교차로 - 교차로안,승용,남,30세,상해없음,승용,남,76세,경상
2014052000100222,2014년 5월 20일 12시,화요일,부산광역시 기장군 기장읍,중상사고,0,4,8,4,차량단독 - 공작물충돌,안전운전불이행,습기,비,교차로 - 교차로안,승합,남,50세,부상신고,,,,
2014052000100257,2014년 5월 20일 13시,화요일,부산광역시 수영구 광안동,경상사고,0,0,2,0,차대차 - 추돌 - 주정차중,안전운전불이행,습기,비,단일로 - 기타,승용,남,42세,상해없음,승합,남,48세,상해없음
2014052000100259,2014년 5월 20일 13시,화요일,부산광역시 사상구 엄궁동,중상사고,0,1,1,0,차대차 - 측면직각충돌,안전거리미확보,습기,비,단일로 - 기타,승용,여,50세,중상,건설기계,남,57세,경상
2014052000100290,2014년 5월 20일 14시,화요일,부산광역시 중구 대청동1가,경상사고,0,0,2,0,차대차 - 측면직각충돌,안전운전불이행,습기,비,단일로 - 기타,승용,여,30세,상해없음,화물,남,67세,경상
2014052000100291,2014년 5월 20일 14시,화요일,부산광역시 해운대구 반여동,중상사고,0,1,0,0,차량단독 - 공작물충돌,안전운전불이행,습기,비,단일로 - 기타,화물,남,54세,중상,,,,
2014052000100292,2014년 5월 20일 14시,화요일,부산광역시 강서구 대저1동,사망사고,1,0,3,0,차대차 - 추돌 - 진행중,안전거리미확보,습기,비,미분류 - 미분류,화물,남,41세,경상,화물,남,27세,사망
2014052000100327,2014년 5월 20일 15시,화요일,부산광역시 북구 덕천동,경상사고,0,0,3,0,차대차 - 측면직각충돌,신호위반,건조,흐림,교차로 - 교차로안,승용,남,57세,상해없음,승용,남,30세,경상
2014052000100328,2014년 5월 20일 15시,화요일,부산광역시 해운대구 좌동,경상사고,0,0,1,0,차대차 - 측면직각충돌,안전운전불이행,건조,맑음,교차로 - 교차로안,원동기,남,37세,경상,화물,남,32세,상해없음
2014052000100369,2014년 5월 20일 16시,화요일,부산광역시 동구 좌천동,경상사고,0,0,1,0,차대차 - 기타,안전운전불이행,습기,비,단일로 - 기타,승용,남,61세,상해없음,승합,남,47세,상해없음
2014052000100370,2014년 5월 20일 16시,화요일,부산광역시 부산진구 전포동,경상사고,0,0,1,0,차대차 - 측면직각충돌,안전운전불이행,습기,비,단일로 - 기타,승용,남,32세,상해없음,승용,남,46세,경상
2014052000100413,2014년 5월 20일 17시,화요일,부산광역시 북구 만덕동,경상사고,0,0,1,0,차대차 - 측면직각충돌,신호위반,습기,비,교차로 - 교차로안,승용,여,46세,상해없음,승합,남,69세,경상
2014052000100439,2014년 5월 20일 18시,화요일,부산광역시 동래구 수안동,중상사고,0,1,0,0,차량단독 - 기타,기타,건조,맑음,단일로 - 기타,승합,남,58세,상해없음,,,,
2014052000100440,2014년 5월 20일 18시,화요일,부산광역시 해운대구 우동,경상사고,0,0,1,0,차대사람 - 차도통행중,안전운전불이행,건조,맑음,교차로 - 교차로부근,승용,여,50세,상해없음,보행자,남,10세,경상
2014052000100441,2014년 5월 20일 18시,화요일,부산광역시 부산진구 범천동,경상사고,0,0,1,0,차대차 - 측면직각충돌,신호위반,습기,흐림,교차로 - 교차로안,승용,여,41세,상해없음,승용,남,60세,경상
2014052000100506,2014년 5월 20일 20시,화요일,부산광역시 동래구 명장동,중상사고,0,1,0,0,차대차 - 측면직각충돌,안전운전불이행,건조,맑음,단일로 - 기타,이륜,남,45세,중상,승용,남,55세,상해없음
2014052000100507,2014년 5월 20일 20시,화요일,부산광역시 동래구 안락동,경상사고,0,0,1,0,차대사람 - 횡단중,안전운전불이행,건조,맑음,교차로 - 교차로안,승용,남,52세,상해없음,보행자,남,54세,경상
2014052000100538,2014년 5월 20일 21시,화요일,부산광역시 사상구 감전동,부상신고사고,0,0,0,1,차대차 - 기타,신호위반,건조,맑음,교차로 - 교차로안,이륜,남,21세,부상신고,화물,남,56세,상해없음
2014052100100004,2014년 5월 21일 00시,수요일,부산광역시 해운대구 우동,중상사고,0,1,0,0,차대차 - 추돌 - 진행중,중앙선침범,건조,맑음,교차로 - 교차로부근,승용,여,36세,상해없음,승용,여,31세,중상
2014052100100032,2014년 5월 21일 01시,수요일,부산광역시 영도구 봉래동1가,중상사고,0,1,1,0,차대차 - 기타,안전운전불이행,건조,맑음,단일로 - 기타,승용,남,30세,상해없음,승용,남,59세,경상
2014052100100033,2014년 5월 21일 01시,수요일,부산광역시 부산진구 부전동,중상사고,0,1,0,0,차대차 - 측면직각충돌,신호위반,건조,맑음,교차로 - 교차로안,승용,남,25세,상해없음,승용,남,54세,중상
2014052100100034,2014년 5월 21일 01시,수요일,부산광역시 사하구 장림동,경상사고,0,0,1,0,차대차 - 측면직각충돌,신호위반,건조,맑음,교차로 - 교차로안,승용,남,46세,기타불명,승용,남,57세,경상
2014052100100063,2014년 5월 21일 05시,수요일,부산광역시 사하구 신평동,중상사고,0,2,0,0,차대차 - 측면직각충돌,신호위반,건조,맑음,교차로 - 교차로안,승용,여,46세,상해없음,승용,남,50세,중상
2014052100100070,2014년 5월 21일 06시,수요일,부산광역시 사하구 다대동,사망사고,1,0,0,0,차량단독 - 공작물충돌,안전운전불이행,건조,맑음,단일로 - 기타,승용,남,62세,사망,,,,