사고번호,사고일시,요일,시군구,사고내용,사망자수,중상자수,경상자수,부상신고자수,사고유형,법규위반,노면상태,기상상태,도로형태,가해운전자 차종,가해운전자 성별,가해운전자 연령,가해운전자 상해정도,피해운전자 차종,피해운전자 성별,피해운전자 연령,피해운전자 상해정도
2014052400100551,2014년 5월 24일 19시,토요일,부산광역시 부산진구 범전동,경상사고,0,0,1,0,차대차 - 측면직각충돌,안전거리미확보,건조,맑음,단일로 - 기타,승용,여,44세,상해없음,승용,남,33세,경상
2014052400100552,2014년 5월 24일 19시,토요일,부산광역시 사하구 하단동,경상사고,0,0,1,0,차량단독 - 기타,기타,건조,맑음,단일로 - 기타,승합,남,45세,상해없음,,,,
2014052400100585,2014년 5월 24일 20시,토요일,부산광역시 금정구 부곡동,중상사고,0,1,1,1,차대차 - 측면직각충돌,기타,건조,맑음,교차로 - 교차로안,화물,남,52세,상해없음,승용,여,32세,중상
2014052400100620,2014년 5월 24일 21시,토요일,부산광역시 사하구 당리동,중상사고,0,2,1,0,차대차 - 정면충돌,중앙선침범,건조,맑음,단일로 - 기타,승용,남,34세,중상,승용,남,34세,경상
2014052400100645,2014년 5월 24일 22시,토요일,부산광역시 수영구 광안동,중상사고,0,1,0,0,차대사람 - 길가장자리구역통행중,안전운전불이행,건조,맑음,단일로 - 기타,승용,남,61세,상해없음,보행자,남,38세,중상
2014052400100646,2014년 5월 24일 22시,토요일,부산광역시 동래구 온천동,경상사고,0,0,1,0,차대사람 - 횡단중,안전운전불이행,건조,맑음,단일로 - 기타,화물,남,40세,상해없음,보행자,남,34세,경상
2014052400100680,2014년 5월 24일 23시,토요일,부산광역시 해운대구 반여동,부상신고사고,0,0,0,1,차대차 - 측면직각충돌,중앙선침범,건조,맑음,교차로 - 교차로안,이륜,남,18세,부상신고,화물,남,58세,상해없음
2014052500100004,2014년 5월 25일 00시,일요일,부산광역시 수영구 광안동,중상사고,0,1,0,0,차대차 - 측면직각충돌,안전거리미확보,건조,맑음,단일로 - 기타,승용,남,55세,상해없음,이륜,남,21세,중상
2014052500100005,2014년 5월 25일 00시,일요일,부산광역시 수영구 광안동,경상사고,0,0,1,0,차대차 - 기타,중앙선침범,건조,맑음,교차로 - 교차로부근,이륜,남,18세,경상,승용,여,52세,상해없음
2014052500100006,2014년 5월 25일 00시,일요일,부산광역시 남구 용당동,부상신고사고,0,0,0,1,차대차 - 측면직각충돌,신호위반,건조,맑음,교차로 - 교차로안,원동기,남,16세,상해없음,승용,남,61세,상해없음
2014052500100007,2014년 5월 25일 00시,일요일,부산광역시 북구 구포동,경상사고,0,0,1,0,차대사람 - 기타,안전운전불이행,건조,맑음,단일로 - 기타,승용,남,28세,상해없음,보행자,여,25세,경상
2014052500100008,2014년 5월 25일 00시,일요일,부산광역시 해운대구 우동,경상사고,0,0,2,0,차대차 - 측면직각충돌,신호위반,건조,맑음,교차로 - 교차로안,화물,남,50세,상해없음,승용,남,50세,상해없음
2014052500100009,2014년 5월 25일 00시,일요일,부산광역시 해운대구 좌동,경상사고,0,0,1,0,차대사람 - 횡단중,보행자보호의무위반,건조,맑음,단일로 - 기타,승용,남,39세,상해없음,보행자,남,50세,경상
2014052500100055,2014년 5월 25일 02시,일요일,부산광역시 금정구 노포동,경상사고,0,0,2,0,차량단독 - 공작물충돌,안전운전불이행,건조,맑음,단일로 - 기타,승용,남,48세,상해없음,,,,
2014052500100077,2014년 5월 25일 04시,일요일,부산광역시 동래구 온천동,경상사고,0,0,1,0,차대차 - 추돌 - 주정차중,안전운전불이행,건조,맑음,교차로 - 교차로부근,승용,여,49세,상해없음,승용,남,34세,경상
2014052500100095,2014년 5월 25일 06시,일요일,부산광역시 강서구 대저1동,경상사고,0,0,5,0,차대차 - 기타,안전운전불이행,건조,맑음,단일로 - 기타,화물,여,61세,상해없음,승용,여,41세,경상
2014052500100138,2014년 5월 25일 09시,일요일,부산광역시 영도구 청학동,중상사고,0,1,0,0,차대사람 - 기타,안전운전불이행,건조,맑음,단일로 - 기타,화물,남,54세,상해없음,보행자,남,49세,중상
2014052500100152,2014년 5월 25일 10시,일요일,부산광역시 사하구 하단동,중상사고,0,1,0,0,차대차 - 측면직각충돌,신호위반,건조,맑음,교차로 - 교차로안,승합,여,46세,상해없음,이륜,남,30세,중상
2014052500100174,2014년 5월 25일 11시,일요일,부산광역시 해운대구 반여동,경상사고,0,0,1,0,차대사람 - 기타,교차로운행방법위반,건조,맑음,단일로 - 횡단보도부근,승용,남,64세,상해없음,보행자,여,58세,경상
2014052500100201,2014년 5월 25일 12시,일요일,부산광역시 동래구 온천동,경상사고,0,0,4,0,차대차 - 측면직각충돌,안전거리미확보,건조,맑음,단일로 - 기타,승용,남,57세,상해없음,승용,남,39세,경상
2014052500100202,2014년 5월 25일 12시,일요일,부산광역시 영도구 봉래동2가,중상사고,0,1,0,0,차량단독 - 기타,기타,건조,맑음,단일로 - 기타,승합,남,60세,상해없음,,,,
2014052500100242,2014년 5월 25일 13시,일요일,부산광역시 기장군 기장읍,중상사고,0,1,0,0,차대차 - 측면직각충돌,안전거리미확보,건조,맑음,단일로 - 기타,승용,여,40세,상해없음,이륜,남,35세,중상
2014052500100299,2014년 5월 25일 15시,일요일,부산광역시 수영구 남천동,중상사고,0,1,2,0,차대차 - 측면직각충돌,중앙선침범,건조,맑음,단일로 - 기타,승용,여,53세,상해없음,승용,여,49세,중상
2014052500100300,2014년 5월 25일 15시,일요일,부산광역시 수영구 광안동,경상사고,0,0,1,0,차대차 - 추돌 - 진행중,교차로운행방법위반,건조,맑음,교차로 - 교차로안,승용,남,56세,상해없음,이륜,남,18세,경상
2014052500100301,2014년 5월 25일 15시,일요일,부산광역시 남구 대연동,중상사고,0,1,0,0,차대차 - 기타,신호위반,건조,맑음,교차로 - 교차로안,이륜,남,56세,중상,승용,남,33세,상해없음
2014052500100302,2014년 5월 25일 15시,일요일,부산광역시 해운대구 반여동,부상신고사고,0,0,0,1,차대차 - 추돌 - 주정차중,안전운전불이행,건조,맑음,단일로 - 기타,승용,여,21세,부상신고,승용,남,45세,기타불명
2014052500100303,2014년 5월 25일 15시,일요일,부산광역시 사상구 엄궁동,경상사고,0,0,1,0,차대사람 - 길가장자리구역통행중,안전운전불이행,건조,맑음,교차로 - 교차로안,승용,기타불명,기타불명,기타불명,보행자,남,26세,경상
2014052500100335,2014년 5월 25일 16시,일요일,부산광역시 중구 대청동1가,부상신고사고,0,0,0,1,차대사람 - 기타,안전운전불이행,건조,흐림,단일로 - 기타,승용,남,63세,상해없음,보행자,여,57세,부상신고
2014052500100336,2014년 5월 25일 16시,일요일,부산광역시 북구 덕천동,중상사고,0,1,1,0,차대차 - 추돌 - 진행중,중앙선침범,건조,맑음,단일로 - 기타,승용,남,32세,상해없음,승용,남,33세,경상
2014052500100337,2014년 5월 25일 16시,일요일,부산광역시 부산진구 개금동,경상사고,0,0,1,0,차대차 - 기타,안전운전불이행,기타,비,기타 - 기타,승용,여,61세,상해없음,자전거,남,15세,경상
2014052500100338,2014년 5월 25일 16시,일요일,부산광역시 부산진구 부전동,경상사고,0,0,2,0,차대차 - 추돌 - 진행중,안전운전불이행,습기,비,단일로 - 기타,승용,남,25세,상해없음,승용,남,25세,경상
2014052500100380,2014년 5월 25일 17시,일요일,부산광역시 사상구 삼락동,경상사고,0,0,1,0,차대차 - 기타,불법유턴,건조,흐림,교차로 - 교차로안,화물,남,55세,상해없음,승용,여,45세,경상
2014052500100412,2014년 5월 25일 18시,일요일,부산광역시 사하구 다대동,경상사고,0,0,1,0,차대사람 - 기타,불법유턴,습기,비,단일로 - 기타,승용,남,31세,상해없음,보행자,여,77세,경상
2014052500100443,2014년 5월 25일 19시,일요일,부산광역시 연제구 연산동,경상사고,0,0,1,0,차대차 - 기타,안전거리미확보,습기,비,단일로 - 기타,승용,남,51세,경상,승용,여,54세,상해없음
2014052500100489,2014년 5월 25일 20시,일요일,부산광역시 북구 덕천동,중상사고,0,1,0,0,차대차 - 측면직각충돌,신호위반,습기,비,교차로 - 교차로안,승용,남,65세,상해없음,이륜,남,28세,중상
2014052500100490,2014년 5월 25일 20시,일요일,부산광역시 부산진구 당감동,경상사고,0,0,2,0,차대차 - 측면직각충돌,중앙선침범,습기,흐림,단일로 - 기타,승용,기타불명,기타불명,기타불명,승용,남,47세,경상
2014052500100491,2014년 5월 25일 20시,일요일,부산광역시 사하구 다대동,경상사고,0,0,4,0,차대차 - 기타,안전운전불이행,건조,맑음,단일로 - 기타,승용,여,44세,기타불명,승용,남,31세,경상
2014052500100552,2014년 5월 25일 21시,일요일,부산광역시 부산진구 부암동,중상사고,0,1,0,0,차대사람 - 횡단중,안전운전불이행,습기,비,단일로 - 기타,승용,남,57세,상해없음,보행자,남,51세,중상
2014052500100553,2014년 5월 25일 21시,일요일,부산광역시 사하구 하단동,경상사고,0,0,1,1,차대차 - 측면직각충돌,안전운전불이행,습기,비,단일로 - 기타,승용,남,50세,상해없음,승용,남,35세,상해없음
2014052500100600,2014년 5월 25일 22시,일요일,부산광역시 해운대구 중동,경상사고,0,0,1,0,차대차 - 기타,중앙선침범,습기,비,교차로 - 교차로부근,승용,남,41세,상해없음,이륜,남,42세,경상
2014052500100633,2014년 5월 25일 23시,일요일,부산광역시 사상구 주례동,경상사고,0,0,1,0,차대차 - 측면직각충돌,교차로운행방법위반,기타,비,단일로 - 기타,승용,남,56세,상해없음,원동기,남,18세,경상
2014052600100004,2014년 5월 26일 00시,월요일,부산광역시 남구 용호동,경상사고,0,0,1,0,차대차 - 측면직각충돌,중앙선침범,습기,비,단일로 - 기타,승용,남,34세,상해없음,승용,남,34세,경상
2014052600100005,2014년 5월 26일 00시,월요일,부산광역시 동래구 명장동,경상사고,0,0,2,0,차대차 - 측면직각충돌,신호위반,습기,비,교차로 - 교차로안,승용,여,28세,상해없음,승용,남,57세,경상
2014052600100023,2014년 5월 26일 01시,월요일,부산광역시 부산진구 부전동,중상사고,0,1,0,0,차대사람 - 기타,안전운전불이행,습기,비,단일로 - 기타,승용,남,48세,상해없음,보행자,남,24세,상해없음
2014052600100044,2014년 5월 26일 03시,월요일,부산광역시 연제구 연산동,중상사고,0,1,0,0,차대사람 - 기타,안전운전불이행,습기,비,단일로 - 기타,승용,남,56세,상해없음,보행자,남,21세,중상
2014052600100050,2014년 5월 26일 04시,월요일,부산광역시 수영구 망미동,중상사고,0,1,0,0,차대사람 - 횡단중,신호위반,건조,흐림,단일로 - 횡단보도상,승용,남,58세,상해없음,보행자,여,24세,중상
2014052600100051,2014년 5월 26일 04시,월요일,부산광역시 사상구 주례동,부상신고사고,0,0,0,1,차대차 - 정면충돌,중앙선침범,습기,흐림,미분류 - 미분류,승용,남,68세,부상신고,화물,남,32세,상해없음
2014052600100062,2014년 5월 26일 05시,월요일,부산광역시 북구 구포동,중상사고,0,1,0,0,차대차 - 측면직각충돌,신호위반,습기,흐림,교차로 - 교차로안,이륜,남,59세,중상,승용,남,55세,상해없음
2014052600100072,2014년 5월 26일 06시,월요일,부산광역시 동구 초량동,경상사고,0,0,1,0,차대차 - 기타,안전운전불이행,건조,맑음,단일로 - 기타,기타불명,기타불명,기타불명,기타불명,자전거,여,53세,경상
2014052600100074,2014년 5월 26일 06시,월요일,부산광역시 부산진구 부전동,경상사고,0,0,1,0,차대사람 - 기타,안전운전불이행,습기,비,단일로 - 기타,이륜,남,58세,상해없음,보행자,여,73세,경상
2014052600100117,2014년 5월 26일 08시,월요일,부산광역시 해운대구 반여동,경상사고,0,0,3,0,차대차 - 측면직각충돌,중앙선침범,건조,맑음,교차로 - 교차로부근,승용,남,67세,기타불명,승용,남,28세,경상
2014052600100118,2014년 5월 26일 08시,월요일,부산광역시 부산진구 부전동,중상사고,0,1,0,0,차대사람 - 기타,안전운전불이행,건조,맑음,교차로 - 교차로안,승용,남,59세,상해없음,보행자,여,53세,중상
2014052600100119,2014년 5월 26일 08시,월요일,부산광역시 부산진구 양정동,경상사고,0,0,1,0,차대차 - 추돌 - 진행중,안전운전불이행,건조,맑음,단일로 - 기타,승용,여,51세,상해없음,승용,여,40세,경상
2014052600100150,2014년 5월 26일 09시,월요일,부산광역시 부산진구 개금동,중상사고,0,1,0,0,차대사람 - 기타,신호위반,건조,흐림,교차로 - 교차로부근,승용,여,49세,상해없음,보행자,여,81세,중상
2014052600100151,2014년 5월 26일 09시,월요일,부산광역시 부산진구 부전동,중상사고,0,1,0,0,차대차 - 기타,신호위반,건조,흐림,교차로 - 교차로안,승용,여,41세,상해없음,이륜,남,50세,중상
2014052600100152,2014년 5월 26일 09시,월요일,부산광역시 금정구 부곡동,중상사고,0,1,0,0,차대사람 - 보도통행중,안전운전불이행,건조,맑음,단일로 - 기타,승용,남,60세,상해없음,보행자,여,42세,중상
2014052600100181,2014년 5월 26일 10시,월요일,부산광역시 연제구 연산동,중상사고,0,1,0,0,차대차 - 측면직각충돌,안전운전불이행,건조,맑음,단일로 - 기타,화물,남,72세,상해없음,승용,여,57세,중상
2014052600100182,2014년 5월 26일 10시,월요일,부산광역시 기장군 기장읍,사망사고,1,0,0,0,차량단독 - 공작물충돌,안전운전불이행,건조,맑음,단일로 - 기타,승용,남,30세,사망,,,,
2014052600100215,2014년 5월 26일 11시,월요일,부산광역시 연제구 연산동,경상사고,0,0,1,0,차량단독 - 기타,안전운전불이행,건조,맑음,교차로 - 교차로부근,승합,남,50세,상해없음,,,,
2014052600100247,2014년 5월 26일 12시,월요일,부산광역시 해운대구 재송동,부상신고사고,0,0,0,1,차대차 - 추돌 - 주정차중,안전운전불이행,건조,맑음,단일로 - 기타,승용,여,33세,부상신고,승합,남,47세,기타불명
2014052600100304,2014년 5월 26일 14시,월요일,부산광역시 동래구 온천동,경상사고,0,0,1,0,차대사람 - 횡단중,보행자보호의무위반,건조,맑음,단일로 - 횡단보도상,승용,남,48세,상해없음,보행자,남,91세,경상
2014052600100305,2014년 5월 26일 14시,월요일,부산광역시 해운대구 우동,중상사고,0,1,0,1,차대사람 - 횡단중,안전운전불이행,건조,맑음,단일로 - 기타,승용,여,27세,상해없음,보행자,남,19세,중상
2014052600100333,2014년 5월 26일 15시,월요일,부산광역시 동구 좌천동,중상사고,0,1,0,0,차대사람 - 보도통행중,안전운전불이행,건조,맑음,단일로 - 기타,화물,남,63세,상해없음,보행자,여,76세,중상
2014052600100371,2014년 5월 26일 16시,월요일,부산광역시 남구 감만동,경상사고,0,0,1,0,차대차 - 추돌 - 주정차중,안전운전불이행,건조,맑음,단일로 - 기타,화물,남,41세,상해없음,화물,남,54세,경상
2014052600100372,2014년 5월 26일 16시,월요일,부산광역시 북구 구포동,중상사고,0,1,0,0,차대사람 - 기타,안전운전불이행,건조,맑음,단일로 - 기타,승용,남,33세,상해없음,보행자,여,86세,중상
2014052600100373,2014년 5월 26일 16시,월요일,부산광역시 금정구 부곡동,경상사고,0,0,1,0,차대차 - 측면직각충돌,안전거리미확보,건조,맑음,단일로 - 기타,건설기계,기타불명,기타불명,기타불명,승용,여,38세,경상
2014052600100452,2014년 5월 26일 18시,월요일,부산광역시 연제구 거제동,중상사고,0,1,0,0,차대차 - 기타,차로위반,건조,맑음,단일로 - 기타,승용,남,36세,상해없음,이륜,남,26세,중상
2014052600100453,2014년 5월 26일 18시,월요일,부산광역시 기장군 기장읍,경상사고,0,0,1,0,차대사람 - 길가장자리구역통행중,안전운전불이행,건조,맑음,단일로 - 기타,승용,여,56세,상해없음,보행자,여,30세,경상
2014052600100510,2014년 5월 26일 19시,월요일,부산광역시 수영구 광안동,중상사고,0,1,0,0,차대사람 - 길가장자리구역통행중,안전운전불이행,건조,맑음,단일로 - 기타,승용,여,35세,상해없음,보행자,남,58세,중상
2014052600100511,2014년 5월 26일 19시,월요일,부산광역시 사하구 감천동,경상사고,0,0,1,0,차대차 - 추돌 - 진행중,안전운전불이행,건조,맑음,단일로 - 기타,승용,남,57세,상해없음,승용,남,48세,경상
2014052600100541,2014년 5월 26일 20시,월요일,부산광역시 동래구 안락동,경상사고,0,0,1,0,차대차 - 측면직각충돌,안전거리미확보,건조,맑음,단일로 - 기타,원동기,남,48세,경상,승용,남,60세,상해없음
2014052600100542,2014년 5월 26일 20시,월요일,부산광역시 강서구 명지동,부상신고사고,0,0,0,2,차대차 - 추돌 - 주정차중,안전운전불이행,건조,맑음,교차로 - 교차로부근,승용,남,51세,상해없음,승합,남,34세,부상신고
2014052600100568,2014년 5월 26일 21시,월요일,부산광역시 부산진구 연지동,경상사고,0,0,2,0,차대차 - 측면직각충돌,안전운전불이행,건조,맑음,단일로 - 기타,승용,남,38세,상해없음,이륜,남,35세,경상
2014052600100609,2014년 5월 26일 22시,월요일,부산광역시 서구 서대신동2가,중상사고,0,1,0,0,차대차 - 측면직각충돌,신호위반,기타,기타,교차로 - 교차로안,이륜,남,21세,중상,승용,남,47세,상해없음
2014052600100633,2014년 5월 26일 23시,월요일,부산광역시 수영구 남천동,경상사고,0,0,1,0,차대사람 - 보도통행중,기타,건조,맑음,단일로 - 기타,승용,남,61세,상해없음,보행자,남,21세,경상
2014052700100002,2014년 5월 27일 00시,화요일,부산광역시 동래구 안락동,부상신고사고,0,0,0,1,차대사람 - 차도통행중,안전운전불이행,건조,맑음,단일로 - 기타,기타불명,기타불명,14세,기타불명,보행자,남,50세,부상신고
2014052700100003,2014년 5월 27일 00시,화요일,부산광역시 부산진구 전포동,경상사고,0,0,1,0,차대차 - 측면직각충돌,안전운전불이행,건조,맑음,교차로 - 교차로안,승용,남,59세,상해없음,승용,남,56세,경상
2014052700100018,2014년 5월 27일 01시,화요일,부산광역시 서구 초장동,경상사고,0,0,1,0,차대사람 - 기타,안전운전불이행,기타,기타,단일로 - 기타,승용,남,41세,상해없음,보행자,남,28세,경상
2014052700100019,2014년 5월 27일 01시,화요일,부산광역시 북구 구포동,중상사고,0,1,0,0,차대사람 - 기타,안전운전불이행,건조,맑음,단일로 - 기타,승용,남,55세,상해없음,보행자,여,43세,중상
2014052700100028,2014년 5월 27일 02시,화요일,부산광역시 중구 남포동5가,경상사고,0,0,1,0,차대사람 - 횡단중,안전운전불이행,건조,맑음,단일로 - 기타,화물,남,54세,상해없음,보행자,남,44세,경상
2014052700100029,2014년 5월 27일 02시,화요일,부산광역시 기장군 기장읍,경상사고,0,0,2,0,차대차 - 정면충돌,안전운전불이행,건조,맑음,단일로 - 기타,승용,남,34세,상해없음,승용,기타불명,기타불명,기타불명
2014052700100034,2014년 5월 27일 03시,화요일,부산광역시 동구 수정동,경상사고,0,0,2,0,차대차 - 측면직각충돌,안전운전불이행,건조,맑음,단일로 - 기타,승용,여,53세,상해없음,승용,남,75세,경상
2014052700100051,2014년 5월 27일 05시,화요일,부산광역시 해운대구 재송동,부상신고사고,0,0,0,1,차량단독 - 기타,안전운전불이행,건조,맑음,단일로 - 기타,원동기,남,59세,부상신고,,,,
2014052700100052,2014년 5월 27일 05시,화요일,부산광역시 사하구 장림동,경상사고,0,0,1,0,차대차 - 기타,안전운전불이행,건조,맑음,기타 - 기타,승용,남,40세,상해없음,승용,남,36세,경상
2014052700100087,2014년 5월 27일 07시,화요일,부산광역시 동래구 온천동,경상사고,0,0,1,0,차대차 - 추돌 - 진행중,안전운전불이행,건조,맑음,교차로 - 교차로안,화물,남,57세,상해없음,승용,남,33세,경상
2014052700100088,2014년 5월 27일 07시,화요일,부산광역시 강서구 송정동,경상사고,0,0,1,0,차대차 - 기타,신호위반,건조,맑음,교차로 - 교차로부근,화물,남,49세,상해없음,자전거,남,33세,경상
2014052700100117,2014년 5월 27일 08시,화요일,부산광역시 남구 우암동,중상사고,0,1,0,0,차대차 - 기타,안전운전불이행,건조,맑음,교차로 - 교차로안,특수,남,47세,상해없음,원동기,남,77세,중상
2014052700100118,2014년 5월 27일 08시,화요일,부산광역시 부산진구 가야동,부상신고사고,0,0,0,1,차대차 - 기타,안전거리미확보,건조,맑음,단일로 - 기타,승용,남,59세,상해없음,이륜,남,29세,부상신고
2014052700100119,2014년 5월 27일 08시,화요일,부산광역시 사하구 감천동,중상사고,0,1,0,0,차대사람 - 횡단중,신호위반,건조,맑음,단일로 - 횡단보도상,화물,남,57세,상해없음,보행자,여,21세,중상
2014052700100120,2014년 5월 27일 08시,화요일,부산광역시 연제구 연산동,경상사고,0,0,1,0,차대차 - 측면직각충돌,안전운전불이행,건조,맑음,단일로 - 기타,승용,남,51세,상해없음,승용,여,40세,경상
2014052700100180,2014년 5월 27일 09시,화요일,부산광역시 사하구 다대동,중상사고,0,1,0,0,차대사람 - 보도통행중,신호위반,건조,맑음,단일로 - 횡단보도상,승용,남,70세,상해없음,보행자,여,74세,중상
2014052700100181,2014년 5월 27일 09시,화요일,부산광역시 사상구 주례동,중상사고,0,1,0,0,차대사람 - 기타,보행자보호의무위반,건조,맑음,단일로 - 횡단보도상,화물,남,29세,상해없음,보행자,여,58세,중상
2014052700100241,2014년 5월 27일 11시,화요일,부산광역시 사상구 괘법동,경상사고,0,0,1,0,차대차 - 추돌 - 주정차중,안전운전불이행,건조,맑음,교차로 - 교차로부근,승합,남,50세,상해없음,승용,여,28세,경상
2014052700100266,2014년 5월 27일 12시,화요일,부산광역시 금정구 부곡동,부상신고사고,0,0,0,1,차대차 - 측면직각충돌,직진우회전진행방해,건조,맑음,교차로 - 교차로안,승용,여,58세,상해없음,원동기,남,67세,부상신고
2014052700100322,2014년 5월 27일 14시,화요일,부산광역시 남구 용호동,중상사고,0,1,0,0,차대사람 - 횡단중,안전운전불이행,건조,맑음,단일로 - 횡단보도상,원동기,남,36세,상해없음,보행자,남,60세,중상
2014052700100323,2014년 5월 27일 14시,화요일,부산광역시 부산진구 부전동,중상사고,0,1,0,0,차대사람 - 기타,안전운전불이행,건조,맑음,단일로 - 기타,승용,남,53세,상해없음,보행자,여,40세,중상
2014052700100324,2014년 5월 27일 14시,화요일,부산광역시 사하구 당리동,경상사고,0,0,1,0,차량단독 - 기타,안전운전불이행,건조,맑음,단일로 - 기타,승합,남,54세,상해없음,,,,
2014052700100364,2014년 5월 27일 15시,화요일,부산광역시 사상구 학장동,경상사고,0,0,1,0,차대사람 - 횡단중,신호위반,건조,맑음,교차로 - 교차로안,승용,남,67세,상해없음,보행자,남,11세,경상
2014052700100399,2014년 5월 27일 16시,화요일,부산광역시 동구 초량동,중상사고,0,1,0,0,차대차 - 기타,안전거리미확보,건조,맑음,단일로 - 기타,승용,남,51세,상해없음,원동기,남,24세,중상
2014052700100400,2014년 5월 27일 16시,화요일,부산광역시 사하구 다대동,경상사고,0,0,1,1,차대차 - 측면직각충돌,안전운전불이행,건조,맑음,단일로 - 기타,화물,남,53세,상해없음,승용,남,62세,부상신고
2014052700100447,2014년 5월 27일 17시,화요일,부산광역시 중구 영주동,경상사고,0,0,1,0,차대차 - 기타,중앙선침범,건조,맑음,단일로 - 기타,승용,남,25세,상해없음,승용,남,49세,경상
2014052700100448,2014년 5월 27일 17시,화요일,부산광역시 수영구 광안동,중상사고,0,1,0,0,차대차 - 기타,중앙선침범,건조,맑음,단일로 - 기타,승용,여,36세,상해없음,자전거,남,40세,중상
2014052700100449,2014년 5월 27일 17시,화요일,부산광역시 사하구 하단동,중상사고,0,1,0,0,차대사람 - 횡단중,보행자보호의무위반,건조,맑음,단일로 - 횡단보도상,승용,여,27세,상해없음,보행자,남,7세,중상
2014052700100495,2014년 5월 27일 18시,화요일,부산광역시 연제구 연산동,중상사고,0,1,0,0,차대사람 - 기타,보행자보호의무위반,건조,맑음,단일로 - 기타,승합,남,62세,상해없음,보행자,여,55세,중상
2014052700100496,2014년 5월 27일 18시,화요일,부산광역시 사상구 모라동,부상신고사고,0,0,0,1,차대차 - 기타,신호위반,건조,맑음,단일로 - 기타,승용,남,46세,상해없음,이륜,남,48세,부상신고
2014052700100497,2014년 5월 27일 18시,화요일,부산광역시 사상구 감전동,중상사고,0,1,0,1,차대사람 - 기타,안전운전불이행,건조,맑음,단일로 - 기타,자전거,남,19세,부상신고,보행자,남,51세,중상
2014052700100531,2014년 5월 27일 19시,화요일,부산광역시 금정구 구서동,경상사고,0,0,1,0,차대차 - 추돌 - 진행중,안전거리미확보,건조,맑음,단일로 - 기타,화물,남,48세,상해없음,승용,여,26세,경상
2014052700100532,2014년 5월 27일 19시,화요일,부산광역시 금정구 장전동,경상사고,0,0,1,0,차대차 - 측면직각충돌,안전운전불이행,건조,맑음,교차로 - 교차로안,승용,여,33세,상해없음,자전거,남,25세,경상
2014052700100579,2014년 5월 27일 21시,화요일,부산광역시 남구 대연동,경상사고,0,0,1,0,차대사람 - 기타,안전운전불이행,건조,맑음,단일로 - 기타,승용,남,43세,상해없음,보행자,남,37세,경상
2014052700100617,2014년 5월 27일 22시,화요일,부산광역시 영도구 청학동,경상사고,0,0,1,0,차대차 - 기타,안전운전불이행,건조,맑음,단일로 - 기타,승용,남,33세,상해없음,승용,남,57세,경상
2014052700100639,2014년 5월 27일 23시,화요일,부산광역시 남구 문현동,중상사고,0,1,0,0,차대사람 - 기타,안전운전불이행,건조,맑음,단일로 - 기타,화물,남,22세,상해없음,보행자,여,72세,중상
2014052700100640,2014년 5월 27일 23시,화요일,부산광역시 남구 문현동,중상사고,0,1,0,0,차대차 - 측면직각충돌,교차로운행방법위반,건조,맑음,교차로 - 교차로안,승용,남,59세,상해없음,승용,남,56세,상해없음
2014052800100004,2014년 5월 28일 00시,수요일,부산광역시 동래구 온천동,경상사고,0,0,1,0,차대사람 - 기타,안전운전불이행,건조,맑음,교차로 - 교차로안,승용,여,51세,상해없음,보행자,여,56세,경상
2014052800100005,2014년 5월 28일 00시,수요일,부산광역시 영도구 봉래동4가,경상사고,0,0,2,0,차대차 - 측면직각충돌,신호위반,건조,맑음,교차로 - 교차로안,승용,남,59세,상해없음,승용,남,57세,경상
2014052800100025,2014년 5월 28일 01시,수요일,부산광역시 영도구 청학동,경상사고,0,0,1,0,차대차 - 기타,안전운전불이행,건조,맑음,단일로 - 기타,승용,남,28세,상해없음,승용,남,59세,경상
2014052800100031,2014년 5월 28일 02시,수요일,부산광역시 중구 부평동1가,중상사고,0,1,2,0,차대차 - 측면직각충돌,안전운전불이행,건조,맑음,단일로 - 기타,승용,남,32세,상해없음,승용,남,40세,중상
2014052800100032,2014년 5월 28일 02시,수요일,부산광역시 금정구 금사동,경상사고,0,0,3,0,차대사람 - 기타,안전운전불이행,건조,맑음,단일로 - 기타,승용,남,42세,상해없음,보행자,남,50세,경상
2014052800100039,2014년 5월 28일 03시,수요일,부산광역시 사하구 하단동,경상사고,0,0,1,0,차대차 - 기타,중앙선침범,건조,맑음,단일로 - 기타,이륜,남,72세,상해없음,승용,여,37세,경상
2014052800100050,2014년 5월 28일 04시,수요일,부산광역시 해운대구 우동,중상사고,0,1,0,0,차대차 - 측면직각충돌,안전운전불이행,건조,맑음,교차로 - 교차로부근,승용,남,57세,상해없음,자전거,남,51세,중상
2014052800100051,2014년 5월 28일 04시,수요일,부산광역시 부산진구 가야동,중상사고,0,1,0,0,차대차 - 측면직각충돌,안전운전불이행,건조,맑음,단일로 - 기타,화물,남,37세,상해없음,이륜,남,39세,중상
2014052800100065,2014년 5월 28일 06시,수요일,부산광역시 수영구 망미동,경상사고,0,0,1,0,차대사람 - 횡단중,보행자보호의무위반,건조,맑음,교차로 - 교차로부근,승용,남,44세,상해없음,보행자,남,58세,경상
2014052800100086,2014년 5월 28일 07시,수요일,부산광역시 부산진구 가야동,중상사고,0,1,0,0,차대차 - 추돌 - 주정차중,안전운전불이행,건조,맑음,단일로 - 기타,승용,남,37세,상해없음,승용,남,45세,중상
2014052800100087,2014년 5월 28일 07시,수요일,부산광역시 금정구 남산동,중상사고,0,1,1,0,차대차 - 측면직각충돌,안전거리미확보,건조,맑음,단일로 - 기타,승용,남,62세,상해없음,승용,여,43세,중상