사고번호,사고일시,요일,시군구,사고내용,사망자수,중상자수,경상자수,부상신고자수,사고유형,법규위반,노면상태,기상상태,도로형태,가해운전자 차종,가해운전자 성별,가해운전자 연령,가해운전자 상해정도,피해운전자 차종,피해운전자 성별,피해운전자 연령,피해운전자 상해정도
2014060300100280,2014년 6월 3일 12시,화요일,부산광역시 동구 초량동,경상사고,0,0,1,0,차대차 - 측면직각충돌,안전운전불이행,건조,맑음,단일로 - 기타,승합,남,47세,기타불명,승용,남,34세,경상
2014060300100281,2014년 6월 3일 12시,화요일,부산광역시 해운대구 반송동,경상사고,0,0,1,0,차대차 - 기타,신호위반,습기,비,교차로 - 교차로안,승용,남,54세,상해없음,이륜,남,25세,경상
2014060300100305,2014년 6월 3일 13시,화요일,부산광역시 서구 동대신동3가,경상사고,0,0,1,0,차대사람 - 횡단중,안전운전불이행,건조,맑음,단일로 - 기타,승용,여,33세,상해없음,보행자,남,63세,경상
2014060300100306,2014년 6월 3일 13시,화요일,부산광역시 사하구 괴정동,경상사고,0,0,1,0,차대차 - 추돌 - 주정차중,안전운전불이행,건조,맑음,단일로 - 기타,승용,남,52세,상해없음,승용,여,48세,경상
2014060300100346,2014년 6월 3일 14시,화요일,부산광역시 기장군 정관면,중상사고,0,1,0,0,차대사람 - 기타,안전운전불이행,습기,비,단일로 - 기타,화물,남,62세,상해없음,보행자,여,62세,중상
2014060300100410,2014년 6월 3일 16시,화요일,부산광역시 동구 초량동,경상사고,0,0,3,0,차대차 - 기타,안전운전불이행,건조,맑음,교차로 - 교차로안,승용,남,61세,상해없음,승용,남,46세,경상
2014060300100411,2014년 6월 3일 16시,화요일,부산광역시 동래구 사직동,경상사고,0,0,1,0,차량단독 - 기타,기타,습기,비,단일로 - 기타,승합,남,55세,상해없음,,,,
2014060300100412,2014년 6월 3일 16시,화요일,부산광역시 해운대구 좌동,경상사고,0,0,2,0,차대차 - 기타,중앙선침범,건조,맑음,교차로 - 교차로안,승용,남,66세,상해없음,승용,여,46세,경상
2014060300100413,2014년 6월 3일 16시,화요일,부산광역시 사하구 신평동,경상사고,0,0,1,0,차대차 - 측면직각충돌,불법유턴,건조,맑음,기타 - 기타,승용,여,51세,상해없음,승용,여,48세,경상
2014060300100441,2014년 6월 3일 17시,화요일,부산광역시 영도구 대교동2가,경상사고,0,0,1,0,차대차 - 기타,안전운전불이행,건조,맑음,교차로 - 교차로안,승용,남,59세,상해없음,승용,남,43세,상해없음
2014060300100442,2014년 6월 3일 17시,화요일,부산광역시 부산진구 부전동,경상사고,0,0,2,0,차대차 - 기타,교차로운행방법위반,건조,맑음,교차로 - 교차로안,승용,남,26세,상해없음,승용,여,30세,경상
2014060300100551,2014년 6월 3일 20시,화요일,부산광역시 영도구 남항동1가,경상사고,0,0,2,0,차대차 - 추돌 - 진행중,안전운전불이행,건조,맑음,미분류 - 미분류,승용,여,29세,상해없음,승용,남,55세,경상
2014060300100552,2014년 6월 3일 20시,화요일,부산광역시 사하구 장림동,중상사고,0,1,0,0,차대차 - 측면직각충돌,안전거리미확보,건조,맑음,단일로 - 기타,화물,남,64세,상해없음,이륜,남,17세,중상
2014060300100591,2014년 6월 3일 21시,화요일,부산광역시 동래구 안락동,부상신고사고,0,0,0,1,차대차 - 정면충돌,안전운전불이행,건조,맑음,교차로 - 교차로안,자전거,남,12세,부상신고,승용,남,47세,상해없음
2014060300100592,2014년 6월 3일 21시,화요일,부산광역시 해운대구 좌동,중상사고,0,1,0,0,차대사람 - 횡단중,보행자보호의무위반,습기,비,단일로 - 횡단보도상,승용,남,56세,상해없음,보행자,남,10세,중상
2014060300100637,2014년 6월 3일 22시,화요일,부산광역시 영도구 봉래동1가,중상사고,0,1,1,0,차대차 - 측면직각충돌,교차로운행방법위반,건조,맑음,교차로 - 교차로안,승용,남,58세,상해없음,승용,남,35세,상해없음
2014060300100677,2014년 6월 3일 23시,화요일,부산광역시 해운대구 중동,경상사고,0,0,1,0,차대사람 - 기타,안전운전불이행,건조,맑음,단일로 - 기타,승용,남,30세,상해없음,보행자,남,35세,경상
2014060300100678,2014년 6월 3일 23시,화요일,부산광역시 연제구 연산동,경상사고,0,0,1,0,차대차 - 측면직각충돌,안전운전불이행,건조,맑음,교차로 - 교차로부근,승용,여,46세,상해없음,승용,여,34세,경상
2014060300100679,2014년 6월 3일 23시,화요일,부산광역시 수영구 망미동,경상사고,0,0,2,0,차대차 - 추돌 - 진행중,안전거리미확보,건조,맑음,단일로 - 기타,승용,남,44세,상해없음,승용,남,52세,경상
2014060400100007,2014년 6월 4일 00시,수요일,부산광역시 영도구 청학동,중상사고,0,2,0,0,차대차 - 정면충돌,신호위반,건조,맑음,교차로 - 교차로안,승용,남,26세,상해없음,승용,남,58세,중상
2014060400100008,2014년 6월 4일 00시,수요일,부산광역시 사상구 괘법동,경상사고,0,0,1,0,차대사람 - 기타,안전운전불이행,건조,맑음,단일로 - 기타,승용,여,52세,상해없음,보행자,남,37세,경상
2014060400100121,2014년 6월 4일 07시,수요일,부산광역시 사상구 괘법동,경상사고,0,0,1,0,차대사람 - 기타,기타,건조,맑음,단일로 - 기타,승용,남,59세,상해없음,보행자,여,60세,경상
2014060400100142,2014년 6월 4일 08시,수요일,부산광역시 부산진구 당감동,경상사고,0,0,1,0,차대차 - 기타,안전운전불이행,건조,맑음,단일로 - 기타,승용,남,51세,상해없음,이륜,남,67세,경상
2014060400100143,2014년 6월 4일 08시,수요일,부산광역시 사상구 주례동,중상사고,0,1,0,0,차대차 - 측면직각충돌,안전거리미확보,건조,흐림,단일로 - 기타,화물,남,39세,상해없음,이륜,남,23세,중상
2014060400100144,2014년 6월 4일 08시,수요일,부산광역시 사상구 괘법동,중상사고,0,1,0,0,차대사람 - 기타,안전운전불이행,건조,맑음,단일로 - 기타,승합,남,42세,상해없음,보행자,여,60세,중상
2014060400100145,2014년 6월 4일 08시,수요일,부산광역시 사상구 감전동,중상사고,0,1,0,0,차대차 - 기타,안전거리미확보,건조,맑음,단일로 - 기타,건설기계,남,65세,상해없음,승용,여,58세,중상
2014060400100164,2014년 6월 4일 09시,수요일,부산광역시 동구 초량동,경상사고,0,0,1,0,차대차 - 추돌 - 진행중,안전거리미확보,건조,맑음,교차로 - 교차로부근,승용,남,69세,상해없음,원동기,여,24세,경상
2014060400100165,2014년 6월 4일 09시,수요일,부산광역시 서구 남부민동,중상사고,0,1,0,0,차대차 - 측면직각충돌,안전운전불이행,건조,흐림,단일로 - 기타,승용,남,64세,상해없음,이륜,남,30세,중상
2014060400100192,2014년 6월 4일 10시,수요일,부산광역시 부산진구 초읍동,경상사고,0,0,1,0,차대사람 - 기타,안전운전불이행,건조,흐림,단일로 - 기타,승용,여,24세,상해없음,보행자,여,46세,경상
2014060400100224,2014년 6월 4일 11시,수요일,부산광역시 해운대구 재송동,경상사고,0,0,1,0,차대사람 - 기타,안전운전불이행,건조,흐림,단일로 - 기타,승용,남,58세,상해없음,보행자,여,22세,경상
2014060400100258,2014년 6월 4일 12시,수요일,부산광역시 영도구 동삼동,경상사고,0,0,2,0,차대차 - 추돌 - 주정차중,안전거리미확보,건조,맑음,단일로 - 기타,화물,남,48세,상해없음,승합,남,50세,경상
2014060400100259,2014년 6월 4일 12시,수요일,부산광역시 사상구 덕포동,경상사고,0,0,1,0,차대사람 - 기타,보행자보호의무위반,건조,맑음,단일로 - 기타,화물,남,63세,상해없음,보행자,여,57세,경상
2014060400100292,2014년 6월 4일 13시,수요일,부산광역시 북구 구포동,중상사고,0,1,0,0,차대사람 - 기타,기타,건조,맑음,단일로 - 기타,승합,남,53세,상해없음,보행자,남,51세,중상
2014060400100293,2014년 6월 4일 13시,수요일,부산광역시 해운대구 우동,경상사고,0,0,1,0,차대차 - 추돌 - 진행중,불법유턴,건조,맑음,교차로 - 교차로안,승용,여,48세,상해없음,승용,남,34세,상해없음
2014060400100347,2014년 6월 4일 15시,수요일,부산광역시 해운대구 우동,경상사고,0,0,3,0,차대차 - 기타,안전거리미확보,건조,맑음,미분류 - 미분류,화물,남,27세,상해없음,승용,남,46세,경상
2014060400100348,2014년 6월 4일 15시,수요일,부산광역시 강서구 대저1동,경상사고,0,0,4,0,차대차 - 측면직각충돌,교차로운행방법위반,건조,맑음,교차로 - 교차로안,화물,남,66세,상해없음,승용,남,33세,경상
2014060400100385,2014년 6월 4일 16시,수요일,부산광역시 남구 용당동,중상사고,0,1,1,0,차대차 - 추돌 - 진행중,안전거리미확보,건조,맑음,단일로 - 기타,승용,남,33세,상해없음,승용,남,28세,중상
2014060400100386,2014년 6월 4일 16시,수요일,부산광역시 부산진구 당감동,경상사고,0,0,1,0,차대사람 - 길가장자리구역통행중,안전운전불이행,건조,흐림,단일로 - 기타,승용,남,71세,상해없음,보행자,여,71세,경상
2014060400100387,2014년 6월 4일 16시,수요일,부산광역시 금정구 회동동,경상사고,0,0,1,0,차대차 - 기타,안전운전불이행,습기,비,단일로 - 기타,화물,남,43세,상해없음,승용,여,33세,경상
2014060400100388,2014년 6월 4일 16시,수요일,부산광역시 수영구 망미동,경상사고,0,0,1,0,차대차 - 기타,신호위반,건조,맑음,교차로 - 교차로안,승용,남,47세,상해없음,승용,남,56세,경상
2014060400100389,2014년 6월 4일 16시,수요일,부산광역시 사상구 감전동,중상사고,0,1,0,0,차대차 - 기타,안전운전불이행,건조,맑음,단일로 - 기타,승용,남,51세,상해없음,자전거,남,47세,중상
2014060400100390,2014년 6월 4일 16시,수요일,부산광역시 사상구 덕포동,경상사고,0,0,1,0,차대사람 - 횡단중,안전운전불이행,건조,맑음,단일로 - 기타,승용,여,31세,상해없음,보행자,여,12세,경상
2014060400100421,2014년 6월 4일 17시,수요일,부산광역시 금정구 구서동,경상사고,0,0,1,0,차대차 - 정면충돌,중앙선침범,습기,비,교차로 - 교차로부근,자전거,남,24세,경상,승용,남,54세,상해없음
2014060400100461,2014년 6월 4일 18시,수요일,부산광역시 서구 동대신동1가,경상사고,0,0,1,0,차대차 - 측면직각충돌,차로위반,습기,흐림,단일로 - 터널,승용,남,19세,상해없음,승용,여,54세,경상
2014060400100462,2014년 6월 4일 18시,수요일,부산광역시 연제구 거제동,중상사고,0,1,2,0,차대차 - 추돌 - 진행중,안전운전불이행,습기,맑음,교차로 - 교차로부근,화물,남,61세,상해없음,화물,남,47세,경상
2014060400100498,2014년 6월 4일 19시,수요일,부산광역시 부산진구 초읍동,중상사고,0,1,1,0,차대사람 - 횡단중,안전운전불이행,습기,비,단일로 - 횡단보도상,승용,남,67세,상해없음,보행자,여,24세,중상
2014060400100499,2014년 6월 4일 19시,수요일,부산광역시 금정구 구서동,중상사고,0,1,0,0,차대차 - 측면직각충돌,직진우회전진행방해,습기,비,교차로 - 교차로안,승용,여,43세,상해없음,원동기,남,76세,중상
2014060400100500,2014년 6월 4일 19시,수요일,부산광역시 연제구 연산동,경상사고,0,0,1,0,차대사람 - 기타,안전운전불이행,습기,비,단일로 - 기타,승용,남,77세,상해없음,보행자,남,52세,경상
2014060400100501,2014년 6월 4일 19시,수요일,부산광역시 연제구 연산동,경상사고,0,0,1,0,차대차 - 측면직각충돌,신호위반,건조,맑음,교차로 - 교차로안,승용,남,53세,상해없음,승용,남,40세,경상
2014060400100532,2014년 6월 4일 20시,수요일,부산광역시 서구 남부민동,경상사고,0,0,2,0,차대차 - 측면직각충돌,안전운전불이행,습기,비,단일로 - 기타,승용,남,48세,기타불명,승용,남,54세,경상
2014060400100533,2014년 6월 4일 20시,수요일,부산광역시 영도구 대교동1가,경상사고,0,0,1,0,차대차 - 기타,안전운전불이행,습기,비,교차로 - 교차로부근,화물,남,65세,상해없음,이륜,남,17세,경상
2014060400100570,2014년 6월 4일 21시,수요일,부산광역시 동래구 사직동,경상사고,0,0,1,0,차대사람 - 기타,안전운전불이행,습기,흐림,교차로 - 교차로안,승용,남,26세,상해없음,보행자,남,39세,경상
2014060400100571,2014년 6월 4일 21시,수요일,부산광역시 해운대구 우동,중상사고,0,1,0,0,차대차 - 측면직각충돌,안전운전불이행,습기,비,교차로 - 교차로안,승용,여,50세,상해없음,이륜,남,32세,중상
2014060400100572,2014년 6월 4일 21시,수요일,부산광역시 금정구 구서동,경상사고,0,0,2,1,차대차 - 측면직각충돌,신호위반,건조,맑음,교차로 - 교차로안,승합,남,57세,상해없음,승용,여,45세,경상
2014060400100573,2014년 6월 4일 21시,수요일,부산광역시 사상구 괘법동,중상사고,0,1,0,0,차대사람 - 기타,신호위반,건조,맑음,단일로 - 기타,승용,남,29세,상해없음,보행자,여,52세,중상
2014060400100607,2014년 6월 4일 22시,수요일,부산광역시 동구 초량동,경상사고,0,0,1,0,차대사람 - 기타,안전운전불이행,건조,맑음,단일로 - 기타,승용,남,43세,상해없음,보행자,남,35세,경상
2014060400100608,2014년 6월 4일 22시,수요일,부산광역시 동래구 사직동,중상사고,0,1,0,0,차대사람 - 기타,안전운전불이행,습기,비,단일로 - 기타,이륜,남,19세,상해없음,보행자,남,64세,중상
2014060400100609,2014년 6월 4일 22시,수요일,부산광역시 부산진구 부전동,중상사고,0,1,0,0,차대차 - 추돌 - 주정차중,안전거리미확보,습기,비,단일로 - 기타,승용,남,59세,상해없음,이륜,남,27세,중상
2014060400100633,2014년 6월 4일 23시,수요일,부산광역시 남구 용호동,중상사고,0,1,0,0,차대사람 - 횡단중,안전운전불이행,습기,맑음,단일로 - 횡단보도상,승용,남,57세,상해없음,보행자,남,46세,중상
2014060400100634,2014년 6월 4일 23시,수요일,부산광역시 금정구 서동,중상사고,0,1,0,0,차대사람 - 횡단중,안전운전불이행,습기,비,교차로 - 교차로부근,승합,남,54세,상해없음,보행자,남,58세,중상
2014060400100635,2014년 6월 4일 23시,수요일,부산광역시 부산진구 전포동,경상사고,0,0,1,0,차대사람 - 기타,안전운전불이행,습기,비,단일로 - 기타,승용,남,29세,상해없음,보행자,여,15세,경상
2014060400100636,2014년 6월 4일 23시,수요일,부산광역시 금정구 구서동,중상사고,0,1,0,0,차대차 - 측면직각충돌,안전거리미확보,습기,비,단일로 - 기타,화물,남,55세,상해없음,승용,남,55세,중상
2014060400100637,2014년 6월 4일 23시,수요일,부산광역시 연제구 연산동,중상사고,0,1,0,0,차대차 - 기타,안전운전불이행,습기,비,단일로 - 기타,승용,남,60세,기타불명,원동기,남,47세,기타불명
2014060400100638,2014년 6월 4일 23시,수요일,부산광역시 연제구 연산동,경상사고,0,0,1,0,차대차 - 측면직각충돌,신호위반,건조,맑음,교차로 - 교차로안,승용,남,57세,상해없음,승용,남,58세,상해없음
2014060500100043,2014년 6월 5일 03시,목요일,부산광역시 수영구 광안동,경상사고,0,0,2,0,차대차 - 추돌 - 주정차중,안전운전불이행,건조,맑음,단일로 - 기타,승용,남,47세,상해없음,승용,남,39세,경상
2014060500100052,2014년 6월 5일 04시,목요일,부산광역시 해운대구 우동,중상사고,0,1,0,0,차대차 - 추돌 - 진행중,안전운전불이행,습기,비,단일로 - 기타,승용,남,29세,상해없음,승용,남,54세,중상
2014060500100065,2014년 6월 5일 05시,목요일,부산광역시 금정구 장전동,경상사고,0,0,1,0,차대차 - 측면직각충돌,신호위반,건조,흐림,교차로 - 교차로안,승용,남,54세,상해없음,승용,여,23세,경상
2014060500100066,2014년 6월 5일 05시,목요일,부산광역시 강서구 명지동,중상사고,0,2,2,0,차대차 - 기타,안전거리미확보,건조,맑음,단일로 - 기타,승용,남,39세,상해없음,승용,남,30세,중상
2014060500100099,2014년 6월 5일 07시,목요일,부산광역시 해운대구 반송동,경상사고,0,0,2,3,차대차 - 측면직각충돌,신호위반,건조,맑음,교차로 - 교차로안,승합,남,46세,경상,승합,남,51세,상해없음
2014060500100117,2014년 6월 5일 08시,목요일,부산광역시 해운대구 반여동,부상신고사고,0,0,0,1,차대차 - 기타,안전운전불이행,습기,비,단일로 - 기타,화물,남,37세,상해없음,승용,남,23세,상해없음
2014060500100118,2014년 6월 5일 08시,목요일,부산광역시 해운대구 좌동,경상사고,0,0,1,0,차대차 - 측면직각충돌,교차로운행방법위반,건조,맑음,교차로 - 교차로안,승합,남,28세,상해없음,승용,남,47세,경상
2014060500100147,2014년 6월 5일 09시,목요일,부산광역시 남구 대연동,중상사고,0,2,0,0,차대사람 - 차도통행중,안전운전불이행,건조,맑음,단일로 - 기타,승용,남,60세,상해없음,보행자,남,37세,중상
2014060500100148,2014년 6월 5일 09시,목요일,부산광역시 강서구 대저1동,경상사고,0,0,1,0,차대차 - 측면직각충돌,안전운전불이행,습기,비,단일로 - 기타,승용,남,36세,경상,특수,남,64세,상해없음
2014060500100177,2014년 6월 5일 10시,목요일,부산광역시 남구 문현동,경상사고,0,0,3,0,차대차 - 추돌 - 진행중,안전운전불이행,습기,비,단일로 - 기타,화물,남,57세,상해없음,승용,남,63세,경상
2014060500100178,2014년 6월 5일 10시,목요일,부산광역시 금정구 부곡동,경상사고,0,0,1,0,차대차 - 측면직각충돌,기타,건조,맑음,교차로 - 교차로안,화물,남,59세,상해없음,승용,여,39세,경상
2014060500100303,2014년 6월 5일 14시,목요일,부산광역시 중구 남포동1가,경상사고,0,0,1,0,차대차 - 추돌 - 주정차중,안전운전불이행,건조,흐림,교차로 - 교차로부근,승용,남,47세,상해없음,승용,여,29세,경상
2014060500100304,2014년 6월 5일 14시,목요일,부산광역시 서구 충무동1가,중상사고,0,1,0,0,차량단독 - 기타,안전운전불이행,건조,맑음,단일로 - 기타,승합,남,55세,상해없음,,,,
2014060500100305,2014년 6월 5일 14시,목요일,부산광역시 동래구 온천동,중상사고,0,1,0,0,차대사람 - 기타,안전운전불이행,습기,흐림,교차로 - 교차로안,화물,남,57세,상해없음,보행자,여,82세,중상
2014060500100306,2014년 6월 5일 14시,목요일,부산광역시 강서구 동선동,중상사고,0,1,0,0,차대사람 - 기타,안전운전불이행,기타,흐림,기타 - 기타,승용,여,54세,상해없음,보행자,여,45세,중상
2014060500100307,2014년 6월 5일 14시,목요일,부산광역시 사상구 삼락동,중상사고,0,1,0,0,차대차 - 측면직각충돌,안전거리미확보,건조,맑음,단일로 - 기타,화물,남,54세,상해없음,승용,남,65세,상해없음
2014060500100334,2014년 6월 5일 15시,목요일,부산광역시 남구 대연동,중상사고,0,1,0,0,차대사람 - 기타,안전운전불이행,건조,맑음,미분류 - 미분류,특수,남,68세,상해없음,보행자,남,37세,중상
2014060500100335,2014년 6월 5일 15시,목요일,부산광역시 남구 용당동,경상사고,0,0,1,0,차대차 - 기타,안전거리미확보,건조,맑음,단일로 - 기타,특수,남,44세,상해없음,승용,남,45세,경상
2014060500100363,2014년 6월 5일 16시,목요일,부산광역시 해운대구 송정동,중상사고,0,1,2,1,차대차 - 정면충돌,신호위반,건조,맑음,교차로 - 교차로안,승용,여,48세,부상신고,승용,여,49세,경상
2014060500100364,2014년 6월 5일 16시,목요일,부산광역시 부산진구 전포동,경상사고,0,0,1,0,차대차 - 기타,교차로운행방법위반,건조,맑음,교차로 - 교차로안,승용,남,28세,상해없음,승용,남,23세,경상
2014060500100397,2014년 6월 5일 17시,목요일,부산광역시 북구 만덕동,중상사고,0,1,0,0,차대차 - 측면직각충돌,안전거리미확보,건조,맑음,교차로 - 교차로안,승용,남,48세,상해없음,승용,남,18세,중상
2014060500100398,2014년 6월 5일 17시,목요일,부산광역시 사하구 다대동,경상사고,0,0,1,0,차대차 - 추돌 - 주정차중,안전운전불이행,건조,맑음,단일로 - 기타,승용,남,57세,상해없음,승용,여,36세,경상
2014060500100399,2014년 6월 5일 17시,목요일,부산광역시 사상구 감전동,중상사고,0,1,0,0,차대차 - 측면직각충돌,교차로운행방법위반,건조,맑음,교차로 - 교차로안,화물,남,59세,상해없음,원동기,여,48세,중상
2014060500100431,2014년 6월 5일 18시,목요일,부산광역시 해운대구 좌동,부상신고사고,0,0,0,2,차대차 - 추돌 - 주정차중,안전운전불이행,건조,맑음,단일로 - 기타,승용,남,33세,상해없음,승용,여,58세,부상신고
2014060500100432,2014년 6월 5일 18시,목요일,부산광역시 금정구 구서동,중상사고,0,1,1,0,차대차 - 측면직각충돌,직진우회전진행방해,건조,흐림,교차로 - 교차로안,승합,남,40세,상해없음,화물,남,54세,중상
2014060500100457,2014년 6월 5일 19시,목요일,부산광역시 부산진구 양정동,경상사고,0,0,1,0,차대사람 - 기타,안전운전불이행,건조,맑음,단일로 - 기타,승용,여,54세,상해없음,보행자,남,22세,경상
2014060500100458,2014년 6월 5일 19시,목요일,부산광역시 사하구 구평동,중상사고,0,1,0,0,차대차 - 측면직각충돌,안전거리미확보,건조,맑음,단일로 - 기타,화물,남,39세,상해없음,승용,여,46세,중상
2014060500100459,2014년 6월 5일 19시,목요일,부산광역시 연제구 거제동,경상사고,0,0,1,0,차대차 - 추돌 - 진행중,안전운전불이행,건조,맑음,단일로 - 기타,승용,남,55세,상해없음,승용,남,47세,경상
2014060500100460,2014년 6월 5일 19시,목요일,부산광역시 연제구 연산동,중상사고,0,1,0,0,차대사람 - 횡단중,안전운전불이행,건조,맑음,교차로 - 교차로부근,승용,남,29세,상해없음,보행자,남,69세,중상
2014060500100496,2014년 6월 5일 20시,목요일,부산광역시 부산진구 가야동,중상사고,0,1,0,0,차대사람 - 기타,안전운전불이행,건조,맑음,교차로 - 교차로부근,승용,남,41세,상해없음,보행자,남,10세,중상
2014060500100497,2014년 6월 5일 20시,목요일,부산광역시 금정구 남산동,부상신고사고,0,0,0,1,차대차 - 기타,안전운전불이행,건조,맑음,단일로 - 기타,이륜,남,19세,부상신고,승용,남,30세,상해없음
2014060500100609,2014년 6월 5일 23시,목요일,부산광역시 남구 대연동,중상사고,0,1,0,0,차대사람 - 횡단중,신호위반,건조,맑음,단일로 - 횡단보도상,원동기,남,17세,상해없음,보행자,여,21세,중상
2014060500100610,2014년 6월 5일 23시,목요일,부산광역시 부산진구 부전동,중상사고,0,1,0,0,차대사람 - 기타,안전운전불이행,건조,흐림,단일로 - 기타,승용,남,56세,상해없음,보행자,남,35세,중상
2014060600100007,2014년 6월 6일 00시,금요일,부산광역시 서구 암남동,경상사고,0,0,1,0,차대차 - 기타,안전운전불이행,건조,맑음,단일로 - 기타,승용,남,33세,상해없음,승용,여,53세,경상
2014060600100021,2014년 6월 6일 01시,금요일,부산광역시 부산진구 부암동,경상사고,0,0,1,0,차대차 - 기타,안전운전불이행,건조,맑음,단일로 - 기타,이륜,남,20세,상해없음,승용,남,53세,상해없음
2014060600100055,2014년 6월 6일 03시,금요일,부산광역시 수영구 광안동,중상사고,0,1,0,0,차대차 - 측면직각충돌,신호위반,건조,맑음,교차로 - 교차로안,승용,남,53세,상해없음,원동기,남,28세,중상
2014060600100056,2014년 6월 6일 03시,금요일,부산광역시 해운대구 반여동,경상사고,0,0,1,0,차대차 - 기타,안전운전불이행,건조,맑음,교차로 - 교차로부근,승용,남,42세,상해없음,승용,남,64세,경상
2014060600100065,2014년 6월 6일 04시,금요일,부산광역시 연제구 연산동,경상사고,0,0,2,0,차대차 - 측면직각충돌,안전운전불이행,건조,맑음,단일로 - 기타,승용,남,58세,상해없음,승용,남,54세,상해없음
2014060600100124,2014년 6월 6일 08시,금요일,부산광역시 부산진구 양정동,경상사고,0,0,1,0,차대차 - 기타,차로위반,건조,맑음,교차로 - 교차로부근,승용,기타불명,기타불명,기타불명,이륜,남,66세,경상
2014060600100143,2014년 6월 6일 09시,금요일,부산광역시 북구 덕천동,경상사고,0,0,1,0,차대사람 - 횡단중,보행자보호의무위반,건조,맑음,교차로 - 교차로안,승용,남,73세,상해없음,보행자,남,22세,경상
2014060600100144,2014년 6월 6일 09시,금요일,부산광역시 동래구 사직동,경상사고,0,0,1,0,차대차 - 측면직각충돌,교차로운행방법위반,건조,맑음,교차로 - 교차로안,원동기,남,48세,경상,승용,남,44세,상해없음
2014060600100145,2014년 6월 6일 09시,금요일,부산광역시 해운대구 우동,중상사고,0,1,0,0,차대사람 - 길가장자리구역통행중,안전운전불이행,건조,맑음,단일로 - 기타,승용,여,54세,상해없음,보행자,남,45세,중상
2014060600100170,2014년 6월 6일 10시,금요일,부산광역시 중구 중앙동2가,중상사고,0,1,0,0,차대차 - 기타,차로위반,건조,흐림,단일로 - 기타,승합,남,52세,상해없음,이륜,남,50세,중상
2014060600100171,2014년 6월 6일 10시,금요일,부산광역시 동래구 온천동,경상사고,0,0,2,0,차대차 - 기타,안전거리미확보,건조,맑음,교차로 - 교차로부근,승용,남,33세,상해없음,승용,여,46세,경상
2014060600100172,2014년 6월 6일 10시,금요일,부산광역시 사하구 괴정동,중상사고,0,1,0,0,차대사람 - 길가장자리구역통행중,안전운전불이행,건조,맑음,교차로 - 교차로안,승용,남,68세,상해없음,보행자,남,48세,중상
2014060600100198,2014년 6월 6일 11시,금요일,부산광역시 북구 덕천동,중상사고,0,1,1,0,차대차 - 추돌 - 진행중,안전거리미확보,건조,맑음,단일로 - 기타,화물,남,55세,상해없음,승용,남,51세,상해없음
2014060600100199,2014년 6월 6일 11시,금요일,부산광역시 강서구 대저2동,중상사고,0,1,0,0,차대차 - 기타,안전거리미확보,건조,맑음,단일로 - 기타,화물,남,55세,상해없음,자전거,남,55세,중상
2014060600100244,2014년 6월 6일 13시,금요일,부산광역시 남구 대연동,부상신고사고,0,0,0,1,차대차 - 측면직각충돌,안전운전불이행,건조,맑음,교차로 - 교차로안,승용,남,28세,상해없음,승용,남,65세,부상신고
2014060600100245,2014년 6월 6일 13시,금요일,부산광역시 영도구 남항동1가,경상사고,0,0,1,0,차대차 - 기타,안전운전불이행,건조,맑음,단일로 - 기타,승합,남,45세,상해없음,자전거,남,75세,경상
2014060600100246,2014년 6월 6일 13시,금요일,부산광역시 해운대구 우동,경상사고,0,0,1,0,차대차 - 측면직각충돌,안전거리미확보,건조,맑음,단일로 - 기타,화물,남,78세,상해없음,승용,남,57세,경상
2014060600100294,2014년 6월 6일 14시,금요일,부산광역시 북구 만덕동,경상사고,0,0,2,0,차대차 - 추돌 - 진행중,중앙선침범,건조,맑음,단일로 - 기타,승용,남,43세,상해없음,승용,남,51세,경상
2014060600100295,2014년 6월 6일 14시,금요일,부산광역시 해운대구 우동,경상사고,0,0,4,0,차대차 - 추돌 - 주정차중,안전거리미확보,건조,맑음,단일로 - 기타,승용,남,18세,상해없음,승용,남,49세,경상
2014060600100296,2014년 6월 6일 14시,금요일,부산광역시 해운대구 재송동,경상사고,0,0,2,0,차대차 - 추돌 - 진행중,안전운전불이행,건조,맑음,단일로 - 터널,승용,남,45세,상해없음,승용,여,27세,경상
2014060600100297,2014년 6월 6일 14시,금요일,부산광역시 연제구 연산동,경상사고,0,0,1,0,차대차 - 측면직각충돌,교차로운행방법위반,건조,맑음,교차로 - 교차로안,화물,남,44세,상해없음,원동기,남,60세,상해없음
2014060600100326,2014년 6월 6일 15시,금요일,부산광역시 동구 초량동,경상사고,0,0,1,0,차대사람 - 기타,안전운전불이행,건조,맑음,단일로 - 기타,승용,여,34세,상해없음,보행자,여,53세,경상
2014060600100327,2014년 6월 6일 15시,금요일,부산광역시 사상구 주례동,중상사고,0,1,0,0,차대사람 - 횡단중,안전운전불이행,건조,맑음,단일로 - 기타,승용,남,63세,상해없음,보행자,남,7세,중상
2014060600100400,2014년 6월 6일 17시,금요일,부산광역시 영도구 동삼동,중상사고,0,1,2,0,차대차 - 정면충돌,중앙선침범,건조,맑음,단일로 - 기타,승용,여,39세,상해없음,승용,남,61세,중상
2014060600100401,2014년 6월 6일 17시,금요일,부산광역시 사하구 괴정동,경상사고,0,0,1,0,차대사람 - 기타,안전운전불이행,건조,맑음,단일로 - 기타,승용,기타불명,기타불명,기타불명,보행자,여,69세,경상
2014060600100438,2014년 6월 6일 18시,금요일,부산광역시 부산진구 전포동,경상사고,0,0,2,0,차대차 - 추돌 - 주정차중,안전운전불이행,건조,맑음,단일로 - 기타,승용,남,51세,상해없음,승용,남,40세,경상
2014060600100483,2014년 6월 6일 19시,금요일,부산광역시 해운대구 우동,경상사고,0,0,1,0,차대사람 - 기타,신호위반,기타,맑음,단일로 - 횡단보도상,자전거,여,33세,상해없음,보행자,남,7세,경상