사고번호,사고일시,요일,시군구,사고내용,사망자수,중상자수,경상자수,부상신고자수,사고유형,법규위반,노면상태,기상상태,도로형태,가해운전자 차종,가해운전자 성별,가해운전자 연령,가해운전자 상해정도,피해운전자 차종,피해운전자 성별,피해운전자 연령,피해운전자 상해정도
2014060600100511,2014년 6월 6일 20시,금요일,부산광역시 해운대구 재송동,경상사고,0,0,1,0,차대차 - 기타,안전운전불이행,건조,맑음,교차로 - 교차로부근,승합,남,57세,상해없음,승용,남,40세,상해없음
2014060600100543,2014년 6월 6일 21시,금요일,부산광역시 중구 광복동1가,경상사고,0,0,1,0,차대사람 - 횡단중,안전운전불이행,건조,맑음,단일로 - 기타,승용,남,35세,상해없음,보행자,남,31세,경상
2014060600100544,2014년 6월 6일 21시,금요일,부산광역시 수영구 망미동,중상사고,0,2,2,0,차대차 - 기타,신호위반,건조,맑음,교차로 - 교차로안,승용,남,60세,상해없음,승용,남,37세,경상
2014060600100578,2014년 6월 6일 22시,금요일,부산광역시 서구 서대신동1가,경상사고,0,0,1,0,차대차 - 측면직각충돌,신호위반,건조,맑음,단일로 - 기타,승용,여,57세,상해없음,승용,남,55세,경상
2014060600100579,2014년 6월 6일 22시,금요일,부산광역시 금정구 구서동,부상신고사고,0,0,0,1,차대차 - 측면직각충돌,직진우회전진행방해,건조,맑음,교차로 - 교차로안,이륜,여,57세,부상신고,승용,남,22세,상해없음
2014060600100580,2014년 6월 6일 22시,금요일,부산광역시 사하구 하단동,중상사고,0,1,0,0,차대사람 - 횡단중,안전운전불이행,건조,맑음,단일로 - 기타,승용,남,62세,상해없음,보행자,여,60세,중상
2014060700100032,2014년 6월 7일 02시,토요일,부산광역시 중구 남포동6가,경상사고,0,0,1,0,차대차 - 측면직각충돌,안전운전불이행,건조,흐림,교차로 - 교차로부근,이륜,남,24세,경상,승합,남,41세,상해없음
2014060700100033,2014년 6월 7일 02시,토요일,부산광역시 수영구 민락동,경상사고,0,0,1,0,차대사람 - 횡단중,보행자보호의무위반,건조,맑음,단일로 - 기타,승용,여,26세,상해없음,보행자,남,27세,경상
2014060700100051,2014년 6월 7일 04시,토요일,부산광역시 동래구 안락동,경상사고,0,0,1,0,차대차 - 측면직각충돌,교차로운행방법위반,건조,맑음,교차로 - 교차로안,화물,여,57세,상해없음,승용,남,59세,경상
2014060700100069,2014년 6월 7일 05시,토요일,부산광역시 연제구 거제동,중상사고,0,1,0,0,차대차 - 기타,안전운전불이행,건조,맑음,단일로 - 기타,승용,남,32세,상해없음,승용,남,61세,상해없음
2014060700100079,2014년 6월 7일 06시,토요일,부산광역시 연제구 거제동,부상신고사고,0,0,0,1,차대차 - 기타,신호위반,건조,맑음,단일로 - 기타,원동기,남,59세,부상신고,승용,남,58세,상해없음
2014060700100095,2014년 6월 7일 07시,토요일,부산광역시 강서구 송정동,중상사고,0,1,0,1,차대차 - 추돌 - 진행중,안전운전불이행,건조,맑음,단일로 - 기타,승용,남,50세,상해없음,승용,남,29세,중상
2014060700100137,2014년 6월 7일 09시,토요일,부산광역시 해운대구 반여동,부상신고사고,0,0,0,1,차대사람 - 기타,안전운전불이행,건조,맑음,단일로 - 기타,이륜,남,26세,상해없음,보행자,여,56세,부상신고
2014060700100189,2014년 6월 7일 11시,토요일,부산광역시 동래구 사직동,중상사고,0,1,4,0,차대차 - 추돌 - 주정차중,안전거리미확보,건조,맑음,단일로 - 기타,승용,여,46세,상해없음,승용,남,54세,경상
2014060700100226,2014년 6월 7일 12시,토요일,부산광역시 중구 부평동1가,경상사고,0,0,1,0,차대차 - 측면직각충돌,중앙선침범,건조,맑음,단일로 - 횡단보도부근,승용,남,58세,상해없음,이륜,남,32세,경상
2014060700100227,2014년 6월 7일 12시,토요일,부산광역시 북구 만덕동,경상사고,0,0,2,0,차대차 - 측면직각충돌,차로위반,건조,맑음,교차로 - 교차로부근,화물,남,42세,상해없음,승용,남,33세,상해없음
2014060700100228,2014년 6월 7일 12시,토요일,부산광역시 부산진구 개금동,경상사고,0,0,2,0,차대차 - 기타,안전운전불이행,건조,맑음,단일로 - 기타,화물,남,54세,상해없음,승용,여,45세,경상
2014060700100229,2014년 6월 7일 12시,토요일,부산광역시 사상구 감전동,경상사고,0,0,1,0,차대차 - 추돌 - 진행중,안전운전불이행,건조,맑음,교차로 - 교차로부근,화물,남,49세,상해없음,승용,여,33세,경상
2014060700100264,2014년 6월 7일 13시,토요일,부산광역시 동구 초량동,중상사고,0,1,0,0,차량단독 - 기타,기타,건조,맑음,단일로 - 기타,승합,남,48세,상해없음,,,,
2014060700100265,2014년 6월 7일 13시,토요일,부산광역시 사하구 괴정동,경상사고,0,0,1,0,차대차 - 기타,중앙선침범,건조,맑음,단일로 - 기타,승용,남,25세,상해없음,승용,여,38세,상해없음
2014060700100266,2014년 6월 7일 13시,토요일,부산광역시 연제구 거제동,경상사고,0,0,1,0,차대차 - 추돌 - 진행중,안전운전불이행,건조,맑음,단일로 - 기타,화물,남,56세,상해없음,승용,여,57세,경상
2014060700100296,2014년 6월 7일 14시,토요일,부산광역시 서구 충무동1가,경상사고,0,0,1,0,차대차 - 추돌 - 주정차중,안전거리미확보,건조,맑음,교차로 - 교차로부근,승용,남,56세,상해없음,이륜,남,49세,경상
2014060700100297,2014년 6월 7일 14시,토요일,부산광역시 기장군 철마면,중상사고,0,1,0,0,차대차 - 기타,안전운전불이행,건조,맑음,단일로 - 기타,건설기계,남,56세,상해없음,승용,여,27세,상해없음
2014060700100342,2014년 6월 7일 15시,토요일,부산광역시 수영구 광안동,경상사고,0,0,4,0,차대차 - 측면직각충돌,안전거리미확보,건조,맑음,단일로 - 기타,승용,남,46세,상해없음,승용,여,26세,경상
2014060700100387,2014년 6월 7일 16시,토요일,부산광역시 동구 초량동,중상사고,0,1,0,0,차량단독 - 기타,안전운전불이행,건조,맑음,기타 - 기타,원동기,남,43세,중상,,,,
2014060700100388,2014년 6월 7일 16시,토요일,부산광역시 강서구 성북동,경상사고,0,0,4,0,차대차 - 기타,안전운전불이행,건조,맑음,기타 - 기타,승용,남,39세,상해없음,승용,남,40세,경상
2014060700100423,2014년 6월 7일 17시,토요일,부산광역시 동구 좌천동,중상사고,0,1,0,0,차대차 - 기타,교차로운행방법위반,건조,맑음,교차로 - 교차로부근,승용,남,40세,상해없음,자전거,남,24세,중상
2014060700100424,2014년 6월 7일 17시,토요일,부산광역시 동구 초량동,중상사고,0,1,0,0,차대차 - 기타,중앙선침범,건조,맑음,단일로 - 기타,원동기,남,40세,중상,승용,남,50세,상해없음
2014060700100425,2014년 6월 7일 17시,토요일,부산광역시 사하구 감천동,경상사고,0,0,1,0,차대차 - 측면직각충돌,안전운전불이행,건조,맑음,단일로 - 기타,승용,남,63세,상해없음,승합,남,55세,경상
2014060700100426,2014년 6월 7일 17시,토요일,부산광역시 기장군 철마면,경상사고,0,0,4,2,차대차 - 추돌 - 진행중,안전거리미확보,건조,맑음,단일로 - 기타,승용,여,41세,부상신고,승용,여,34세,경상
2014060700100472,2014년 6월 7일 18시,토요일,부산광역시 서구 토성동3가,경상사고,0,0,1,0,차대차 - 측면직각충돌,안전거리미확보,건조,맑음,단일로 - 기타,승용,여,20세,상해없음,승합,남,38세,상해없음
2014060700100495,2014년 6월 7일 19시,토요일,부산광역시 수영구 남천동,경상사고,0,0,1,0,차대사람 - 기타,기타,건조,맑음,단일로 - 기타,승합,남,57세,상해없음,보행자,남,55세,경상
2014060700100496,2014년 6월 7일 19시,토요일,부산광역시 북구 만덕동,중상사고,0,1,0,0,차량단독 - 기타,안전운전불이행,건조,맑음,단일로 - 기타,승합,남,55세,상해없음,,,,
2014060700100497,2014년 6월 7일 19시,토요일,부산광역시 부산진구 부전동,경상사고,0,0,1,0,차대사람 - 차도통행중,안전운전불이행,건조,흐림,단일로 - 기타,승용,남,40세,상해없음,보행자,남,58세,경상
2014060700100498,2014년 6월 7일 19시,토요일,부산광역시 기장군 정관면,경상사고,0,0,1,0,차대사람 - 횡단중,보행자보호의무위반,건조,맑음,단일로 - 횡단보도상,승용,남,49세,상해없음,보행자,여,5세,경상
2014060700100529,2014년 6월 7일 20시,토요일,부산광역시 서구 토성동3가,경상사고,0,0,1,0,차대차 - 기타,교차로운행방법위반,기타,기타,교차로 - 교차로안,승용,남,31세,상해없음,승용,남,54세,경상
2014060700100530,2014년 6월 7일 20시,토요일,부산광역시 북구 구포동,경상사고,0,0,1,0,차대차 - 추돌 - 진행중,안전운전불이행,건조,맑음,교차로 - 교차로부근,승용,남,48세,상해없음,승용,남,32세,경상
2014060700100531,2014년 6월 7일 20시,토요일,부산광역시 영도구 남항동1가,경상사고,0,0,1,0,차대사람 - 횡단중,안전운전불이행,건조,맑음,기타 - 기타,승용,남,47세,상해없음,보행자,남,4세,경상
2014060700100566,2014년 6월 7일 21시,토요일,부산광역시 동구 범일동,중상사고,0,1,0,0,차대사람 - 기타,안전운전불이행,건조,맑음,교차로 - 교차로부근,자전거,남,33세,상해없음,보행자,여,69세,중상
2014060700100567,2014년 6월 7일 21시,토요일,부산광역시 사상구 괘법동,중상사고,0,1,0,0,차대사람 - 기타,안전운전불이행,건조,맑음,단일로 - 기타,승용,남,59세,상해없음,보행자,여,50세,중상
2014060700100595,2014년 6월 7일 22시,토요일,부산광역시 동래구 온천동,경상사고,0,0,3,0,차대차 - 추돌 - 주정차중,안전운전불이행,건조,맑음,단일로 - 기타,승용,남,42세,상해없음,승용,남,22세,기타불명
2014060700100596,2014년 6월 7일 22시,토요일,부산광역시 부산진구 부전동,경상사고,0,0,3,0,차대차 - 측면직각충돌,중앙선침범,건조,맑음,단일로 - 기타,승용,남,39세,상해없음,승용,남,32세,경상
2014060700100597,2014년 6월 7일 22시,토요일,부산광역시 금정구 서동,경상사고,0,0,1,0,차대차 - 측면직각충돌,중앙선침범,건조,맑음,단일로 - 기타,이륜,남,16세,경상,승용,남,28세,상해없음
2014060700100598,2014년 6월 7일 22시,토요일,부산광역시 금정구 장전동,경상사고,0,0,1,0,차대차 - 측면직각충돌,안전운전불이행,건조,맑음,교차로 - 교차로안,이륜,남,24세,경상,승용,남,59세,상해없음
2014060700100599,2014년 6월 7일 22시,토요일,부산광역시 사상구 감전동,중상사고,0,1,2,0,차대차 - 측면직각충돌,신호위반,건조,맑음,단일로 - 기타,승용,여,50세,경상,승용,남,24세,중상
2014060700100632,2014년 6월 7일 23시,토요일,부산광역시 동구 좌천동,경상사고,0,0,1,0,차량단독 - 기타,안전운전불이행,건조,맑음,단일로 - 기타,승용,남,61세,상해없음,,,,
2014060700100633,2014년 6월 7일 23시,토요일,부산광역시 동래구 명장동,중상사고,0,1,0,0,차대차 - 측면직각충돌,직진우회전진행방해,건조,맑음,교차로 - 교차로안,승용,남,61세,상해없음,이륜,남,17세,중상
2014060700100634,2014년 6월 7일 23시,토요일,부산광역시 부산진구 양정동,경상사고,0,0,4,0,차대차 - 추돌 - 주정차중,안전운전불이행,건조,맑음,단일로 - 기타,승용,남,43세,상해없음,승용,남,21세,경상
2014060700100635,2014년 6월 7일 23시,토요일,부산광역시 사하구 다대동,경상사고,0,0,1,0,차대차 - 측면직각충돌,안전운전불이행,건조,맑음,단일로 - 기타,승용,남,49세,상해없음,승합,남,45세,경상
2014060700100636,2014년 6월 7일 23시,토요일,부산광역시 사하구 구평동,중상사고,0,1,0,0,차대차 - 측면직각충돌,신호위반,건조,맑음,교차로 - 교차로안,특수,남,56세,상해없음,승용,남,50세,중상
2014060700100637,2014년 6월 7일 23시,토요일,부산광역시 강서구 송정동,경상사고,0,0,1,0,차대차 - 측면직각충돌,안전거리미확보,건조,맑음,단일로 - 기타,화물,남,28세,상해없음,승용,남,39세,경상
2014060800100006,2014년 6월 8일 00시,일요일,부산광역시 북구 구포동,경상사고,0,0,3,0,차대차 - 추돌 - 진행중,신호위반,건조,맑음,단일로 - 기타,승용,남,22세,상해없음,승용,남,29세,상해없음
2014060800100007,2014년 6월 8일 00시,일요일,부산광역시 부산진구 전포동,경상사고,0,0,2,0,차대차 - 추돌 - 주정차중,안전거리미확보,건조,맑음,단일로 - 기타,승용,여,42세,상해없음,승용,남,50세,경상
2014060800100024,2014년 6월 8일 01시,일요일,부산광역시 남구 용호동,경상사고,0,0,1,0,차량단독 - 기타,안전운전불이행,건조,맑음,단일로 - 기타,원동기,남,21세,경상,,,,
2014060800100053,2014년 6월 8일 03시,일요일,부산광역시 북구 구포동,경상사고,0,0,2,0,차대차 - 추돌 - 진행중,안전운전불이행,건조,맑음,교차로 - 교차로부근,승용,남,31세,상해없음,승용,남,25세,경상
2014060800100105,2014년 6월 8일 08시,일요일,부산광역시 해운대구 재송동,중상사고,0,1,1,1,차대차 - 측면직각충돌,과속,건조,맑음,단일로 - 기타,승용,남,41세,중상,승용,남,53세,부상신고
2014060800100117,2014년 6월 8일 09시,일요일,부산광역시 사상구 학장동,경상사고,0,0,2,0,차대차 - 기타,안전거리미확보,건조,맑음,단일로 - 기타,화물,남,48세,상해없음,승용,여,62세,경상
2014060800100155,2014년 6월 8일 11시,일요일,부산광역시 금정구 장전동,경상사고,0,0,1,0,차대사람 - 횡단중,보행자보호의무위반,건조,흐림,교차로 - 교차로안,승용,남,71세,상해없음,보행자,여,46세,경상
2014060800100174,2014년 6월 8일 12시,일요일,부산광역시 부산진구 가야동,경상사고,0,0,3,0,차대차 - 측면직각충돌,안전거리미확보,건조,맑음,단일로 - 기타,화물,남,62세,상해없음,승용,남,69세,경상
2014060800100175,2014년 6월 8일 12시,일요일,부산광역시 연제구 연산동,중상사고,0,1,0,0,차대차 - 측면직각충돌,기타,건조,맑음,단일로 - 기타,승용,남,48세,상해없음,자전거,여,53세,중상
2014060800100176,2014년 6월 8일 12시,일요일,부산광역시 부산진구 가야동,경상사고,0,0,5,0,차대차 - 기타,안전거리미확보,건조,맑음,미분류 - 미분류,승용,여,49세,상해없음,승용,남,36세,경상
2014060800100199,2014년 6월 8일 13시,일요일,부산광역시 수영구 광안동,경상사고,0,0,1,0,차대사람 - 기타,안전운전불이행,건조,맑음,단일로 - 기타,승합,남,42세,상해없음,보행자,여,18세,경상
2014060800100200,2014년 6월 8일 13시,일요일,부산광역시 해운대구 우동,경상사고,0,0,1,0,차대사람 - 횡단중,보행자보호의무위반,건조,맑음,단일로 - 기타,승용,남,44세,상해없음,보행자,여,59세,경상
2014060800100246,2014년 6월 8일 15시,일요일,부산광역시 금정구 장전동,경상사고,0,0,5,0,차대차 - 정면충돌,안전운전불이행,건조,맑음,단일로 - 기타,승용,여,31세,경상,승용,남,57세,경상
2014060800100247,2014년 6월 8일 15시,일요일,부산광역시 사상구 학장동,중상사고,0,1,1,0,차대차 - 정면충돌,중앙선침범,건조,맑음,단일로 - 기타,승용,남,30세,상해없음,이륜,남,22세,중상
2014060800100280,2014년 6월 8일 16시,일요일,부산광역시 남구 우암동,중상사고,0,1,0,0,차량단독 - 기타,안전운전불이행,건조,맑음,기타 - 기타,승용,남,64세,중상,,,,
2014060800100281,2014년 6월 8일 16시,일요일,부산광역시 북구 덕천동,경상사고,0,0,1,0,차대사람 - 기타,안전운전불이행,건조,맑음,단일로 - 기타,승용,남,57세,상해없음,보행자,남,47세,경상
2014060800100308,2014년 6월 8일 17시,일요일,부산광역시 북구 덕천동,경상사고,0,0,1,0,차대사람 - 길가장자리구역통행중,안전운전불이행,건조,맑음,단일로 - 기타,승용,기타불명,기타불명,기타불명,보행자,여,30세,경상
2014060800100309,2014년 6월 8일 17시,일요일,부산광역시 부산진구 범전동,경상사고,0,0,5,0,차대차 - 추돌 - 진행중,안전거리미확보,건조,맑음,단일로 - 기타,승용,남,28세,상해없음,승용,남,56세,경상
2014060800100310,2014년 6월 8일 17시,일요일,부산광역시 부산진구 초읍동,부상신고사고,0,0,0,2,차대차 - 기타,안전운전불이행,건조,맑음,단일로 - 기타,승용,여,62세,상해없음,이륜,남,17세,부상신고
2014060800100365,2014년 6월 8일 19시,일요일,부산광역시 해운대구 반여동,경상사고,0,0,1,0,차대차 - 측면직각충돌,안전운전불이행,건조,맑음,교차로 - 교차로안,화물,남,48세,상해없음,승용,여,47세,경상
2014060800100397,2014년 6월 8일 20시,일요일,부산광역시 부산진구 양정동,중상사고,0,1,1,0,차대차 - 기타,중앙선침범,건조,맑음,단일로 - 기타,승용,남,18세,상해없음,승용,남,45세,중상
2014060800100398,2014년 6월 8일 20시,일요일,부산광역시 수영구 수영동,경상사고,0,0,1,0,차대차 - 추돌 - 진행중,안전운전불이행,건조,맑음,단일로 - 기타,자전거,남,58세,경상,승용,남,53세,상해없음
2014060800100425,2014년 6월 8일 21시,일요일,부산광역시 해운대구 반여동,중상사고,0,2,0,0,차대차 - 측면직각충돌,신호위반,건조,맑음,교차로 - 교차로안,이륜,남,63세,기타불명,이륜,남,21세,중상
2014060800100446,2014년 6월 8일 22시,일요일,부산광역시 사하구 장림동,경상사고,0,0,1,0,차대차 - 정면충돌,안전운전불이행,건조,맑음,교차로 - 교차로안,승용,남,49세,상해없음,승용,남,33세,경상
2014060900100022,2014년 6월 9일 02시,월요일,부산광역시 사하구 하단동,중상사고,0,1,3,0,차대차 - 추돌 - 주정차중,안전운전불이행,건조,맑음,교차로 - 교차로부근,승용,남,45세,상해없음,승용,남,50세,중상
2014060900100029,2014년 6월 9일 03시,월요일,부산광역시 서구 충무동2가,중상사고,0,1,1,0,차대차 - 측면직각충돌,신호위반,건조,맑음,교차로 - 교차로안,승용,남,58세,상해없음,이륜,남,16세,중상
2014060900100034,2014년 6월 9일 05시,월요일,부산광역시 해운대구 좌동,중상사고,0,1,0,0,차량단독 - 기타,안전운전불이행,건조,맑음,단일로 - 기타,원동기,남,25세,기타불명,,,,
2014060900100044,2014년 6월 9일 06시,월요일,부산광역시 동래구 안락동,부상신고사고,0,0,0,1,차대차 - 기타,교차로운행방법위반,건조,맑음,교차로 - 교차로안,자전거,남,61세,상해없음,자전거,남,60세,부상신고
2014060900100066,2014년 6월 9일 07시,월요일,부산광역시 수영구 망미동,경상사고,0,0,1,0,차대차 - 추돌 - 진행중,안전운전불이행,건조,맑음,단일로 - 기타,승용,남,32세,상해없음,승용,여,38세,경상
2014060900100067,2014년 6월 9일 07시,월요일,부산광역시 사상구 모라동,중상사고,0,1,0,0,차대사람 - 기타,안전운전불이행,건조,맑음,단일로 - 기타,승용,남,48세,상해없음,보행자,여,50세,중상
2014060900100092,2014년 6월 9일 08시,월요일,부산광역시 서구 토성동3가,경상사고,0,0,1,0,차대차 - 측면직각충돌,안전거리미확보,건조,맑음,교차로 - 교차로부근,승용,남,76세,상해없음,승용,남,56세,경상
2014060900100127,2014년 6월 9일 09시,월요일,부산광역시 중구 남포동6가,경상사고,0,0,2,1,차대차 - 측면직각충돌,신호위반,건조,맑음,교차로 - 교차로안,승용,여,41세,경상,승용,남,55세,경상
2014060900100128,2014년 6월 9일 09시,월요일,부산광역시 동래구 사직동,경상사고,0,0,1,0,차대차 - 추돌 - 주정차중,안전운전불이행,건조,맑음,교차로 - 교차로부근,승용,남,52세,기타불명,승용,여,43세,경상
2014060900100129,2014년 6월 9일 09시,월요일,부산광역시 기장군 기장읍,경상사고,0,0,2,0,차대차 - 추돌 - 주정차중,안전운전불이행,건조,맑음,교차로 - 교차로부근,화물,남,45세,상해없음,승용,여,42세,경상
2014060900100160,2014년 6월 9일 10시,월요일,부산광역시 중구 신창동1가,중상사고,0,1,0,0,차대사람 - 차도통행중,중앙선침범,건조,맑음,단일로 - 기타,승용,남,24세,상해없음,보행자,남,78세,중상
2014060900100161,2014년 6월 9일 10시,월요일,부산광역시 사상구 엄궁동,중상사고,0,1,0,0,차대사람 - 기타,안전운전불이행,건조,맑음,기타 - 기타,건설기계,남,59세,상해없음,보행자,남,66세,중상
2014060900100184,2014년 6월 9일 11시,월요일,부산광역시 남구 대연동,중상사고,0,1,0,0,차대사람 - 기타,교차로운행방법위반,건조,맑음,교차로 - 교차로안,승합,남,68세,상해없음,보행자,남,70세,중상
2014060900100210,2014년 6월 9일 12시,월요일,부산광역시 남구 용당동,경상사고,0,0,1,0,차대사람 - 기타,안전운전불이행,건조,맑음,단일로 - 기타,원동기,남,56세,상해없음,보행자,여,18세,경상
2014060900100260,2014년 6월 9일 14시,월요일,부산광역시 중구 부평동1가,경상사고,0,0,1,0,차대차 - 측면직각충돌,중앙선침범,건조,맑음,단일로 - 기타,이륜,남,21세,경상,이륜,기타불명,기타불명,기타불명
2014060900100261,2014년 6월 9일 14시,월요일,부산광역시 수영구 광안동,중상사고,0,1,0,0,차대차 - 기타,안전운전불이행,건조,맑음,단일로 - 기타,화물,남,62세,상해없음,자전거,남,28세,중상
2014060900100262,2014년 6월 9일 14시,월요일,부산광역시 부산진구 부전동,중상사고,0,1,1,0,차대차 - 정면충돌,신호위반,건조,맑음,교차로 - 교차로안,승용,남,31세,상해없음,승용,남,55세,중상
2014060900100297,2014년 6월 9일 15시,월요일,부산광역시 강서구 명지동,경상사고,0,0,3,0,차대차 - 측면직각충돌,안전운전불이행,건조,맑음,단일로 - 기타,건설기계,남,37세,상해없음,승용,남,37세,경상
2014060900100342,2014년 6월 9일 16시,월요일,부산광역시 동래구 안락동,경상사고,0,0,1,0,차대사람 - 횡단중,안전운전불이행,건조,맑음,단일로 - 기타,원동기,남,46세,상해없음,보행자,남,9세,경상
2014060900100343,2014년 6월 9일 16시,월요일,부산광역시 해운대구 좌동,경상사고,0,0,1,0,차대차 - 기타,안전거리미확보,건조,맑음,단일로 - 기타,승용,남,54세,상해없음,승용,여,25세,경상
2014060900100344,2014년 6월 9일 16시,월요일,부산광역시 금정구 구서동,경상사고,0,0,1,0,차대차 - 기타,교차로운행방법위반,건조,맑음,교차로 - 교차로안,화물,남,57세,상해없음,이륜,남,32세,경상
2014060900100383,2014년 6월 9일 17시,월요일,부산광역시 해운대구 좌동,중상사고,0,1,1,0,차대차 - 측면직각충돌,중앙선침범,건조,맑음,단일로 - 기타,이륜,남,57세,중상,이륜,남,32세,경상
2014060900100384,2014년 6월 9일 17시,월요일,부산광역시 사하구 장림동,경상사고,0,0,1,0,차대차 - 추돌 - 주정차중,안전운전불이행,건조,맑음,단일로 - 기타,승용,남,43세,상해없음,승용,남,55세,경상
2014060900100439,2014년 6월 9일 18시,월요일,부산광역시 북구 덕천동,중상사고,0,1,0,0,차대차 - 기타,안전운전불이행,건조,맑음,단일로 - 횡단보도상,승용,여,53세,상해없음,자전거,남,12세,중상
2014060900100440,2014년 6월 9일 18시,월요일,부산광역시 부산진구 초읍동,중상사고,0,1,0,0,차대사람 - 횡단중,보행자보호의무위반,건조,맑음,단일로 - 횡단보도상,승용,남,61세,상해없음,보행자,여,46세,중상
2014060900100441,2014년 6월 9일 18시,월요일,부산광역시 금정구 금사동,중상사고,0,1,0,0,차대차 - 기타,불법유턴,건조,맑음,단일로 - 횡단보도상,원동기,여,52세,중상,원동기,남,19세,상해없음
2014060900100442,2014년 6월 9일 18시,월요일,부산광역시 사상구 모라동,경상사고,0,0,2,1,차대차 - 측면직각충돌,안전운전불이행,건조,맑음,단일로 - 기타,화물,남,28세,경상,승합,남,56세,부상신고
2014060900100486,2014년 6월 9일 19시,월요일,부산광역시 동구 초량동,경상사고,0,0,1,0,차대차 - 기타,안전운전불이행,건조,맑음,교차로 - 교차로안,승용,남,46세,상해없음,승합,남,45세,경상
2014060900100510,2014년 6월 9일 20시,월요일,부산광역시 부산진구 부암동,중상사고,0,1,0,0,차대사람 - 기타,보행자보호의무위반,기타,맑음,단일로 - 횡단보도상,승용,남,43세,상해없음,보행자,남,58세,중상
2014060900100511,2014년 6월 9일 20시,월요일,부산광역시 사하구 장림동,중상사고,0,1,0,0,차대사람 - 횡단중,중앙선침범,건조,맑음,단일로 - 기타,승용,남,56세,상해없음,보행자,남,34세,중상
2014060900100512,2014년 6월 9일 20시,월요일,부산광역시 강서구 송정동,중상사고,0,1,0,0,차대차 - 기타,신호위반,건조,맑음,교차로 - 교차로안,승용,기타불명,기타불명,기타불명,승용,남,44세,중상
2014060900100612,2014년 6월 9일 23시,월요일,부산광역시 남구 대연동,경상사고,0,0,1,0,차대차 - 추돌 - 진행중,안전운전불이행,건조,맑음,교차로 - 교차로부근,승용,남,56세,상해없음,승용,남,56세,경상
2014060900100613,2014년 6월 9일 23시,월요일,부산광역시 사하구 신평동,사망사고,1,0,0,0,차대사람 - 기타,신호위반,건조,맑음,단일로 - 기타,승용,남,55세,상해없음,보행자,남,32세,사망
2014060900100614,2014년 6월 9일 23시,월요일,부산광역시 사하구 다대동,중상사고,0,1,0,0,차대차 - 기타,안전운전불이행,건조,맑음,단일로 - 기타,승용,남,39세,상해없음,승용,남,53세,기타불명
2014061000100004,2014년 6월 10일 00시,화요일,부산광역시 동구 좌천동,중상사고,0,1,0,0,차대사람 - 횡단중,안전운전불이행,건조,맑음,단일로 - 기타,승용,남,67세,상해없음,보행자,남,52세,중상
2014061000100005,2014년 6월 10일 00시,화요일,부산광역시 동래구 안락동,중상사고,0,1,0,0,차대사람 - 횡단중,안전운전불이행,건조,맑음,단일로 - 기타,승용,남,62세,상해없음,보행자,남,45세,중상
2014061000100021,2014년 6월 10일 01시,화요일,부산광역시 남구 대연동,중상사고,0,1,0,0,차대차 - 측면직각충돌,안전거리미확보,건조,맑음,단일로 - 기타,이륜,남,24세,중상,승용,남,51세,상해없음
2014061000100049,2014년 6월 10일 04시,화요일,부산광역시 동래구 안락동,사망사고,1,0,0,0,차대사람 - 기타,안전운전불이행,건조,맑음,교차로 - 교차로부근,승용,남,64세,상해없음,보행자,남,37세,사망
2014061000100067,2014년 6월 10일 06시,화요일,부산광역시 동래구 안락동,경상사고,0,0,1,0,차대사람 - 횡단중,신호위반,건조,맑음,단일로 - 횡단보도상,승합,남,51세,상해없음,보행자,여,19세,경상
2014061000100068,2014년 6월 10일 06시,화요일,부산광역시 사하구 괴정동,경상사고,0,0,1,0,차대사람 - 횡단중,안전운전불이행,건조,맑음,단일로 - 기타,승용,여,50세,상해없음,보행자,남,62세,경상
2014061000100100,2014년 6월 10일 08시,화요일,부산광역시 서구 동대신동2가,경상사고,0,0,1,0,차대차 - 측면직각충돌,안전운전불이행,건조,맑음,단일로 - 기타,승용,여,46세,상해없음,승용,여,41세,경상
2014061000100101,2014년 6월 10일 08시,화요일,부산광역시 사상구 덕포동,경상사고,0,0,1,0,차대사람 - 기타,안전운전불이행,건조,맑음,단일로 - 기타,승용,남,62세,상해없음,보행자,여,66세,경상
2014061000100102,2014년 6월 10일 08시,화요일,부산광역시 사상구 모라동,경상사고,0,0,1,0,차대차 - 측면직각충돌,직진우회전진행방해,건조,맑음,단일로 - 기타,화물,남,55세,상해없음,승용,남,23세,경상
2014061000100103,2014년 6월 10일 08시,화요일,부산광역시 기장군 철마면,경상사고,0,0,1,0,차대차 - 측면직각충돌,안전거리미확보,건조,맑음,단일로 - 기타,승용,남,62세,상해없음,승용,여,31세,경상
2014061000100170,2014년 6월 10일 10시,화요일,부산광역시 서구 토성동1가,경상사고,0,0,1,0,차대차 - 측면직각충돌,교차로운행방법위반,기타,맑음,교차로 - 교차로안,이륜,남,23세,경상,승용,남,59세,상해없음
2014061000100171,2014년 6월 10일 10시,화요일,부산광역시 부산진구 부암동,중상사고,0,1,0,0,차대사람 - 기타,안전운전불이행,건조,맑음,단일로 - 기타,승용,남,65세,상해없음,보행자,남,62세,중상
2014061000100255,2014년 6월 10일 13시,화요일,부산광역시 중구 대청동4가,중상사고,0,1,0,0,차대사람 - 보도통행중,기타,건조,맑음,단일로 - 기타,화물,남,59세,상해없음,보행자,여,69세,중상
2014061000100256,2014년 6월 10일 13시,화요일,부산광역시 수영구 남천동,경상사고,0,0,2,0,차대차 - 측면직각충돌,교차로운행방법위반,건조,맑음,교차로 - 교차로안,승용,남,52세,경상,승용,남,44세,경상