사고번호,사고일시,요일,시군구,사고내용,사망자수,중상자수,경상자수,부상신고자수,사고유형,법규위반,노면상태,기상상태,도로형태,가해운전자 차종,가해운전자 성별,가해운전자 연령,가해운전자 상해정도,피해운전자 차종,피해운전자 성별,피해운전자 연령,피해운전자 상해정도
2014061000100257,2014년 6월 10일 13시,화요일,부산광역시 부산진구 범천동,경상사고,0,0,1,0,차대차 - 측면직각충돌,안전운전불이행,건조,맑음,단일로 - 기타,건설기계,남,57세,상해없음,승용,여,39세,경상
2014061000100287,2014년 6월 10일 14시,화요일,부산광역시 사상구 감전동,중상사고,0,1,1,0,차대차 - 추돌 - 주정차중,안전운전불이행,건조,맑음,교차로 - 교차로부근,승용,남,48세,상해없음,승용,남,28세,중상
2014061000100323,2014년 6월 10일 15시,화요일,부산광역시 동구 수정동,사망사고,1,1,0,0,차대사람 - 기타,안전운전불이행,건조,맑음,교차로 - 교차로안,화물,여,47세,상해없음,보행자,여,80세,사망
2014061000100393,2014년 6월 10일 17시,화요일,부산광역시 중구 부평동1가,중상사고,0,1,0,0,차대사람 - 횡단중,안전운전불이행,건조,맑음,단일로 - 기타,승용,남,56세,상해없음,보행자,여,69세,중상
2014061000100395,2014년 6월 10일 17시,화요일,부산광역시 사상구 덕포동,중상사고,0,1,3,1,차대차 - 추돌 - 주정차중,안전운전불이행,건조,맑음,단일로 - 기타,승합,남,58세,상해없음,승합,남,55세,부상신고
2014061000100438,2014년 6월 10일 18시,화요일,부산광역시 서구 동대신동2가,부상신고사고,0,0,0,1,차대사람 - 횡단중,보행자보호의무위반,기타,맑음,단일로 - 기타,승용,남,44세,상해없음,보행자,여,51세,부상신고
2014061000100439,2014년 6월 10일 18시,화요일,부산광역시 부산진구 부전동,중상사고,0,1,0,0,차대사람 - 횡단중,중앙선침범,건조,맑음,단일로 - 기타,승합,남,49세,기타불명,보행자,남,77세,중상
2014061000100476,2014년 6월 10일 19시,화요일,부산광역시 금정구 구서동,경상사고,0,0,1,0,차대사람 - 기타,안전운전불이행,건조,맑음,단일로 - 기타,승용,남,52세,상해없음,보행자,여,36세,경상
2014061000100553,2014년 6월 10일 21시,화요일,부산광역시 남구 대연동,중상사고,0,1,0,0,차대차 - 기타,안전운전불이행,건조,맑음,단일로 - 기타,승용,여,45세,상해없음,승용,여,30세,중상
2014061000100554,2014년 6월 10일 21시,화요일,부산광역시 부산진구 부전동,중상사고,0,1,0,0,차대사람 - 기타,보행자보호의무위반,건조,맑음,단일로 - 횡단보도상,승용,여,34세,상해없음,보행자,여,52세,중상
2014061000100555,2014년 6월 10일 21시,화요일,부산광역시 금정구 부곡동,중상사고,0,1,1,1,차대차 - 추돌 - 주정차중,안전운전불이행,건조,맑음,단일로 - 기타,화물,남,53세,상해없음,승용,여,23세,중상
2014061000100607,2014년 6월 10일 22시,화요일,부산광역시 동래구 온천동,경상사고,0,0,1,0,차대차 - 추돌 - 진행중,중앙선침범,건조,맑음,교차로 - 교차로부근,승용,여,54세,상해없음,승용,남,28세,경상
2014061000100608,2014년 6월 10일 22시,화요일,부산광역시 동래구 온천동,경상사고,0,0,1,0,차대차 - 추돌 - 진행중,안전거리미확보,건조,맑음,교차로 - 교차로부근,승용,남,36세,상해없음,승용,남,63세,경상
2014061000100652,2014년 6월 10일 23시,화요일,부산광역시 사하구 괴정동,경상사고,0,0,1,0,차대차 - 기타,안전운전불이행,건조,맑음,단일로 - 기타,승용,남,63세,기타불명,승용,남,29세,경상
2014061000100653,2014년 6월 10일 23시,화요일,부산광역시 기장군 장안읍,부상신고사고,0,0,0,4,차대차 - 추돌 - 주정차중,안전운전불이행,건조,흐림,단일로 - 기타,승용,남,33세,상해없음,화물,남,44세,부상신고
2014061100100006,2014년 6월 11일 00시,수요일,부산광역시 동래구 사직동,중상사고,0,1,0,0,차대차 - 추돌 - 진행중,안전운전불이행,건조,맑음,단일로 - 기타,이륜,남,24세,상해없음,승용,남,67세,상해없음
2014061100100027,2014년 6월 11일 01시,수요일,부산광역시 영도구 대교동2가,경상사고,0,0,2,0,차대차 - 측면직각충돌,신호위반,건조,맑음,교차로 - 교차로안,승용,남,33세,상해없음,승용,남,45세,상해없음
2014061100100109,2014년 6월 11일 07시,수요일,부산광역시 영도구 대교동2가,중상사고,0,1,0,0,차대차 - 측면직각충돌,교차로운행방법위반,건조,맑음,교차로 - 교차로안,승합,남,57세,상해없음,승용,남,53세,상해없음
2014061100100110,2014년 6월 11일 07시,수요일,부산광역시 해운대구 재송동,중상사고,0,1,2,1,차대차 - 측면직각충돌,안전거리미확보,건조,맑음,단일로 - 기타,승용,남,46세,상해없음,승합,남,52세,경상
2014061100100111,2014년 6월 11일 07시,수요일,부산광역시 사상구 모라동,중상사고,0,1,0,0,차대사람 - 기타,안전운전불이행,건조,맑음,교차로 - 교차로부근,화물,남,50세,상해없음,보행자,남,55세,중상
2014061100100204,2014년 6월 11일 10시,수요일,부산광역시 부산진구 가야동,중상사고,0,1,0,0,차대사람 - 기타,보행자보호의무위반,건조,맑음,단일로 - 기타,화물,남,40세,상해없음,보행자,여,52세,중상
2014061100100253,2014년 6월 11일 12시,수요일,부산광역시 해운대구 우동,경상사고,0,0,2,0,차대차 - 기타,안전운전불이행,건조,맑음,단일로 - 기타,화물,남,63세,상해없음,승용,남,46세,경상
2014061100100304,2014년 6월 11일 14시,수요일,부산광역시 동래구 온천동,중상사고,0,1,0,0,차대사람 - 횡단중,신호위반,건조,맑음,단일로 - 기타,승용,여,67세,상해없음,보행자,남,7세,중상
2014061100100305,2014년 6월 11일 14시,수요일,부산광역시 사상구 모라동,경상사고,0,0,1,0,차대사람 - 기타,신호위반,건조,맑음,교차로 - 교차로부근,승용,남,57세,상해없음,보행자,여,8세,경상
2014061100100324,2014년 6월 11일 15시,수요일,부산광역시 동구 수정동,경상사고,0,0,1,0,차대사람 - 길가장자리구역통행중,안전운전불이행,건조,맑음,교차로 - 교차로부근,승용,여,51세,상해없음,보행자,남,61세,경상
2014061100100326,2014년 6월 11일 15시,수요일,부산광역시 사상구 괘법동,부상신고사고,0,0,0,1,차대차 - 기타,교차로운행방법위반,건조,맑음,교차로 - 교차로부근,화물,남,55세,상해없음,원동기,남,53세,부상신고
2014061100100360,2014년 6월 11일 16시,수요일,부산광역시 중구 중앙동5가,중상사고,0,1,0,0,차대차 - 추돌 - 진행중,안전운전불이행,건조,맑음,단일로 - 기타,승용,여,31세,상해없음,승용,남,23세,중상
2014061100100361,2014년 6월 11일 16시,수요일,부산광역시 서구 동대신동1가,경상사고,0,0,1,0,차대사람 - 기타,안전운전불이행,건조,맑음,단일로 - 기타,승용,남,57세,상해없음,보행자,여,75세,경상
2014061100100362,2014년 6월 11일 16시,수요일,부산광역시 영도구 남항동1가,경상사고,0,0,1,0,차대차 - 추돌 - 진행중,안전운전불이행,건조,맑음,단일로 - 기타,승용,여,53세,상해없음,이륜,남,45세,경상
2014061100100434,2014년 6월 11일 18시,수요일,부산광역시 연제구 연산동,경상사고,0,0,1,0,차대차 - 측면직각충돌,안전거리미확보,건조,맑음,단일로 - 기타,승합,남,32세,상해없음,승용,남,49세,경상
2014061100100473,2014년 6월 11일 19시,수요일,부산광역시 동래구 명륜동,중상사고,0,2,0,0,차대차 - 추돌 - 진행중,기타,건조,맑음,단일로 - 기타,승용,남,35세,상해없음,승합,남,62세,상해없음
2014061100100474,2014년 6월 11일 19시,수요일,부산광역시 연제구 연산동,중상사고,0,1,0,0,차대차 - 측면직각충돌,안전거리미확보,건조,맑음,단일로 - 기타,승용,남,49세,상해없음,이륜,남,22세,중상
2014061100100475,2014년 6월 11일 19시,수요일,부산광역시 기장군 기장읍,중상사고,0,1,0,0,차대사람 - 기타,안전운전불이행,건조,맑음,단일로 - 기타,승용,여,33세,상해없음,보행자,남,13세,중상
2014061100100585,2014년 6월 11일 22시,수요일,부산광역시 수영구 민락동,경상사고,0,0,1,0,차대차 - 추돌 - 진행중,안전운전불이행,건조,맑음,단일로 - 횡단보도부근,승용,남,45세,상해없음,승용,여,55세,경상
2014061100100586,2014년 6월 11일 22시,수요일,부산광역시 영도구 동삼동,중상사고,0,1,0,0,차대사람 - 횡단중,보행자보호의무위반,건조,맑음,단일로 - 기타,승용,남,35세,상해없음,보행자,여,17세,중상
2014061100100587,2014년 6월 11일 22시,수요일,부산광역시 사하구 하단동,부상신고사고,0,0,0,2,차대차 - 추돌 - 진행중,안전거리미확보,건조,맑음,단일로 - 기타,승용,남,46세,상해없음,승합,남,44세,부상신고
2014061100100588,2014년 6월 11일 22시,수요일,부산광역시 사하구 다대동,중상사고,0,2,2,0,차대차 - 추돌 - 진행중,안전운전불이행,건조,맑음,교차로 - 교차로부근,승용,남,53세,상해없음,승용,여,25세,중상
2014061100100589,2014년 6월 11일 22시,수요일,부산광역시 연제구 연산동,경상사고,0,0,1,0,차대차 - 측면직각충돌,직진우회전진행방해,건조,맑음,교차로 - 교차로안,승용,남,20세,상해없음,승용,남,68세,상해없음
2014061200100013,2014년 6월 12일 00시,목요일,부산광역시 서구 서대신동2가,중상사고,0,1,0,0,차대사람 - 횡단중,안전운전불이행,기타,기타,단일로 - 기타,승용,남,52세,상해없음,보행자,남,38세,중상
2014061200100032,2014년 6월 12일 01시,목요일,부산광역시 수영구 광안동,중상사고,0,1,0,0,차대차 - 추돌 - 진행중,안전운전불이행,건조,맑음,교차로 - 교차로안,승용,남,44세,상해없음,승용,남,42세,상해없음
2014061200100044,2014년 6월 12일 02시,목요일,부산광역시 서구 토성동3가,중상사고,0,1,0,0,차대사람 - 차도통행중,안전운전불이행,기타,기타,교차로 - 교차로안,승용,남,56세,상해없음,보행자,남,67세,중상
2014061200100045,2014년 6월 12일 02시,목요일,부산광역시 남구 용호동,중상사고,0,1,0,0,차대사람 - 기타,신호위반,건조,맑음,단일로 - 기타,승용,남,36세,상해없음,보행자,남,42세,중상
2014061200100046,2014년 6월 12일 02시,목요일,부산광역시 남구 용호동,경상사고,0,0,2,0,차대차 - 측면직각충돌,신호위반,건조,맑음,교차로 - 교차로안,이륜,남,26세,경상,승용,남,43세,경상
2014061200100047,2014년 6월 12일 02시,목요일,부산광역시 영도구 봉래동4가,경상사고,0,0,2,0,차대차 - 추돌 - 진행중,안전운전불이행,건조,흐림,교차로 - 교차로안,승용,남,56세,상해없음,승용,여,53세,경상
2014061200100056,2014년 6월 12일 03시,목요일,부산광역시 금정구 서동,중상사고,0,1,0,0,차대사람 - 기타,안전운전불이행,건조,맑음,단일로 - 기타,승용,남,43세,상해없음,보행자,남,26세,중상
2014061200100057,2014년 6월 12일 03시,목요일,부산광역시 사상구 감전동,중상사고,0,1,3,2,차대차 - 추돌 - 진행중,안전거리미확보,건조,맑음,단일로 - 기타,승용,여,51세,부상신고,승합,남,62세,부상신고
2014061200100072,2014년 6월 12일 05시,목요일,부산광역시 중구 보수동1가,중상사고,0,1,0,0,차대차 - 기타,안전운전불이행,건조,맑음,단일로 - 기타,승용,남,55세,상해없음,특수,남,40세,중상
2014061200100177,2014년 6월 12일 10시,목요일,부산광역시 동구 범일동,경상사고,0,0,1,0,차대차 - 추돌 - 진행중,안전거리미확보,건조,맑음,단일로 - 교량,화물,남,45세,상해없음,승용,여,54세,경상
2014061200100178,2014년 6월 12일 10시,목요일,부산광역시 서구 서대신동3가,경상사고,0,0,1,0,차대사람 - 길가장자리구역통행중,안전운전불이행,건조,맑음,단일로 - 기타,화물,남,61세,상해없음,보행자,남,19세,경상
2014061200100207,2014년 6월 12일 11시,목요일,부산광역시 강서구 대저1동,중상사고,0,1,0,0,차대차 - 측면직각충돌,신호위반,건조,맑음,단일로 - 기타,승용,남,57세,상해없음,화물,남,36세,중상
2014061200100236,2014년 6월 12일 12시,목요일,부산광역시 해운대구 우동,부상신고사고,0,0,0,1,차대차 - 추돌 - 진행중,안전운전불이행,건조,맑음,단일로 - 기타,승용,여,65세,상해없음,승용,남,56세,부상신고
2014061200100237,2014년 6월 12일 12시,목요일,부산광역시 부산진구 양정동,중상사고,0,1,0,0,차대차 - 측면직각충돌,안전운전불이행,건조,맑음,교차로 - 교차로안,이륜,남,44세,중상,화물,남,49세,상해없음
2014061200100238,2014년 6월 12일 12시,목요일,부산광역시 사상구 감전동,중상사고,0,1,1,0,차대차 - 기타,기타,건조,맑음,단일로 - 기타,화물,남,49세,상해없음,승용,여,57세,중상
2014061200100261,2014년 6월 12일 13시,목요일,부산광역시 해운대구 좌동,중상사고,0,1,0,0,차대사람 - 횡단중,보행자보호의무위반,건조,맑음,단일로 - 횡단보도상,특수,남,42세,상해없음,보행자,남,71세,중상
2014061200100296,2014년 6월 12일 14시,목요일,부산광역시 서구 암남동,경상사고,0,0,1,0,차대사람 - 기타,기타,건조,맑음,기타 - 기타,승합,남,55세,기타불명,보행자,여,80세,경상
2014061200100297,2014년 6월 12일 14시,목요일,부산광역시 북구 만덕동,경상사고,0,0,1,0,차대차 - 기타,안전운전불이행,건조,맑음,단일로 - 기타,이륜,남,17세,경상,화물,남,57세,상해없음
2014061200100298,2014년 6월 12일 14시,목요일,부산광역시 북구 덕천동,경상사고,0,0,2,0,차대차 - 추돌 - 진행중,안전거리미확보,건조,맑음,교차로 - 교차로부근,승용,남,25세,상해없음,승용,여,50세,경상
2014061200100347,2014년 6월 12일 16시,목요일,부산광역시 영도구 남항동1가,경상사고,0,0,1,0,차대사람 - 횡단중,신호위반,습기,비,단일로 - 횡단보도상,승용,여,51세,상해없음,보행자,남,9세,경상
2014061200100348,2014년 6월 12일 16시,목요일,부산광역시 해운대구 좌동,중상사고,0,1,0,0,차대사람 - 보도통행중,기타,건조,맑음,단일로 - 기타,승용,남,68세,상해없음,보행자,남,7세,중상
2014061200100349,2014년 6월 12일 16시,목요일,부산광역시 부산진구 전포동,경상사고,0,0,1,0,차대차 - 추돌 - 진행중,안전운전불이행,습기,비,단일로 - 기타,승용,남,61세,상해없음,승용,남,66세,경상
2014061200100378,2014년 6월 12일 17시,목요일,부산광역시 금정구 부곡동,중상사고,0,1,0,0,차대사람 - 횡단중,안전운전불이행,건조,흐림,교차로 - 교차로부근,승합,남,63세,상해없음,보행자,여,49세,중상
2014061200100379,2014년 6월 12일 17시,목요일,부산광역시 금정구 부곡동,경상사고,0,0,1,0,차대차 - 측면직각충돌,중앙선침범,건조,맑음,단일로 - 기타,승용,남,31세,상해없음,자전거,남,17세,경상
2014061200100380,2014년 6월 12일 17시,목요일,부산광역시 사상구 주례동,중상사고,0,1,0,0,차대차 - 기타,기타,습기,비,단일로 - 기타,화물,남,28세,상해없음,이륜,남,48세,중상
2014061200100438,2014년 6월 12일 18시,목요일,부산광역시 남구 대연동,경상사고,0,0,1,0,차대차 - 기타,신호위반,습기,흐림,교차로 - 교차로안,승용,남,41세,상해없음,이륜,남,29세,경상
2014061200100439,2014년 6월 12일 18시,목요일,부산광역시 해운대구 반여동,경상사고,0,0,1,0,차대사람 - 기타,안전운전불이행,건조,맑음,단일로 - 기타,승용,여,56세,상해없음,보행자,여,54세,경상
2014061200100440,2014년 6월 12일 18시,목요일,부산광역시 해운대구 우동,중상사고,0,1,0,0,차대사람 - 기타,신호위반,습기,비,단일로 - 횡단보도상,승용,남,44세,상해없음,보행자,남,5세,중상
2014061200100520,2014년 6월 12일 20시,목요일,부산광역시 해운대구 좌동,부상신고사고,0,0,0,1,차량단독 - 기타,안전운전불이행,건조,맑음,단일로 - 기타,승합,남,48세,상해없음,,,,
2014061200100583,2014년 6월 12일 22시,목요일,부산광역시 부산진구 초읍동,중상사고,0,1,0,0,차대사람 - 기타,안전운전불이행,건조,맑음,단일로 - 기타,승용,남,70세,상해없음,보행자,남,40세,중상
2014061200100606,2014년 6월 12일 23시,목요일,부산광역시 북구 덕천동,중상사고,0,1,1,0,차대차 - 측면직각충돌,안전거리미확보,건조,맑음,단일로 - 기타,승용,남,47세,기타불명,승용,남,56세,중상
2014061300100012,2014년 6월 13일 00시,금요일,부산광역시 남구 대연동,경상사고,0,0,2,0,차대차 - 측면직각충돌,교차로운행방법위반,건조,맑음,교차로 - 교차로안,승용,남,26세,경상,승용,남,27세,경상
2014061300100036,2014년 6월 13일 02시,금요일,부산광역시 동구 초량동,중상사고,0,1,1,0,차대차 - 기타,안전거리미확보,건조,맑음,단일로 - 기타,이륜,남,17세,기타불명,이륜,남,17세,경상
2014061300100053,2014년 6월 13일 04시,금요일,부산광역시 사하구 괴정동,중상사고,0,1,0,0,차대사람 - 횡단중,안전운전불이행,건조,맑음,단일로 - 횡단보도부근,승용,남,35세,상해없음,보행자,남,75세,중상
2014061300100096,2014년 6월 13일 07시,금요일,부산광역시 남구 대연동,중상사고,0,1,0,0,차대차 - 기타,기타,건조,맑음,단일로 - 기타,승용,남,51세,상해없음,승용,남,34세,중상
2014061300100097,2014년 6월 13일 07시,금요일,부산광역시 연제구 연산동,중상사고,0,1,0,0,차대차 - 추돌 - 진행중,안전거리미확보,건조,맑음,교차로 - 교차로부근,이륜,남,35세,중상,승용,남,36세,상해없음
2014061300100150,2014년 6월 13일 09시,금요일,부산광역시 부산진구 당감동,중상사고,0,3,0,0,차대차 - 기타,안전운전불이행,건조,맑음,단일로 - 기타,승용,남,38세,상해없음,이륜,남,17세,중상
2014061300100151,2014년 6월 13일 09시,금요일,부산광역시 부산진구 당감동,중상사고,0,1,0,0,차대차 - 추돌 - 주정차중,안전거리미확보,건조,맑음,교차로 - 교차로부근,화물,남,45세,상해없음,승용,여,39세,중상
2014061300100152,2014년 6월 13일 09시,금요일,부산광역시 강서구 죽림동,부상신고사고,0,0,0,1,차량단독 - 공작물충돌,안전운전불이행,건조,맑음,교차로 - 교차로부근,화물,남,61세,부상신고,,,,
2014061300100153,2014년 6월 13일 09시,금요일,부산광역시 강서구 명지동,중상사고,0,1,0,0,차대사람 - 횡단중,보행자보호의무위반,건조,맑음,단일로 - 횡단보도상,승용,여,45세,상해없음,보행자,여,34세,중상
2014061300100174,2014년 6월 13일 10시,금요일,부산광역시 서구 서대신동1가,중상사고,0,1,0,0,차대사람 - 차도통행중,안전운전불이행,건조,맑음,단일로 - 기타,승용,남,46세,상해없음,보행자,남,77세,중상
2014061300100203,2014년 6월 13일 11시,금요일,부산광역시 동구 범일동,중상사고,0,1,0,0,차대사람 - 기타,안전운전불이행,건조,맑음,단일로 - 기타,승용,남,53세,상해없음,보행자,여,73세,중상
2014061300100204,2014년 6월 13일 11시,금요일,부산광역시 동래구 수안동,중상사고,0,1,0,0,차대차 - 측면직각충돌,신호위반,건조,맑음,교차로 - 교차로안,승합,남,54세,상해없음,원동기,남,62세,중상
2014061300100205,2014년 6월 13일 11시,금요일,부산광역시 부산진구 양정동,경상사고,0,0,1,0,차대사람 - 기타,안전운전불이행,건조,맑음,단일로 - 기타,승용,남,67세,상해없음,보행자,여,24세,상해없음
2014061300100256,2014년 6월 13일 13시,금요일,부산광역시 강서구 강동동,중상사고,0,1,0,0,차대차 - 측면직각충돌,안전운전불이행,건조,맑음,교차로 - 교차로안,승용,남,59세,상해없음,자전거,남,82세,중상
2014061300100282,2014년 6월 13일 14시,금요일,부산광역시 금정구 구서동,중상사고,0,1,0,0,차대사람 - 횡단중,안전운전불이행,건조,맑음,단일로 - 기타,승용,남,32세,상해없음,보행자,여,71세,중상
2014061300100283,2014년 6월 13일 14시,금요일,부산광역시 사하구 장림동,중상사고,0,1,0,0,차대차 - 측면직각충돌,중앙선침범,건조,맑음,단일로 - 기타,승용,남,48세,상해없음,이륜,남,45세,중상
2014061300100311,2014년 6월 13일 15시,금요일,부산광역시 남구 대연동,중상사고,0,1,0,0,차대사람 - 기타,안전운전불이행,건조,맑음,단일로 - 기타,승용,남,58세,상해없음,보행자,남,32세,중상
2014061300100312,2014년 6월 13일 15시,금요일,부산광역시 해운대구 반송동,중상사고,0,1,0,0,차대사람 - 기타,보행자보호의무위반,건조,기타,단일로 - 기타,승용,남,20세,상해없음,보행자,남,73세,중상
2014061300100313,2014년 6월 13일 15시,금요일,부산광역시 사상구 엄궁동,경상사고,0,0,1,0,차대차 - 기타,안전운전불이행,건조,맑음,교차로 - 교차로안,승합,남,54세,상해없음,승용,남,41세,경상
2014061300100350,2014년 6월 13일 16시,금요일,부산광역시 사하구 장림동,경상사고,0,0,1,0,차대차 - 추돌 - 진행중,안전운전불이행,건조,맑음,단일로 - 기타,화물,남,38세,상해없음,승용,남,59세,경상
2014061300100390,2014년 6월 13일 17시,금요일,부산광역시 동래구 사직동,중상사고,0,1,0,0,차대사람 - 차도통행중,안전운전불이행,건조,맑음,교차로 - 교차로안,승용,남,36세,상해없음,보행자,남,14세,중상
2014061300100391,2014년 6월 13일 17시,금요일,부산광역시 부산진구 당감동,경상사고,0,0,1,0,차대차 - 기타,중앙선침범,건조,맑음,단일로 - 기타,승용,여,43세,상해없음,이륜,남,28세,경상
2014061300100392,2014년 6월 13일 17시,금요일,부산광역시 금정구 장전동,중상사고,0,1,1,0,차대차 - 측면직각충돌,기타,건조,맑음,교차로 - 교차로안,승용,여,37세,상해없음,이륜,남,23세,경상
2014061300100435,2014년 6월 13일 18시,금요일,부산광역시 동구 좌천동,중상사고,0,1,1,0,차대차 - 기타,신호위반,건조,맑음,교차로 - 교차로안,승용,남,62세,상해없음,승용,남,45세,경상
2014061300100436,2014년 6월 13일 18시,금요일,부산광역시 해운대구 우동,중상사고,0,1,0,0,차대차 - 측면직각충돌,중앙선침범,건조,맑음,단일로 - 기타,승용,남,37세,상해없음,이륜,남,17세,중상
2014061300100483,2014년 6월 13일 19시,금요일,부산광역시 해운대구 좌동,경상사고,0,0,1,0,차대사람 - 기타,보행자보호의무위반,건조,맑음,단일로 - 횡단보도상,승용,남,28세,상해없음,보행자,남,11세,경상
2014061300100484,2014년 6월 13일 19시,금요일,부산광역시 사하구 다대동,중상사고,0,1,0,0,차대차 - 측면직각충돌,안전운전불이행,건조,흐림,단일로 - 기타,화물,남,43세,상해없음,자전거,남,44세,중상
2014061300100511,2014년 6월 13일 20시,금요일,부산광역시 남구 문현동,중상사고,0,1,0,0,차대사람 - 횡단중,기타,건조,맑음,교차로 - 교차로부근,승용,여,54세,상해없음,보행자,여,70세,중상
2014061300100512,2014년 6월 13일 20시,금요일,부산광역시 해운대구 우동,경상사고,0,0,1,0,차대차 - 기타,안전운전불이행,건조,맑음,단일로 - 교량,승용,남,43세,상해없음,승용,여,44세,경상
2014061300100548,2014년 6월 13일 21시,금요일,부산광역시 영도구 대교동2가,경상사고,0,0,2,0,차대차 - 추돌 - 진행중,안전운전불이행,건조,맑음,단일로 - 기타,화물,남,61세,상해없음,승용,여,48세,경상
2014061300100550,2014년 6월 13일 21시,금요일,부산광역시 연제구 연산동,경상사고,0,0,1,0,차대차 - 추돌 - 진행중,안전운전불이행,건조,맑음,단일로 - 기타,화물,남,46세,기타불명,승용,남,47세,경상
2014061300100551,2014년 6월 13일 21시,금요일,부산광역시 기장군 기장읍,경상사고,0,0,5,0,차대차 - 추돌 - 주정차중,안전운전불이행,건조,흐림,교차로 - 교차로안,승용,남,56세,상해없음,승용,남,41세,경상
2014061300100582,2014년 6월 13일 22시,금요일,부산광역시 서구 서대신동2가,부상신고사고,0,0,0,2,차대차 - 추돌 - 주정차중,안전거리미확보,건조,맑음,단일로 - 기타,승용,남,46세,상해없음,승용,남,35세,부상신고
2014061300100583,2014년 6월 13일 22시,금요일,부산광역시 남구 대연동,경상사고,0,0,1,0,차대차 - 기타,안전운전불이행,건조,맑음,교차로 - 교차로안,승용,여,34세,기타불명,승합,남,44세,상해없음
2014061400100005,2014년 6월 14일 00시,토요일,부산광역시 중구 남포동1가,경상사고,0,0,1,0,차대사람 - 횡단중,안전운전불이행,건조,흐림,단일로 - 기타,승용,남,25세,상해없음,보행자,남,21세,경상
2014061400100006,2014년 6월 14일 00시,토요일,부산광역시 사하구 괴정동,중상사고,0,1,0,0,차대사람 - 횡단중,안전운전불이행,건조,맑음,단일로 - 기타,승용,남,59세,상해없음,보행자,여,48세,중상
2014061400100037,2014년 6월 14일 01시,토요일,부산광역시 동구 범일동,중상사고,0,1,0,0,차대차 - 측면직각충돌,신호위반,건조,맑음,교차로 - 교차로안,승용,남,64세,상해없음,승용,남,58세,중상
2014061400100038,2014년 6월 14일 01시,토요일,부산광역시 남구 대연동,경상사고,0,0,1,0,차대사람 - 길가장자리구역통행중,안전운전불이행,건조,맑음,교차로 - 교차로부근,승용,기타불명,기타불명,기타불명,보행자,남,25세,경상
2014061400100039,2014년 6월 14일 01시,토요일,부산광역시 남구 문현동,중상사고,0,1,0,0,차대사람 - 기타,안전운전불이행,건조,맑음,단일로 - 기타,승용,남,29세,상해없음,보행자,남,33세,중상
2014061400100084,2014년 6월 14일 03시,토요일,부산광역시 서구 서대신동2가,경상사고,0,0,3,0,차대차 - 추돌 - 주정차중,안전거리미확보,건조,맑음,단일로 - 기타,승용,남,27세,상해없음,승용,남,47세,경상
2014061400100085,2014년 6월 14일 03시,토요일,부산광역시 남구 대연동,중상사고,0,1,0,0,차대차 - 추돌 - 진행중,안전운전불이행,건조,맑음,교차로 - 교차로부근,승용,남,47세,상해없음,원동기,남,22세,중상
2014061400100086,2014년 6월 14일 03시,토요일,부산광역시 금정구 서동,중상사고,0,2,0,0,차대사람 - 횡단중,안전운전불이행,건조,맑음,교차로 - 교차로안,승용,남,51세,상해없음,보행자,남,24세,중상
2014061400100128,2014년 6월 14일 06시,토요일,부산광역시 동구 초량동,중상사고,0,1,2,0,차대차 - 추돌 - 주정차중,안전거리미확보,건조,맑음,교차로 - 교차로부근,승용,남,24세,상해없음,승용,남,59세,중상
2014061400100156,2014년 6월 14일 08시,토요일,부산광역시 해운대구 반여동,경상사고,0,0,1,0,차대차 - 기타,신호위반,건조,맑음,교차로 - 교차로부근,이륜,남,70세,경상,화물,남,49세,상해없음
2014061400100157,2014년 6월 14일 08시,토요일,부산광역시 부산진구 당감동,중상사고,0,1,0,0,차대사람 - 횡단중,안전운전불이행,건조,맑음,단일로 - 횡단보도부근,승용,여,49세,상해없음,보행자,여,71세,중상
2014061400100204,2014년 6월 14일 10시,토요일,부산광역시 서구 서대신동1가,경상사고,0,0,1,0,차대사람 - 횡단중,보행자보호의무위반,건조,맑음,교차로 - 교차로안,승용,남,39세,상해없음,보행자,여,22세,경상
2014061400100205,2014년 6월 14일 10시,토요일,부산광역시 동래구 온천동,경상사고,0,0,1,0,차대차 - 추돌 - 주정차중,안전거리미확보,건조,맑음,단일로 - 기타,승용,남,56세,상해없음,승용,남,33세,경상
2014061400100250,2014년 6월 14일 11시,토요일,부산광역시 부산진구 전포동,중상사고,0,1,0,0,차대사람 - 기타,안전운전불이행,건조,맑음,단일로 - 기타,승용,남,51세,상해없음,보행자,여,74세,중상
2014061400100251,2014년 6월 14일 11시,토요일,부산광역시 금정구 금사동,중상사고,0,1,0,0,차대차 - 측면직각충돌,기타,건조,맑음,교차로 - 교차로안,승용,여,41세,상해없음,승합,남,52세,상해없음
2014061400100252,2014년 6월 14일 11시,토요일,부산광역시 기장군 정관면,경상사고,0,0,1,0,차대차 - 측면직각충돌,안전운전불이행,건조,맑음,교차로 - 교차로안,승합,여,40세,상해없음,승합,여,40세,경상
2014061400100287,2014년 6월 14일 12시,토요일,부산광역시 동구 좌천동,경상사고,0,0,1,0,차대차 - 추돌 - 주정차중,안전운전불이행,건조,맑음,단일로 - 기타,이륜,남,19세,상해없음,승용,남,26세,경상
2014061400100288,2014년 6월 14일 12시,토요일,부산광역시 연제구 거제동,경상사고,0,0,1,0,차대차 - 측면직각충돌,안전운전불이행,건조,맑음,교차로 - 교차로부근,자전거,남,12세,경상,승용,남,57세,상해없음