사고번호,사고일시,요일,시군구,사고내용,사망자수,중상자수,경상자수,부상신고자수,사고유형,법규위반,노면상태,기상상태,도로형태,가해운전자 차종,가해운전자 성별,가해운전자 연령,가해운전자 상해정도,피해운전자 차종,피해운전자 성별,피해운전자 연령,피해운전자 상해정도
2014062100100138,2014년 6월 21일 05시,토요일,부산광역시 사하구 괴정동,중상사고,0,1,0,0,차대차 - 추돌 - 진행중,안전운전불이행,건조,맑음,단일로 - 기타,승용,남,30세,상해없음,승용,남,38세,중상
2014062100100139,2014년 6월 21일 05시,토요일,부산광역시 연제구 거제동,경상사고,0,0,2,0,차대차 - 추돌 - 진행중,교차로운행방법위반,건조,흐림,교차로 - 교차로안,승용,남,52세,상해없음,승용,남,24세,경상
2014062100100140,2014년 6월 21일 05시,토요일,부산광역시 사상구 엄궁동,중상사고,0,1,1,0,차대차 - 측면직각충돌,신호위반,건조,맑음,교차로 - 교차로안,승합,남,65세,경상,승용,남,38세,중상
2014062100100196,2014년 6월 21일 09시,토요일,부산광역시 금정구 구서동,중상사고,0,1,0,0,차대차 - 측면직각충돌,신호위반,건조,맑음,교차로 - 교차로안,승용,남,51세,상해없음,승용,여,51세,중상
2014062100100227,2014년 6월 21일 10시,토요일,부산광역시 금정구 부곡동,경상사고,0,0,2,0,차대차 - 측면직각충돌,교차로운행방법위반,건조,맑음,교차로 - 교차로안,승용,여,62세,상해없음,승용,남,56세,경상
2014062100100287,2014년 6월 21일 12시,토요일,부산광역시 해운대구 반여동,중상사고,0,2,1,0,차대차 - 측면직각충돌,안전거리미확보,건조,맑음,단일로 - 기타,승용,여,55세,상해없음,승용,여,41세,중상
2014062100100288,2014년 6월 21일 12시,토요일,부산광역시 기장군 정관면,중상사고,0,1,0,0,차대차 - 측면직각충돌,교차로운행방법위반,건조,맑음,교차로 - 교차로부근,승용,남,26세,상해없음,이륜,남,24세,중상
2014062100100310,2014년 6월 21일 13시,토요일,부산광역시 동구 수정동,경상사고,0,0,1,0,차대사람 - 기타,안전운전불이행,건조,맑음,교차로 - 교차로부근,화물,남,50세,상해없음,보행자,남,21세,경상
2014062100100311,2014년 6월 21일 13시,토요일,부산광역시 연제구 연산동,중상사고,0,1,1,0,차대차 - 측면직각충돌,기타,건조,맑음,단일로 - 기타,승용,남,67세,상해없음,원동기,남,60세,중상
2014062100100337,2014년 6월 21일 14시,토요일,부산광역시 부산진구 부전동,경상사고,0,0,1,0,차대사람 - 기타,안전운전불이행,습기,비,교차로 - 교차로안,승용,남,54세,상해없음,보행자,남,51세,경상
2014062100100338,2014년 6월 21일 14시,토요일,부산광역시 강서구 명지동,경상사고,0,0,1,2,차대차 - 측면직각충돌,신호위반,건조,흐림,교차로 - 교차로안,승용,남,38세,상해없음,승용,여,45세,경상
2014062100100339,2014년 6월 21일 14시,토요일,부산광역시 기장군 기장읍,경상사고,0,0,2,0,차대차 - 기타,안전운전불이행,건조,맑음,단일로 - 기타,승용,남,47세,상해없음,승용,여,25세,경상
2014062100100377,2014년 6월 21일 15시,토요일,부산광역시 연제구 연산동,경상사고,0,0,1,0,차대차 - 측면직각충돌,직진우회전진행방해,습기,비,교차로 - 교차로부근,승용,남,46세,상해없음,원동기,남,49세,경상
2014062100100401,2014년 6월 21일 16시,토요일,부산광역시 남구 대연동,경상사고,0,0,1,1,차대차 - 기타,안전운전불이행,건조,맑음,단일로 - 기타,승용,남,57세,상해없음,화물,남,31세,경상
2014062100100402,2014년 6월 21일 16시,토요일,부산광역시 동래구 안락동,중상사고,0,1,0,0,차대사람 - 횡단중,안전운전불이행,건조,맑음,단일로 - 기타,승용,여,35세,상해없음,보행자,여,73세,중상
2014062100100403,2014년 6월 21일 16시,토요일,부산광역시 사상구 괘법동,중상사고,0,1,0,0,차대사람 - 기타,안전운전불이행,습기,비,단일로 - 횡단보도상,승합,남,56세,상해없음,보행자,남,43세,중상
2014062100100435,2014년 6월 21일 17시,토요일,부산광역시 남구 대연동,중상사고,0,1,0,0,차대사람 - 기타,기타,건조,맑음,기타 - 기타,자전거,남,31세,상해없음,보행자,여,47세,중상
2014062100100436,2014년 6월 21일 17시,토요일,부산광역시 사하구 다대동,중상사고,0,1,0,0,차대차 - 기타,안전거리미확보,습기,비,단일로 - 기타,승용,여,39세,상해없음,이륜,남,53세,중상
2014062100100437,2014년 6월 21일 17시,토요일,부산광역시 사하구 장림동,중상사고,0,1,0,0,차대사람 - 횡단중,신호위반,습기,흐림,단일로 - 기타,이륜,남,21세,기타불명,보행자,여,58세,중상
2014062100100438,2014년 6월 21일 17시,토요일,부산광역시 기장군 기장읍,중상사고,0,1,0,0,차대차 - 측면직각충돌,안전거리미확보,습기,비,교차로 - 교차로부근,승용,남,67세,상해없음,승용,여,52세,중상
2014062100100479,2014년 6월 21일 18시,토요일,부산광역시 해운대구 우동,경상사고,0,0,1,0,차대차 - 추돌 - 진행중,안전거리미확보,건조,맑음,단일로 - 기타,승용,여,45세,상해없음,승용,여,28세,경상
2014062100100480,2014년 6월 21일 18시,토요일,부산광역시 금정구 금성동,부상신고사고,0,0,0,1,차량단독 - 기타,안전운전불이행,습기,비,기타 - 기타,승용,남,53세,부상신고,,,,
2014062100100481,2014년 6월 21일 18시,토요일,부산광역시 사하구 하단동,중상사고,0,1,0,0,차대차 - 기타,안전운전불이행,건조,흐림,단일로 - 기타,승용,남,39세,기타불명,이륜,남,25세,중상
2014062100100545,2014년 6월 21일 20시,토요일,부산광역시 부산진구 가야동,중상사고,0,1,0,0,차대차 - 측면직각충돌,신호위반,건조,맑음,교차로 - 교차로부근,화물,남,58세,상해없음,이륜,남,16세,중상
2014062100100546,2014년 6월 21일 20시,토요일,부산광역시 금정구 노포동,경상사고,0,0,1,0,차대사람 - 길가장자리구역통행중,안전운전불이행,습기,흐림,단일로 - 기타,승용,기타불명,기타불명,기타불명,보행자,남,56세,경상
2014062100100585,2014년 6월 21일 21시,토요일,부산광역시 남구 용호동,중상사고,0,1,0,0,차대사람 - 횡단중,안전운전불이행,습기,흐림,단일로 - 횡단보도상,승용,여,49세,상해없음,보행자,여,65세,중상
2014062100100586,2014년 6월 21일 21시,토요일,부산광역시 부산진구 가야동,경상사고,0,0,1,0,차대사람 - 기타,기타,건조,맑음,기타 - 기타,승용,남,47세,상해없음,보행자,여,49세,경상
2014062100100587,2014년 6월 21일 21시,토요일,부산광역시 연제구 연산동,경상사고,0,0,2,0,차대차 - 측면직각충돌,교차로운행방법위반,습기,비,교차로 - 교차로안,승용,남,24세,기타불명,승용,남,45세,경상
2014062100100588,2014년 6월 21일 21시,토요일,부산광역시 수영구 수영동,중상사고,0,1,0,0,차대사람 - 기타,안전운전불이행,건조,맑음,단일로 - 기타,승용,남,29세,상해없음,보행자,남,47세,중상
2014062100100636,2014년 6월 21일 22시,토요일,부산광역시 동래구 명장동,경상사고,0,0,1,0,차대차 - 측면직각충돌,안전운전불이행,습기,비,단일로 - 기타,화물,남,33세,상해없음,이륜,남,17세,경상
2014062100100637,2014년 6월 21일 22시,토요일,부산광역시 해운대구 반여동,중상사고,0,1,0,0,차대사람 - 횡단중,보행자보호의무위반,건조,흐림,단일로 - 횡단보도상,승용,여,53세,상해없음,보행자,여,44세,중상
2014062100100638,2014년 6월 21일 22시,토요일,부산광역시 금정구 부곡동,중상사고,0,1,0,0,차대차 - 기타,안전거리미확보,습기,비,단일로 - 기타,승용,남,29세,상해없음,원동기,남,50세,중상
2014062100100639,2014년 6월 21일 22시,토요일,부산광역시 연제구 연산동,중상사고,0,1,0,0,차대차 - 측면직각충돌,기타,건조,맑음,단일로 - 기타,승용,남,47세,상해없음,이륜,남,17세,중상
2014062100100678,2014년 6월 21일 23시,토요일,부산광역시 동구 범일동,중상사고,0,1,0,0,차대차 - 기타,안전거리미확보,건조,맑음,교차로 - 교차로부근,승용,남,44세,상해없음,승용,남,66세,중상
2014062100100679,2014년 6월 21일 23시,토요일,부산광역시 동래구 온천동,중상사고,0,1,0,0,차대차 - 측면직각충돌,안전거리미확보,건조,맑음,단일로 - 기타,이륜,남,17세,중상,승용,남,58세,상해없음
2014062100100680,2014년 6월 21일 23시,토요일,부산광역시 영도구 봉래동5가,경상사고,0,0,3,0,차대차 - 추돌 - 진행중,신호위반,건조,흐림,교차로 - 교차로안,승용,남,65세,상해없음,승용,남,67세,경상
2014062100100681,2014년 6월 21일 23시,토요일,부산광역시 연제구 거제동,경상사고,0,0,2,0,차대차 - 측면직각충돌,안전거리미확보,건조,맑음,단일로 - 기타,승용,남,56세,상해없음,승용,남,50세,경상
2014062200100005,2014년 6월 22일 00시,일요일,부산광역시 사상구 학장동,경상사고,0,0,2,0,차대차 - 기타,안전운전불이행,건조,맑음,기타 - 기타,승용,여,29세,상해없음,승용,남,32세,경상
2014062200100029,2014년 6월 22일 01시,일요일,부산광역시 강서구 강동동,중상사고,0,1,2,0,차대차 - 기타,안전운전불이행,건조,맑음,교차로 - 교차로부근,이륜,남,28세,경상,승용,남,60세,경상
2014062200100076,2014년 6월 22일 04시,일요일,부산광역시 연제구 연산동,중상사고,0,1,0,0,차대차 - 측면직각충돌,신호위반,건조,맑음,교차로 - 교차로안,승용,남,45세,상해없음,승용,남,67세,중상
2014062200100107,2014년 6월 22일 07시,일요일,부산광역시 동구 초량동,중상사고,0,2,0,0,차대차 - 측면직각충돌,안전운전불이행,건조,맑음,교차로 - 교차로안,승용,남,59세,상해없음,승용,남,26세,중상
2014062200100120,2014년 6월 22일 08시,일요일,부산광역시 강서구 명지동,중상사고,0,2,0,0,차대차 - 측면직각충돌,안전운전불이행,건조,맑음,교차로 - 교차로안,승용,여,29세,상해없음,승합,여,58세,중상
2014062200100151,2014년 6월 22일 10시,일요일,부산광역시 동래구 사직동,경상사고,0,0,4,0,차대차 - 추돌 - 주정차중,안전운전불이행,건조,맑음,교차로 - 교차로부근,승용,남,35세,상해없음,승용,남,44세,경상
2014062200100169,2014년 6월 22일 11시,일요일,부산광역시 연제구 연산동,경상사고,0,0,1,0,차대차 - 추돌 - 진행중,안전거리미확보,건조,맑음,단일로 - 기타,승용,남,59세,상해없음,승용,남,29세,경상
2014062200100240,2014년 6월 22일 14시,일요일,부산광역시 수영구 남천동,중상사고,0,1,0,0,차대차 - 정면충돌,중앙선침범,건조,맑음,단일로 - 기타,자전거,남,22세,중상,승용,남,54세,상해없음
2014062200100241,2014년 6월 22일 14시,일요일,부산광역시 해운대구 중동,중상사고,0,2,0,0,차대차 - 기타,안전운전불이행,건조,맑음,단일로 - 기타,승합,남,67세,상해없음,승용,여,42세,기타불명
2014062200100267,2014년 6월 22일 15시,일요일,부산광역시 남구 대연동,경상사고,0,0,1,1,차대차 - 추돌 - 주정차중,안전운전불이행,건조,맑음,교차로 - 교차로부근,승용,남,58세,상해없음,승용,남,46세,경상
2014062200100299,2014년 6월 22일 16시,일요일,부산광역시 사상구 엄궁동,경상사고,0,0,2,1,차대차 - 추돌 - 주정차중,안전운전불이행,건조,맑음,단일로 - 기타,승용,남,36세,부상신고,승용,남,43세,경상
2014062200100335,2014년 6월 22일 17시,일요일,부산광역시 연제구 연산동,중상사고,0,1,0,0,차대차 - 측면직각충돌,신호위반,건조,맑음,교차로 - 교차로부근,승용,남,70세,상해없음,승용,남,64세,중상
2014062200100336,2014년 6월 22일 17시,일요일,부산광역시 연제구 연산동,경상사고,0,0,2,0,차대차 - 추돌 - 주정차중,안전거리미확보,건조,맑음,교차로 - 교차로부근,승용,남,46세,상해없음,승용,여,29세,상해없음
2014062200100369,2014년 6월 22일 18시,일요일,부산광역시 북구 만덕동,부상신고사고,0,0,0,1,차대사람 - 횡단중,안전운전불이행,건조,맑음,단일로 - 기타,이륜,남,28세,상해없음,보행자,남,13세,부상신고
2014062200100398,2014년 6월 22일 19시,일요일,부산광역시 남구 대연동,중상사고,0,2,4,0,차대차 - 측면직각충돌,안전운전불이행,건조,맑음,단일로 - 기타,승용,남,49세,상해없음,승용,여,28세,중상
2014062200100399,2014년 6월 22일 19시,일요일,부산광역시 사상구 괘법동,중상사고,0,1,0,0,차대사람 - 횡단중,교차로운행방법위반,건조,맑음,교차로 - 교차로안,승용,남,58세,상해없음,보행자,남,20세,중상
2014062200100420,2014년 6월 22일 20시,일요일,부산광역시 금정구 장전동,경상사고,0,0,1,0,차대사람 - 횡단중,안전운전불이행,건조,흐림,단일로 - 횡단보도부근,원동기,남,39세,상해없음,보행자,남,7세,경상
2014062200100449,2014년 6월 22일 21시,일요일,부산광역시 강서구 명지동,경상사고,0,0,1,0,차대차 - 기타,불법유턴,건조,맑음,단일로 - 기타,자전거,남,13세,경상,화물,남,43세,상해없음
2014062200100477,2014년 6월 22일 22시,일요일,부산광역시 해운대구 재송동,중상사고,0,2,0,1,차대차 - 측면직각충돌,신호위반,건조,맑음,교차로 - 교차로안,화물,남,26세,상해없음,승용,남,26세,중상
2014062200100478,2014년 6월 22일 22시,일요일,부산광역시 사상구 엄궁동,경상사고,0,0,1,0,차대사람 - 횡단중,안전운전불이행,건조,맑음,단일로 - 기타,이륜,남,16세,상해없음,보행자,남,64세,경상
2014062200100479,2014년 6월 22일 22시,일요일,부산광역시 사상구 주례동,중상사고,0,2,0,0,차량단독 - 기타,기타,건조,맑음,미분류 - 미분류,승용,남,51세,상해없음,,,,
2014062300100004,2014년 6월 23일 00시,월요일,부산광역시 해운대구 우동,경상사고,0,0,1,0,차대차 - 추돌 - 진행중,신호위반,건조,맑음,단일로 - 기타,승용,남,56세,상해없음,자전거,남,17세,경상
2014062300100005,2014년 6월 23일 00시,월요일,부산광역시 부산진구 범천동,경상사고,0,0,2,0,차대차 - 기타,신호위반,건조,맑음,교차로 - 교차로안,승용,남,23세,상해없음,승용,남,53세,경상
2014062300100021,2014년 6월 23일 01시,월요일,부산광역시 연제구 연산동,중상사고,0,1,0,0,차대차 - 정면충돌,신호위반,건조,맑음,교차로 - 교차로안,원동기,남,18세,상해없음,원동기,남,24세,중상
2014062300100022,2014년 6월 23일 01시,월요일,부산광역시 사상구 삼락동,중상사고,0,1,1,0,차대차 - 추돌 - 주정차중,안전운전불이행,습기,흐림,교차로 - 교차로부근,화물,남,43세,상해없음,승용,남,57세,중상
2014062300100048,2014년 6월 23일 04시,월요일,부산광역시 동구 좌천동,경상사고,0,0,4,0,차대차 - 기타,안전운전불이행,건조,맑음,단일로 - 기타,승용,여,55세,상해없음,승용,남,62세,상해없음
2014062300100054,2014년 6월 23일 05시,월요일,부산광역시 금정구 금사동,부상신고사고,0,0,0,1,차대차 - 측면직각충돌,직진우회전진행방해,건조,맑음,교차로 - 교차로안,원동기,남,23세,부상신고,승용,남,75세,상해없음
2014062300100066,2014년 6월 23일 06시,월요일,부산광역시 북구 만덕동,경상사고,0,0,2,0,차대차 - 측면직각충돌,중앙선침범,건조,맑음,단일로 - 기타,승용,남,48세,상해없음,화물,남,66세,경상
2014062300100082,2014년 6월 23일 07시,월요일,부산광역시 동래구 온천동,부상신고사고,0,0,0,1,차대차 - 측면직각충돌,불법유턴,건조,맑음,단일로 - 횡단보도상,원동기,남,25세,상해없음,승용,남,44세,부상신고
2014062300100083,2014년 6월 23일 07시,월요일,부산광역시 금정구 구서동,중상사고,0,1,0,0,차대차 - 기타,기타,건조,맑음,단일로 - 기타,승용,남,50세,상해없음,자전거,남,68세,중상
2014062300100108,2014년 6월 23일 08시,월요일,부산광역시 강서구 구랑동,경상사고,0,0,1,0,차대차 - 측면직각충돌,안전거리미확보,건조,맑음,단일로 - 기타,건설기계,남,50세,상해없음,승용,여,60세,경상
2014062300100140,2014년 6월 23일 09시,월요일,부산광역시 북구 금곡동,중상사고,0,1,0,0,차대차 - 기타,안전거리미확보,건조,맑음,단일로 - 기타,자전거,남,65세,중상,승용,남,37세,상해없음
2014062300100141,2014년 6월 23일 09시,월요일,부산광역시 동래구 사직동,중상사고,0,1,0,0,차대차 - 측면직각충돌,중앙선침범,건조,맑음,단일로 - 기타,화물,남,62세,상해없음,승용,남,29세,중상
2014062300100142,2014년 6월 23일 09시,월요일,부산광역시 영도구 대교동1가,중상사고,0,1,0,0,차대차 - 추돌 - 주정차중,안전운전불이행,건조,맑음,교차로 - 교차로부근,승용,남,64세,상해없음,이륜,남,63세,중상
2014062300100143,2014년 6월 23일 09시,월요일,부산광역시 부산진구 양정동,경상사고,0,0,1,0,차대차 - 측면직각충돌,안전운전불이행,건조,맑음,단일로 - 기타,승용,남,63세,상해없음,승용,남,41세,경상
2014062300100144,2014년 6월 23일 09시,월요일,부산광역시 사상구 모라동,경상사고,0,0,2,0,차대차 - 정면충돌,안전운전불이행,건조,맑음,단일로 - 기타,승용,여,50세,경상,승용,남,53세,경상
2014062300100223,2014년 6월 23일 12시,월요일,부산광역시 중구 부평동1가,경상사고,0,0,1,0,차대차 - 측면직각충돌,신호위반,건조,맑음,교차로 - 교차로안,이륜,남,48세,상해없음,승용,남,53세,경상
2014062300100224,2014년 6월 23일 12시,월요일,부산광역시 사상구 괘법동,경상사고,0,0,1,0,차대차 - 추돌 - 진행중,안전운전불이행,건조,맑음,교차로 - 교차로부근,승용,남,47세,상해없음,승용,여,32세,경상
2014062300100242,2014년 6월 23일 13시,월요일,부산광역시 북구 만덕동,중상사고,0,1,0,0,차대사람 - 기타,안전운전불이행,건조,맑음,단일로 - 기타,승용,여,45세,상해없음,보행자,남,7세,중상
2014062300100243,2014년 6월 23일 13시,월요일,부산광역시 동래구 명륜동,중상사고,0,1,0,0,차대사람 - 길가장자리구역통행중,안전운전불이행,건조,맑음,단일로 - 기타,승용,남,75세,상해없음,보행자,남,53세,중상
2014062300100244,2014년 6월 23일 13시,월요일,부산광역시 금정구 회동동,중상사고,0,1,0,2,차대차 - 기타,차로위반,건조,맑음,단일로 - 기타,화물,남,56세,상해없음,승용,여,69세,중상
2014062300100245,2014년 6월 23일 13시,월요일,부산광역시 사상구 엄궁동,중상사고,0,1,2,0,차대차 - 기타,안전운전불이행,건조,맑음,단일로 - 기타,화물,남,41세,상해없음,승용,남,47세,경상
2014062300100339,2014년 6월 23일 16시,월요일,부산광역시 기장군 철마면,중상사고,0,3,0,0,차대차 - 측면직각충돌,안전거리미확보,건조,흐림,단일로 - 기타,이륜,남,21세,중상,승용,남,53세,중상
2014062300100381,2014년 6월 23일 17시,월요일,부산광역시 서구 암남동,중상사고,0,1,1,0,차대차 - 측면직각충돌,신호위반,건조,맑음,교차로 - 교차로부근,화물,남,42세,상해없음,화물,남,53세,경상
2014062300100383,2014년 6월 23일 17시,월요일,부산광역시 수영구 수영동,경상사고,0,0,1,0,차대사람 - 기타,안전운전불이행,건조,맑음,단일로 - 횡단보도부근,승합,남,48세,상해없음,보행자,여,82세,경상
2014062300100430,2014년 6월 23일 18시,월요일,부산광역시 영도구 청학동,경상사고,0,0,1,0,차대사람 - 횡단중,안전운전불이행,건조,맑음,단일로 - 기타,승용,남,46세,상해없음,보행자,여,6세,경상
2014062300100431,2014년 6월 23일 18시,월요일,부산광역시 금정구 부곡동,중상사고,0,1,0,0,차대차 - 측면직각충돌,직진우회전진행방해,건조,맑음,교차로 - 교차로안,승용,여,44세,상해없음,자전거,남,17세,중상
2014062300100463,2014년 6월 23일 19시,월요일,부산광역시 북구 구포동,경상사고,0,0,1,0,차대차 - 추돌 - 주정차중,안전운전불이행,건조,맑음,단일로 - 기타,승용,여,59세,상해없음,승합,남,42세,상해없음
2014062300100464,2014년 6월 23일 19시,월요일,부산광역시 해운대구 재송동,경상사고,0,0,1,0,차대사람 - 기타,안전운전불이행,건조,맑음,단일로 - 기타,승용,남,54세,상해없음,보행자,남,39세,경상
2014062300100465,2014년 6월 23일 19시,월요일,부산광역시 강서구 성북동,중상사고,0,1,1,0,차대차 - 추돌 - 주정차중,안전운전불이행,건조,맑음,미분류 - 미분류,승용,남,23세,상해없음,승용,남,31세,경상
2014062300100496,2014년 6월 23일 20시,월요일,부산광역시 금정구 장전동,중상사고,0,1,0,0,차대사람 - 횡단중,중앙선침범,건조,맑음,단일로 - 기타,승용,남,53세,상해없음,보행자,여,18세,중상
2014062300100497,2014년 6월 23일 20시,월요일,부산광역시 강서구 송정동,중상사고,0,1,0,0,차대차 - 측면직각충돌,신호위반,건조,맑음,교차로 - 교차로안,승용,남,33세,상해없음,승용,남,33세,중상
2014062300100535,2014년 6월 23일 21시,월요일,부산광역시 동래구 온천동,경상사고,0,0,1,0,차대사람 - 기타,안전운전불이행,건조,맑음,단일로 - 기타,승용,여,43세,상해없음,보행자,남,24세,경상
2014062300100536,2014년 6월 23일 21시,월요일,부산광역시 해운대구 재송동,경상사고,0,0,3,0,차대차 - 추돌 - 진행중,안전운전불이행,습기,비,단일로 - 기타,승용,남,47세,상해없음,승용,남,50세,경상
2014062300100537,2014년 6월 23일 21시,월요일,부산광역시 부산진구 당감동,중상사고,0,1,0,0,차대사람 - 횡단중,보행자보호의무위반,건조,맑음,교차로 - 교차로안,승용,남,24세,상해없음,보행자,남,60세,중상
2014062300100538,2014년 6월 23일 21시,월요일,부산광역시 부산진구 가야동,경상사고,0,0,1,0,차대사람 - 차도통행중,안전운전불이행,습기,비,교차로 - 교차로안,승용,여,59세,상해없음,보행자,여,47세,경상
2014062300100570,2014년 6월 23일 22시,월요일,부산광역시 사하구 장림동,경상사고,0,0,1,0,차대차 - 추돌 - 주정차중,안전운전불이행,습기,비,단일로 - 기타,승용,남,63세,상해없음,건설기계,남,51세,상해없음
2014062300100571,2014년 6월 23일 22시,월요일,부산광역시 사상구 괘법동,중상사고,0,1,0,0,차대사람 - 횡단중,안전운전불이행,습기,흐림,단일로 - 횡단보도상,승용,남,66세,상해없음,보행자,남,49세,중상
2014062300100594,2014년 6월 23일 23시,월요일,부산광역시 동래구 온천동,중상사고,0,1,0,0,차대사람 - 기타,안전운전불이행,습기,비,단일로 - 기타,승용,남,59세,상해없음,보행자,남,42세,중상
2014062400100006,2014년 6월 24일 00시,화요일,부산광역시 사하구 신평동,경상사고,0,0,2,0,차대차 - 측면직각충돌,신호위반,건조,맑음,교차로 - 교차로안,승용,남,21세,상해없음,승용,남,46세,경상
2014062400100007,2014년 6월 24일 00시,화요일,부산광역시 사하구 다대동,경상사고,0,0,2,1,차대차 - 정면충돌,신호위반,건조,맑음,교차로 - 교차로안,승용,남,62세,상해없음,승용,남,30세,부상신고
2014062400100027,2014년 6월 24일 01시,화요일,부산광역시 연제구 연산동,경상사고,0,0,2,0,차대차 - 측면직각충돌,안전운전불이행,건조,맑음,단일로 - 기타,승용,남,59세,상해없음,승용,남,32세,경상
2014062400100073,2014년 6월 24일 07시,화요일,부산광역시 서구 서대신동1가,경상사고,0,0,1,0,차대차 - 추돌 - 진행중,안전운전불이행,건조,맑음,교차로 - 교차로안,승용,남,28세,상해없음,승용,여,34세,경상
2014062400100074,2014년 6월 24일 07시,화요일,부산광역시 연제구 거제동,중상사고,0,1,1,0,차대차 - 추돌 - 진행중,안전운전불이행,건조,맑음,교차로 - 교차로안,승용,여,55세,기타불명,승용,남,66세,경상
2014062400100108,2014년 6월 24일 08시,화요일,부산광역시 해운대구 송정동,중상사고,0,1,0,0,차대사람 - 횡단중,안전운전불이행,건조,맑음,단일로 - 기타,승용,남,38세,상해없음,보행자,남,67세,중상
2014062400100136,2014년 6월 24일 09시,화요일,부산광역시 북구 구포동,부상신고사고,0,0,0,1,차대차 - 기타,안전운전불이행,건조,맑음,단일로 - 기타,건설기계,남,48세,상해없음,승용,남,48세,기타불명
2014062400100158,2014년 6월 24일 10시,화요일,부산광역시 동래구 온천동,중상사고,0,1,0,0,차대사람 - 횡단중,안전운전불이행,건조,맑음,교차로 - 교차로안,화물,남,29세,상해없음,보행자,남,59세,중상
2014062400100187,2014년 6월 24일 11시,화요일,부산광역시 금정구 장전동,중상사고,0,1,0,0,차대차 - 정면충돌,중앙선침범,습기,맑음,단일로 - 기타,화물,남,32세,상해없음,이륜,남,56세,중상
2014062400100188,2014년 6월 24일 11시,화요일,부산광역시 강서구 강동동,중상사고,0,1,0,0,차대차 - 추돌 - 주정차중,안전운전불이행,건조,맑음,교차로 - 교차로부근,승용,남,50세,상해없음,승용,여,56세,중상
2014062400100274,2014년 6월 24일 14시,화요일,부산광역시 동래구 온천동,부상신고사고,0,0,0,1,차대차 - 측면직각충돌,교차로운행방법위반,건조,맑음,교차로 - 교차로안,승용,남,60세,상해없음,원동기,남,24세,부상신고
2014062400100275,2014년 6월 24일 14시,화요일,부산광역시 사하구 장림동,경상사고,0,0,1,0,차대사람 - 횡단중,신호위반,건조,맑음,단일로 - 횡단보도상,승용,남,69세,상해없음,보행자,남,9세,경상
2014062400100276,2014년 6월 24일 14시,화요일,부산광역시 수영구 망미동,부상신고사고,0,0,0,1,차대사람 - 기타,안전운전불이행,건조,맑음,단일로 - 기타,이륜,남,18세,상해없음,보행자,남,17세,부상신고
2014062400100312,2014년 6월 24일 15시,화요일,부산광역시 연제구 거제동,중상사고,0,1,0,0,차대사람 - 길가장자리구역통행중,안전운전불이행,건조,맑음,단일로 - 기타,승용,남,71세,상해없음,보행자,여,90세,중상
2014062400100350,2014년 6월 24일 16시,화요일,부산광역시 사하구 장림동,중상사고,0,1,0,0,차대사람 - 기타,보행자보호의무위반,건조,맑음,단일로 - 기타,승합,남,41세,상해없음,보행자,여,18세,중상
2014062400100383,2014년 6월 24일 17시,화요일,부산광역시 영도구 영선동1가,중상사고,0,1,0,0,차대사람 - 기타,안전운전불이행,건조,맑음,기타 - 기타,화물,남,63세,상해없음,보행자,남,17세,중상
2014062400100384,2014년 6월 24일 17시,화요일,부산광역시 해운대구 우동,경상사고,0,0,2,0,차대차 - 기타,안전운전불이행,건조,맑음,단일로 - 기타,승용,남,54세,상해없음,승용,여,47세,경상
2014062400100385,2014년 6월 24일 17시,화요일,부산광역시 해운대구 우동,경상사고,0,0,1,0,차대사람 - 기타,교차로운행방법위반,건조,맑음,교차로 - 교차로안,승용,남,26세,상해없음,보행자,여,66세,경상
2014062400100458,2014년 6월 24일 19시,화요일,부산광역시 금정구 장전동,부상신고사고,0,0,0,1,차대차 - 측면직각충돌,직진우회전진행방해,건조,맑음,교차로 - 교차로안,승용,남,53세,상해없음,원동기,남,52세,부상신고
2014062400100481,2014년 6월 24일 20시,화요일,부산광역시 영도구 동삼동,경상사고,0,0,1,0,차대사람 - 차도통행중,안전운전불이행,건조,맑음,단일로 - 기타,이륜,남,34세,상해없음,보행자,여,57세,경상
2014062400100482,2014년 6월 24일 20시,화요일,부산광역시 해운대구 우동,경상사고,0,0,1,0,차대사람 - 기타,안전운전불이행,건조,맑음,기타 - 기타,승합,남,34세,상해없음,보행자,남,24세,경상
2014062400100483,2014년 6월 24일 20시,화요일,부산광역시 부산진구 초읍동,중상사고,0,1,1,0,차대사람 - 길가장자리구역통행중,안전운전불이행,건조,맑음,단일로 - 기타,승용,남,60세,상해없음,보행자,여,50세,중상
2014062400100516,2014년 6월 24일 21시,화요일,부산광역시 동래구 수안동,중상사고,0,1,0,0,차대차 - 기타,안전운전불이행,건조,맑음,단일로 - 기타,승용,여,43세,상해없음,자전거,남,53세,중상
2014062400100517,2014년 6월 24일 21시,화요일,부산광역시 해운대구 우동,경상사고,0,0,1,0,차대차 - 추돌 - 진행중,안전운전불이행,건조,맑음,교차로 - 교차로안,기타불명,기타불명,기타불명,기타불명,승용,남,34세,경상
2014062400100518,2014년 6월 24일 21시,화요일,부산광역시 금정구 구서동,중상사고,0,1,0,0,차대사람 - 기타,안전운전불이행,건조,맑음,단일로 - 기타,승합,남,46세,상해없음,보행자,여,71세,중상
2014062400100550,2014년 6월 24일 22시,화요일,부산광역시 사하구 다대동,중상사고,0,1,0,0,차대차 - 측면직각충돌,안전운전불이행,건조,맑음,교차로 - 교차로안,승합,남,45세,상해없음,원동기,남,21세,중상