사고번호,사고일시,요일,시군구,사고내용,사망자수,중상자수,경상자수,부상신고자수,사고유형,법규위반,노면상태,기상상태,도로형태,가해운전자 차종,가해운전자 성별,가해운전자 연령,가해운전자 상해정도,피해운전자 차종,피해운전자 성별,피해운전자 연령,피해운전자 상해정도
2014062400100551,2014년 6월 24일 22시,화요일,부산광역시 기장군 정관면,중상사고,0,1,0,0,차대사람 - 횡단중,안전운전불이행,건조,맑음,단일로 - 기타,승용,남,33세,상해없음,보행자,여,19세,중상
2014062400100552,2014년 6월 24일 22시,화요일,부산광역시 기장군 정관면,중상사고,0,1,1,0,차대차 - 기타,안전거리미확보,건조,맑음,단일로 - 기타,승용,남,38세,상해없음,승용,남,53세,중상
2014062500100064,2014년 6월 25일 05시,수요일,부산광역시 서구 남부민동,부상신고사고,0,0,0,1,차대차 - 추돌 - 주정차중,중앙선침범,건조,맑음,단일로 - 기타,승용,남,39세,상해없음,승용,기타불명,기타불명,기타불명
2014062500100088,2014년 6월 25일 07시,수요일,부산광역시 동래구 온천동,중상사고,0,1,0,0,차대차 - 기타,교차로운행방법위반,건조,맑음,교차로 - 교차로안,이륜,남,85세,상해없음,승합,남,45세,상해없음
2014062500100118,2014년 6월 25일 08시,수요일,부산광역시 수영구 민락동,경상사고,0,0,1,0,차대차 - 측면직각충돌,중앙선침범,건조,맑음,단일로 - 기타,승용,남,58세,상해없음,이륜,남,36세,경상
2014062500100119,2014년 6월 25일 08시,수요일,부산광역시 금정구 구서동,경상사고,0,0,2,0,차대차 - 측면직각충돌,교차로운행방법위반,건조,맑음,교차로 - 교차로안,승용,여,39세,상해없음,원동기,남,60세,경상
2014062500100120,2014년 6월 25일 08시,수요일,부산광역시 연제구 연산동,경상사고,0,0,1,0,차대차 - 추돌 - 진행중,안전운전불이행,건조,맑음,교차로 - 교차로안,승용,남,62세,상해없음,자전거,남,42세,경상
2014062500100153,2014년 6월 25일 09시,수요일,부산광역시 연제구 연산동,경상사고,0,0,2,0,차대차 - 추돌 - 진행중,안전거리미확보,건조,맑음,교차로 - 교차로안,원동기,남,38세,경상,승용,여,38세,경상
2014062500100180,2014년 6월 25일 10시,수요일,부산광역시 남구 감만동,중상사고,0,1,0,0,차량단독 - 기타,안전운전불이행,건조,맑음,단일로 - 기타,승합,남,49세,상해없음,,,,
2014062500100181,2014년 6월 25일 10시,수요일,부산광역시 동래구 안락동,경상사고,0,0,2,0,차대차 - 추돌 - 진행중,안전거리미확보,건조,맑음,단일로 - 기타,화물,남,38세,상해없음,승용,남,66세,경상
2014062500100211,2014년 6월 25일 11시,수요일,부산광역시 금정구 장전동,중상사고,0,1,0,0,차대차 - 기타,차로위반,건조,맑음,교차로 - 교차로부근,승용,남,54세,상해없음,원동기,남,49세,중상
2014062500100246,2014년 6월 25일 12시,수요일,부산광역시 해운대구 반여동,경상사고,0,0,1,0,차대차 - 측면직각충돌,교차로운행방법위반,건조,맑음,교차로 - 교차로안,승용,남,60세,상해없음,화물,남,41세,상해없음
2014062500100273,2014년 6월 25일 13시,수요일,부산광역시 해운대구 재송동,경상사고,0,0,1,0,차대차 - 추돌 - 주정차중,안전운전불이행,건조,맑음,단일로 - 기타,승합,여,53세,상해없음,승용,남,43세,경상
2014062500100274,2014년 6월 25일 13시,수요일,부산광역시 사하구 하단동,경상사고,0,0,1,0,차대차 - 추돌 - 진행중,안전거리미확보,건조,맑음,단일로 - 기타,승합,남,52세,상해없음,승용,남,50세,경상
2014062500100303,2014년 6월 25일 14시,수요일,부산광역시 동구 초량동,경상사고,0,0,1,0,차대차 - 측면직각충돌,교차로운행방법위반,건조,맑음,교차로 - 교차로안,화물,남,65세,상해없음,화물,남,21세,경상
2014062500100304,2014년 6월 25일 14시,수요일,부산광역시 사하구 하단동,중상사고,0,1,0,0,차대사람 - 횡단중,보행자보호의무위반,건조,맑음,단일로 - 횡단보도상,화물,남,21세,상해없음,보행자,남,76세,중상
2014062500100335,2014년 6월 25일 15시,수요일,부산광역시 금정구 부곡동,부상신고사고,0,0,0,1,차대사람 - 차도통행중,안전운전불이행,건조,맑음,교차로 - 교차로안,화물,기타불명,기타불명,기타불명,보행자,여,41세,부상신고
2014062500100336,2014년 6월 25일 15시,수요일,부산광역시 연제구 연산동,부상신고사고,0,0,0,1,차대차 - 정면충돌,신호위반,건조,맑음,교차로 - 교차로부근,원동기,남,65세,부상신고,승용,남,41세,상해없음
2014062500100337,2014년 6월 25일 15시,수요일,부산광역시 연제구 연산동,경상사고,0,0,2,0,차대차 - 추돌 - 진행중,안전운전불이행,건조,맑음,교차로 - 교차로안,승용,여,33세,경상,승용,여,61세,경상
2014062500100371,2014년 6월 25일 16시,수요일,부산광역시 남구 우암동,부상신고사고,0,0,0,1,차대차 - 기타,중앙선침범,건조,맑음,단일로 - 기타,승용,여,19세,상해없음,승용,남,62세,부상신고
2014062500100372,2014년 6월 25일 16시,수요일,부산광역시 부산진구 당감동,중상사고,0,1,0,0,차대사람 - 차도통행중,안전운전불이행,건조,맑음,단일로 - 기타,승용,남,43세,상해없음,보행자,남,13세,중상
2014062500100399,2014년 6월 25일 17시,수요일,부산광역시 수영구 광안동,중상사고,0,1,0,0,차량단독 - 기타,기타,건조,맑음,단일로 - 기타,승합,남,44세,기타불명,,,,
2014062500100400,2014년 6월 25일 17시,수요일,부산광역시 사상구 주례동,경상사고,0,0,1,0,차대차 - 측면직각충돌,안전거리미확보,건조,맑음,교차로 - 교차로부근,승용,여,30세,상해없음,승용,남,69세,경상
2014062500100431,2014년 6월 25일 18시,수요일,부산광역시 기장군 정관면,경상사고,0,0,1,0,차대차 - 기타,안전거리미확보,건조,맑음,교차로 - 교차로부근,승용,남,39세,상해없음,원동기,남,18세,경상
2014062500100477,2014년 6월 25일 19시,수요일,부산광역시 북구 구포동,중상사고,0,1,0,0,차대차 - 측면직각충돌,안전운전불이행,건조,맑음,교차로 - 교차로안,승용,남,42세,상해없음,이륜,남,48세,중상
2014062500100542,2014년 6월 25일 21시,수요일,부산광역시 해운대구 좌동,부상신고사고,0,0,0,1,차량단독 - 기타,안전운전불이행,건조,맑음,단일로 - 기타,승용,남,67세,부상신고,,,,
2014062500100543,2014년 6월 25일 21시,수요일,부산광역시 강서구 대저2동,중상사고,0,1,0,0,차대차 - 추돌 - 주정차중,안전운전불이행,건조,맑음,교차로 - 교차로부근,자전거,남,48세,중상,승합,남,23세,상해없음
2014062500100584,2014년 6월 25일 22시,수요일,부산광역시 남구 대연동,중상사고,0,1,0,0,차대차 - 측면직각충돌,과속,건조,맑음,단일로 - 기타,승용,남,64세,상해없음,자전거,남,21세,중상
2014062500100606,2014년 6월 25일 23시,수요일,부산광역시 중구 남포동5가,중상사고,0,1,0,0,차대사람 - 기타,안전운전불이행,건조,맑음,단일로 - 기타,승용,남,26세,상해없음,보행자,남,48세,중상
2014062500100607,2014년 6월 25일 23시,수요일,부산광역시 북구 덕천동,경상사고,0,0,1,0,차대차 - 기타,안전운전불이행,건조,맑음,단일로 - 기타,이륜,남,15세,상해없음,승용,남,25세,경상
2014062500100608,2014년 6월 25일 23시,수요일,부산광역시 부산진구 전포동,중상사고,0,1,1,0,차대차 - 기타,안전거리미확보,건조,맑음,교차로 - 교차로부근,이륜,남,28세,상해없음,승용,남,53세,경상
2014062500100609,2014년 6월 25일 23시,수요일,부산광역시 부산진구 개금동,중상사고,0,1,0,0,차대사람 - 횡단중,안전운전불이행,건조,맑음,단일로 - 횡단보도상,승용,남,63세,상해없음,보행자,남,76세,중상
2014062500100610,2014년 6월 25일 23시,수요일,부산광역시 사하구 구평동,중상사고,0,1,0,0,차대차 - 측면직각충돌,신호위반,건조,맑음,단일로 - 기타,이륜,남,39세,중상,승용,남,53세,상해없음
2014062500100611,2014년 6월 25일 23시,수요일,부산광역시 사상구 주례동,중상사고,0,1,0,0,차대차 - 측면직각충돌,중앙선침범,건조,맑음,단일로 - 기타,이륜,남,45세,상해없음,승용,남,50세,상해없음
2014062600100006,2014년 6월 26일 00시,목요일,부산광역시 사상구 괘법동,경상사고,0,0,1,1,차대차 - 측면직각충돌,차로위반,건조,맑음,단일로 - 기타,이륜,남,52세,상해없음,이륜,남,20세,경상
2014062600100035,2014년 6월 26일 02시,목요일,부산광역시 수영구 망미동,경상사고,0,0,1,2,차대차 - 측면직각충돌,교차로운행방법위반,건조,맑음,교차로 - 교차로안,승용,남,41세,부상신고,승용,여,57세,경상
2014062600100042,2014년 6월 26일 03시,목요일,부산광역시 동래구 온천동,부상신고사고,0,0,0,1,차대사람 - 기타,안전운전불이행,건조,맑음,단일로 - 기타,기타불명,기타불명,14세,기타불명,보행자,남,41세,부상신고
2014062600100059,2014년 6월 26일 05시,목요일,부산광역시 사하구 장림동,중상사고,0,2,0,0,차대차 - 추돌 - 주정차중,안전운전불이행,건조,맑음,단일로 - 기타,승용,여,41세,상해없음,승용,남,46세,중상
2014062600100077,2014년 6월 26일 07시,목요일,부산광역시 사하구 구평동,중상사고,0,1,2,0,차대차 - 기타,안전운전불이행,건조,맑음,단일로 - 기타,승용,남,43세,경상,승용,남,31세,중상
2014062600100097,2014년 6월 26일 08시,목요일,부산광역시 동구 초량동,중상사고,0,1,0,0,차대사람 - 기타,안전운전불이행,건조,맑음,단일로 - 기타,승용,기타불명,기타불명,기타불명,보행자,여,24세,중상
2014062600100098,2014년 6월 26일 08시,목요일,부산광역시 남구 문현동,경상사고,0,0,1,0,차대차 - 측면직각충돌,교차로운행방법위반,건조,맑음,교차로 - 교차로안,화물,남,45세,경상,승용,남,51세,상해없음
2014062600100099,2014년 6월 26일 08시,목요일,부산광역시 강서구 녹산동,중상사고,0,1,0,0,차대차 - 기타,신호위반,건조,맑음,교차로 - 교차로안,자전거,여,66세,중상,승용,남,31세,상해없음
2014062600100100,2014년 6월 26일 08시,목요일,부산광역시 사상구 주례동,부상신고사고,0,0,0,1,차대사람 - 길가장자리구역통행중,안전운전불이행,건조,맑음,단일로 - 기타,승용,남,30세,기타불명,보행자,여,14세,부상신고
2014062600100101,2014년 6월 26일 08시,목요일,부산광역시 사상구 괘법동,경상사고,0,0,1,0,차대차 - 측면직각충돌,안전거리미확보,건조,맑음,단일로 - 기타,승합,남,48세,기타불명,승용,여,38세,경상
2014062600100145,2014년 6월 26일 09시,목요일,부산광역시 서구 부용동2가,중상사고,0,1,0,0,차대사람 - 기타,안전운전불이행,기타,맑음,단일로 - 기타,승용,여,75세,상해없음,보행자,여,82세,중상
2014062600100146,2014년 6월 26일 09시,목요일,부산광역시 사상구 모라동,경상사고,0,0,1,0,차대차 - 추돌 - 주정차중,안전거리미확보,건조,맑음,단일로 - 기타,화물,남,45세,상해없음,화물,남,43세,경상
2014062600100174,2014년 6월 26일 10시,목요일,부산광역시 해운대구 좌동,중상사고,0,2,2,0,차대차 - 추돌 - 진행중,안전운전불이행,건조,맑음,단일로 - 기타,화물,남,36세,상해없음,승용,남,66세,경상
2014062600100209,2014년 6월 26일 11시,목요일,부산광역시 수영구 민락동,경상사고,0,0,1,0,차대사람 - 기타,안전운전불이행,건조,맑음,교차로 - 교차로안,원동기,남,35세,상해없음,보행자,여,59세,경상
2014062600100233,2014년 6월 26일 12시,목요일,부산광역시 사하구 신평동,중상사고,0,1,0,0,차대차 - 기타,안전거리미확보,건조,맑음,단일로 - 기타,승용,남,55세,상해없음,이륜,남,59세,중상
2014062600100252,2014년 6월 26일 13시,목요일,부산광역시 해운대구 우동,경상사고,0,0,1,0,차대차 - 추돌 - 주정차중,안전거리미확보,건조,맑음,단일로 - 기타,승용,여,47세,상해없음,승용,남,59세,경상
2014062600100286,2014년 6월 26일 14시,목요일,부산광역시 수영구 수영동,경상사고,0,0,2,0,차대차 - 기타,차로위반,건조,맑음,단일로 - 기타,승용,여,44세,상해없음,승용,남,48세,경상
2014062600100287,2014년 6월 26일 14시,목요일,부산광역시 북구 화명동,중상사고,0,1,0,0,차대차 - 추돌 - 진행중,교차로운행방법위반,건조,맑음,교차로 - 교차로안,승합,여,41세,상해없음,승용,여,54세,중상
2014062600100288,2014년 6월 26일 14시,목요일,부산광역시 연제구 연산동,경상사고,0,0,1,0,차대차 - 추돌 - 진행중,안전운전불이행,건조,맑음,단일로 - 기타,승용,남,49세,상해없음,승용,남,63세,경상
2014062600100310,2014년 6월 26일 15시,목요일,부산광역시 사하구 구평동,경상사고,0,0,1,1,차대차 - 측면직각충돌,안전거리미확보,건조,맑음,단일로 - 횡단보도부근,승용,여,58세,경상,화물,남,58세,부상신고
2014062600100311,2014년 6월 26일 15시,목요일,부산광역시 사상구 괘법동,경상사고,0,0,1,0,차대차 - 측면직각충돌,중앙선침범,건조,맑음,단일로 - 기타,승용,남,74세,상해없음,승용,남,38세,경상
2014062600100339,2014년 6월 26일 16시,목요일,부산광역시 해운대구 좌동,중상사고,0,1,0,0,차대사람 - 기타,안전운전불이행,건조,맑음,단일로 - 기타,승용,여,47세,상해없음,보행자,남,11세,중상
2014062600100340,2014년 6월 26일 16시,목요일,부산광역시 사하구 괴정동,경상사고,0,0,1,0,차대사람 - 횡단중,신호위반,건조,맑음,단일로 - 기타,승용,남,66세,상해없음,보행자,여,7세,경상
2014062600100341,2014년 6월 26일 16시,목요일,부산광역시 강서구 구랑동,경상사고,0,0,1,0,차대차 - 기타,안전거리미확보,건조,맑음,단일로 - 기타,특수,남,59세,상해없음,승용,남,25세,경상
2014062600100431,2014년 6월 26일 18시,목요일,부산광역시 북구 덕천동,경상사고,0,0,5,0,차대차 - 추돌 - 진행중,안전운전불이행,건조,맑음,단일로 - 기타,화물,남,51세,상해없음,승용,남,46세,경상
2014062600100432,2014년 6월 26일 18시,목요일,부산광역시 강서구 대저1동,중상사고,0,1,0,0,차대차 - 측면직각충돌,직진우회전진행방해,습기,비,교차로 - 교차로안,승용,남,35세,상해없음,승용,남,78세,중상
2014062600100502,2014년 6월 26일 20시,목요일,부산광역시 사하구 다대동,중상사고,0,1,0,0,차대사람 - 횡단중,안전운전불이행,건조,맑음,교차로 - 교차로안,승용,여,47세,상해없음,보행자,여,75세,중상
2014062600100503,2014년 6월 26일 20시,목요일,부산광역시 사하구 다대동,중상사고,0,1,0,0,차대차 - 측면직각충돌,안전거리미확보,건조,맑음,교차로 - 교차로부근,승용,남,61세,상해없음,승용,남,60세,중상
2014062600100504,2014년 6월 26일 20시,목요일,부산광역시 사하구 신평동,중상사고,0,1,0,0,차대사람 - 횡단중,보행자보호의무위반,건조,맑음,단일로 - 횡단보도상,승용,남,43세,상해없음,보행자,여,9세,중상
2014062600100531,2014년 6월 26일 21시,목요일,부산광역시 동구 범일동,중상사고,0,1,0,0,차대사람 - 기타,안전운전불이행,건조,맑음,교차로 - 교차로안,승용,남,56세,상해없음,보행자,남,40세,중상
2014062600100532,2014년 6월 26일 21시,목요일,부산광역시 부산진구 부암동,경상사고,0,0,1,0,차대사람 - 횡단중,기타,건조,맑음,단일로 - 기타,승용,남,46세,상해없음,보행자,남,26세,경상
2014062600100533,2014년 6월 26일 21시,목요일,부산광역시 부산진구 양정동,중상사고,0,2,0,0,차대차 - 측면직각충돌,안전운전불이행,건조,맑음,단일로 - 기타,승용,남,53세,상해없음,승용,남,52세,중상
2014062600100534,2014년 6월 26일 21시,목요일,부산광역시 부산진구 범전동,경상사고,0,0,1,0,차대차 - 측면직각충돌,안전운전불이행,건조,맑음,단일로 - 기타,승용,남,53세,상해없음,화물,남,52세,기타불명
2014062600100535,2014년 6월 26일 21시,목요일,부산광역시 사하구 괴정동,경상사고,0,0,1,0,차대차 - 측면직각충돌,안전운전불이행,건조,맑음,단일로 - 기타,이륜,남,16세,상해없음,승용,여,51세,경상
2014062600100570,2014년 6월 26일 22시,목요일,부산광역시 북구 만덕동,중상사고,0,1,0,0,차대차 - 추돌 - 진행중,안전운전불이행,건조,맑음,단일로 - 기타,화물,남,39세,상해없음,화물,남,36세,중상
2014062600100571,2014년 6월 26일 22시,목요일,부산광역시 해운대구 좌동,중상사고,0,1,1,0,차대차 - 정면충돌,신호위반,건조,맑음,교차로 - 교차로안,승용,남,27세,상해없음,승용,남,33세,경상
2014062600100572,2014년 6월 26일 22시,목요일,부산광역시 부산진구 부전동,경상사고,0,0,1,0,차대차 - 측면직각충돌,안전운전불이행,건조,맑음,단일로 - 기타,화물,남,51세,기타불명,승용,여,52세,경상
2014062600100594,2014년 6월 26일 23시,목요일,부산광역시 연제구 연산동,경상사고,0,0,1,0,차대차 - 추돌 - 주정차중,안전운전불이행,건조,맑음,단일로 - 기타,승용,남,60세,상해없음,원동기,남,17세,경상
2014062700100006,2014년 6월 27일 00시,금요일,부산광역시 연제구 거제동,중상사고,0,1,0,0,차대차 - 측면직각충돌,신호위반,건조,맑음,교차로 - 교차로안,승용,남,51세,상해없음,승용,남,67세,중상
2014062700100022,2014년 6월 27일 01시,금요일,부산광역시 동래구 온천동,중상사고,0,1,0,0,차대사람 - 횡단중,안전운전불이행,건조,맑음,단일로 - 기타,승용,남,36세,상해없음,보행자,여,23세,중상
2014062700100041,2014년 6월 27일 03시,금요일,부산광역시 금정구 남산동,경상사고,0,0,1,0,차대차 - 측면직각충돌,중앙선침범,건조,맑음,교차로 - 교차로안,원동기,남,29세,경상,승용,남,62세,상해없음
2014062700100042,2014년 6월 27일 03시,금요일,부산광역시 기장군 기장읍,사망사고,1,0,0,0,차량단독 - 공작물충돌,안전운전불이행,건조,맑음,단일로 - 기타,이륜,남,22세,사망,,,,
2014062700100046,2014년 6월 27일 04시,금요일,부산광역시 서구 동대신동1가,경상사고,0,0,1,0,차대차 - 측면직각충돌,차로위반,건조,맑음,단일로 - 기타,승용,남,56세,상해없음,승용,남,65세,상해없음
2014062700100068,2014년 6월 27일 06시,금요일,부산광역시 금정구 구서동,중상사고,0,1,4,0,차대차 - 측면직각충돌,안전운전불이행,건조,맑음,단일로 - 기타,승용,남,52세,상해없음,승용,여,52세,경상
2014062700100080,2014년 6월 27일 07시,금요일,부산광역시 사하구 신평동,사망사고,1,1,0,0,차대차 - 정면충돌,중앙선침범,건조,맑음,단일로 - 기타,승용,남,58세,사망,승용,남,64세,상해없음
2014062700100123,2014년 6월 27일 08시,금요일,부산광역시 사하구 하단동,경상사고,0,0,1,0,차대사람 - 횡단중,보행자보호의무위반,건조,맑음,단일로 - 횡단보도상,승용,남,65세,상해없음,보행자,남,11세,경상
2014062700100166,2014년 6월 27일 09시,금요일,부산광역시 북구 만덕동,중상사고,0,1,0,0,차대사람 - 기타,안전운전불이행,건조,맑음,단일로 - 횡단보도부근,승용,여,39세,상해없음,보행자,여,50세,중상
2014062700100217,2014년 6월 27일 11시,금요일,부산광역시 서구 동대신동1가,경상사고,0,0,1,0,차대차 - 측면직각충돌,교차로운행방법위반,건조,맑음,교차로 - 교차로안,승합,남,75세,기타불명,승용,여,41세,경상
2014062700100218,2014년 6월 27일 11시,금요일,부산광역시 동래구 사직동,경상사고,0,0,1,0,차대사람 - 기타,안전운전불이행,건조,맑음,교차로 - 교차로안,화물,남,28세,상해없음,보행자,남,54세,경상
2014062700100252,2014년 6월 27일 12시,금요일,부산광역시 금정구 부곡동,중상사고,0,1,0,0,차대차 - 기타,신호위반,건조,맑음,단일로 - 기타,승용,여,42세,상해없음,이륜,남,54세,중상
2014062700100265,2014년 6월 27일 13시,금요일,부산광역시 사하구 감천동,경상사고,0,0,1,0,차대차 - 추돌 - 진행중,차로위반,건조,맑음,단일로 - 기타,화물,남,46세,상해없음,승용,남,38세,경상
2014062700100288,2014년 6월 27일 14시,금요일,부산광역시 사하구 감천동,중상사고,0,1,0,0,차대차 - 기타,기타,건조,맑음,교차로 - 교차로안,이륜,남,62세,중상,승용,남,49세,상해없음
2014062700100321,2014년 6월 27일 15시,금요일,부산광역시 사상구 덕포동,경상사고,0,0,2,0,차대차 - 기타,안전운전불이행,건조,맑음,교차로 - 교차로부근,승용,남,51세,상해없음,화물,남,70세,경상
2014062700100357,2014년 6월 27일 16시,금요일,부산광역시 북구 덕천동,중상사고,0,1,0,0,차대사람 - 기타,안전운전불이행,습기,맑음,단일로 - 기타,승합,남,52세,상해없음,보행자,여,53세,중상
2014062700100358,2014년 6월 27일 16시,금요일,부산광역시 해운대구 좌동,부상신고사고,0,0,0,1,차대차 - 측면직각충돌,안전운전불이행,건조,맑음,교차로 - 교차로안,자전거,남,13세,부상신고,승용,여,38세,상해없음
2014062700100399,2014년 6월 27일 17시,금요일,부산광역시 동래구 복천동,경상사고,0,0,1,0,차대사람 - 횡단중,안전운전불이행,건조,맑음,단일로 - 기타,승용,여,51세,상해없음,보행자,남,10세,경상
2014062700100400,2014년 6월 27일 17시,금요일,부산광역시 부산진구 범천동,경상사고,0,0,1,0,차대차 - 추돌 - 진행중,안전거리미확보,건조,맑음,교차로 - 교차로부근,승용,남,31세,상해없음,승용,남,41세,경상
2014062700100401,2014년 6월 27일 17시,금요일,부산광역시 연제구 연산동,중상사고,0,1,0,0,차대차 - 기타,안전거리미확보,건조,맑음,단일로 - 기타,원동기,남,42세,중상,승용,남,29세,상해없음
2014062700100432,2014년 6월 27일 18시,금요일,부산광역시 사하구 장림동,경상사고,0,0,2,0,차대차 - 기타,안전거리미확보,건조,맑음,단일로 - 기타,승용,여,45세,상해없음,승용,남,41세,상해없음
2014062700100480,2014년 6월 27일 19시,금요일,부산광역시 연제구 연산동,부상신고사고,0,0,0,1,차대차 - 측면직각충돌,안전운전불이행,건조,맑음,단일로 - 기타,이륜,남,44세,상해없음,원동기,남,18세,부상신고
2014062700100481,2014년 6월 27일 19시,금요일,부산광역시 연제구 연산동,경상사고,0,0,1,0,차대사람 - 차도통행중,안전운전불이행,건조,맑음,단일로 - 기타,승용,남,69세,기타불명,보행자,남,64세,경상
2014062700100511,2014년 6월 27일 20시,금요일,부산광역시 강서구 송정동,중상사고,0,1,0,0,차대차 - 기타,신호위반,건조,맑음,교차로 - 교차로안,승용,남,26세,상해없음,승용,남,36세,중상
2014062700100512,2014년 6월 27일 20시,금요일,부산광역시 강서구 명지동,중상사고,0,1,0,0,차대차 - 기타,안전운전불이행,건조,맑음,단일로 - 기타,승용,남,54세,상해없음,승용,여,45세,중상
2014062700100548,2014년 6월 27일 21시,금요일,부산광역시 해운대구 반여동,경상사고,0,0,2,0,차대차 - 추돌 - 진행중,안전운전불이행,건조,맑음,단일로 - 기타,승용,남,25세,상해없음,이륜,남,17세,경상
2014062700100549,2014년 6월 27일 21시,금요일,부산광역시 사하구 장림동,경상사고,0,0,1,0,차대차 - 측면직각충돌,신호위반,건조,맑음,단일로 - 기타,승용,남,36세,상해없음,이륜,남,17세,경상
2014062700100624,2014년 6월 27일 23시,금요일,부산광역시 해운대구 중동,사망사고,1,0,0,0,차대사람 - 기타,안전운전불이행,건조,맑음,교차로 - 교차로안,승용,남,70세,상해없음,보행자,남,59세,사망
2014062700100625,2014년 6월 27일 23시,금요일,부산광역시 사하구 감천동,중상사고,0,1,1,0,차대차 - 기타,안전운전불이행,건조,맑음,단일로 - 기타,승용,남,51세,상해없음,승용,남,51세,중상
2014062700100626,2014년 6월 27일 23시,금요일,부산광역시 연제구 거제동,중상사고,0,1,0,0,차대차 - 추돌 - 진행중,안전운전불이행,건조,맑음,단일로 - 기타,화물,남,42세,상해없음,승용,남,40세,중상
2014062700100627,2014년 6월 27일 23시,금요일,부산광역시 사상구 괘법동,중상사고,0,2,2,0,차대차 - 정면충돌,신호위반,건조,맑음,단일로 - 기타,승용,남,45세,상해없음,승용,남,42세,중상
2014062800100007,2014년 6월 28일 00시,토요일,부산광역시 금정구 부곡동,중상사고,0,1,0,0,차대차 - 측면직각충돌,안전운전불이행,건조,맑음,단일로 - 기타,승용,남,41세,상해없음,승용,남,31세,중상
2014062800100037,2014년 6월 28일 01시,토요일,부산광역시 해운대구 좌동,경상사고,0,0,1,0,차량단독 - 전도전복,안전운전불이행,건조,맑음,단일로 - 기타,승용,남,35세,경상,,,,
2014062800100051,2014년 6월 28일 02시,토요일,부산광역시 중구 보수동1가,경상사고,0,0,1,0,차대사람 - 횡단중,신호위반,건조,맑음,단일로 - 횡단보도상,승용,남,58세,상해없음,보행자,남,29세,경상
2014062800100052,2014년 6월 28일 02시,토요일,부산광역시 해운대구 우동,사망사고,1,0,0,0,차대사람 - 횡단중,안전운전불이행,건조,맑음,단일로 - 기타,승용,남,21세,상해없음,보행자,남,52세,사망
2014062800100053,2014년 6월 28일 02시,토요일,부산광역시 기장군 철마면,중상사고,0,1,1,0,차대차 - 추돌 - 주정차중,안전운전불이행,건조,맑음,교차로 - 교차로부근,이륜,남,24세,상해없음,이륜,남,35세,경상
2014062800100069,2014년 6월 28일 03시,토요일,부산광역시 사하구 당리동,경상사고,0,0,1,0,차대사람 - 기타,안전운전불이행,건조,맑음,기타 - 기타,기타불명,기타불명,기타불명,기타불명,보행자,남,55세,경상
2014062800100080,2014년 6월 28일 04시,토요일,부산광역시 동래구 사직동,중상사고,0,1,1,0,차대차 - 측면직각충돌,신호위반,건조,맑음,교차로 - 교차로안,승용,남,33세,상해없음,승용,남,71세,중상
2014062800100081,2014년 6월 28일 04시,토요일,부산광역시 해운대구 우동,중상사고,0,1,0,0,차대차 - 추돌 - 진행중,안전운전불이행,건조,맑음,단일로 - 횡단보도상,승용,남,27세,상해없음,승용,남,59세,중상
2014062800100082,2014년 6월 28일 04시,토요일,부산광역시 연제구 연산동,중상사고,0,3,0,0,차대차 - 측면직각충돌,안전운전불이행,건조,맑음,단일로 - 기타,승용,남,31세,상해없음,승용,남,25세,중상
2014062800100098,2014년 6월 28일 05시,토요일,부산광역시 수영구 광안동,중상사고,0,1,0,0,차대차 - 추돌 - 진행중,안전운전불이행,건조,맑음,단일로 - 터널,승용,남,44세,상해없음,특수,남,43세,중상
2014062800100099,2014년 6월 28일 05시,토요일,부산광역시 영도구 동삼동,중상사고,0,1,0,0,차대사람 - 기타,안전운전불이행,건조,맑음,단일로 - 기타,화물,남,58세,상해없음,보행자,남,66세,중상
2014062800100100,2014년 6월 28일 05시,토요일,부산광역시 사상구 모라동,중상사고,0,1,0,0,차대사람 - 차도통행중,안전운전불이행,건조,맑음,단일로 - 기타,승용,남,38세,상해없음,보행자,남,40세,중상
2014062800100115,2014년 6월 28일 06시,토요일,부산광역시 해운대구 우동,중상사고,0,1,3,0,차대차 - 추돌 - 주정차중,안전운전불이행,건조,맑음,단일로 - 기타,승용,여,18세,상해없음,승합,남,59세,상해없음
2014062800100116,2014년 6월 28일 06시,토요일,부산광역시 사하구 감천동,경상사고,0,0,1,0,차대차 - 측면직각충돌,안전운전불이행,건조,맑음,교차로 - 교차로안,승용,남,58세,상해없음,이륜,남,24세,경상
2014062800100164,2014년 6월 28일 09시,토요일,부산광역시 수영구 수영동,중상사고,0,1,0,0,차대차 - 추돌 - 진행중,직진우회전진행방해,건조,맑음,교차로 - 교차로안,승용,남,41세,상해없음,이륜,남,54세,중상
2014062800100202,2014년 6월 28일 10시,토요일,부산광역시 금정구 장전동,부상신고사고,0,0,0,1,차대사람 - 횡단중,안전운전불이행,건조,맑음,단일로 - 기타,승용,남,30세,상해없음,보행자,여,20세,부상신고
2014062800100203,2014년 6월 28일 10시,토요일,부산광역시 강서구 강동동,중상사고,0,1,0,0,차대차 - 추돌 - 진행중,안전운전불이행,건조,맑음,단일로 - 기타,승합,남,34세,상해없음,원동기,남,23세,중상
2014062800100204,2014년 6월 28일 10시,토요일,부산광역시 기장군 정관면,경상사고,0,0,2,0,차대차 - 측면직각충돌,직진우회전진행방해,건조,맑음,교차로 - 교차로안,승용,남,27세,경상,승용,여,40세,경상
2014062800100226,2014년 6월 28일 11시,토요일,부산광역시 서구 서대신동2가,경상사고,0,0,3,0,차대차 - 추돌 - 진행중,안전거리미확보,건조,맑음,단일로 - 터널,승용,여,46세,상해없음,승용,여,52세,경상