사고번호,사고일시,요일,시군구,사고내용,사망자수,중상자수,경상자수,부상신고자수,사고유형,법규위반,노면상태,기상상태,도로형태,가해운전자 차종,가해운전자 성별,가해운전자 연령,가해운전자 상해정도,피해운전자 차종,피해운전자 성별,피해운전자 연령,피해운전자 상해정도
2014062800100227,2014년 6월 28일 11시,토요일,부산광역시 강서구 죽동동,경상사고,0,0,1,0,차대차 - 기타,중앙선침범,건조,맑음,단일로 - 기타,화물,기타불명,기타불명,기타불명,자전거,여,57세,경상
2014062800100257,2014년 6월 28일 12시,토요일,부산광역시 북구 화명동,경상사고,0,0,1,0,차대차 - 측면직각충돌,안전거리미확보,건조,맑음,단일로 - 기타,화물,남,50세,상해없음,승용,남,34세,상해없음
2014062800100258,2014년 6월 28일 12시,토요일,부산광역시 해운대구 우동,경상사고,0,0,1,0,차대차 - 추돌 - 진행중,안전거리미확보,건조,맑음,단일로 - 기타,승용,여,52세,상해없음,승용,남,41세,경상
2014062800100287,2014년 6월 28일 13시,토요일,부산광역시 중구 중앙동2가,중상사고,0,1,0,0,차대차 - 측면직각충돌,안전운전불이행,건조,흐림,교차로 - 교차로부근,원동기,남,19세,중상,화물,남,33세,상해없음
2014062800100288,2014년 6월 28일 13시,토요일,부산광역시 사하구 장림동,경상사고,0,0,1,0,차대차 - 측면직각충돌,신호위반,건조,맑음,교차로 - 교차로안,승용,여,30세,상해없음,화물,남,33세,경상
2014062800100334,2014년 6월 28일 14시,토요일,부산광역시 중구 중앙동5가,중상사고,0,1,0,0,차대차 - 기타,안전운전불이행,건조,맑음,단일로 - 기타,승용,남,58세,상해없음,승합,남,60세,상해없음
2014062800100393,2014년 6월 28일 16시,토요일,부산광역시 동래구 온천동,부상신고사고,0,0,0,1,차대차 - 측면직각충돌,안전운전불이행,건조,맑음,교차로 - 교차로안,승용,여,43세,상해없음,자전거,남,57세,부상신고
2014062800100431,2014년 6월 28일 17시,토요일,부산광역시 해운대구 송정동,중상사고,0,1,0,0,차대차 - 측면직각충돌,안전운전불이행,건조,맑음,단일로 - 기타,승용,남,34세,상해없음,원동기,남,17세,중상
2014062800100432,2014년 6월 28일 17시,토요일,부산광역시 사하구 다대동,중상사고,0,1,0,0,차대차 - 측면직각충돌,안전운전불이행,건조,맑음,단일로 - 기타,승합,남,59세,상해없음,자전거,남,14세,중상
2014062800100466,2014년 6월 28일 18시,토요일,부산광역시 동구 범일동,경상사고,0,0,1,0,차대차 - 추돌 - 주정차중,안전운전불이행,건조,맑음,단일로 - 기타,기타불명,기타불명,기타불명,기타불명,승용,여,35세,경상
2014062800100467,2014년 6월 28일 18시,토요일,부산광역시 기장군 철마면,경상사고,0,0,1,0,차량단독 - 기타,안전운전불이행,건조,맑음,교차로 - 교차로안,승합,남,59세,상해없음,,,,
2014062800100498,2014년 6월 28일 19시,토요일,부산광역시 동래구 온천동,경상사고,0,0,1,0,차대차 - 추돌 - 주정차중,안전운전불이행,건조,맑음,교차로 - 교차로부근,승용,남,43세,기타불명,승용,여,29세,상해없음
2014062800100499,2014년 6월 28일 19시,토요일,부산광역시 연제구 거제동,경상사고,0,0,2,0,차대차 - 기타,안전운전불이행,건조,맑음,단일로 - 기타,화물,남,52세,기타불명,승용,남,33세,경상
2014062800100500,2014년 6월 28일 19시,토요일,부산광역시 기장군 정관면,경상사고,0,0,1,0,차대차 - 측면직각충돌,안전운전불이행,건조,맑음,단일로 - 기타,자전거,남,13세,경상,승용,남,32세,상해없음
2014062800100525,2014년 6월 28일 20시,토요일,부산광역시 동래구 명장동,경상사고,0,0,1,0,차대차 - 측면직각충돌,안전운전불이행,건조,맑음,교차로 - 교차로안,승용,남,39세,상해없음,원동기,남,48세,경상
2014062800100589,2014년 6월 28일 22시,토요일,부산광역시 연제구 연산동,중상사고,0,1,0,0,차대차 - 측면직각충돌,중앙선침범,건조,맑음,단일로 - 기타,승용,남,29세,상해없음,이륜,남,56세,중상
2014062800100621,2014년 6월 28일 23시,토요일,부산광역시 남구 용호동,경상사고,0,0,1,0,차대차 - 측면직각충돌,안전운전불이행,건조,맑음,단일로 - 기타,승용,여,31세,상해없음,이륜,남,17세,경상
2014062800100622,2014년 6월 28일 23시,토요일,부산광역시 수영구 민락동,경상사고,0,0,1,0,차대차 - 기타,중앙선침범,건조,맑음,단일로 - 기타,승용,남,18세,상해없음,승용,남,35세,경상
2014062800100623,2014년 6월 28일 23시,토요일,부산광역시 금정구 남산동,부상신고사고,0,0,0,3,차대차 - 추돌 - 주정차중,안전운전불이행,건조,맑음,단일로 - 기타,승용,남,46세,상해없음,승용,남,52세,부상신고
2014062900100011,2014년 6월 29일 00시,일요일,부산광역시 해운대구 반여동,경상사고,0,0,1,0,차량단독 - 공작물충돌,교차로운행방법위반,건조,맑음,교차로 - 교차로안,승용,남,51세,상해없음,,,,
2014062900100012,2014년 6월 29일 00시,일요일,부산광역시 부산진구 양정동,경상사고,0,0,4,0,차대차 - 추돌 - 진행중,안전운전불이행,건조,맑음,교차로 - 교차로부근,승용,남,28세,상해없음,화물,남,45세,경상
2014062900100030,2014년 6월 29일 01시,일요일,부산광역시 부산진구 부전동,중상사고,0,1,0,0,차대차 - 측면직각충돌,교차로운행방법위반,건조,맑음,교차로 - 교차로안,이륜,남,22세,중상,승용,여,34세,상해없음
2014062900100031,2014년 6월 29일 01시,일요일,부산광역시 부산진구 부전동,경상사고,0,0,1,0,차대사람 - 기타,안전운전불이행,건조,맑음,단일로 - 기타,승용,남,60세,상해없음,보행자,여,54세,경상
2014062900100085,2014년 6월 29일 04시,일요일,부산광역시 남구 대연동,경상사고,0,0,1,0,차대차 - 측면직각충돌,안전운전불이행,건조,맑음,단일로 - 기타,승용,남,57세,상해없음,이륜,남,23세,경상
2014062900100099,2014년 6월 29일 05시,일요일,부산광역시 수영구 광안동,경상사고,0,0,2,0,차대차 - 기타,차로위반,건조,맑음,단일로 - 기타,승용,남,23세,상해없음,승용,남,60세,경상
2014062900100100,2014년 6월 29일 05시,일요일,부산광역시 북구 구포동,경상사고,0,0,1,0,차대차 - 측면직각충돌,신호위반,건조,맑음,교차로 - 교차로안,승용,기타불명,기타불명,기타불명,승용,남,51세,경상
2014062900100118,2014년 6월 29일 07시,일요일,부산광역시 남구 용당동,경상사고,0,0,1,0,차대차 - 추돌 - 주정차중,안전운전불이행,건조,맑음,교차로 - 교차로부근,승용,남,32세,상해없음,승용,남,29세,경상
2014062900100133,2014년 6월 29일 08시,일요일,부산광역시 부산진구 범천동,경상사고,0,0,1,0,차대차 - 기타,안전거리미확보,건조,맑음,단일로 - 기타,승용,남,64세,상해없음,승용,남,28세,경상
2014062900100174,2014년 6월 29일 10시,일요일,부산광역시 중구 중앙동1가,경상사고,0,0,1,0,차대차 - 측면직각충돌,신호위반,건조,맑음,교차로 - 교차로안,승용,남,30세,상해없음,승용,남,41세,경상
2014062900100175,2014년 6월 29일 10시,일요일,부산광역시 금정구 서동,중상사고,0,1,0,0,차대사람 - 차도통행중,안전운전불이행,건조,맑음,교차로 - 교차로부근,승용,여,23세,상해없음,보행자,남,55세,중상
2014062900100217,2014년 6월 29일 12시,일요일,부산광역시 금정구 구서동,경상사고,0,0,1,0,차대사람 - 기타,안전운전불이행,건조,맑음,단일로 - 기타,승용,남,46세,상해없음,보행자,남,32세,경상
2014062900100240,2014년 6월 29일 13시,일요일,부산광역시 동래구 안락동,경상사고,0,0,1,0,차대차 - 측면직각충돌,교차로운행방법위반,건조,맑음,교차로 - 교차로안,원동기,남,18세,상해없음,승용,여,59세,상해없음
2014062900100241,2014년 6월 29일 13시,일요일,부산광역시 사하구 하단동,경상사고,0,0,1,0,차대차 - 기타,신호위반,건조,맑음,교차로 - 교차로안,승용,남,63세,상해없음,화물,남,40세,경상
2014062900100272,2014년 6월 29일 14시,일요일,부산광역시 서구 남부민동,부상신고사고,0,0,0,1,차대차 - 기타,중앙선침범,건조,맑음,단일로 - 기타,승용,기타불명,기타불명,기타불명,승합,남,54세,상해없음
2014062900100273,2014년 6월 29일 14시,일요일,부산광역시 해운대구 반송동,중상사고,0,1,0,0,차대사람 - 횡단중,안전운전불이행,건조,맑음,단일로 - 횡단보도상,승용,남,48세,상해없음,보행자,여,76세,중상
2014062900100300,2014년 6월 29일 15시,일요일,부산광역시 중구 남포동2가,중상사고,0,1,0,0,차대차 - 추돌 - 주정차중,안전운전불이행,건조,맑음,단일로 - 기타,승용,남,25세,상해없음,승용,남,54세,중상
2014062900100301,2014년 6월 29일 15시,일요일,부산광역시 해운대구 송정동,경상사고,0,0,1,0,차대차 - 추돌 - 진행중,안전운전불이행,건조,흐림,교차로 - 교차로안,승용,남,60세,상해없음,승용,여,45세,상해없음
2014062900100335,2014년 6월 29일 16시,일요일,부산광역시 북구 화명동,중상사고,0,2,0,0,차대차 - 추돌 - 진행중,안전운전불이행,건조,맑음,교차로 - 교차로부근,승용,여,44세,상해없음,승용,남,37세,중상
2014062900100336,2014년 6월 29일 16시,일요일,부산광역시 동래구 온천동,중상사고,0,1,4,0,차대차 - 추돌 - 주정차중,안전거리미확보,건조,맑음,단일로 - 기타,승용,여,29세,상해없음,승용,여,24세,경상
2014062900100338,2014년 6월 29일 16시,일요일,부산광역시 연제구 연산동,경상사고,0,0,1,0,차대차 - 기타,안전운전불이행,건조,맑음,단일로 - 기타,승용,남,63세,상해없음,승용,남,73세,경상
2014062900100374,2014년 6월 29일 17시,일요일,부산광역시 남구 대연동,중상사고,0,1,0,0,차대차 - 추돌 - 진행중,안전운전불이행,건조,맑음,교차로 - 교차로부근,승용,여,45세,상해없음,승용,여,51세,중상
2014062900100375,2014년 6월 29일 17시,일요일,부산광역시 동래구 온천동,경상사고,0,0,1,0,차대사람 - 기타,안전운전불이행,건조,맑음,단일로 - 기타,승용,여,57세,기타불명,보행자,남,62세,경상
2014062900100429,2014년 6월 29일 19시,일요일,부산광역시 사상구 주례동,중상사고,0,1,0,0,차대사람 - 기타,안전운전불이행,건조,맑음,교차로 - 교차로안,승용,남,29세,상해없음,보행자,남,87세,중상
2014062900100458,2014년 6월 29일 20시,일요일,부산광역시 영도구 동삼동,중상사고,0,1,0,0,차대차 - 측면직각충돌,교차로운행방법위반,건조,맑음,교차로 - 교차로안,승용,남,46세,상해없음,승용,남,65세,상해없음
2014062900100459,2014년 6월 29일 20시,일요일,부산광역시 해운대구 재송동,경상사고,0,0,2,0,차대차 - 추돌 - 진행중,안전운전불이행,건조,맑음,단일로 - 기타,화물,남,56세,상해없음,화물,남,44세,경상
2014062900100475,2014년 6월 29일 21시,일요일,부산광역시 북구 화명동,경상사고,0,0,1,0,차대사람 - 횡단중,신호위반,건조,맑음,교차로 - 교차로부근,이륜,남,17세,상해없음,보행자,여,15세,경상
2014062900100476,2014년 6월 29일 21시,일요일,부산광역시 동래구 온천동,중상사고,0,1,0,0,차대사람 - 횡단중,안전운전불이행,건조,맑음,교차로 - 교차로안,승용,남,46세,상해없음,보행자,남,47세,중상
2014062900100477,2014년 6월 29일 21시,일요일,부산광역시 금정구 구서동,경상사고,0,0,1,0,차대차 - 추돌 - 주정차중,안전거리미확보,건조,맑음,단일로 - 기타,승용,여,64세,상해없음,승용,남,45세,경상
2014062900100525,2014년 6월 29일 23시,일요일,부산광역시 중구 부평동1가,중상사고,0,1,1,0,차대차 - 측면직각충돌,신호위반,건조,맑음,교차로 - 교차로안,승용,남,54세,상해없음,이륜,남,56세,경상
2014062900100526,2014년 6월 29일 23시,일요일,부산광역시 기장군 일광면,부상신고사고,0,0,0,1,차량단독 - 공작물충돌,안전운전불이행,건조,맑음,단일로 - 기타,승용,남,34세,부상신고,,,,
2014063000100014,2014년 6월 30일 01시,월요일,부산광역시 부산진구 범천동,중상사고,0,1,0,0,차대사람 - 기타,안전운전불이행,건조,맑음,단일로 - 기타,승용,남,54세,상해없음,보행자,여,28세,중상
2014063000100015,2014년 6월 30일 01시,월요일,부산광역시 사하구 신평동,경상사고,0,0,2,0,차대차 - 측면직각충돌,신호위반,건조,맑음,교차로 - 교차로안,승용,여,32세,상해없음,승용,남,52세,상해없음
2014063000100030,2014년 6월 30일 03시,월요일,부산광역시 해운대구 반여동,부상신고사고,0,0,0,1,차량단독 - 공작물충돌,안전운전불이행,건조,맑음,단일로 - 기타,이륜,여,21세,상해없음,,,,
2014063000100072,2014년 6월 30일 07시,월요일,부산광역시 수영구 광안동,경상사고,0,0,1,0,차대차 - 기타,안전거리미확보,건조,맑음,교차로 - 교차로부근,승용,남,44세,상해없음,승용,남,75세,경상
2014063000100073,2014년 6월 30일 07시,월요일,부산광역시 부산진구 부전동,중상사고,0,2,1,0,차대차 - 기타,과속,건조,맑음,교차로 - 교차로부근,승용,남,48세,중상,승용,남,62세,중상
2014063000100144,2014년 6월 30일 09시,월요일,부산광역시 남구 우암동,중상사고,0,1,0,0,차대사람 - 횡단중,안전운전불이행,건조,맑음,단일로 - 기타,승용,남,56세,상해없음,보행자,여,68세,중상
2014063000100145,2014년 6월 30일 09시,월요일,부산광역시 영도구 남항동1가,중상사고,0,1,0,0,차대사람 - 보도통행중,보행자보호의무위반,건조,맑음,단일로 - 횡단보도상,승용,남,54세,상해없음,보행자,남,75세,중상
2014063000100173,2014년 6월 30일 10시,월요일,부산광역시 서구 아미동1가,경상사고,0,0,1,0,차대차 - 추돌 - 주정차중,안전거리미확보,기타,맑음,단일로 - 기타,승용,여,39세,상해없음,승용,남,36세,상해없음
2014063000100232,2014년 6월 30일 12시,월요일,부산광역시 동구 좌천동,부상신고사고,0,0,0,1,차대차 - 추돌 - 주정차중,안전운전불이행,건조,맑음,단일로 - 기타,승용,여,39세,상해없음,승용,남,56세,부상신고
2014063000100233,2014년 6월 30일 12시,월요일,부산광역시 영도구 동삼동,경상사고,0,0,1,0,차대차 - 측면직각충돌,안전운전불이행,건조,맑음,단일로 - 기타,승용,남,25세,상해없음,승용,남,62세,경상
2014063000100234,2014년 6월 30일 12시,월요일,부산광역시 해운대구 우동,중상사고,0,1,0,0,차대사람 - 기타,안전운전불이행,기타,맑음,단일로 - 기타,화물,남,51세,상해없음,보행자,남,23세,중상
2014063000100235,2014년 6월 30일 12시,월요일,부산광역시 해운대구 중동,부상신고사고,0,0,0,1,차대사람 - 횡단중,안전운전불이행,건조,맑음,교차로 - 교차로부근,승용,여,21세,상해없음,보행자,남,54세,부상신고
2014063000100300,2014년 6월 30일 14시,월요일,부산광역시 금정구 장전동,경상사고,0,0,2,0,차대차 - 측면직각충돌,신호위반,습기,비,교차로 - 교차로안,승용,남,29세,상해없음,승용,남,62세,경상
2014063000100331,2014년 6월 30일 15시,월요일,부산광역시 사하구 감천동,경상사고,0,0,1,0,차대사람 - 길가장자리구역통행중,안전운전불이행,건조,맑음,단일로 - 기타,승용,기타불명,기타불명,기타불명,보행자,여,45세,경상
2014063000100376,2014년 6월 30일 16시,월요일,부산광역시 해운대구 우동,경상사고,0,0,1,0,차대사람 - 횡단중,안전운전불이행,건조,맑음,단일로 - 기타,특수,남,29세,상해없음,보행자,여,6세,경상
2014063000100377,2014년 6월 30일 16시,월요일,부산광역시 부산진구 범천동,중상사고,0,1,0,0,차대사람 - 기타,안전운전불이행,건조,맑음,단일로 - 기타,화물,남,35세,상해없음,보행자,여,48세,중상
2014063000100378,2014년 6월 30일 16시,월요일,부산광역시 연제구 거제동,중상사고,0,1,1,0,차대차 - 추돌 - 주정차중,안전거리미확보,건조,맑음,교차로 - 교차로부근,승용,남,65세,상해없음,승용,여,65세,경상
2014063000100379,2014년 6월 30일 16시,월요일,부산광역시 사상구 덕포동,경상사고,0,0,1,0,차대차 - 측면직각충돌,교차로운행방법위반,건조,맑음,교차로 - 교차로안,승용,남,66세,상해없음,원동기,여,25세,경상
2014063000100425,2014년 6월 30일 17시,월요일,부산광역시 부산진구 당감동,중상사고,0,1,0,0,차대차 - 기타,기타,건조,맑음,단일로 - 기타,승용,남,71세,상해없음,원동기,남,23세,중상
2014063000100456,2014년 6월 30일 18시,월요일,부산광역시 사하구 하단동,경상사고,0,0,1,0,차대사람 - 기타,안전운전불이행,건조,맑음,단일로 - 기타,승용,남,55세,상해없음,보행자,남,27세,경상
2014063000100457,2014년 6월 30일 18시,월요일,부산광역시 사하구 구평동,중상사고,0,1,0,0,차대사람 - 횡단중,신호위반,건조,맑음,교차로 - 교차로부근,승용,남,43세,상해없음,보행자,여,64세,중상
2014063000100490,2014년 6월 30일 19시,월요일,부산광역시 북구 덕천동,부상신고사고,0,0,0,1,차대사람 - 기타,불법유턴,건조,맑음,단일로 - 기타,승용,남,56세,상해없음,보행자,남,49세,부상신고
2014063000100491,2014년 6월 30일 19시,월요일,부산광역시 사하구 다대동,경상사고,0,0,1,0,차대사람 - 횡단중,안전운전불이행,건조,맑음,단일로 - 기타,이륜,남,50세,상해없음,보행자,남,9세,경상
2014063000100530,2014년 6월 30일 20시,월요일,부산광역시 금정구 구서동,경상사고,0,0,1,0,차대차 - 측면직각충돌,신호위반,건조,맑음,교차로 - 교차로안,승용,여,57세,상해없음,이륜,남,17세,경상
2014063000100566,2014년 6월 30일 21시,월요일,부산광역시 동구 좌천동,경상사고,0,0,1,0,차대차 - 측면직각충돌,신호위반,건조,맑음,교차로 - 교차로안,특수,남,48세,상해없음,승용,남,51세,경상
2014063000100567,2014년 6월 30일 21시,월요일,부산광역시 수영구 남천동,경상사고,0,0,1,0,차대사람 - 기타,안전운전불이행,건조,맑음,교차로 - 교차로안,승용,남,46세,상해없음,보행자,여,28세,경상
2014063000100568,2014년 6월 30일 21시,월요일,부산광역시 해운대구 송정동,경상사고,0,0,1,0,차대차 - 측면직각충돌,안전거리미확보,건조,맑음,단일로 - 기타,이륜,남,17세,상해없음,이륜,남,16세,경상
2014063000100569,2014년 6월 30일 21시,월요일,부산광역시 해운대구 반송동,경상사고,0,0,1,0,차대차 - 추돌 - 진행중,신호위반,건조,맑음,교차로 - 교차로부근,화물,남,59세,상해없음,승용,남,30세,경상
2014063000100604,2014년 6월 30일 22시,월요일,부산광역시 동구 범일동,경상사고,0,0,1,0,차대차 - 기타,중앙선침범,건조,맑음,교차로 - 교차로부근,승용,여,51세,기타불명,승용,남,54세,경상
2014063000100605,2014년 6월 30일 22시,월요일,부산광역시 영도구 남항동3가,경상사고,0,0,1,0,차대차 - 기타,안전운전불이행,건조,맑음,단일로 - 교량,특수,남,54세,상해없음,승용,여,56세,경상
2014063000100606,2014년 6월 30일 22시,월요일,부산광역시 금정구 서동,부상신고사고,0,0,0,1,차대사람 - 길가장자리구역통행중,안전운전불이행,건조,맑음,교차로 - 교차로부근,승용,남,48세,상해없음,보행자,남,39세,부상신고
2014063000100607,2014년 6월 30일 22시,월요일,부산광역시 수영구 망미동,경상사고,0,0,2,1,차대차 - 기타,안전거리미확보,건조,맑음,단일로 - 기타,승용,여,36세,경상,승용,남,27세,상해없음
2014063000100638,2014년 6월 30일 23시,월요일,부산광역시 중구 부평동3가,경상사고,0,0,4,0,차대차 - 측면직각충돌,교차로운행방법위반,건조,맑음,교차로 - 교차로안,승용,남,52세,상해없음,승용,남,35세,경상
2014063000100639,2014년 6월 30일 23시,월요일,부산광역시 동래구 안락동,중상사고,0,1,1,0,차대차 - 측면직각충돌,신호위반,건조,맑음,교차로 - 교차로안,승용,남,19세,상해없음,승용,여,47세,중상
2014070100100027,2014년 7월 1일 01시,화요일,부산광역시 부산진구 부암동,중상사고,0,1,3,0,차대차 - 측면직각충돌,신호위반,건조,맑음,교차로 - 교차로안,승용,남,61세,상해없음,승용,남,54세,중상
2014070100100028,2014년 7월 1일 01시,화요일,부산광역시 연제구 거제동,경상사고,0,0,2,0,차대차 - 기타,신호위반,건조,맑음,교차로 - 교차로안,승용,남,26세,상해없음,승용,남,65세,경상
2014070100100040,2014년 7월 1일 02시,화요일,부산광역시 부산진구 전포동,경상사고,0,0,1,0,차대차 - 측면직각충돌,신호위반,건조,맑음,교차로 - 교차로안,화물,남,39세,상해없음,승용,남,38세,경상
2014070100100053,2014년 7월 1일 04시,화요일,부산광역시 금정구 부곡동,중상사고,0,1,0,0,차량단독 - 전도전복,안전운전불이행,건조,맑음,단일로 - 기타,원동기,남,31세,중상,,,,
2014070100100068,2014년 7월 1일 06시,화요일,부산광역시 부산진구 당감동,경상사고,0,0,2,0,차대차 - 기타,안전운전불이행,기타,맑음,단일로 - 기타,승용,남,27세,상해없음,승용,남,33세,경상
2014070100100077,2014년 7월 1일 07시,화요일,부산광역시 해운대구 반여동,경상사고,0,0,1,0,차대차 - 기타,교차로운행방법위반,건조,맑음,교차로 - 교차로안,화물,남,54세,상해없음,자전거,남,26세,경상
2014070100100078,2014년 7월 1일 07시,화요일,부산광역시 부산진구 연지동,부상신고사고,0,0,0,1,차대사람 - 차도통행중,안전운전불이행,건조,맑음,교차로 - 교차로부근,승용,남,62세,상해없음,보행자,남,26세,부상신고
2014070100100079,2014년 7월 1일 07시,화요일,부산광역시 수영구 망미동,중상사고,0,1,0,0,차대사람 - 기타,안전운전불이행,건조,맑음,단일로 - 기타,원동기,남,26세,상해없음,보행자,여,61세,중상
2014070100100110,2014년 7월 1일 08시,화요일,부산광역시 동래구 안락동,경상사고,0,0,2,0,차대사람 - 횡단중,신호위반,건조,맑음,단일로 - 횡단보도상,승용,남,49세,상해없음,보행자,남,9세,경상
2014070100100111,2014년 7월 1일 08시,화요일,부산광역시 사하구 장림동,경상사고,0,0,1,1,차대차 - 추돌 - 주정차중,안전운전불이행,건조,맑음,단일로 - 기타,승용,여,45세,상해없음,승용,남,29세,상해없음
2014070100100149,2014년 7월 1일 09시,화요일,부산광역시 남구 용호동,경상사고,0,0,1,0,차대차 - 기타,교차로운행방법위반,건조,맑음,교차로 - 교차로안,승용,여,42세,상해없음,승용,남,27세,경상
2014070100100202,2014년 7월 1일 11시,화요일,부산광역시 남구 용호동,경상사고,0,0,1,0,차대차 - 기타,교차로운행방법위반,건조,맑음,교차로 - 교차로안,승용,여,34세,상해없음,승용,남,35세,경상
2014070100100221,2014년 7월 1일 12시,화요일,부산광역시 부산진구 부암동,경상사고,0,0,1,0,차대차 - 측면직각충돌,안전운전불이행,건조,맑음,교차로 - 교차로안,승용,남,62세,상해없음,이륜,남,17세,경상
2014070100100239,2014년 7월 1일 13시,화요일,부산광역시 서구 암남동,경상사고,0,0,1,0,차대차 - 측면직각충돌,차로위반,건조,맑음,교차로 - 교차로안,화물,남,49세,상해없음,화물,남,26세,경상
2014070100100240,2014년 7월 1일 13시,화요일,부산광역시 수영구 광안동,중상사고,0,1,0,0,차대차 - 기타,교차로운행방법위반,건조,맑음,교차로 - 교차로안,승용,남,24세,상해없음,자전거,여,43세,중상
2014070100100262,2014년 7월 1일 14시,화요일,부산광역시 북구 구포동,중상사고,0,1,0,0,차대사람 - 기타,안전운전불이행,건조,맑음,단일로 - 기타,승합,남,38세,상해없음,보행자,남,11세,중상
2014070100100284,2014년 7월 1일 15시,화요일,부산광역시 서구 초장동,경상사고,0,0,2,1,차대차 - 정면충돌,안전운전불이행,건조,맑음,단일로 - 기타,이륜,남,24세,부상신고,승용,남,65세,상해없음
2014070100100285,2014년 7월 1일 15시,화요일,부산광역시 남구 대연동,중상사고,0,1,0,0,차대사람 - 기타,안전운전불이행,건조,맑음,단일로 - 기타,화물,남,44세,상해없음,보행자,여,56세,중상
2014070100100286,2014년 7월 1일 15시,화요일,부산광역시 동래구 온천동,경상사고,0,0,1,0,차대사람 - 길가장자리구역통행중,안전운전불이행,건조,맑음,단일로 - 기타,승용,남,56세,상해없음,보행자,남,79세,경상
2014070100100287,2014년 7월 1일 15시,화요일,부산광역시 금정구 장전동,중상사고,0,1,0,0,차대차 - 추돌 - 진행중,안전운전불이행,건조,맑음,단일로 - 기타,자전거,남,54세,중상,승용,남,62세,상해없음
2014070100100288,2014년 7월 1일 15시,화요일,부산광역시 강서구 송정동,부상신고사고,0,0,0,1,차대차 - 기타,안전운전불이행,건조,맑음,기타 - 기타,화물,남,31세,상해없음,화물,남,54세,상해없음
2014070100100332,2014년 7월 1일 16시,화요일,부산광역시 동구 수정동,중상사고,0,1,0,0,차대사람 - 횡단중,보행자보호의무위반,건조,맑음,단일로 - 횡단보도상,승합,남,23세,상해없음,보행자,여,80세,중상
2014070100100333,2014년 7월 1일 16시,화요일,부산광역시 금정구 남산동,경상사고,0,0,1,0,차대사람 - 기타,안전운전불이행,건조,맑음,단일로 - 기타,승용,여,43세,상해없음,보행자,남,2세,경상
2014070100100334,2014년 7월 1일 16시,화요일,부산광역시 연제구 연산동,중상사고,0,1,0,0,차대사람 - 기타,안전운전불이행,건조,맑음,단일로 - 기타,승용,기타불명,기타불명,기타불명,보행자,여,54세,중상
2014070100100363,2014년 7월 1일 17시,화요일,부산광역시 중구 남포동4가,중상사고,0,1,0,0,차대사람 - 기타,기타,건조,맑음,단일로 - 기타,승합,남,44세,상해없음,보행자,여,79세,중상
2014070100100364,2014년 7월 1일 17시,화요일,부산광역시 서구 서대신동3가,중상사고,0,1,0,0,차대사람 - 횡단중,안전운전불이행,건조,맑음,단일로 - 기타,화물,남,36세,상해없음,보행자,여,71세,중상
2014070100100365,2014년 7월 1일 17시,화요일,부산광역시 해운대구 재송동,중상사고,0,1,0,0,차량단독 - 기타,안전운전불이행,건조,맑음,교차로 - 교차로부근,승용,여,52세,상해없음,,,,
2014070100100366,2014년 7월 1일 17시,화요일,부산광역시 부산진구 양정동,경상사고,0,0,1,0,차대차 - 측면직각충돌,신호위반,건조,맑음,교차로 - 교차로안,승용,남,47세,상해없음,이륜,남,28세,경상
2014070100100409,2014년 7월 1일 18시,화요일,부산광역시 사하구 감천동,중상사고,0,1,0,3,차대차 - 추돌 - 진행중,안전운전불이행,건조,맑음,단일로 - 기타,화물,남,44세,상해없음,승용,남,34세,중상
2014070100100410,2014년 7월 1일 18시,화요일,부산광역시 연제구 거제동,중상사고,0,2,0,0,차대차 - 측면직각충돌,기타,건조,맑음,단일로 - 기타,화물,남,40세,상해없음,이륜,여,51세,중상
2014070100100450,2014년 7월 1일 19시,화요일,부산광역시 수영구 망미동,경상사고,0,0,1,0,차대차 - 측면직각충돌,교차로운행방법위반,건조,맑음,교차로 - 교차로안,승용,남,54세,상해없음,승용,여,45세,경상
2014070100100484,2014년 7월 1일 20시,화요일,부산광역시 수영구 광안동,중상사고,0,1,0,0,차대차 - 기타,중앙선침범,건조,맑음,단일로 - 기타,승용,남,22세,상해없음,이륜,남,44세,중상
2014070100100515,2014년 7월 1일 21시,화요일,부산광역시 연제구 연산동,경상사고,0,0,1,0,차대사람 - 기타,기타,건조,맑음,단일로 - 기타,화물,남,58세,상해없음,보행자,남,48세,경상
2014070100100516,2014년 7월 1일 21시,화요일,부산광역시 사상구 주례동,중상사고,0,1,0,0,차대사람 - 횡단중,안전운전불이행,건조,맑음,단일로 - 횡단보도상,기타불명,기타불명,기타불명,기타불명,보행자,남,56세,중상
2014070100100566,2014년 7월 1일 23시,화요일,부산광역시 남구 용호동,경상사고,0,0,1,0,차대차 - 추돌 - 주정차중,안전운전불이행,건조,맑음,단일로 - 기타,승용,여,33세,상해없음,승용,남,42세,상해없음
2014070200100037,2014년 7월 2일 03시,수요일,부산광역시 사상구 엄궁동,경상사고,0,0,1,0,차대사람 - 횡단중,신호위반,습기,비,교차로 - 교차로부근,승용,남,50세,상해없음,보행자,여,53세,경상
2014070200100038,2014년 7월 2일 03시,수요일,부산광역시 기장군 기장읍,중상사고,0,2,0,0,차대차 - 추돌 - 주정차중,안전운전불이행,건조,맑음,단일로 - 기타,승용,여,49세,중상,승용,남,64세,상해없음