사고번호,사고일시,요일,시군구,사고내용,사망자수,중상자수,경상자수,부상신고자수,사고유형,법규위반,노면상태,기상상태,도로형태,가해운전자 차종,가해운전자 성별,가해운전자 연령,가해운전자 상해정도,피해운전자 차종,피해운전자 성별,피해운전자 연령,피해운전자 상해정도
2014070500100177,2014년 7월 5일 10시,토요일,부산광역시 남구 용호동,경상사고,0,0,1,0,차대차 - 기타,기타,건조,맑음,단일로 - 기타,승용,남,59세,상해없음,자전거,남,21세,경상
2014070500100235,2014년 7월 5일 12시,토요일,부산광역시 수영구 남천동,중상사고,0,1,0,0,차대사람 - 기타,안전운전불이행,건조,맑음,교차로 - 교차로부근,승용,여,57세,상해없음,보행자,여,70세,중상
2014070500100236,2014년 7월 5일 12시,토요일,부산광역시 강서구 송정동,경상사고,0,0,1,0,차대차 - 측면직각충돌,신호위반,건조,맑음,교차로 - 교차로안,승용,남,54세,상해없음,승용,여,26세,경상
2014070500100268,2014년 7월 5일 13시,토요일,부산광역시 동구 좌천동,경상사고,0,0,1,0,차량단독 - 공작물충돌,안전운전불이행,건조,맑음,기타 - 기타,원동기,남,45세,경상,,,,
2014070500100304,2014년 7월 5일 14시,토요일,부산광역시 동래구 명륜동,사망사고,1,0,0,0,차대차 - 추돌 - 주정차중,안전운전불이행,건조,맑음,단일로 - 기타,자전거,남,75세,사망,화물,남,34세,기타불명
2014070500100305,2014년 7월 5일 14시,토요일,부산광역시 해운대구 송정동,경상사고,0,0,1,0,차대차 - 측면직각충돌,안전운전불이행,건조,기타,교차로 - 교차로안,승용,여,29세,상해없음,승용,여,58세,경상
2014070500100306,2014년 7월 5일 14시,토요일,부산광역시 기장군 기장읍,경상사고,0,0,1,0,차대차 - 측면직각충돌,안전거리미확보,건조,맑음,교차로 - 교차로부근,승용,남,59세,상해없음,자전거,여,57세,경상
2014070500100328,2014년 7월 5일 15시,토요일,부산광역시 수영구 수영동,경상사고,0,0,2,0,차대차 - 기타,기타,건조,맑음,단일로 - 기타,화물,남,33세,상해없음,승용,남,38세,경상
2014070500100361,2014년 7월 5일 16시,토요일,부산광역시 동구 초량동,경상사고,0,0,5,0,차대차 - 측면직각충돌,안전운전불이행,건조,맑음,단일로 - 기타,승용,남,38세,상해없음,승합,남,62세,상해없음
2014070500100443,2014년 7월 5일 18시,토요일,부산광역시 중구 남포동3가,부상신고사고,0,0,0,1,차대차 - 기타,기타,건조,흐림,단일로 - 기타,승용,남,51세,상해없음,승합,남,56세,상해없음
2014070500100497,2014년 7월 5일 20시,토요일,부산광역시 남구 문현동,중상사고,0,1,0,0,차대차 - 기타,안전운전불이행,건조,맑음,단일로 - 기타,승용,여,33세,상해없음,원동기,남,22세,중상
2014070500100498,2014년 7월 5일 20시,토요일,부산광역시 사상구 괘법동,경상사고,0,0,2,0,차대차 - 기타,교차로운행방법위반,건조,맑음,단일로 - 기타,승용,남,64세,기타불명,이륜,남,46세,경상
2014070500100535,2014년 7월 5일 21시,토요일,부산광역시 수영구 남천동,중상사고,0,1,0,0,차량단독 - 기타,안전운전불이행,건조,맑음,단일로 - 기타,승합,남,38세,상해없음,,,,
2014070500100536,2014년 7월 5일 21시,토요일,부산광역시 해운대구 우동,중상사고,0,1,0,0,차대사람 - 기타,안전운전불이행,건조,맑음,단일로 - 기타,승용,남,22세,상해없음,보행자,남,53세,중상
2014070500100537,2014년 7월 5일 21시,토요일,부산광역시 수영구 수영동,경상사고,0,0,1,0,차대차 - 추돌 - 주정차중,안전운전불이행,건조,맑음,단일로 - 기타,승용,남,51세,기타불명,승용,남,38세,경상
2014070500100569,2014년 7월 5일 22시,토요일,부산광역시 부산진구 당감동,경상사고,0,0,3,0,차대차 - 추돌 - 주정차중,안전운전불이행,건조,맑음,단일로 - 기타,승용,남,55세,상해없음,이륜,여,52세,기타불명
2014070500100570,2014년 7월 5일 22시,토요일,부산광역시 부산진구 부전동,경상사고,0,0,1,0,차대차 - 기타,차로위반,건조,맑음,단일로 - 기타,승합,남,52세,상해없음,특수,남,54세,경상
2014070500100598,2014년 7월 5일 23시,토요일,부산광역시 남구 대연동,중상사고,0,1,0,0,차대사람 - 기타,안전운전불이행,건조,맑음,기타 - 기타,자전거,남,17세,상해없음,보행자,남,15세,중상
2014070500100599,2014년 7월 5일 23시,토요일,부산광역시 동래구 온천동,중상사고,0,4,0,0,차대차 - 추돌 - 진행중,안전운전불이행,습기,흐림,교차로 - 교차로부근,승용,남,46세,상해없음,승용,남,40세,상해없음
2014070500100600,2014년 7월 5일 23시,토요일,부산광역시 해운대구 우동,중상사고,0,1,0,0,차대사람 - 기타,안전운전불이행,건조,맑음,단일로 - 기타,승용,남,35세,상해없음,보행자,남,49세,중상
2014070600100024,2014년 7월 6일 01시,일요일,부산광역시 기장군 기장읍,경상사고,0,0,1,0,차량단독 - 공작물충돌,안전운전불이행,건조,맑음,단일로 - 기타,승용,남,30세,상해없음,,,,
2014070600100042,2014년 7월 6일 02시,일요일,부산광역시 중구 대청동1가,경상사고,0,0,3,0,차대차 - 측면직각충돌,신호위반,건조,흐림,교차로 - 교차로안,승용,남,34세,상해없음,승용,남,57세,경상
2014070600100056,2014년 7월 6일 03시,일요일,부산광역시 부산진구 개금동,경상사고,0,0,1,0,차대차 - 기타,신호위반,건조,맑음,교차로 - 교차로안,이륜,기타불명,기타불명,기타불명,승용,남,66세,상해없음
2014070600100066,2014년 7월 6일 04시,일요일,부산광역시 남구 대연동,중상사고,0,1,0,0,차대사람 - 기타,기타,습기,비,단일로 - 기타,승용,남,59세,상해없음,보행자,남,19세,중상
2014070600100095,2014년 7월 6일 06시,일요일,부산광역시 북구 덕천동,중상사고,0,1,0,0,차대차 - 측면직각충돌,안전운전불이행,습기,비,단일로 - 기타,승용,남,51세,상해없음,이륜,남,58세,중상
2014070600100107,2014년 7월 6일 07시,일요일,부산광역시 동래구 온천동,중상사고,0,1,0,0,차대사람 - 길가장자리구역통행중,안전운전불이행,습기,비,단일로 - 기타,승용,남,36세,상해없음,보행자,남,50세,중상
2014070600100121,2014년 7월 6일 08시,일요일,부산광역시 연제구 연산동,경상사고,0,0,1,0,차량단독 - 기타,기타,건조,맑음,단일로 - 기타,승용,남,71세,상해없음,,,,
2014070600100122,2014년 7월 6일 08시,일요일,부산광역시 사상구 학장동,경상사고,0,0,1,0,차대차 - 추돌 - 주정차중,안전운전불이행,습기,비,교차로 - 교차로부근,승용,남,23세,기타불명,승용,남,51세,경상
2014070600100140,2014년 7월 6일 09시,일요일,부산광역시 연제구 거제동,경상사고,0,0,3,0,차대차 - 측면직각충돌,신호위반,건조,맑음,교차로 - 교차로안,승용,여,53세,상해없음,승용,남,47세,경상
2014070600100184,2014년 7월 6일 11시,일요일,부산광역시 남구 용당동,중상사고,0,1,0,0,차대차 - 기타,차로위반,습기,비,교차로 - 교차로부근,승용,남,45세,상해없음,이륜,남,27세,중상
2014070600100185,2014년 7월 6일 11시,일요일,부산광역시 부산진구 당감동,경상사고,0,0,4,0,차대차 - 기타,안전운전불이행,건조,맑음,단일로 - 기타,승용,남,18세,경상,승용,남,32세,상해없음
2014070600100186,2014년 7월 6일 11시,일요일,부산광역시 사하구 하단동,경상사고,0,0,1,0,차대차 - 측면직각충돌,신호위반,습기,흐림,교차로 - 교차로안,승용,남,34세,상해없음,승용,남,63세,경상
2014070600100209,2014년 7월 6일 12시,일요일,부산광역시 부산진구 부전동,경상사고,0,0,1,0,차대차 - 측면직각충돌,안전운전불이행,건조,맑음,교차로 - 교차로부근,자전거,여,36세,경상,승용,남,58세,상해없음
2014070600100241,2014년 7월 6일 13시,일요일,부산광역시 사하구 하단동,경상사고,0,0,2,0,차대차 - 추돌 - 진행중,차로위반,습기,흐림,단일로 - 기타,승용,남,59세,상해없음,승용,남,33세,경상
2014070600100288,2014년 7월 6일 15시,일요일,부산광역시 금정구 오륜동,중상사고,0,2,1,0,차대차 - 기타,안전거리미확보,습기,비,단일로 - 기타,승용,여,49세,상해없음,승용,남,45세,경상
2014070600100328,2014년 7월 6일 16시,일요일,부산광역시 해운대구 중동,중상사고,0,1,2,0,차대차 - 추돌 - 진행중,안전운전불이행,건조,맑음,기타 - 기타,승용,여,64세,상해없음,승용,여,30세,중상
2014070600100329,2014년 7월 6일 16시,일요일,부산광역시 기장군 정관면,경상사고,0,0,1,0,차대차 - 추돌 - 주정차중,안전운전불이행,건조,맑음,단일로 - 기타,승용,여,31세,상해없음,화물,남,31세,경상
2014070600100412,2014년 7월 6일 18시,일요일,부산광역시 남구 용호동,경상사고,0,0,1,0,차대차 - 기타,차로위반,건조,맑음,단일로 - 기타,승용,여,53세,상해없음,이륜,남,23세,경상
2014070600100413,2014년 7월 6일 18시,일요일,부산광역시 강서구 성북동,중상사고,0,1,0,0,차량단독 - 전도전복,안전운전불이행,습기,흐림,단일로 - 기타,승용,남,33세,상해없음,,,,
2014070600100477,2014년 7월 6일 20시,일요일,부산광역시 기장군 정관면,경상사고,0,0,4,0,차대차 - 측면직각충돌,신호위반,건조,맑음,교차로 - 교차로안,승용,남,34세,상해없음,승용,남,37세,경상
2014070600100501,2014년 7월 6일 21시,일요일,부산광역시 영도구 남항동1가,경상사고,0,0,1,0,차대차 - 기타,안전운전불이행,건조,맑음,교차로 - 교차로안,이륜,남,24세,상해없음,자전거,남,49세,경상
2014070700100017,2014년 7월 7일 01시,월요일,부산광역시 중구 영주동,중상사고,0,1,1,0,차대차 - 기타,신호위반,습기,비,교차로 - 교차로안,승용,여,53세,상해없음,승용,남,59세,중상
2014070700100026,2014년 7월 7일 02시,월요일,부산광역시 연제구 연산동,중상사고,0,2,0,0,차대차 - 측면직각충돌,안전운전불이행,습기,비,단일로 - 기타,승용,남,43세,상해없음,승용,남,61세,중상
2014070700100043,2014년 7월 7일 05시,월요일,부산광역시 부산진구 부전동,경상사고,0,0,1,0,차대차 - 측면직각충돌,중앙선침범,건조,흐림,교차로 - 교차로안,승용,남,36세,상해없음,승용,남,74세,경상
2014070700100044,2014년 7월 7일 05시,월요일,부산광역시 연제구 연산동,중상사고,0,1,0,0,차대차 - 측면직각충돌,신호위반,건조,맑음,교차로 - 교차로부근,승용,여,41세,상해없음,자전거,남,62세,중상
2014070700100058,2014년 7월 7일 06시,월요일,부산광역시 사상구 감전동,경상사고,0,0,1,0,차대차 - 기타,안전운전불이행,건조,맑음,기타 - 기타,화물,남,57세,상해없음,승용,남,35세,경상
2014070700100078,2014년 7월 7일 07시,월요일,부산광역시 부산진구 양정동,경상사고,0,0,1,0,차대사람 - 기타,안전운전불이행,건조,맑음,단일로 - 기타,이륜,남,31세,상해없음,보행자,남,19세,경상
2014070700100115,2014년 7월 7일 08시,월요일,부산광역시 중구 영주동,중상사고,0,1,0,0,차대차 - 기타,안전운전불이행,습기,비,교차로 - 교차로안,이륜,남,40세,중상,승용,남,41세,상해없음
2014070700100116,2014년 7월 7일 08시,월요일,부산광역시 북구 구포동,경상사고,0,0,2,0,차대차 - 추돌 - 진행중,안전운전불이행,건조,맑음,교차로 - 교차로부근,승용,여,40세,상해없음,승용,남,50세,상해없음
2014070700100117,2014년 7월 7일 08시,월요일,부산광역시 부산진구 당감동,중상사고,0,1,0,0,차대차 - 측면직각충돌,안전운전불이행,건조,맑음,단일로 - 기타,승용,남,32세,기타불명,승용,남,69세,중상
2014070700100118,2014년 7월 7일 08시,월요일,부산광역시 부산진구 가야동,중상사고,0,1,0,0,차대차 - 기타,안전운전불이행,습기,흐림,단일로 - 기타,승용,남,67세,상해없음,승용,남,34세,중상
2014070700100167,2014년 7월 7일 09시,월요일,부산광역시 동구 좌천동,중상사고,0,2,0,0,차량단독 - 기타,안전운전불이행,습기,비,교차로 - 교차로부근,승합,남,48세,상해없음,,,,
2014070700100168,2014년 7월 7일 09시,월요일,부산광역시 서구 아미동1가,중상사고,0,1,0,0,차대사람 - 횡단중,보행자보호의무위반,습기,비,교차로 - 교차로부근,승용,여,38세,상해없음,보행자,남,72세,중상
2014070700100169,2014년 7월 7일 09시,월요일,부산광역시 부산진구 범천동,중상사고,0,1,0,1,차대차 - 측면직각충돌,교차로운행방법위반,습기,비,교차로 - 교차로안,승용,여,37세,부상신고,승용,남,64세,중상
2014070700100170,2014년 7월 7일 09시,월요일,부산광역시 기장군 일광면,중상사고,0,2,0,0,차대차 - 추돌 - 주정차중,안전운전불이행,습기,비,단일로 - 기타,승용,남,67세,상해없음,승용,남,71세,중상
2014070700100201,2014년 7월 7일 10시,월요일,부산광역시 사상구 괘법동,부상신고사고,0,0,0,1,차대차 - 기타,신호위반,건조,맑음,교차로 - 교차로안,원동기,남,60세,부상신고,화물,남,38세,상해없음
2014070700100229,2014년 7월 7일 11시,월요일,부산광역시 남구 용당동,중상사고,0,1,0,0,차대사람 - 횡단중,교차로운행방법위반,건조,맑음,교차로 - 교차로안,승용,여,42세,상해없음,보행자,여,72세,중상
2014070700100230,2014년 7월 7일 11시,월요일,부산광역시 금정구 청룡동,중상사고,0,1,0,0,차대사람 - 횡단중,보행자보호의무위반,습기,흐림,교차로 - 교차로안,승용,여,40세,상해없음,보행자,여,59세,중상
2014070700100257,2014년 7월 7일 12시,월요일,부산광역시 영도구 봉래동5가,중상사고,0,1,0,0,차대차 - 기타,신호위반,건조,맑음,교차로 - 교차로부근,승용,남,44세,상해없음,승용,여,47세,중상
2014070700100258,2014년 7월 7일 12시,월요일,부산광역시 부산진구 전포동,경상사고,0,0,1,0,차대사람 - 기타,안전운전불이행,습기,흐림,단일로 - 기타,승합,여,31세,상해없음,보행자,여,31세,경상
2014070700100288,2014년 7월 7일 13시,월요일,부산광역시 금정구 장전동,경상사고,0,0,1,0,차대사람 - 기타,중앙선침범,습기,비,단일로 - 횡단보도부근,이륜,기타불명,기타불명,기타불명,보행자,여,19세,경상
2014070700100314,2014년 7월 7일 14시,월요일,부산광역시 강서구 송정동,경상사고,0,0,1,0,차대차 - 측면직각충돌,신호위반,건조,흐림,교차로 - 교차로안,승용,남,53세,상해없음,화물,남,50세,경상
2014070700100342,2014년 7월 7일 15시,월요일,부산광역시 금정구 장전동,중상사고,0,1,0,0,차대사람 - 기타,안전운전불이행,건조,맑음,단일로 - 기타,승용,남,76세,상해없음,보행자,여,85세,중상
2014070700100368,2014년 7월 7일 16시,월요일,부산광역시 남구 대연동,부상신고사고,0,0,0,1,차대사람 - 기타,안전운전불이행,건조,맑음,단일로 - 기타,승용,기타불명,기타불명,기타불명,보행자,여,13세,부상신고
2014070700100369,2014년 7월 7일 16시,월요일,부산광역시 북구 덕천동,경상사고,0,0,1,0,차대사람 - 횡단중,안전운전불이행,건조,맑음,단일로 - 횡단보도상,승용,남,28세,상해없음,보행자,여,61세,경상
2014070700100370,2014년 7월 7일 16시,월요일,부산광역시 동래구 온천동,중상사고,0,2,0,0,차대차 - 측면직각충돌,교차로운행방법위반,습기,흐림,교차로 - 교차로안,원동기,남,62세,중상,승용,여,26세,상해없음
2014070700100404,2014년 7월 7일 17시,월요일,부산광역시 남구 용호동,중상사고,0,1,0,0,차대사람 - 횡단중,보행자보호의무위반,건조,맑음,교차로 - 교차로부근,승용,여,40세,상해없음,보행자,여,57세,중상
2014070700100433,2014년 7월 7일 18시,월요일,부산광역시 동구 좌천동,중상사고,0,1,0,0,차대차 - 기타,불법유턴,건조,맑음,단일로 - 횡단보도상,자전거,여,22세,중상,승용,남,53세,상해없음
2014070700100434,2014년 7월 7일 18시,월요일,부산광역시 남구 대연동,경상사고,0,0,1,0,차대사람 - 횡단중,안전운전불이행,건조,맑음,단일로 - 기타,승용,남,27세,상해없음,보행자,여,26세,경상
2014070700100435,2014년 7월 7일 18시,월요일,부산광역시 금정구 부곡동,중상사고,0,1,0,0,차대차 - 기타,교차로운행방법위반,습기,비,교차로 - 교차로안,승용,남,50세,상해없음,이륜,남,19세,중상
2014070700100466,2014년 7월 7일 19시,월요일,부산광역시 사하구 신평동,중상사고,0,1,0,0,차대차 - 기타,안전운전불이행,건조,맑음,교차로 - 교차로부근,승용,남,63세,상해없음,자전거,여,55세,중상
2014070700100467,2014년 7월 7일 19시,월요일,부산광역시 사상구 모라동,중상사고,0,1,1,0,차대차 - 기타,교차로운행방법위반,건조,맑음,교차로 - 교차로부근,자전거,남,14세,중상,승용,남,58세,상해없음
2014070700100490,2014년 7월 7일 20시,월요일,부산광역시 해운대구 재송동,부상신고사고,0,0,0,1,차대차 - 추돌 - 진행중,안전운전불이행,건조,맑음,단일로 - 횡단보도부근,원동기,남,35세,상해없음,승용,남,68세,상해없음
2014070700100491,2014년 7월 7일 20시,월요일,부산광역시 강서구 대저2동,경상사고,0,0,2,0,차대차 - 기타,신호위반,건조,흐림,교차로 - 교차로안,승용,여,46세,상해없음,화물,남,62세,경상
2014070700100521,2014년 7월 7일 21시,월요일,부산광역시 동구 수정동,경상사고,0,0,1,1,차대차 - 기타,안전운전불이행,건조,맑음,단일로 - 기타,원동기,남,45세,부상신고,원동기,여,39세,경상
2014070700100522,2014년 7월 7일 21시,월요일,부산광역시 수영구 수영동,경상사고,0,0,1,0,차대차 - 추돌 - 주정차중,안전운전불이행,건조,맑음,단일로 - 기타,승용,남,41세,상해없음,승용,남,34세,경상
2014070700100552,2014년 7월 7일 22시,월요일,부산광역시 북구 덕천동,경상사고,0,0,1,0,차대사람 - 기타,안전운전불이행,건조,맑음,단일로 - 기타,승합,남,57세,기타불명,보행자,여,31세,경상
2014070700100553,2014년 7월 7일 22시,월요일,부산광역시 동래구 사직동,경상사고,0,0,1,0,차대사람 - 길가장자리구역통행중,안전운전불이행,건조,맑음,단일로 - 기타,승용,남,19세,상해없음,보행자,여,28세,경상
2014070700100554,2014년 7월 7일 22시,월요일,부산광역시 영도구 청학동,중상사고,0,1,0,0,차대사람 - 기타,보행자보호의무위반,건조,맑음,단일로 - 횡단보도상,승용,남,49세,상해없음,보행자,남,64세,중상
2014070700100555,2014년 7월 7일 22시,월요일,부산광역시 해운대구 좌동,경상사고,0,0,1,0,차대차 - 정면충돌,교차로운행방법위반,건조,맑음,교차로 - 교차로부근,승용,여,62세,상해없음,승용,남,32세,경상
2014070700100556,2014년 7월 7일 22시,월요일,부산광역시 해운대구 우동,중상사고,0,1,0,0,차대차 - 기타,교차로운행방법위반,기타,맑음,단일로 - 기타,이륜,남,24세,상해없음,이륜,여,47세,중상
2014070700100584,2014년 7월 7일 23시,월요일,부산광역시 수영구 광안동,중상사고,0,1,1,1,차대차 - 추돌 - 주정차중,안전운전불이행,습기,흐림,단일로 - 기타,승용,남,49세,상해없음,승용,남,43세,경상
2014070700100585,2014년 7월 7일 23시,월요일,부산광역시 사상구 주례동,중상사고,0,1,0,0,차대사람 - 횡단중,안전운전불이행,건조,맑음,단일로 - 기타,승용,남,48세,상해없음,보행자,남,46세,중상
2014070800100023,2014년 7월 8일 01시,화요일,부산광역시 북구 덕천동,경상사고,0,0,1,0,차량단독 - 기타,안전운전불이행,건조,맑음,단일로 - 기타,승용,남,26세,경상,,,,
2014070800100024,2014년 7월 8일 01시,화요일,부산광역시 해운대구 우동,중상사고,0,1,0,0,차대차 - 정면충돌,신호위반,건조,맑음,교차로 - 교차로안,이륜,남,18세,중상,승용,남,50세,상해없음
2014070800100037,2014년 7월 8일 02시,화요일,부산광역시 해운대구 우동,중상사고,0,1,0,0,차대차 - 측면직각충돌,신호위반,습기,비,교차로 - 교차로안,승용,남,59세,상해없음,자전거,남,67세,중상
2014070800100038,2014년 7월 8일 02시,화요일,부산광역시 해운대구 반여동,경상사고,0,0,3,0,차대차 - 기타,신호위반,건조,맑음,단일로 - 기타,승용,여,55세,상해없음,승용,남,31세,경상
2014070800100039,2014년 7월 8일 02시,화요일,부산광역시 연제구 연산동,경상사고,0,0,1,0,차대사람 - 길가장자리구역통행중,안전운전불이행,건조,흐림,단일로 - 기타,승용,남,50세,상해없음,보행자,남,54세,경상
2014070800100048,2014년 7월 8일 03시,화요일,부산광역시 동래구 명장동,부상신고사고,0,0,0,1,차대차 - 측면직각충돌,신호위반,습기,비,교차로 - 교차로안,승용,기타불명,기타불명,기타불명,승용,남,57세,부상신고
2014070800100049,2014년 7월 8일 03시,화요일,부산광역시 부산진구 부암동,부상신고사고,0,0,0,1,차대차 - 측면직각충돌,신호위반,습기,비,교차로 - 교차로안,화물,남,45세,상해없음,승용,남,58세,부상신고
2014070800100057,2014년 7월 8일 04시,화요일,부산광역시 해운대구 중동,중상사고,0,1,0,0,차대사람 - 횡단중,안전운전불이행,습기,비,기타 - 기타,승용,남,23세,상해없음,보행자,여,69세,중상
2014070800100066,2014년 7월 8일 05시,화요일,부산광역시 해운대구 우동,경상사고,0,0,1,0,차대차 - 측면직각충돌,신호위반,건조,맑음,교차로 - 교차로안,승용,남,40세,상해없음,화물,남,58세,경상
2014070800100095,2014년 7월 8일 07시,화요일,부산광역시 중구 보수동1가,중상사고,0,1,1,0,차대차 - 측면직각충돌,교차로운행방법위반,건조,맑음,교차로 - 교차로안,승용,남,48세,상해없음,승용,남,31세,경상
2014070800100096,2014년 7월 8일 07시,화요일,부산광역시 강서구 송정동,경상사고,0,0,1,0,차대차 - 측면직각충돌,신호위반,건조,맑음,교차로 - 교차로안,승용,남,60세,상해없음,승용,남,38세,경상
2014070800100097,2014년 7월 8일 07시,화요일,부산광역시 사상구 학장동,경상사고,0,0,1,0,차대차 - 측면직각충돌,교차로운행방법위반,건조,맑음,교차로 - 교차로안,승용,남,57세,기타불명,승용,남,43세,경상
2014070800100131,2014년 7월 8일 08시,화요일,부산광역시 동래구 온천동,경상사고,0,0,1,0,차대사람 - 횡단중,신호위반,건조,맑음,단일로 - 횡단보도상,승용,남,40세,상해없음,보행자,여,42세,경상
2014070800100132,2014년 7월 8일 08시,화요일,부산광역시 해운대구 재송동,경상사고,0,0,2,0,차대차 - 추돌 - 진행중,안전운전불이행,건조,흐림,교차로 - 교차로안,승용,여,36세,상해없음,승용,남,61세,경상
2014070800100133,2014년 7월 8일 08시,화요일,부산광역시 사상구 감전동,중상사고,0,1,0,0,차대사람 - 기타,안전운전불이행,건조,맑음,단일로 - 기타,화물,남,29세,상해없음,보행자,남,65세,중상
2014070800100173,2014년 7월 8일 09시,화요일,부산광역시 중구 남포동2가,중상사고,0,1,0,0,차대차 - 추돌 - 진행중,안전운전불이행,습기,비,단일로 - 기타,이륜,남,38세,중상,승용,남,69세,상해없음
2014070800100174,2014년 7월 8일 09시,화요일,부산광역시 영도구 대교동2가,경상사고,0,0,1,0,차대사람 - 횡단중,안전운전불이행,건조,맑음,교차로 - 교차로안,승합,남,42세,상해없음,보행자,남,76세,경상
2014070800100175,2014년 7월 8일 09시,화요일,부산광역시 부산진구 부암동,경상사고,0,0,1,0,차대차 - 기타,안전거리미확보,건조,맑음,단일로 - 기타,승합,남,59세,상해없음,승용,남,39세,경상
2014070800100196,2014년 7월 8일 10시,화요일,부산광역시 남구 대연동,경상사고,0,0,1,0,차대차 - 추돌 - 진행중,기타,건조,맑음,단일로 - 기타,승용,여,64세,상해없음,승용,남,49세,경상
2014070800100197,2014년 7월 8일 10시,화요일,부산광역시 사하구 장림동,경상사고,0,0,1,0,차대차 - 기타,신호위반,건조,맑음,교차로 - 교차로안,화물,남,27세,상해없음,승용,남,57세,경상
2014070800100223,2014년 7월 8일 11시,화요일,부산광역시 남구 대연동,경상사고,0,0,1,0,차대사람 - 기타,안전운전불이행,습기,비,교차로 - 교차로부근,승용,남,22세,상해없음,보행자,남,51세,경상
2014070800100224,2014년 7월 8일 11시,화요일,부산광역시 남구 대연동,경상사고,0,0,1,0,차대차 - 기타,안전운전불이행,건조,맑음,단일로 - 기타,승용,여,48세,상해없음,자전거,여,21세,경상
2014070800100225,2014년 7월 8일 11시,화요일,부산광역시 동래구 온천동,중상사고,0,1,3,0,차대차 - 측면직각충돌,안전운전불이행,습기,비,단일로 - 기타,화물,남,53세,상해없음,승용,남,48세,중상
2014070800100226,2014년 7월 8일 11시,화요일,부산광역시 동래구 명륜동,경상사고,0,0,1,0,차대차 - 기타,안전운전불이행,습기,비,단일로 - 기타,승합,남,45세,상해없음,원동기,여,31세,경상
2014070800100291,2014년 7월 8일 13시,화요일,부산광역시 남구 우암동,경상사고,0,0,1,0,차대사람 - 기타,기타,습기,비,기타 - 기타,화물,남,50세,상해없음,보행자,남,40세,경상
2014070800100292,2014년 7월 8일 13시,화요일,부산광역시 금정구 구서동,중상사고,0,1,0,0,차대차 - 측면직각충돌,안전거리미확보,습기,비,단일로 - 기타,승용,여,35세,상해없음,이륜,남,49세,중상
2014070800100293,2014년 7월 8일 13시,화요일,부산광역시 강서구 대저1동,경상사고,0,0,4,0,차대차 - 추돌 - 주정차중,안전거리미확보,습기,비,단일로 - 기타,화물,남,54세,상해없음,승용,여,51세,경상
2014070800100294,2014년 7월 8일 13시,화요일,부산광역시 기장군 정관면,경상사고,0,0,2,0,차대차 - 측면직각충돌,교차로운행방법위반,습기,비,교차로 - 교차로안,승용,여,66세,경상,승용,남,53세,경상
2014070800100323,2014년 7월 8일 14시,화요일,부산광역시 북구 금곡동,경상사고,0,0,1,0,차대차 - 측면직각충돌,안전운전불이행,건조,맑음,교차로 - 교차로안,승용,여,51세,상해없음,승용,여,40세,경상
2014070800100324,2014년 7월 8일 14시,화요일,부산광역시 해운대구 우동,경상사고,0,0,1,0,차대차 - 추돌 - 진행중,안전운전불이행,습기,비,단일로 - 기타,승용,여,23세,상해없음,승용,남,32세,경상
2014070800100325,2014년 7월 8일 14시,화요일,부산광역시 해운대구 반송동,경상사고,0,0,1,0,차대차 - 추돌 - 주정차중,안전운전불이행,습기,비,단일로 - 기타,승용,남,56세,상해없음,승용,여,37세,경상
2014070800100326,2014년 7월 8일 14시,화요일,부산광역시 부산진구 부암동,경상사고,0,0,1,0,차대사람 - 횡단중,안전운전불이행,습기,비,단일로 - 터널,승용,남,43세,상해없음,보행자,남,64세,경상
2014070800100327,2014년 7월 8일 14시,화요일,부산광역시 사상구 엄궁동,중상사고,0,1,0,1,차량단독 - 기타,안전운전불이행,기타,비,단일로 - 기타,화물,남,37세,부상신고,,,,
2014070800100370,2014년 7월 8일 15시,화요일,부산광역시 북구 구포동,중상사고,0,1,0,0,차대차 - 기타,안전운전불이행,건조,맑음,단일로 - 기타,승용,남,30세,상해없음,특수,남,33세,중상
2014070800100371,2014년 7월 8일 15시,화요일,부산광역시 부산진구 개금동,경상사고,0,0,2,0,차대차 - 추돌 - 주정차중,안전운전불이행,건조,맑음,교차로 - 교차로부근,승용,남,65세,기타불명,화물,남,53세,경상
2014070800100411,2014년 7월 8일 16시,화요일,부산광역시 동구 초량동,경상사고,0,0,2,0,차대차 - 측면직각충돌,안전운전불이행,건조,맑음,교차로 - 교차로부근,승용,남,51세,경상,승용,남,33세,경상
2014070800100412,2014년 7월 8일 16시,화요일,부산광역시 영도구 청학동,경상사고,0,0,4,0,차대차 - 측면직각충돌,교차로운행방법위반,건조,맑음,교차로 - 교차로안,승용,남,31세,상해없음,승용,남,36세,경상
2014070800100445,2014년 7월 8일 17시,화요일,부산광역시 해운대구 중동,중상사고,0,1,1,0,차대사람 - 기타,기타,건조,맑음,단일로 - 기타,승용,여,34세,상해없음,보행자,남,53세,중상
2014070800100446,2014년 7월 8일 17시,화요일,부산광역시 강서구 명지동,중상사고,0,1,0,0,차대차 - 기타,안전거리미확보,건조,맑음,단일로 - 기타,승용,여,46세,상해없음,화물,여,60세,상해없음
2014070800100447,2014년 7월 8일 17시,화요일,부산광역시 사상구 주례동,중상사고,0,1,0,0,차대차 - 측면직각충돌,신호위반,건조,맑음,교차로 - 교차로부근,승용,남,71세,상해없음,이륜,여,21세,중상
2014070800100522,2014년 7월 8일 19시,화요일,부산광역시 동구 좌천동,경상사고,0,0,1,0,차대차 - 측면직각충돌,안전운전불이행,건조,맑음,교차로 - 교차로부근,승용,남,48세,경상,특수,남,59세,상해없음