사고번호,사고일시,요일,시군구,사고내용,사망자수,중상자수,경상자수,부상신고자수,사고유형,법규위반,노면상태,기상상태,도로형태,가해운전자 차종,가해운전자 성별,가해운전자 연령,가해운전자 상해정도,피해운전자 차종,피해운전자 성별,피해운전자 연령,피해운전자 상해정도
2014071200100338,2014년 7월 12일 14시,토요일,부산광역시 사하구 하단동,경상사고,0,0,2,0,차대차 - 추돌 - 진행중,안전운전불이행,건조,맑음,단일로 - 기타,승용,남,46세,상해없음,승용,남,29세,경상
2014071200100395,2014년 7월 12일 16시,토요일,부산광역시 중구 부평동2가,중상사고,0,1,0,0,차대사람 - 기타,안전운전불이행,건조,맑음,단일로 - 기타,이륜,남,69세,상해없음,보행자,여,82세,중상
2014071200100396,2014년 7월 12일 16시,토요일,부산광역시 강서구 대저2동,중상사고,0,2,2,0,차대차 - 추돌 - 주정차중,안전운전불이행,건조,맑음,교차로 - 교차로부근,승합,남,54세,상해없음,화물,남,63세,경상
2014071200100397,2014년 7월 12일 16시,토요일,부산광역시 사상구 괘법동,중상사고,0,1,0,0,차량단독 - 전도전복,안전운전불이행,건조,맑음,단일로 - 기타,이륜,남,50세,중상,,,,
2014071200100446,2014년 7월 12일 18시,토요일,부산광역시 해운대구 송정동,경상사고,0,0,2,0,차대차 - 추돌 - 진행중,중앙선침범,건조,맑음,교차로 - 교차로부근,화물,남,49세,상해없음,승용,남,28세,경상
2014071200100447,2014년 7월 12일 18시,토요일,부산광역시 연제구 연산동,경상사고,0,0,1,0,차대사람 - 기타,기타,건조,맑음,단일로 - 기타,승용,남,54세,상해없음,보행자,여,40세,경상
2014071200100469,2014년 7월 12일 19시,토요일,부산광역시 금정구 구서동,부상신고사고,0,0,0,1,차대차 - 측면직각충돌,안전운전불이행,건조,맑음,교차로 - 교차로안,자전거,여,12세,부상신고,승용,남,41세,상해없음
2014071200100470,2014년 7월 12일 19시,토요일,부산광역시 사상구 모라동,중상사고,0,1,0,0,차대차 - 기타,안전운전불이행,건조,맑음,교차로 - 교차로안,승용,남,49세,상해없음,이륜,남,70세,중상
2014071200100504,2014년 7월 12일 20시,토요일,부산광역시 동래구 온천동,경상사고,0,0,2,0,차대차 - 측면직각충돌,신호위반,건조,맑음,교차로 - 교차로안,승용,남,28세,상해없음,승용,남,64세,경상
2014071200100505,2014년 7월 12일 20시,토요일,부산광역시 사하구 다대동,경상사고,0,0,2,0,차대차 - 측면직각충돌,중앙선침범,건조,흐림,단일로 - 기타,승용,여,53세,상해없음,승용,남,45세,경상
2014071200100533,2014년 7월 12일 21시,토요일,부산광역시 동구 초량동,경상사고,0,0,1,0,차대사람 - 기타,안전운전불이행,건조,맑음,단일로 - 기타,승용,남,28세,상해없음,보행자,남,50세,경상
2014071200100570,2014년 7월 12일 22시,토요일,부산광역시 동래구 안락동,중상사고,0,1,0,0,차대차 - 측면직각충돌,직진우회전진행방해,습기,맑음,교차로 - 교차로안,승용,남,21세,상해없음,이륜,남,45세,중상
2014071200100571,2014년 7월 12일 22시,토요일,부산광역시 금정구 회동동,중상사고,0,2,0,1,차대차 - 측면직각충돌,중앙선침범,건조,맑음,단일로 - 기타,화물,남,55세,부상신고,승용,남,46세,중상
2014071200100572,2014년 7월 12일 22시,토요일,부산광역시 기장군 기장읍,경상사고,0,0,1,0,차대차 - 측면직각충돌,안전운전불이행,건조,맑음,단일로 - 기타,이륜,남,17세,경상,승용,여,46세,상해없음
2014071200100597,2014년 7월 12일 23시,토요일,부산광역시 동구 범일동,중상사고,0,1,0,0,차대사람 - 기타,안전운전불이행,건조,맑음,단일로 - 기타,승용,남,26세,상해없음,보행자,남,28세,중상
2014071300100003,2014년 7월 13일 00시,일요일,부산광역시 남구 감만동,중상사고,0,1,0,0,차대차 - 기타,안전운전불이행,건조,맑음,단일로 - 기타,승용,남,40세,상해없음,승용,남,34세,중상
2014071300100004,2014년 7월 13일 00시,일요일,부산광역시 북구 구포동,중상사고,0,1,0,0,차대사람 - 차도통행중,안전운전불이행,습기,흐림,단일로 - 기타,승용,남,61세,상해없음,보행자,남,42세,중상
2014071300100005,2014년 7월 13일 00시,일요일,부산광역시 해운대구 우동,경상사고,0,0,4,0,차대차 - 추돌 - 진행중,안전운전불이행,건조,맑음,단일로 - 기타,승용,남,41세,상해없음,승용,여,53세,경상
2014071300100006,2014년 7월 13일 00시,일요일,부산광역시 부산진구 양정동,경상사고,0,0,4,0,차대차 - 측면직각충돌,신호위반,습기,비,교차로 - 교차로안,승용,남,56세,상해없음,승용,남,59세,경상
2014071300100007,2014년 7월 13일 00시,일요일,부산광역시 강서구 명지동,경상사고,0,0,1,1,차대차 - 추돌 - 진행중,안전운전불이행,건조,맑음,교차로 - 교차로안,승용,남,25세,상해없음,승용,남,51세,경상
2014071300100031,2014년 7월 13일 01시,일요일,부산광역시 서구 토성동5가,중상사고,0,1,0,0,차대사람 - 횡단중,보행자보호의무위반,습기,비,단일로 - 횡단보도상,승용,여,27세,상해없음,보행자,남,26세,중상
2014071300100032,2014년 7월 13일 01시,일요일,부산광역시 동래구 명륜동,중상사고,0,2,4,0,차대차 - 추돌 - 주정차중,안전운전불이행,건조,맑음,교차로 - 교차로부근,승용,남,51세,상해없음,승용,남,49세,중상
2014071300100033,2014년 7월 13일 01시,일요일,부산광역시 해운대구 좌동,경상사고,0,0,1,0,차대차 - 추돌 - 진행중,안전운전불이행,습기,비,단일로 - 기타,승용,기타불명,기타불명,기타불명,이륜,남,38세,경상
2014071300100034,2014년 7월 13일 01시,일요일,부산광역시 금정구 서동,경상사고,0,0,1,0,차대사람 - 기타,안전운전불이행,습기,비,단일로 - 기타,승용,남,52세,상해없음,보행자,여,42세,경상
2014071300100035,2014년 7월 13일 01시,일요일,부산광역시 금정구 장전동,부상신고사고,0,0,0,1,차대차 - 측면직각충돌,안전거리미확보,건조,맑음,교차로 - 교차로부근,승용,남,56세,부상신고,승용,남,51세,상해없음
2014071300100074,2014년 7월 13일 03시,일요일,부산광역시 수영구 광안동,경상사고,0,0,1,0,차대사람 - 차도통행중,안전운전불이행,습기,비,단일로 - 기타,승용,남,51세,상해없음,보행자,남,82세,경상
2014071300100075,2014년 7월 13일 03시,일요일,부산광역시 부산진구 부전동,중상사고,0,1,0,0,차대사람 - 횡단중,안전운전불이행,습기,비,교차로 - 교차로안,승용,남,58세,상해없음,보행자,남,36세,중상
2014071300100076,2014년 7월 13일 03시,일요일,부산광역시 사하구 하단동,중상사고,0,1,0,0,차대차 - 측면직각충돌,안전거리미확보,습기,비,단일로 - 기타,승용,남,72세,상해없음,승용,남,34세,상해없음
2014071300100091,2014년 7월 13일 04시,일요일,부산광역시 부산진구 전포동,사망사고,1,0,0,0,차량단독 - 공작물충돌,안전운전불이행,습기,비,단일로 - 기타,승용,여,29세,사망,,,,
2014071300100092,2014년 7월 13일 04시,일요일,부산광역시 강서구 명지동,중상사고,0,1,0,0,차대차 - 측면직각충돌,신호위반,습기,비,교차로 - 교차로안,승용,남,51세,상해없음,승용,남,53세,상해없음
2014071300100106,2014년 7월 13일 05시,일요일,부산광역시 북구 구포동,중상사고,0,1,0,0,차대차 - 추돌 - 주정차중,안전운전불이행,습기,비,단일로 - 기타,승용,남,28세,중상,화물,남,54세,상해없음
2014071300100107,2014년 7월 13일 05시,일요일,부산광역시 해운대구 반여동,중상사고,0,1,0,0,차대차 - 추돌 - 진행중,안전운전불이행,습기,비,단일로 - 기타,승용,남,27세,상해없음,승용,남,53세,중상
2014071300100121,2014년 7월 13일 06시,일요일,부산광역시 사상구 괘법동,경상사고,0,0,1,0,차대차 - 추돌 - 진행중,안전운전불이행,습기,비,교차로 - 교차로부근,승용,남,38세,상해없음,승합,남,43세,경상
2014071300100122,2014년 7월 13일 06시,일요일,부산광역시 기장군 철마면,경상사고,0,0,4,0,차대차 - 기타,안전거리미확보,습기,비,교차로 - 교차로부근,승용,남,64세,상해없음,승용,남,40세,경상
2014071300100150,2014년 7월 13일 08시,일요일,부산광역시 중구 영주동,경상사고,0,0,1,0,차대사람 - 횡단중,보행자보호의무위반,건조,맑음,단일로 - 횡단보도상,승합,남,73세,상해없음,보행자,남,18세,경상
2014071300100151,2014년 7월 13일 08시,일요일,부산광역시 해운대구 우동,중상사고,0,1,0,0,차대차 - 측면직각충돌,신호위반,습기,비,교차로 - 교차로안,승용,남,50세,상해없음,승용,남,40세,중상
2014071300100152,2014년 7월 13일 08시,일요일,부산광역시 부산진구 개금동,경상사고,0,0,1,0,차량단독 - 기타,안전운전불이행,습기,비,단일로 - 기타,승용,남,72세,상해없음,,,,
2014071300100164,2014년 7월 13일 09시,일요일,부산광역시 동구 좌천동,중상사고,0,1,0,0,차대사람 - 기타,안전운전불이행,습기,비,단일로 - 기타,원동기,남,44세,상해없음,보행자,여,51세,중상
2014071300100186,2014년 7월 13일 10시,일요일,부산광역시 동구 좌천동,경상사고,0,0,1,0,차대차 - 기타,안전운전불이행,건조,맑음,단일로 - 기타,승용,남,49세,상해없음,승용,남,57세,경상
2014071300100187,2014년 7월 13일 10시,일요일,부산광역시 동구 범일동,중상사고,0,1,0,0,차량단독 - 공작물충돌,안전운전불이행,습기,흐림,미분류 - 미분류,승용,여,60세,상해없음,,,,
2014071300100188,2014년 7월 13일 10시,일요일,부산광역시 연제구 연산동,경상사고,0,0,1,0,차대사람 - 보도통행중,신호위반,건조,맑음,단일로 - 기타,승용,여,47세,상해없음,보행자,여,50세,경상
2014071300100239,2014년 7월 13일 13시,일요일,부산광역시 연제구 연산동,중상사고,0,1,2,0,차대차 - 기타,안전거리미확보,건조,맑음,단일로 - 기타,승용,남,50세,상해없음,승용,남,33세,경상
2014071300100240,2014년 7월 13일 13시,일요일,부산광역시 강서구 녹산동,경상사고,0,0,3,0,차대차 - 추돌 - 주정차중,안전운전불이행,건조,맑음,기타 - 기타,승용,남,51세,상해없음,승용,남,58세,상해없음
2014071300100269,2014년 7월 13일 14시,일요일,부산광역시 부산진구 연지동,중상사고,0,1,0,0,차대사람 - 기타,안전운전불이행,건조,맑음,단일로 - 기타,승용,남,46세,상해없음,보행자,남,46세,중상
2014071300100270,2014년 7월 13일 14시,일요일,부산광역시 사하구 괴정동,경상사고,0,0,1,0,차대사람 - 기타,안전운전불이행,건조,맑음,기타 - 기타,승용,남,44세,상해없음,보행자,남,9세,경상
2014071300100312,2014년 7월 13일 15시,일요일,부산광역시 강서구 명지동,중상사고,0,1,1,0,차대차 - 추돌 - 주정차중,안전운전불이행,건조,맑음,교차로 - 교차로부근,승용,남,32세,상해없음,승용,남,31세,경상
2014071300100313,2014년 7월 13일 15시,일요일,부산광역시 사상구 모라동,경상사고,0,0,1,0,차대차 - 기타,신호위반,건조,맑음,교차로 - 교차로안,이륜,남,15세,경상,이륜,남,27세,상해없음
2014071300100338,2014년 7월 13일 16시,일요일,부산광역시 중구 광복동1가,중상사고,0,2,0,0,차대차 - 추돌 - 주정차중,안전운전불이행,건조,맑음,단일로 - 기타,승용,남,70세,상해없음,승용,남,29세,중상
2014071300100363,2014년 7월 13일 17시,일요일,부산광역시 사하구 다대동,중상사고,0,1,0,0,차대차 - 기타,안전운전불이행,건조,맑음,교차로 - 교차로부근,승용,남,38세,상해없음,이륜,남,54세,중상
2014071300100364,2014년 7월 13일 17시,일요일,부산광역시 수영구 수영동,경상사고,0,0,1,0,차대차 - 기타,안전거리미확보,건조,맑음,단일로 - 기타,승용,남,53세,상해없음,승용,남,56세,경상
2014071300100483,2014년 7월 13일 21시,일요일,부산광역시 사하구 장림동,경상사고,0,0,2,0,차대차 - 추돌 - 주정차중,안전운전불이행,건조,맑음,단일로 - 기타,승용,남,44세,상해없음,승용,남,52세,경상
2014071300100518,2014년 7월 13일 23시,일요일,부산광역시 사하구 당리동,중상사고,0,1,0,0,차대사람 - 기타,신호위반,건조,맑음,단일로 - 기타,승합,남,41세,상해없음,보행자,남,53세,중상
2014071400100004,2014년 7월 14일 00시,월요일,부산광역시 사상구 엄궁동,경상사고,0,0,1,0,차대차 - 추돌 - 주정차중,안전운전불이행,건조,맑음,교차로 - 교차로부근,승용,남,59세,상해없음,승용,남,46세,경상
2014071400100018,2014년 7월 14일 01시,월요일,부산광역시 해운대구 재송동,경상사고,0,0,2,0,차대차 - 추돌 - 주정차중,안전운전불이행,건조,맑음,단일로 - 기타,승용,남,36세,상해없음,승용,여,44세,경상
2014071400100037,2014년 7월 14일 03시,월요일,부산광역시 금정구 회동동,부상신고사고,0,0,0,1,차대차 - 기타,안전운전불이행,건조,맑음,단일로 - 기타,화물,남,57세,기타불명,승용,남,22세,상해없음
2014071400100051,2014년 7월 14일 05시,월요일,부산광역시 북구 구포동,경상사고,0,0,1,0,차대차 - 기타,불법유턴,건조,맑음,단일로 - 기타,승용,남,53세,상해없음,승용,남,59세,경상
2014071400100060,2014년 7월 14일 06시,월요일,부산광역시 금정구 부곡동,경상사고,0,0,1,0,차대사람 - 기타,안전운전불이행,건조,맑음,교차로 - 교차로안,승합,남,74세,상해없음,보행자,남,24세,경상
2014071400100075,2014년 7월 14일 07시,월요일,부산광역시 서구 서대신동3가,중상사고,0,1,0,0,차대차 - 측면직각충돌,안전운전불이행,기타,맑음,단일로 - 기타,승용,남,62세,상해없음,이륜,남,44세,중상
2014071400100076,2014년 7월 14일 07시,월요일,부산광역시 남구 대연동,중상사고,0,1,0,0,차대차 - 추돌 - 진행중,안전거리미확보,건조,맑음,단일로 - 터널,승용,남,21세,상해없음,원동기,남,31세,상해없음
2014071400100101,2014년 7월 14일 08시,월요일,부산광역시 부산진구 부암동,경상사고,0,0,1,0,차대사람 - 기타,안전운전불이행,건조,맑음,단일로 - 기타,화물,기타불명,기타불명,기타불명,보행자,남,14세,경상
2014071400100170,2014년 7월 14일 10시,월요일,부산광역시 사하구 괴정동,중상사고,0,1,0,0,차대사람 - 횡단중,신호위반,건조,맑음,단일로 - 횡단보도상,승용,여,55세,상해없음,보행자,여,70세,중상
2014071400100171,2014년 7월 14일 10시,월요일,부산광역시 강서구 대저2동,경상사고,0,0,1,0,차대차 - 측면직각충돌,안전운전불이행,건조,맑음,단일로 - 기타,승용,남,43세,상해없음,이륜,남,35세,경상
2014071400100172,2014년 7월 14일 10시,월요일,부산광역시 사상구 학장동,경상사고,0,0,1,0,차대차 - 측면직각충돌,안전운전불이행,건조,맑음,단일로 - 기타,이륜,남,64세,경상,승용,남,49세,상해없음
2014071400100188,2014년 7월 14일 11시,월요일,부산광역시 동래구 낙민동,부상신고사고,0,0,0,1,차대차 - 기타,안전운전불이행,건조,맑음,교차로 - 교차로안,승합,남,44세,상해없음,자전거,남,34세,부상신고
2014071400100189,2014년 7월 14일 11시,월요일,부산광역시 강서구 명지동,경상사고,0,0,2,0,차대차 - 측면직각충돌,교차로운행방법위반,건조,맑음,교차로 - 교차로부근,승용,여,28세,상해없음,승용,남,38세,경상
2014071400100218,2014년 7월 14일 12시,월요일,부산광역시 금정구 구서동,중상사고,0,1,0,0,차대차 - 추돌 - 주정차중,안전운전불이행,건조,맑음,단일로 - 기타,승용,여,58세,상해없음,승용,여,24세,중상
2014071400100238,2014년 7월 14일 13시,월요일,부산광역시 동래구 안락동,중상사고,0,1,0,0,차대차 - 기타,안전운전불이행,건조,맑음,교차로 - 교차로안,승합,남,54세,상해없음,자전거,남,71세,중상
2014071400100239,2014년 7월 14일 13시,월요일,부산광역시 강서구 송정동,경상사고,0,0,1,0,차대차 - 기타,신호위반,건조,맑음,교차로 - 교차로안,화물,남,58세,상해없음,승용,여,37세,경상
2014071400100240,2014년 7월 14일 13시,월요일,부산광역시 사상구 덕포동,중상사고,0,1,0,0,차대차 - 기타,안전운전불이행,건조,맑음,단일로 - 횡단보도부근,승용,남,47세,상해없음,이륜,여,40세,중상
2014071400100270,2014년 7월 14일 14시,월요일,부산광역시 영도구 남항동3가,경상사고,0,0,3,0,차대차 - 기타,신호위반,건조,맑음,교차로 - 교차로안,승용,남,60세,상해없음,승합,남,57세,상해없음
2014071400100271,2014년 7월 14일 14시,월요일,부산광역시 해운대구 우동,경상사고,0,0,1,0,차대차 - 추돌 - 진행중,안전운전불이행,건조,맑음,단일로 - 기타,승용,남,42세,상해없음,승용,남,70세,경상
2014071400100272,2014년 7월 14일 14시,월요일,부산광역시 부산진구 개금동,경상사고,0,0,1,0,차대차 - 기타,안전운전불이행,건조,맑음,단일로 - 기타,승용,여,32세,상해없음,자전거,남,21세,경상
2014071400100302,2014년 7월 14일 15시,월요일,부산광역시 사하구 하단동,경상사고,0,0,1,0,차대차 - 측면직각충돌,신호위반,건조,맑음,교차로 - 교차로부근,화물,기타불명,기타불명,기타불명,자전거,남,13세,경상
2014071400100303,2014년 7월 14일 15시,월요일,부산광역시 사하구 괴정동,경상사고,0,0,1,0,차대차 - 기타,안전운전불이행,건조,맑음,단일로 - 기타,승용,여,58세,상해없음,이륜,남,25세,경상
2014071400100362,2014년 7월 14일 17시,월요일,부산광역시 중구 부평동4가,경상사고,0,0,1,0,차대사람 - 기타,안전운전불이행,건조,맑음,단일로 - 기타,화물,남,40세,기타불명,보행자,여,81세,경상
2014071400100363,2014년 7월 14일 17시,월요일,부산광역시 금정구 남산동,경상사고,0,0,1,0,차대차 - 측면직각충돌,안전운전불이행,건조,맑음,교차로 - 교차로안,원동기,남,19세,경상,승용,남,26세,상해없음
2014071400100481,2014년 7월 14일 20시,월요일,부산광역시 남구 용당동,경상사고,0,0,1,0,차대차 - 기타,안전거리미확보,건조,맑음,단일로 - 기타,화물,남,52세,상해없음,승용,여,38세,경상
2014071400100482,2014년 7월 14일 20시,월요일,부산광역시 북구 덕천동,중상사고,0,1,0,0,차대차 - 기타,신호위반,건조,맑음,교차로 - 교차로안,승용,여,40세,상해없음,승용,남,38세,중상
2014071400100512,2014년 7월 14일 21시,월요일,부산광역시 연제구 연산동,경상사고,0,0,1,0,차대차 - 기타,교차로운행방법위반,건조,맑음,교차로 - 교차로안,승용,남,52세,상해없음,이륜,남,16세,상해없음
2014071400100549,2014년 7월 14일 22시,월요일,부산광역시 동구 초량동,경상사고,0,0,1,0,차대사람 - 횡단중,안전운전불이행,건조,맑음,단일로 - 기타,승용,여,46세,상해없음,보행자,남,66세,경상
2014071400100550,2014년 7월 14일 22시,월요일,부산광역시 동구 초량동,경상사고,0,0,1,0,차대사람 - 길가장자리구역통행중,안전운전불이행,건조,맑음,단일로 - 기타,승합,여,52세,상해없음,보행자,남,65세,경상
2014071400100551,2014년 7월 14일 22시,월요일,부산광역시 영도구 남항동3가,중상사고,0,1,0,0,차대차 - 기타,신호위반,건조,맑음,교차로 - 교차로안,화물,남,59세,상해없음,승합,남,50세,상해없음
2014071400100552,2014년 7월 14일 22시,월요일,부산광역시 부산진구 가야동,경상사고,0,0,1,0,차대사람 - 기타,기타,건조,맑음,단일로 - 기타,승용,남,61세,상해없음,보행자,남,16세,경상
2014071400100553,2014년 7월 14일 22시,월요일,부산광역시 강서구 대저1동,경상사고,0,0,2,0,차대차 - 기타,안전운전불이행,건조,맑음,단일로 - 기타,승용,남,26세,상해없음,승용,남,36세,경상
2014071400100576,2014년 7월 14일 23시,월요일,부산광역시 금정구 남산동,경상사고,0,0,2,0,차대차 - 측면직각충돌,직진우회전진행방해,건조,맑음,교차로 - 교차로안,승용,남,69세,상해없음,승용,남,53세,상해없음
2014071500100039,2014년 7월 15일 04시,화요일,부산광역시 강서구 대저2동,중상사고,0,1,0,0,차대차 - 기타,안전운전불이행,건조,맑음,단일로 - 기타,기타불명,기타불명,기타불명,기타불명,화물,남,57세,중상
2014071500100054,2014년 7월 15일 06시,화요일,부산광역시 남구 용호동,경상사고,0,0,1,0,차대사람 - 횡단중,안전운전불이행,건조,맑음,단일로 - 기타,승용,남,51세,상해없음,보행자,남,23세,경상
2014071500100055,2014년 7월 15일 06시,화요일,부산광역시 동래구 명장동,경상사고,0,0,1,0,차대사람 - 보도통행중,보행자보호의무위반,건조,맑음,단일로 - 횡단보도상,기타불명,기타불명,기타불명,기타불명,보행자,남,31세,경상
2014071500100056,2014년 7월 15일 06시,화요일,부산광역시 금정구 서동,경상사고,0,0,1,0,차대사람 - 기타,안전운전불이행,건조,맑음,단일로 - 기타,기타불명,기타불명,기타불명,기타불명,보행자,여,45세,경상
2014071500100070,2014년 7월 15일 07시,화요일,부산광역시 서구 남부민동,중상사고,0,2,0,0,차대차 - 측면직각충돌,교차로운행방법위반,건조,맑음,교차로 - 교차로안,승용,남,49세,상해없음,승용,여,35세,중상
2014071500100071,2014년 7월 15일 07시,화요일,부산광역시 해운대구 우동,경상사고,0,0,1,0,차대사람 - 차도통행중,안전운전불이행,건조,맑음,단일로 - 기타,승용,기타불명,기타불명,기타불명,보행자,여,17세,경상
2014071500100072,2014년 7월 15일 07시,화요일,부산광역시 금정구 노포동,중상사고,0,1,0,0,차대차 - 측면직각충돌,안전운전불이행,건조,맑음,교차로 - 교차로안,승용,여,29세,상해없음,승용,남,60세,중상
2014071500100073,2014년 7월 15일 07시,화요일,부산광역시 강서구 대저1동,중상사고,0,1,3,0,차대차 - 추돌 - 주정차중,안전운전불이행,건조,맑음,교차로 - 교차로부근,승용,남,41세,상해없음,승용,여,40세,경상
2014071500100097,2014년 7월 15일 08시,화요일,부산광역시 동구 좌천동,중상사고,0,1,0,0,차대차 - 기타,안전거리미확보,건조,맑음,단일로 - 기타,승용,남,62세,상해없음,화물,남,43세,상해없음
2014071500100098,2014년 7월 15일 08시,화요일,부산광역시 수영구 민락동,경상사고,0,0,1,0,차대차 - 측면직각충돌,안전운전불이행,건조,맑음,교차로 - 교차로안,승용,여,37세,상해없음,이륜,남,34세,경상
2014071500100099,2014년 7월 15일 08시,화요일,부산광역시 북구 덕천동,경상사고,0,0,1,0,차대사람 - 기타,안전운전불이행,건조,맑음,단일로 - 횡단보도상,승합,남,53세,상해없음,보행자,여,59세,경상
2014071500100100,2014년 7월 15일 08시,화요일,부산광역시 연제구 연산동,중상사고,0,1,0,0,차대사람 - 기타,보행자보호의무위반,건조,맑음,교차로 - 교차로부근,승용,남,43세,상해없음,보행자,남,6세,중상
2014071500100136,2014년 7월 15일 09시,화요일,부산광역시 해운대구 반여동,경상사고,0,0,1,0,차대사람 - 횡단중,보행자보호의무위반,건조,맑음,단일로 - 횡단보도상,기타불명,기타불명,기타불명,기타불명,보행자,여,77세,경상
2014071500100137,2014년 7월 15일 09시,화요일,부산광역시 금정구 구서동,중상사고,0,2,0,0,차대차 - 측면직각충돌,직진우회전진행방해,건조,맑음,교차로 - 교차로안,승용,남,57세,중상,화물,남,51세,중상
2014071500100138,2014년 7월 15일 09시,화요일,부산광역시 사하구 당리동,경상사고,0,0,1,0,차대차 - 추돌 - 진행중,안전운전불이행,건조,맑음,단일로 - 기타,승용,여,26세,상해없음,승용,남,56세,경상
2014071500100151,2014년 7월 15일 10시,화요일,부산광역시 북구 화명동,경상사고,0,0,2,0,차대차 - 정면충돌,안전운전불이행,건조,맑음,단일로 - 기타,승용,여,20세,경상,승용,남,59세,경상
2014071500100152,2014년 7월 15일 10시,화요일,부산광역시 부산진구 초읍동,중상사고,0,1,0,0,차대사람 - 보도통행중,기타,건조,맑음,단일로 - 기타,화물,남,55세,상해없음,보행자,여,94세,중상
2014071500100185,2014년 7월 15일 11시,화요일,부산광역시 해운대구 좌동,경상사고,0,0,1,0,차대차 - 추돌 - 진행중,안전운전불이행,습기,비,교차로 - 교차로안,승용,남,48세,기타불명,승용,남,30세,경상
2014071500100224,2014년 7월 15일 12시,화요일,부산광역시 수영구 남천동,경상사고,0,0,1,0,차대차 - 기타,안전운전불이행,건조,맑음,단일로 - 기타,승용,여,45세,상해없음,승용,남,44세,경상
2014071500100275,2014년 7월 15일 14시,화요일,부산광역시 부산진구 부전동,경상사고,0,0,2,0,차대차 - 기타,안전거리미확보,건조,맑음,단일로 - 기타,화물,남,53세,상해없음,이륜,남,65세,경상
2014071500100276,2014년 7월 15일 14시,화요일,부산광역시 사하구 하단동,경상사고,0,0,1,0,차대차 - 측면직각충돌,안전운전불이행,건조,맑음,단일로 - 기타,승용,남,54세,상해없음,승용,여,48세,경상
2014071500100304,2014년 7월 15일 15시,화요일,부산광역시 동래구 사직동,경상사고,0,0,1,0,차대사람 - 기타,기타,건조,맑음,단일로 - 기타,승합,남,54세,상해없음,보행자,여,54세,경상
2014071500100305,2014년 7월 15일 15시,화요일,부산광역시 금정구 장전동,부상신고사고,0,0,0,1,차대차 - 추돌 - 진행중,안전거리미확보,건조,맑음,단일로 - 기타,승용,여,44세,상해없음,승용,남,48세,부상신고
2014071500100337,2014년 7월 15일 16시,화요일,부산광역시 동래구 온천동,경상사고,0,0,1,0,차대차 - 측면직각충돌,교차로운행방법위반,건조,맑음,교차로 - 교차로안,승용,여,34세,상해없음,이륜,남,18세,경상
2014071500100338,2014년 7월 15일 16시,화요일,부산광역시 금정구 남산동,경상사고,0,0,1,0,차대차 - 측면직각충돌,신호위반,습기,비,교차로 - 교차로부근,승용,남,53세,상해없음,원동기,남,60세,경상
2014071500100367,2014년 7월 15일 17시,화요일,부산광역시 중구 남포동6가,경상사고,0,0,1,0,차대차 - 기타,중앙선침범,습기,비,단일로 - 기타,승용,여,47세,상해없음,이륜,남,49세,경상
2014071500100368,2014년 7월 15일 17시,화요일,부산광역시 수영구 수영동,경상사고,0,0,1,0,차대사람 - 기타,안전운전불이행,건조,흐림,단일로 - 기타,승합,남,50세,상해없음,보행자,여,56세,경상
2014071500100369,2014년 7월 15일 17시,화요일,부산광역시 사상구 괘법동,중상사고,0,1,0,0,차대차 - 추돌 - 진행중,안전운전불이행,습기,비,단일로 - 기타,화물,남,44세,상해없음,자전거,남,74세,중상
2014071500100416,2014년 7월 15일 18시,화요일,부산광역시 동래구 수안동,중상사고,0,2,1,0,차대차 - 측면직각충돌,안전운전불이행,습기,비,교차로 - 교차로안,승용,남,34세,상해없음,승용,남,35세,중상
2014071500100417,2014년 7월 15일 18시,화요일,부산광역시 사상구 괘법동,경상사고,0,0,2,0,차량단독 - 기타,안전운전불이행,습기,비,교차로 - 교차로안,승합,남,60세,상해없음,,,,
2014071500100464,2014년 7월 15일 19시,화요일,부산광역시 동래구 낙민동,중상사고,0,2,1,0,차대차 - 기타,교차로운행방법위반,건조,맑음,교차로 - 교차로안,승용,남,19세,상해없음,승용,여,29세,중상
2014071500100501,2014년 7월 15일 20시,화요일,부산광역시 서구 서대신동2가,중상사고,0,1,2,1,차대차 - 추돌 - 주정차중,안전거리미확보,습기,비,단일로 - 기타,승용,남,59세,상해없음,승용,남,55세,상해없음
2014071500100502,2014년 7월 15일 20시,화요일,부산광역시 남구 문현동,부상신고사고,0,0,0,1,차대차 - 추돌 - 주정차중,안전운전불이행,습기,비,단일로 - 기타,승용,남,51세,상해없음,승용,남,36세,상해없음
2014071500100503,2014년 7월 15일 20시,화요일,부산광역시 동래구 명륜동,중상사고,0,1,0,0,차대사람 - 횡단중,신호위반,습기,비,단일로 - 횡단보도상,이륜,기타불명,기타불명,기타불명,보행자,남,27세,중상
2014071500100504,2014년 7월 15일 20시,화요일,부산광역시 금정구 구서동,중상사고,0,1,0,0,차대사람 - 횡단중,보행자보호의무위반,습기,비,교차로 - 교차로안,승용,남,55세,상해없음,보행자,여,64세,중상
2014071500100505,2014년 7월 15일 20시,화요일,부산광역시 연제구 연산동,경상사고,0,0,1,0,차대사람 - 차도통행중,안전운전불이행,건조,맑음,단일로 - 기타,승용,여,58세,상해없음,보행자,남,52세,경상
2014071500100543,2014년 7월 15일 21시,화요일,부산광역시 금정구 장전동,경상사고,0,0,1,0,차대차 - 기타,중앙선침범,습기,비,교차로 - 교차로부근,승용,여,50세,상해없음,자전거,여,23세,경상