사고번호,사고일시,요일,시군구,사고내용,사망자수,중상자수,경상자수,부상신고자수,사고유형,법규위반,노면상태,기상상태,도로형태,가해운전자 차종,가해운전자 성별,가해운전자 연령,가해운전자 상해정도,피해운전자 차종,피해운전자 성별,피해운전자 연령,피해운전자 상해정도
2014071900100028,2014년 7월 19일 01시,토요일,부산광역시 수영구 민락동,경상사고,0,0,1,0,차대차 - 정면충돌,신호위반,건조,맑음,교차로 - 교차로안,자전거,남,19세,경상,승용,남,48세,상해없음
2014071900100059,2014년 7월 19일 03시,토요일,부산광역시 수영구 광안동,부상신고사고,0,0,0,1,차대차 - 기타,안전운전불이행,건조,맑음,교차로 - 교차로안,승용,남,27세,기타불명,승용,남,62세,상해없음
2014071900100076,2014년 7월 19일 04시,토요일,부산광역시 수영구 남천동,중상사고,0,1,1,0,차대차 - 추돌 - 진행중,안전운전불이행,건조,맑음,단일로 - 기타,승용,남,30세,상해없음,승용,남,52세,경상
2014071900100077,2014년 7월 19일 04시,토요일,부산광역시 금정구 서동,중상사고,0,2,0,0,차대차 - 측면직각충돌,안전운전불이행,건조,맑음,교차로 - 교차로부근,이륜,남,18세,중상,승용,남,66세,상해없음
2014071900100100,2014년 7월 19일 05시,토요일,부산광역시 부산진구 양정동,중상사고,0,1,1,0,차대차 - 정면충돌,안전운전불이행,건조,맑음,단일로 - 기타,승용,남,27세,상해없음,승용,남,64세,경상
2014071900100101,2014년 7월 19일 05시,토요일,부산광역시 기장군 정관면,경상사고,0,0,1,0,차량단독 - 공작물충돌,안전운전불이행,건조,맑음,단일로 - 기타,이륜,남,23세,경상,,,,
2014071900100119,2014년 7월 19일 06시,토요일,부산광역시 해운대구 우동,경상사고,0,0,1,0,차대차 - 측면직각충돌,안전운전불이행,건조,맑음,단일로 - 기타,승용,여,50세,상해없음,원동기,남,16세,경상
2014071900100129,2014년 7월 19일 07시,토요일,부산광역시 동구 수정동,경상사고,0,0,1,0,차량단독 - 기타,안전운전불이행,건조,맑음,교차로 - 교차로부근,자전거,남,23세,경상,,,,
2014071900100166,2014년 7월 19일 09시,토요일,부산광역시 해운대구 중동,중상사고,0,2,0,0,차대차 - 기타,교차로운행방법위반,건조,맑음,교차로 - 교차로부근,승용,여,53세,상해없음,이륜,남,49세,중상
2014071900100167,2014년 7월 19일 09시,토요일,부산광역시 해운대구 우동,경상사고,0,0,1,0,차대차 - 측면직각충돌,안전운전불이행,건조,맑음,단일로 - 기타,승용,남,31세,상해없음,승용,남,37세,경상
2014071900100168,2014년 7월 19일 09시,토요일,부산광역시 연제구 연산동,중상사고,0,1,0,0,차대차 - 추돌 - 진행중,안전운전불이행,건조,맑음,단일로 - 기타,화물,남,47세,상해없음,원동기,남,30세,중상
2014071900100220,2014년 7월 19일 11시,토요일,부산광역시 동구 수정동,중상사고,0,1,0,0,차대차 - 추돌 - 주정차중,안전운전불이행,건조,맑음,단일로 - 기타,원동기,남,20세,중상,승합,남,42세,기타불명
2014071900100262,2014년 7월 19일 12시,토요일,부산광역시 중구 대청동1가,경상사고,0,0,1,0,차대차 - 측면직각충돌,차로위반,건조,맑음,교차로 - 교차로부근,승용,남,42세,상해없음,이륜,남,51세,경상
2014071900100297,2014년 7월 19일 13시,토요일,부산광역시 금정구 서동,경상사고,0,0,1,0,차대사람 - 보도통행중,안전운전불이행,건조,맑음,단일로 - 기타,기타불명,기타불명,기타불명,기타불명,보행자,남,14세,경상
2014071900100335,2014년 7월 19일 14시,토요일,부산광역시 부산진구 양정동,중상사고,0,1,0,0,차대차 - 측면직각충돌,교차로운행방법위반,건조,맑음,단일로 - 기타,승용,여,56세,상해없음,승합,남,53세,상해없음
2014071900100336,2014년 7월 19일 14시,토요일,부산광역시 금정구 부곡동,중상사고,0,1,0,0,차대사람 - 횡단중,보행자보호의무위반,건조,맑음,교차로 - 교차로안,승용,남,37세,상해없음,보행자,여,70세,중상
2014071900100363,2014년 7월 19일 15시,토요일,부산광역시 수영구 남천동,경상사고,0,0,1,0,차대차 - 추돌 - 진행중,안전운전불이행,건조,맑음,교차로 - 교차로안,승용,남,47세,상해없음,자전거,남,41세,경상
2014071900100364,2014년 7월 19일 15시,토요일,부산광역시 수영구 남천동,경상사고,0,0,1,0,차대차 - 추돌 - 진행중,안전운전불이행,건조,맑음,단일로 - 기타,승용,여,38세,상해없음,승합,여,27세,경상
2014071900100365,2014년 7월 19일 15시,토요일,부산광역시 해운대구 중동,중상사고,0,1,1,0,차대차 - 기타,안전운전불이행,건조,맑음,교차로 - 교차로부근,승용,남,59세,상해없음,승용,여,41세,중상
2014071900100366,2014년 7월 19일 15시,토요일,부산광역시 사상구 학장동,사망사고,1,0,0,0,차대차 - 추돌 - 주정차중,안전운전불이행,건조,맑음,단일로 - 기타,화물,남,57세,사망,화물,남,46세,상해없음
2014071900100400,2014년 7월 19일 16시,토요일,부산광역시 동래구 온천동,경상사고,0,0,1,0,차대사람 - 길가장자리구역통행중,안전운전불이행,건조,맑음,단일로 - 기타,승합,여,53세,상해없음,보행자,여,24세,경상
2014071900100401,2014년 7월 19일 16시,토요일,부산광역시 해운대구 재송동,중상사고,0,1,2,0,차대차 - 추돌 - 진행중,안전운전불이행,건조,맑음,단일로 - 기타,승용,여,45세,경상,승용,남,36세,경상
2014071900100402,2014년 7월 19일 16시,토요일,부산광역시 해운대구 좌동,경상사고,0,0,1,0,차대차 - 기타,신호위반,건조,맑음,교차로 - 교차로안,승용,남,24세,상해없음,원동기,남,35세,경상
2014071900100403,2014년 7월 19일 16시,토요일,부산광역시 강서구 죽동동,중상사고,0,1,0,0,차대차 - 측면직각충돌,신호위반,건조,맑음,교차로 - 교차로안,승용,남,27세,상해없음,이륜,남,49세,중상
2014071900100446,2014년 7월 19일 17시,토요일,부산광역시 동구 초량동,경상사고,0,0,3,0,차대차 - 기타,안전거리미확보,건조,맑음,단일로 - 기타,승용,남,35세,경상,승용,남,33세,경상
2014071900100447,2014년 7월 19일 17시,토요일,부산광역시 수영구 남천동,중상사고,0,1,0,0,차대차 - 추돌 - 진행중,안전거리미확보,건조,맑음,단일로 - 기타,승용,여,30세,상해없음,승용,남,27세,중상
2014071900100448,2014년 7월 19일 17시,토요일,부산광역시 영도구 남항동1가,사망사고,1,0,0,0,차대사람 - 기타,안전운전불이행,건조,맑음,단일로 - 횡단보도부근,승합,남,47세,상해없음,보행자,여,82세,사망
2014071900100449,2014년 7월 19일 17시,토요일,부산광역시 사하구 하단동,부상신고사고,0,0,0,1,차량단독 - 공작물충돌,안전운전불이행,건조,맑음,단일로 - 기타,승용,남,66세,상해없음,,,,
2014071900100478,2014년 7월 19일 18시,토요일,부산광역시 북구 만덕동,경상사고,0,0,1,0,차대사람 - 횡단중,기타,건조,맑음,단일로 - 기타,이륜,남,17세,상해없음,보행자,여,6세,경상
2014071900100479,2014년 7월 19일 18시,토요일,부산광역시 해운대구 송정동,중상사고,0,1,0,0,차대사람 - 횡단중,보행자보호의무위반,습기,비,단일로 - 횡단보도상,승용,남,51세,상해없음,보행자,여,14세,중상
2014071900100480,2014년 7월 19일 18시,토요일,부산광역시 금정구 부곡동,부상신고사고,0,0,0,1,차대차 - 측면직각충돌,교차로운행방법위반,건조,맑음,교차로 - 교차로안,이륜,남,17세,부상신고,승용,남,34세,상해없음
2014071900100510,2014년 7월 19일 19시,토요일,부산광역시 해운대구 좌동,중상사고,0,1,0,0,차대사람 - 기타,보행자보호의무위반,건조,맑음,단일로 - 횡단보도상,자전거,남,17세,상해없음,보행자,여,41세,중상
2014071900100536,2014년 7월 19일 20시,토요일,부산광역시 수영구 민락동,경상사고,0,0,1,1,차대사람 - 기타,안전운전불이행,건조,흐림,기타 - 기타,자전거,남,17세,부상신고,보행자,남,65세,경상
2014071900100537,2014년 7월 19일 20시,토요일,부산광역시 해운대구 좌동,경상사고,0,0,1,0,차대차 - 추돌 - 진행중,안전거리미확보,습기,비,단일로 - 기타,승용,남,56세,상해없음,승용,남,32세,경상
2014071900100538,2014년 7월 19일 20시,토요일,부산광역시 사하구 하단동,경상사고,0,0,1,0,차대차 - 측면직각충돌,직진우회전진행방해,건조,흐림,교차로 - 교차로안,승용,남,47세,상해없음,원동기,남,16세,경상
2014071900100539,2014년 7월 19일 20시,토요일,부산광역시 강서구 녹산동,경상사고,0,0,1,1,차대차 - 추돌 - 진행중,안전운전불이행,건조,맑음,단일로 - 기타,화물,남,46세,상해없음,화물,남,37세,상해없음
2014071900100581,2014년 7월 19일 21시,토요일,부산광역시 금정구 구서동,중상사고,0,1,0,1,차대차 - 측면직각충돌,기타,건조,흐림,교차로 - 교차로안,화물,남,59세,상해없음,승용,여,31세,중상
2014071900100582,2014년 7월 19일 21시,토요일,부산광역시 금정구 장전동,경상사고,0,0,1,0,차대사람 - 기타,기타,건조,맑음,단일로 - 기타,화물,남,33세,상해없음,보행자,여,45세,경상
2014071900100606,2014년 7월 19일 22시,토요일,부산광역시 북구 화명동,경상사고,0,0,1,0,차대사람 - 차도통행중,안전운전불이행,습기,비,단일로 - 기타,화물,남,41세,상해없음,보행자,남,37세,경상
2014071900100607,2014년 7월 19일 22시,토요일,부산광역시 연제구 연산동,중상사고,0,1,0,0,차대차 - 측면직각충돌,차로위반,습기,맑음,단일로 - 기타,승합,남,48세,상해없음,이륜,남,25세,중상
2014071900100633,2014년 7월 19일 23시,토요일,부산광역시 서구 토성동3가,중상사고,0,1,0,0,차대사람 - 횡단중,신호위반,건조,맑음,교차로 - 교차로부근,승용,남,53세,상해없음,보행자,남,23세,중상
2014071900100634,2014년 7월 19일 23시,토요일,부산광역시 수영구 광안동,경상사고,0,0,1,0,차대사람 - 기타,안전운전불이행,건조,맑음,교차로 - 교차로부근,승용,남,28세,상해없음,보행자,남,55세,경상
2014071900100635,2014년 7월 19일 23시,토요일,부산광역시 수영구 광안동,경상사고,0,0,2,0,차대차 - 기타,안전운전불이행,건조,맑음,단일로 - 터널,승용,기타불명,기타불명,기타불명,승용,남,56세,상해없음
2014071900100636,2014년 7월 19일 23시,토요일,부산광역시 해운대구 재송동,경상사고,0,0,1,0,차대차 - 측면직각충돌,안전운전불이행,건조,맑음,단일로 - 기타,승합,남,54세,상해없음,승용,남,42세,경상
2014071900100637,2014년 7월 19일 23시,토요일,부산광역시 부산진구 연지동,중상사고,0,1,0,0,차대차 - 기타,차로위반,습기,비,단일로 - 기타,승용,남,57세,상해없음,이륜,남,56세,중상
2014071900100638,2014년 7월 19일 23시,토요일,부산광역시 부산진구 개금동,중상사고,0,1,0,0,차대차 - 측면직각충돌,신호위반,습기,비,교차로 - 교차로안,이륜,남,23세,중상,승용,남,56세,상해없음
2014072000100009,2014년 7월 20일 00시,일요일,부산광역시 영도구 남항동2가,중상사고,0,1,0,0,차대차 - 측면직각충돌,교차로운행방법위반,습기,비,교차로 - 교차로안,승합,남,35세,상해없음,승용,남,55세,상해없음
2014072000100010,2014년 7월 20일 00시,일요일,부산광역시 해운대구 우동,경상사고,0,0,1,0,차대차 - 기타,기타,건조,맑음,단일로 - 기타,승용,남,53세,상해없음,이륜,남,27세,경상
2014072000100044,2014년 7월 20일 02시,일요일,부산광역시 사상구 감전동,경상사고,0,0,3,0,차대차 - 측면직각충돌,중앙선침범,건조,흐림,단일로 - 기타,화물,남,45세,상해없음,승용,남,28세,경상
2014072000100057,2014년 7월 20일 03시,일요일,부산광역시 남구 용호동,경상사고,0,0,2,0,차대차 - 기타,안전거리미확보,건조,맑음,단일로 - 기타,승용,남,18세,상해없음,승용,여,54세,경상
2014072000100058,2014년 7월 20일 03시,일요일,부산광역시 부산진구 범천동,중상사고,0,1,0,0,차량단독 - 전도전복,안전운전불이행,건조,맑음,단일로 - 기타,승용,남,55세,상해없음,,,,
2014072000100059,2014년 7월 20일 03시,일요일,부산광역시 금정구 장전동,경상사고,0,0,1,0,차량단독 - 공작물충돌,안전운전불이행,습기,맑음,단일로 - 기타,승용,남,27세,경상,,,,
2014072000100068,2014년 7월 20일 04시,일요일,부산광역시 북구 덕천동,중상사고,0,1,0,0,차대차 - 기타,신호위반,건조,맑음,교차로 - 교차로안,화물,남,37세,상해없음,원동기,남,65세,중상
2014072000100121,2014년 7월 20일 09시,일요일,부산광역시 금정구 구서동,경상사고,0,0,1,0,차대사람 - 기타,안전운전불이행,건조,맑음,단일로 - 기타,자전거,여,57세,상해없음,보행자,여,63세,경상
2014072000100163,2014년 7월 20일 11시,일요일,부산광역시 금정구 금사동,중상사고,0,3,0,0,차대차 - 측면직각충돌,차로위반,건조,맑음,미분류 - 미분류,화물,남,51세,상해없음,승용,남,44세,중상
2014072000100238,2014년 7월 20일 14시,일요일,부산광역시 남구 문현동,경상사고,0,0,4,0,차대차 - 기타,교차로운행방법위반,건조,맑음,교차로 - 교차로부근,승용,여,40세,상해없음,화물,남,40세,경상
2014072000100279,2014년 7월 20일 15시,일요일,부산광역시 금정구 장전동,중상사고,0,1,0,0,차대차 - 측면직각충돌,교차로운행방법위반,건조,맑음,교차로 - 교차로안,승용,남,72세,상해없음,승용,남,21세,중상
2014072000100314,2014년 7월 20일 16시,일요일,부산광역시 수영구 남천동,경상사고,0,0,2,0,차대차 - 측면직각충돌,안전운전불이행,건조,맑음,단일로 - 기타,승용,남,46세,상해없음,승용,남,37세,경상
2014072000100315,2014년 7월 20일 16시,일요일,부산광역시 수영구 망미동,중상사고,0,1,0,0,차대차 - 기타,안전운전불이행,건조,맑음,단일로 - 기타,자전거,남,51세,상해없음,자전거,여,54세,중상
2014072000100337,2014년 7월 20일 17시,일요일,부산광역시 사상구 감전동,경상사고,0,0,1,0,차대차 - 측면직각충돌,안전거리미확보,건조,흐림,교차로 - 교차로부근,승용,남,36세,기타불명,승용,남,50세,경상
2014072000100367,2014년 7월 20일 18시,일요일,부산광역시 북구 만덕동,경상사고,0,0,1,0,차대차 - 측면직각충돌,안전운전불이행,건조,맑음,단일로 - 기타,승용,남,46세,상해없음,이륜,남,28세,경상
2014072000100368,2014년 7월 20일 18시,일요일,부산광역시 사하구 하단동,중상사고,0,1,0,0,차대사람 - 기타,안전운전불이행,건조,맑음,단일로 - 기타,승용,남,45세,상해없음,보행자,여,81세,중상
2014072000100384,2014년 7월 20일 19시,일요일,부산광역시 남구 대연동,사망사고,1,0,0,0,차량단독 - 기타,안전운전불이행,건조,맑음,단일로 - 터널,원동기,남,21세,사망,,,,
2014072000100410,2014년 7월 20일 20시,일요일,부산광역시 수영구 남천동,경상사고,0,0,1,0,차대차 - 추돌 - 주정차중,안전운전불이행,건조,맑음,단일로 - 기타,승용,여,36세,상해없음,승용,남,59세,경상
2014072000100411,2014년 7월 20일 20시,일요일,부산광역시 금정구 부곡동,경상사고,0,0,1,0,차대차 - 정면충돌,중앙선침범,건조,맑음,교차로 - 교차로부근,자전거,남,15세,경상,원동기,남,44세,상해없음
2014072000100444,2014년 7월 20일 21시,일요일,부산광역시 동구 범일동,경상사고,0,0,2,0,차대차 - 측면직각충돌,교차로운행방법위반,건조,맑음,교차로 - 교차로안,화물,남,61세,상해없음,승용,남,32세,경상
2014072000100483,2014년 7월 20일 23시,일요일,부산광역시 부산진구 당감동,경상사고,0,0,3,0,차대차 - 추돌 - 주정차중,안전운전불이행,건조,맑음,교차로 - 교차로부근,화물,남,41세,상해없음,승용,남,22세,경상
2014072000100484,2014년 7월 20일 23시,일요일,부산광역시 부산진구 전포동,경상사고,0,0,1,0,차대차 - 기타,안전운전불이행,기타,맑음,교차로 - 교차로안,이륜,남,22세,경상,승용,남,36세,상해없음
2014072100100003,2014년 7월 21일 00시,월요일,부산광역시 서구 부민동1가,중상사고,0,1,0,0,차대차 - 측면직각충돌,안전운전불이행,건조,맑음,단일로 - 기타,승용,남,24세,상해없음,이륜,남,16세,중상
2014072100100004,2014년 7월 21일 00시,월요일,부산광역시 사하구 장림동,중상사고,0,1,0,0,차대차 - 기타,안전운전불이행,건조,맑음,단일로 - 기타,승용,남,52세,상해없음,이륜,남,29세,중상
2014072100100005,2014년 7월 21일 00시,월요일,부산광역시 사하구 괴정동,경상사고,0,0,1,1,차대사람 - 기타,안전운전불이행,건조,맑음,단일로 - 기타,승용,남,20세,상해없음,보행자,남,24세,부상신고
2014072100100013,2014년 7월 21일 01시,월요일,부산광역시 영도구 신선동2가,중상사고,0,1,0,0,차대사람 - 기타,안전운전불이행,건조,맑음,단일로 - 기타,승용,기타불명,기타불명,기타불명,보행자,남,18세,중상
2014072100100023,2014년 7월 21일 02시,월요일,부산광역시 해운대구 좌동,중상사고,0,1,0,0,차대차 - 기타,안전운전불이행,건조,맑음,단일로 - 기타,승용,여,26세,상해없음,이륜,남,21세,중상
2014072100100024,2014년 7월 21일 02시,월요일,부산광역시 연제구 연산동,중상사고,0,1,1,0,차대차 - 추돌 - 진행중,안전운전불이행,건조,맑음,단일로 - 터널,승용,남,22세,상해없음,승용,남,64세,경상
2014072100100051,2014년 7월 21일 05시,월요일,부산광역시 서구 동대신동1가,경상사고,0,0,1,0,차대차 - 측면직각충돌,신호위반,건조,맑음,교차로 - 교차로안,승용,남,56세,상해없음,승용,남,58세,경상
2014072100100096,2014년 7월 21일 08시,월요일,부산광역시 사상구 괘법동,경상사고,0,0,1,0,차대사람 - 기타,중앙선침범,건조,맑음,단일로 - 기타,승용,남,59세,상해없음,보행자,여,56세,경상
2014072100100129,2014년 7월 21일 09시,월요일,부산광역시 해운대구 우동,경상사고,0,0,2,0,차대차 - 기타,안전운전불이행,기타,맑음,단일로 - 기타,승용,여,43세,상해없음,승용,남,57세,경상
2014072100100152,2014년 7월 21일 10시,월요일,부산광역시 남구 대연동,중상사고,0,1,0,0,차대차 - 기타,안전운전불이행,건조,맑음,단일로 - 기타,승용,남,42세,상해없음,이륜,남,57세,중상
2014072100100153,2014년 7월 21일 10시,월요일,부산광역시 수영구 남천동,부상신고사고,0,0,0,1,차대차 - 기타,안전운전불이행,건조,맑음,단일로 - 기타,승용,여,59세,상해없음,승용,남,28세,부상신고
2014072100100184,2014년 7월 21일 11시,월요일,부산광역시 중구 남포동1가,중상사고,0,1,0,0,차대사람 - 길가장자리구역통행중,안전운전불이행,건조,맑음,단일로 - 기타,화물,남,36세,상해없음,보행자,남,77세,중상
2014072100100185,2014년 7월 21일 11시,월요일,부산광역시 부산진구 개금동,경상사고,0,0,1,0,차대차 - 기타,신호위반,건조,맑음,교차로 - 교차로안,승합,남,35세,상해없음,화물,남,33세,경상
2014072100100186,2014년 7월 21일 11시,월요일,부산광역시 부산진구 부전동,경상사고,0,0,1,0,차대사람 - 기타,안전운전불이행,건조,맑음,단일로 - 기타,승합,남,55세,상해없음,보행자,여,51세,경상
2014072100100236,2014년 7월 21일 13시,월요일,부산광역시 금정구 부곡동,경상사고,0,0,1,0,차대차 - 측면직각충돌,안전운전불이행,건조,맑음,단일로 - 기타,원동기,남,33세,경상,승용,남,36세,상해없음
2014072100100267,2014년 7월 21일 14시,월요일,부산광역시 동래구 온천동,경상사고,0,0,1,0,차대차 - 추돌 - 진행중,교차로운행방법위반,건조,맑음,교차로 - 교차로안,승용,남,73세,상해없음,승용,여,35세,경상
2014072100100268,2014년 7월 21일 14시,월요일,부산광역시 해운대구 재송동,경상사고,0,0,1,0,차대차 - 정면충돌,신호위반,건조,맑음,교차로 - 교차로안,승용,여,60세,상해없음,승용,남,34세,경상
2014072100100269,2014년 7월 21일 14시,월요일,부산광역시 부산진구 양정동,경상사고,0,0,1,0,차대사람 - 기타,안전운전불이행,건조,맑음,단일로 - 기타,승용,여,47세,상해없음,보행자,남,11세,경상
2014072100100270,2014년 7월 21일 14시,월요일,부산광역시 부산진구 양정동,경상사고,0,0,3,0,차대차 - 추돌 - 진행중,안전운전불이행,건조,맑음,단일로 - 기타,승용,남,47세,상해없음,승용,남,55세,경상
2014072100100271,2014년 7월 21일 14시,월요일,부산광역시 기장군 장안읍,경상사고,0,0,1,0,차대차 - 기타,안전거리미확보,건조,맑음,단일로 - 기타,승용,여,55세,상해없음,승용,여,29세,상해없음
2014072100100303,2014년 7월 21일 15시,월요일,부산광역시 동래구 온천동,부상신고사고,0,0,0,1,차대사람 - 기타,안전운전불이행,건조,맑음,단일로 - 기타,승용,남,30세,상해없음,보행자,남,48세,부상신고
2014072100100304,2014년 7월 21일 15시,월요일,부산광역시 사하구 하단동,부상신고사고,0,0,0,1,차대사람 - 길가장자리구역통행중,안전운전불이행,건조,맑음,단일로 - 횡단보도상,기타불명,기타불명,기타불명,기타불명,보행자,여,44세,부상신고
2014072100100305,2014년 7월 21일 15시,월요일,부산광역시 연제구 연산동,중상사고,0,1,0,0,차대차 - 기타,신호위반,건조,맑음,단일로 - 기타,원동기,남,34세,상해없음,이륜,남,54세,중상
2014072100100337,2014년 7월 21일 16시,월요일,부산광역시 서구 암남동,중상사고,0,1,0,0,차대차 - 측면직각충돌,안전운전불이행,건조,맑음,단일로 - 기타,승용,남,32세,상해없음,자전거,남,24세,중상
2014072100100378,2014년 7월 21일 17시,월요일,부산광역시 남구 문현동,중상사고,0,1,0,0,차대사람 - 기타,안전운전불이행,건조,맑음,교차로 - 교차로부근,화물,남,34세,상해없음,보행자,남,79세,중상
2014072100100379,2014년 7월 21일 17시,월요일,부산광역시 부산진구 범천동,중상사고,0,1,0,0,차대차 - 기타,신호위반,건조,맑음,교차로 - 교차로부근,승용,여,49세,상해없음,이륜,남,59세,중상
2014072100100380,2014년 7월 21일 17시,월요일,부산광역시 연제구 연산동,경상사고,0,0,1,0,차대차 - 기타,차로위반,건조,맑음,단일로 - 기타,승용,여,47세,상해없음,승용,남,65세,경상
2014072100100415,2014년 7월 21일 18시,월요일,부산광역시 부산진구 가야동,중상사고,0,1,0,0,차대사람 - 기타,안전운전불이행,건조,맑음,교차로 - 교차로안,승합,남,58세,상해없음,보행자,남,64세,중상
2014072100100416,2014년 7월 21일 18시,월요일,부산광역시 부산진구 당감동,중상사고,0,1,0,0,차대차 - 기타,안전운전불이행,건조,맑음,단일로 - 기타,승용,남,39세,상해없음,화물,남,56세,중상
2014072100100455,2014년 7월 21일 19시,월요일,부산광역시 중구 부평동2가,경상사고,0,0,1,0,차대차 - 추돌 - 진행중,안전운전불이행,건조,맑음,단일로 - 기타,승용,남,62세,상해없음,이륜,남,43세,경상
2014072100100500,2014년 7월 21일 20시,월요일,부산광역시 영도구 남항동1가,중상사고,0,1,0,0,차대차 - 정면충돌,교차로운행방법위반,건조,맑음,교차로 - 교차로안,이륜,남,56세,상해없음,이륜,남,25세,중상
2014072100100501,2014년 7월 21일 20시,월요일,부산광역시 부산진구 당감동,경상사고,0,0,1,0,차대사람 - 기타,안전운전불이행,건조,맑음,단일로 - 기타,승용,남,47세,상해없음,보행자,남,55세,경상
2014072100100502,2014년 7월 21일 20시,월요일,부산광역시 부산진구 당감동,부상신고사고,0,0,0,1,차량단독 - 전도전복,안전운전불이행,건조,맑음,단일로 - 기타,이륜,남,17세,부상신고,,,,
2014072100100503,2014년 7월 21일 20시,월요일,부산광역시 사하구 하단동,경상사고,0,0,1,0,차대차 - 추돌 - 진행중,안전거리미확보,건조,맑음,단일로 - 기타,이륜,남,32세,상해없음,승용,여,41세,경상
2014072100100534,2014년 7월 21일 21시,월요일,부산광역시 서구 토성동3가,중상사고,0,2,0,0,차대차 - 측면직각충돌,중앙선침범,기타,기타,단일로 - 기타,승용,남,51세,상해없음,이륜,남,25세,중상
2014072100100535,2014년 7월 21일 21시,월요일,부산광역시 수영구 남천동,부상신고사고,0,0,0,1,차대차 - 추돌 - 진행중,교차로운행방법위반,건조,맑음,교차로 - 교차로안,승용,여,25세,상해없음,승용,남,55세,부상신고
2014072100100536,2014년 7월 21일 21시,월요일,부산광역시 해운대구 우동,경상사고,0,0,1,0,차대사람 - 횡단중,안전운전불이행,건조,맑음,단일로 - 횡단보도상,이륜,기타불명,기타불명,기타불명,보행자,남,9세,경상
2014072100100537,2014년 7월 21일 21시,월요일,부산광역시 사상구 학장동,경상사고,0,0,1,0,차대차 - 측면직각충돌,신호위반,건조,맑음,교차로 - 교차로안,자전거,남,15세,경상,화물,남,59세,상해없음
2014072200100004,2014년 7월 22일 00시,화요일,부산광역시 북구 구포동,경상사고,0,0,1,0,차대사람 - 기타,안전운전불이행,건조,기타,단일로 - 기타,화물,남,58세,상해없음,보행자,여,41세,경상
2014072200100022,2014년 7월 22일 01시,화요일,부산광역시 부산진구 전포동,중상사고,0,1,3,0,차대차 - 기타,안전운전불이행,건조,맑음,교차로 - 교차로부근,승용,남,40세,상해없음,승용,남,62세,경상
2014072200100030,2014년 7월 22일 02시,화요일,부산광역시 동래구 온천동,사망사고,1,0,0,0,차대사람 - 횡단중,안전운전불이행,건조,맑음,단일로 - 기타,승용,남,36세,상해없음,보행자,남,30세,사망
2014072200100031,2014년 7월 22일 02시,화요일,부산광역시 동래구 온천동,경상사고,0,0,1,0,차대사람 - 기타,안전운전불이행,건조,맑음,기타 - 기타,승용,남,34세,상해없음,보행자,남,60세,경상
2014072200100047,2014년 7월 22일 05시,화요일,부산광역시 부산진구 개금동,경상사고,0,0,1,0,차대차 - 측면직각충돌,차로위반,건조,맑음,미분류 - 미분류,승용,남,22세,상해없음,화물,남,35세,경상
2014072200100053,2014년 7월 22일 06시,화요일,부산광역시 서구 남부민동,경상사고,0,0,2,0,차대차 - 측면직각충돌,차로위반,기타,맑음,단일로 - 기타,승용,남,39세,상해없음,승용,남,30세,경상
2014072200100054,2014년 7월 22일 06시,화요일,부산광역시 동래구 온천동,중상사고,0,1,0,0,차대차 - 기타,안전운전불이행,건조,맑음,단일로 - 기타,승용,남,22세,상해없음,승용,남,38세,중상
2014072200100055,2014년 7월 22일 06시,화요일,부산광역시 부산진구 양정동,중상사고,0,1,0,0,차대사람 - 횡단중,안전운전불이행,건조,맑음,단일로 - 횡단보도상,승용,남,69세,상해없음,보행자,여,55세,중상
2014072200100073,2014년 7월 22일 07시,화요일,부산광역시 수영구 남천동,경상사고,0,0,1,0,차대차 - 기타,안전운전불이행,건조,맑음,교차로 - 교차로부근,승용,남,49세,상해없음,자전거,남,32세,경상
2014072200100074,2014년 7월 22일 07시,화요일,부산광역시 사상구 학장동,경상사고,0,0,1,0,차대사람 - 기타,안전운전불이행,건조,맑음,교차로 - 교차로안,승용,여,53세,상해없음,보행자,남,42세,경상
2014072200100098,2014년 7월 22일 08시,화요일,부산광역시 동래구 온천동,경상사고,0,0,1,0,차대차 - 측면직각충돌,중앙선침범,건조,맑음,단일로 - 기타,승용,여,35세,상해없음,승용,남,70세,경상
2014072200100140,2014년 7월 22일 09시,화요일,부산광역시 금정구 장전동,중상사고,0,1,0,0,차대사람 - 횡단중,안전운전불이행,건조,맑음,단일로 - 기타,승용,남,38세,상해없음,보행자,남,30세,중상
2014072200100141,2014년 7월 22일 09시,화요일,부산광역시 기장군 기장읍,중상사고,0,1,0,0,차대사람 - 횡단중,신호위반,건조,맑음,교차로 - 교차로부근,화물,남,55세,상해없음,보행자,여,56세,중상
2014072200100161,2014년 7월 22일 10시,화요일,부산광역시 동구 범일동,경상사고,0,0,1,0,차대차 - 추돌 - 진행중,안전거리미확보,건조,맑음,단일로 - 기타,화물,남,42세,상해없음,승합,남,57세,상해없음
2014072200100162,2014년 7월 22일 10시,화요일,부산광역시 영도구 대교동1가,경상사고,0,0,1,0,차대차 - 기타,안전운전불이행,건조,맑음,단일로 - 기타,승용,여,27세,상해없음,이륜,남,45세,경상
2014072200100163,2014년 7월 22일 10시,화요일,부산광역시 사상구 주례동,경상사고,0,0,1,0,차대사람 - 횡단중,보행자보호의무위반,건조,맑음,단일로 - 기타,승용,남,70세,상해없음,보행자,남,32세,경상