사고번호,사고일시,요일,시군구,사고내용,사망자수,중상자수,경상자수,부상신고자수,사고유형,법규위반,노면상태,기상상태,도로형태,가해운전자 차종,가해운전자 성별,가해운전자 연령,가해운전자 상해정도,피해운전자 차종,피해운전자 성별,피해운전자 연령,피해운전자 상해정도
2014072800100520,2014년 7월 28일 21시,월요일,부산광역시 강서구 대저1동,경상사고,0,0,1,0,차대차 - 기타,안전운전불이행,건조,맑음,단일로 - 기타,화물,남,56세,상해없음,승용,남,34세,경상
2014072800100587,2014년 7월 28일 23시,월요일,부산광역시 북구 만덕동,중상사고,0,1,0,0,차대차 - 기타,안전거리미확보,건조,맑음,단일로 - 기타,자전거,남,47세,중상,승용,남,25세,상해없음
2014072800100588,2014년 7월 28일 23시,월요일,부산광역시 북구 구포동,경상사고,0,0,1,0,차대차 - 측면직각충돌,안전거리미확보,건조,맑음,단일로 - 기타,승용,여,46세,상해없음,승용,남,28세,경상
2014072800100589,2014년 7월 28일 23시,월요일,부산광역시 동래구 안락동,경상사고,0,0,2,0,차대차 - 측면직각충돌,신호위반,건조,맑음,교차로 - 교차로안,승용,남,46세,상해없음,승용,남,41세,경상
2014072800100590,2014년 7월 28일 23시,월요일,부산광역시 연제구 거제동,중상사고,0,1,0,0,차대차 - 측면직각충돌,신호위반,건조,맑음,교차로 - 교차로안,자전거,여,63세,중상,승용,남,60세,상해없음
2014072900100027,2014년 7월 29일 01시,화요일,부산광역시 해운대구 우동,경상사고,0,0,1,0,차대사람 - 횡단중,신호위반,건조,맑음,단일로 - 횡단보도상,이륜,남,27세,상해없음,보행자,여,17세,경상
2014072900100068,2014년 7월 29일 05시,화요일,부산광역시 북구 덕천동,경상사고,0,0,2,0,차대차 - 측면직각충돌,신호위반,건조,맑음,교차로 - 교차로안,승용,여,40세,상해없음,승용,남,48세,경상
2014072900100135,2014년 7월 29일 09시,화요일,부산광역시 사상구 모라동,경상사고,0,0,1,1,차대차 - 추돌 - 주정차중,안전운전불이행,건조,맑음,단일로 - 기타,승용,여,45세,부상신고,승용,여,50세,경상
2014072900100136,2014년 7월 29일 09시,화요일,부산광역시 기장군 장안읍,경상사고,0,0,1,0,차대사람 - 기타,기타,건조,맑음,단일로 - 기타,승합,남,57세,기타불명,보행자,남,39세,경상
2014072900100161,2014년 7월 29일 10시,화요일,부산광역시 중구 중앙동3가,경상사고,0,0,1,0,차대차 - 측면직각충돌,교차로운행방법위반,건조,맑음,교차로 - 교차로안,승용,남,66세,상해없음,자전거,남,24세,경상
2014072900100162,2014년 7월 29일 10시,화요일,부산광역시 해운대구 중동,부상신고사고,0,0,0,2,차대차 - 정면충돌,중앙선침범,건조,맑음,교차로 - 교차로안,원동기,남,57세,부상신고,승용,남,23세,부상신고
2014072900100163,2014년 7월 29일 10시,화요일,부산광역시 남구 문현동,경상사고,0,0,3,0,차대차 - 기타,안전운전불이행,건조,맑음,단일로 - 기타,승용,남,64세,상해없음,승용,여,33세,경상
2014072900100164,2014년 7월 29일 10시,화요일,부산광역시 연제구 연산동,경상사고,0,0,1,0,차대차 - 추돌 - 진행중,안전거리미확보,건조,맑음,단일로 - 횡단보도부근,승용,남,58세,상해없음,화물,남,59세,경상
2014072900100206,2014년 7월 29일 11시,화요일,부산광역시 북구 만덕동,경상사고,0,0,1,0,차대차 - 측면직각충돌,안전거리미확보,건조,맑음,교차로 - 교차로부근,승용,여,62세,상해없음,화물,남,57세,경상
2014072900100207,2014년 7월 29일 11시,화요일,부산광역시 부산진구 범천동,경상사고,0,0,1,0,차대차 - 기타,안전운전불이행,건조,맑음,단일로 - 기타,승용,기타불명,기타불명,기타불명,화물,남,52세,경상
2014072900100230,2014년 7월 29일 12시,화요일,부산광역시 남구 용호동,중상사고,0,1,0,0,차대차 - 추돌 - 진행중,교차로운행방법위반,건조,맑음,교차로 - 교차로안,승용,남,63세,상해없음,승용,여,65세,중상
2014072900100231,2014년 7월 29일 12시,화요일,부산광역시 부산진구 가야동,경상사고,0,0,1,0,차대사람 - 횡단중,신호위반,건조,맑음,단일로 - 횡단보도상,승용,여,78세,상해없음,보행자,여,56세,경상
2014072900100232,2014년 7월 29일 12시,화요일,부산광역시 부산진구 범천동,경상사고,0,0,1,0,차대차 - 측면직각충돌,안전거리미확보,건조,맑음,단일로 - 기타,이륜,기타불명,기타불명,기타불명,이륜,여,33세,경상
2014072900100233,2014년 7월 29일 12시,화요일,부산광역시 금정구 구서동,부상신고사고,0,0,0,1,차량단독 - 기타,안전운전불이행,건조,맑음,단일로 - 기타,승합,남,41세,상해없음,,,,
2014072900100289,2014년 7월 29일 14시,화요일,부산광역시 동구 좌천동,중상사고,0,2,0,0,차대차 - 추돌 - 진행중,안전거리미확보,건조,맑음,단일로 - 기타,승합,남,58세,상해없음,원동기,남,23세,중상
2014072900100290,2014년 7월 29일 14시,화요일,부산광역시 동구 범일동,중상사고,0,1,1,0,차대차 - 측면직각충돌,안전거리미확보,건조,맑음,단일로 - 기타,승용,남,53세,상해없음,승합,남,41세,상해없음
2014072900100291,2014년 7월 29일 14시,화요일,부산광역시 부산진구 연지동,중상사고,0,1,0,0,차대사람 - 횡단중,안전운전불이행,건조,맑음,단일로 - 기타,승용,남,58세,상해없음,보행자,남,10세,중상
2014072900100292,2014년 7월 29일 14시,화요일,부산광역시 부산진구 양정동,경상사고,0,0,1,0,차대사람 - 기타,보행자보호의무위반,건조,맑음,단일로 - 기타,승용,여,33세,상해없음,보행자,남,12세,경상
2014072900100327,2014년 7월 29일 15시,화요일,부산광역시 남구 대연동,경상사고,0,0,1,0,차대사람 - 기타,안전운전불이행,건조,맑음,단일로 - 기타,승용,남,29세,상해없음,보행자,여,13세,경상
2014072900100391,2014년 7월 29일 17시,화요일,부산광역시 수영구 망미동,중상사고,0,1,0,0,차대차 - 기타,교차로운행방법위반,건조,맑음,교차로 - 교차로부근,기타불명,기타불명,기타불명,기타불명,자전거,남,21세,중상
2014072900100421,2014년 7월 29일 18시,화요일,부산광역시 연제구 연산동,경상사고,0,0,1,0,차대차 - 기타,안전거리미확보,건조,맑음,교차로 - 교차로안,승용,남,51세,상해없음,승합,남,42세,상해없음
2014072900100422,2014년 7월 29일 18시,화요일,부산광역시 사상구 덕포동,경상사고,0,0,1,0,차대사람 - 보도통행중,기타,건조,맑음,단일로 - 기타,자전거,남,12세,상해없음,보행자,여,36세,경상
2014072900100462,2014년 7월 29일 19시,화요일,부산광역시 동구 수정동,중상사고,0,1,1,0,차량단독 - 기타,기타,건조,맑음,단일로 - 기타,승합,남,59세,상해없음,,,,
2014072900100463,2014년 7월 29일 19시,화요일,부산광역시 금정구 남산동,중상사고,0,1,0,0,차대차 - 추돌 - 진행중,안전거리미확보,건조,맑음,단일로 - 기타,승용,여,49세,상해없음,이륜,남,32세,중상
2014072900100464,2014년 7월 29일 19시,화요일,부산광역시 강서구 구랑동,중상사고,0,2,0,0,차대차 - 측면직각충돌,안전운전불이행,건조,맑음,교차로 - 교차로부근,특수,남,37세,상해없음,승용,남,32세,중상
2014072900100496,2014년 7월 29일 20시,화요일,부산광역시 동래구 온천동,경상사고,0,0,1,0,차대차 - 측면직각충돌,안전운전불이행,건조,맑음,단일로 - 기타,승용,남,52세,상해없음,자전거,남,28세,경상
2014072900100497,2014년 7월 29일 20시,화요일,부산광역시 연제구 연산동,경상사고,0,0,2,0,차대차 - 추돌 - 진행중,안전운전불이행,건조,맑음,단일로 - 기타,승용,여,40세,상해없음,승용,남,61세,상해없음
2014072900100525,2014년 7월 29일 21시,화요일,부산광역시 해운대구 반송동,중상사고,0,2,0,0,차대차 - 측면직각충돌,안전운전불이행,건조,맑음,교차로 - 교차로안,특수,남,54세,상해없음,승용,남,28세,중상
2014072900100526,2014년 7월 29일 21시,화요일,부산광역시 기장군 기장읍,경상사고,0,0,1,0,차대차 - 추돌 - 주정차중,안전거리미확보,건조,흐림,교차로 - 교차로안,승용,남,54세,상해없음,승용,남,46세,경상
2014072900100558,2014년 7월 29일 22시,화요일,부산광역시 금정구 금사동,중상사고,0,1,0,0,차대차 - 측면직각충돌,신호위반,건조,맑음,교차로 - 교차로안,승용,남,46세,상해없음,이륜,남,59세,중상
2014072900100559,2014년 7월 29일 22시,화요일,부산광역시 연제구 연산동,부상신고사고,0,0,0,1,차대차 - 측면직각충돌,안전운전불이행,건조,맑음,교차로 - 교차로안,승용,남,56세,상해없음,승용,남,42세,부상신고
2014072900100590,2014년 7월 29일 23시,화요일,부산광역시 사하구 하단동,부상신고사고,0,0,0,1,차대사람 - 기타,안전운전불이행,건조,맑음,단일로 - 기타,승용,남,34세,상해없음,보행자,남,50세,부상신고
2014072900100591,2014년 7월 29일 23시,화요일,부산광역시 수영구 민락동,경상사고,0,0,1,0,차대사람 - 기타,안전운전불이행,건조,맑음,단일로 - 기타,승용,남,44세,상해없음,보행자,남,49세,경상
2014073000100002,2014년 7월 30일 00시,수요일,부산광역시 동래구 명륜동,부상신고사고,0,0,0,1,차대사람 - 기타,안전운전불이행,건조,맑음,단일로 - 기타,이륜,기타불명,14세,기타불명,보행자,남,20세,부상신고
2014073000100052,2014년 7월 30일 05시,수요일,부산광역시 금정구 부곡동,중상사고,0,1,0,0,차대사람 - 횡단중,안전운전불이행,건조,맑음,교차로 - 교차로부근,승용,남,67세,상해없음,보행자,여,68세,중상
2014073000100070,2014년 7월 30일 07시,수요일,부산광역시 사상구 덕포동,중상사고,0,1,0,0,차대차 - 기타,안전거리미확보,건조,맑음,단일로 - 기타,이륜,남,23세,중상,승용,남,47세,상해없음
2014073000100089,2014년 7월 30일 08시,수요일,부산광역시 중구 중앙동1가,경상사고,0,0,3,0,차대차 - 기타,안전운전불이행,건조,맑음,단일로 - 기타,승용,남,49세,상해없음,승용,남,36세,경상
2014073000100090,2014년 7월 30일 08시,수요일,부산광역시 금정구 구서동,경상사고,0,0,1,0,차량단독 - 공작물충돌,안전운전불이행,건조,맑음,단일로 - 기타,승용,남,37세,경상,,,,
2014073000100162,2014년 7월 30일 10시,수요일,부산광역시 동구 좌천동,경상사고,0,0,2,0,차대차 - 기타,중앙선침범,건조,맑음,미분류 - 미분류,승용,남,70세,상해없음,승용,남,33세,경상
2014073000100163,2014년 7월 30일 10시,수요일,부산광역시 금정구 장전동,경상사고,0,0,1,0,차량단독 - 전도전복,기타,건조,맑음,단일로 - 기타,이륜,남,72세,경상,,,,
2014073000100164,2014년 7월 30일 10시,수요일,부산광역시 연제구 거제동,중상사고,0,1,0,0,차대사람 - 기타,안전운전불이행,건조,맑음,단일로 - 기타,자전거,남,15세,상해없음,보행자,여,73세,중상
2014073000100204,2014년 7월 30일 11시,수요일,부산광역시 동구 수정동,중상사고,0,1,0,0,차대사람 - 보도통행중,안전운전불이행,건조,맑음,기타 - 기타,승용,남,57세,상해없음,보행자,남,59세,중상
2014073000100238,2014년 7월 30일 12시,수요일,부산광역시 수영구 망미동,경상사고,0,0,3,0,차대차 - 측면직각충돌,차로위반,건조,맑음,단일로 - 기타,승용,남,52세,상해없음,승용,남,70세,경상
2014073000100266,2014년 7월 30일 13시,수요일,부산광역시 동래구 사직동,경상사고,0,0,1,0,차대차 - 기타,안전운전불이행,건조,맑음,단일로 - 기타,원동기,기타불명,기타불명,기타불명,자전거,남,72세,경상
2014073000100267,2014년 7월 30일 13시,수요일,부산광역시 해운대구 좌동,경상사고,0,0,1,0,차대차 - 기타,신호위반,건조,기타,교차로 - 교차로안,승용,기타불명,기타불명,기타불명,자전거,남,17세,경상
2014073000100303,2014년 7월 30일 14시,수요일,부산광역시 사하구 당리동,경상사고,0,0,2,0,차대차 - 추돌 - 주정차중,안전운전불이행,건조,맑음,단일로 - 기타,화물,남,56세,상해없음,승용,남,33세,경상
2014073000100304,2014년 7월 30일 14시,수요일,부산광역시 연제구 연산동,중상사고,0,1,0,0,차대차 - 측면직각충돌,기타,건조,맑음,단일로 - 기타,승용,여,44세,상해없음,이륜,남,62세,중상
2014073000100305,2014년 7월 30일 14시,수요일,부산광역시 기장군 철마면,중상사고,0,1,0,0,차량단독 - 전도전복,안전운전불이행,건조,맑음,단일로 - 터널,승용,남,51세,중상,,,,
2014073000100338,2014년 7월 30일 15시,수요일,부산광역시 동구 범일동,부상신고사고,0,0,0,1,차대차 - 기타,중앙선침범,건조,맑음,단일로 - 기타,기타불명,남,73세,부상신고,승용,여,52세,상해없음
2014073000100339,2014년 7월 30일 15시,수요일,부산광역시 금정구 부곡동,중상사고,0,1,0,0,차대사람 - 횡단중,보행자보호의무위반,건조,맑음,단일로 - 기타,승용,남,32세,상해없음,보행자,남,17세,중상
2014073000100340,2014년 7월 30일 15시,수요일,부산광역시 금정구 남산동,경상사고,0,0,1,0,차대사람 - 횡단중,안전운전불이행,건조,맑음,교차로 - 교차로부근,승용,여,41세,상해없음,보행자,여,67세,경상
2014073000100378,2014년 7월 30일 16시,수요일,부산광역시 해운대구 우동,경상사고,0,0,1,0,차대차 - 추돌 - 주정차중,안전운전불이행,건조,맑음,단일로 - 교량,승용,남,62세,상해없음,승용,남,43세,상해없음
2014073000100379,2014년 7월 30일 16시,수요일,부산광역시 부산진구 개금동,중상사고,0,1,0,0,차대사람 - 기타,안전운전불이행,건조,맑음,교차로 - 교차로안,승용,남,56세,상해없음,보행자,여,55세,중상
2014073000100417,2014년 7월 30일 17시,수요일,부산광역시 사하구 신평동,경상사고,0,0,1,0,차대차 - 기타,안전운전불이행,건조,맑음,단일로 - 기타,자전거,남,22세,경상,승용,남,21세,상해없음
2014073000100418,2014년 7월 30일 17시,수요일,부산광역시 강서구 송정동,중상사고,0,2,0,0,차대차 - 측면직각충돌,직진우회전진행방해,건조,맑음,교차로 - 교차로안,승용,남,38세,상해없음,승용,남,64세,중상
2014073000100419,2014년 7월 30일 17시,수요일,부산광역시 사상구 모라동,중상사고,0,1,0,0,차대차 - 기타,안전운전불이행,건조,흐림,미분류 - 미분류,승용,남,52세,상해없음,화물,남,60세,상해없음
2014073000100420,2014년 7월 30일 17시,수요일,부산광역시 기장군 장안읍,중상사고,0,1,2,0,차대차 - 측면직각충돌,직진우회전진행방해,건조,맑음,교차로 - 교차로안,승용,여,33세,상해없음,승용,남,39세,경상
2014073000100447,2014년 7월 30일 18시,수요일,부산광역시 해운대구 우동,부상신고사고,0,0,0,1,차대차 - 기타,안전운전불이행,기타,맑음,단일로 - 기타,이륜,남,18세,부상신고,승용,여,45세,상해없음
2014073000100498,2014년 7월 30일 19시,수요일,부산광역시 사하구 신평동,경상사고,0,0,1,0,차대차 - 추돌 - 진행중,안전운전불이행,건조,맑음,교차로 - 교차로부근,이륜,남,21세,상해없음,승용,남,52세,상해없음
2014073000100499,2014년 7월 30일 19시,수요일,부산광역시 사상구 학장동,부상신고사고,0,0,0,1,차대차 - 측면직각충돌,안전운전불이행,건조,맑음,단일로 - 기타,이륜,남,20세,부상신고,승용,남,29세,상해없음
2014073000100500,2014년 7월 30일 19시,수요일,부산광역시 기장군 일광면,부상신고사고,0,0,0,1,차대사람 - 기타,안전운전불이행,건조,맑음,단일로 - 기타,승용,남,54세,상해없음,보행자,남,8세,부상신고
2014073000100522,2014년 7월 30일 20시,수요일,부산광역시 북구 덕천동,중상사고,0,1,0,0,차대사람 - 기타,안전운전불이행,건조,맑음,단일로 - 기타,승합,남,47세,상해없음,보행자,남,44세,중상
2014073000100523,2014년 7월 30일 20시,수요일,부산광역시 동래구 온천동,중상사고,0,1,1,0,차대차 - 측면직각충돌,안전운전불이행,건조,맑음,교차로 - 교차로안,화물,남,62세,상해없음,원동기,남,18세,경상
2014073000100524,2014년 7월 30일 20시,수요일,부산광역시 금정구 남산동,부상신고사고,0,0,0,1,차대사람 - 보도통행중,기타,건조,맑음,기타 - 기타,승용,여,36세,상해없음,보행자,남,4세,부상신고
2014073000100525,2014년 7월 30일 20시,수요일,부산광역시 사하구 하단동,경상사고,0,0,2,0,차대차 - 측면직각충돌,안전거리미확보,건조,맑음,단일로 - 교량,화물,남,59세,상해없음,승용,남,68세,경상
2014073000100560,2014년 7월 30일 21시,수요일,부산광역시 중구 보수동1가,경상사고,0,0,1,0,차대사람 - 횡단중,안전운전불이행,건조,맑음,교차로 - 교차로안,승용,남,31세,상해없음,보행자,남,13세,경상
2014073000100561,2014년 7월 30일 21시,수요일,부산광역시 북구 구포동,경상사고,0,0,3,0,차대차 - 측면직각충돌,신호위반,건조,맑음,교차로 - 교차로안,승용,남,57세,상해없음,승용,남,32세,경상
2014073000100562,2014년 7월 30일 21시,수요일,부산광역시 영도구 청학동,중상사고,0,2,0,0,차대차 - 측면직각충돌,교차로운행방법위반,건조,맑음,교차로 - 교차로안,승용,남,61세,상해없음,이륜,남,22세,중상
2014073000100594,2014년 7월 30일 22시,수요일,부산광역시 남구 대연동,경상사고,0,0,1,0,차대차 - 기타,안전운전불이행,건조,맑음,단일로 - 기타,승용,남,50세,상해없음,이륜,남,37세,경상
2014073000100595,2014년 7월 30일 22시,수요일,부산광역시 사상구 감전동,경상사고,0,0,1,0,차대차 - 기타,안전운전불이행,건조,맑음,단일로 - 횡단보도상,승용,남,56세,상해없음,자전거,여,25세,경상
2014073000100596,2014년 7월 30일 22시,수요일,부산광역시 사상구 주례동,경상사고,0,0,1,0,차대사람 - 횡단중,보행자보호의무위반,건조,맑음,단일로 - 횡단보도상,승용,남,58세,상해없음,보행자,남,60세,경상
2014073000100597,2014년 7월 30일 22시,수요일,부산광역시 기장군 철마면,중상사고,0,1,0,0,차대사람 - 횡단중,안전운전불이행,건조,맑음,교차로 - 교차로부근,승용,남,57세,상해없음,보행자,남,69세,중상
2014073000100639,2014년 7월 30일 23시,수요일,부산광역시 수영구 광안동,중상사고,0,2,0,0,차대차 - 기타,중앙선침범,건조,맑음,단일로 - 기타,원동기,남,16세,상해없음,원동기,남,30세,중상
2014073000100640,2014년 7월 30일 23시,수요일,부산광역시 북구 금곡동,경상사고,0,0,1,0,차대사람 - 기타,안전운전불이행,건조,맑음,단일로 - 기타,승용,남,57세,상해없음,보행자,남,30세,경상
2014073000100641,2014년 7월 30일 23시,수요일,부산광역시 영도구 청학동,중상사고,0,2,1,0,차대차 - 측면직각충돌,신호위반,건조,맑음,교차로 - 교차로안,승용,남,58세,경상,이륜,남,26세,중상
2014073000100642,2014년 7월 30일 23시,수요일,부산광역시 연제구 거제동,경상사고,0,0,1,0,차대차 - 측면직각충돌,안전거리미확보,건조,맑음,단일로 - 기타,승용,여,29세,상해없음,승용,남,34세,경상
2014073100100005,2014년 7월 31일 00시,목요일,부산광역시 금정구 금사동,중상사고,0,1,0,0,차대차 - 측면직각충돌,중앙선침범,건조,맑음,단일로 - 기타,승용,기타불명,기타불명,기타불명,승용,남,53세,중상
2014073100100025,2014년 7월 31일 01시,목요일,부산광역시 서구 아미동1가,중상사고,0,1,0,0,차대사람 - 횡단중,안전운전불이행,건조,맑음,단일로 - 기타,화물,남,65세,상해없음,보행자,여,25세,중상
2014073100100026,2014년 7월 31일 01시,목요일,부산광역시 수영구 민락동,경상사고,0,0,1,0,차량단독 - 전도전복,안전운전불이행,건조,맑음,단일로 - 기타,승용,남,22세,상해없음,,,,
2014073100100027,2014년 7월 31일 01시,목요일,부산광역시 사상구 모라동,부상신고사고,0,0,0,1,차대차 - 추돌 - 주정차중,안전운전불이행,건조,맑음,단일로 - 기타,승용,여,39세,부상신고,화물,남,70세,기타불명
2014073100100050,2014년 7월 31일 02시,목요일,부산광역시 동래구 안락동,경상사고,0,0,1,0,차대차 - 기타,중앙선침범,건조,맑음,단일로 - 기타,승용,남,58세,상해없음,자전거,남,37세,경상
2014073100100051,2014년 7월 31일 02시,목요일,부산광역시 동래구 낙민동,중상사고,0,1,0,0,차대사람 - 횡단중,신호위반,건조,맑음,단일로 - 기타,화물,남,71세,상해없음,보행자,남,47세,중상
2014073100100052,2014년 7월 31일 02시,목요일,부산광역시 부산진구 부전동,중상사고,0,1,0,0,차대사람 - 길가장자리구역통행중,안전운전불이행,건조,맑음,단일로 - 기타,승용,남,36세,상해없음,보행자,남,36세,중상
2014073100100065,2014년 7월 31일 03시,목요일,부산광역시 사하구 괴정동,중상사고,0,1,0,0,차대사람 - 횡단중,안전운전불이행,건조,맑음,단일로 - 기타,승용,남,64세,상해없음,보행자,여,41세,중상
2014073100100070,2014년 7월 31일 04시,목요일,부산광역시 해운대구 반여동,경상사고,0,0,1,0,차대사람 - 기타,보행자보호의무위반,건조,맑음,단일로 - 횡단보도상,승합,남,57세,상해없음,보행자,남,77세,경상
2014073100100071,2014년 7월 31일 04시,목요일,부산광역시 해운대구 좌동,경상사고,0,0,1,0,차대사람 - 기타,안전운전불이행,건조,맑음,단일로 - 기타,승용,여,59세,상해없음,보행자,남,76세,경상
2014073100100091,2014년 7월 31일 06시,목요일,부산광역시 남구 문현동,사망사고,1,0,0,0,차대차 - 측면직각충돌,중앙선침범,건조,맑음,단일로 - 기타,승합,남,64세,상해없음,이륜,남,30세,사망
2014073100100092,2014년 7월 31일 06시,목요일,부산광역시 금정구 금사동,중상사고,0,1,0,0,차량단독 - 공작물충돌,안전운전불이행,건조,맑음,단일로 - 기타,원동기,남,36세,중상,,,,
2014073100100093,2014년 7월 31일 06시,목요일,부산광역시 부산진구 범천동,경상사고,0,0,1,0,차대사람 - 횡단중,보행자보호의무위반,건조,맑음,단일로 - 기타,승용,남,64세,상해없음,보행자,여,15세,경상
2014073100100094,2014년 7월 31일 06시,목요일,부산광역시 사상구 삼락동,부상신고사고,0,0,0,1,차대차 - 기타,안전거리미확보,건조,맑음,단일로 - 기타,승용,기타불명,기타불명,기타불명,승용,남,33세,부상신고
2014073100100172,2014년 7월 31일 09시,목요일,부산광역시 금정구 장전동,부상신고사고,0,0,0,1,차대차 - 추돌 - 주정차중,안전거리미확보,건조,맑음,단일로 - 기타,원동기,남,75세,부상신고,승합,남,59세,상해없음
2014073100100206,2014년 7월 31일 10시,목요일,부산광역시 서구 서대신동1가,경상사고,0,0,1,0,차량단독 - 기타,안전운전불이행,건조,맑음,단일로 - 기타,승합,남,50세,상해없음,,,,
2014073100100207,2014년 7월 31일 10시,목요일,부산광역시 사상구 모라동,중상사고,0,1,0,0,차대차 - 측면직각충돌,안전거리미확보,건조,맑음,교차로 - 교차로부근,화물,남,48세,상해없음,이륜,남,60세,중상
2014073100100232,2014년 7월 31일 11시,목요일,부산광역시 부산진구 초읍동,중상사고,0,1,0,0,차대사람 - 횡단중,안전운전불이행,건조,맑음,단일로 - 횡단보도상,승합,남,36세,상해없음,보행자,여,84세,중상
2014073100100233,2014년 7월 31일 11시,목요일,부산광역시 부산진구 개금동,중상사고,0,1,0,0,차대차 - 추돌 - 주정차중,안전운전불이행,건조,맑음,단일로 - 기타,화물,남,58세,상해없음,승용,남,52세,중상
2014073100100234,2014년 7월 31일 11시,목요일,부산광역시 부산진구 가야동,경상사고,0,0,1,0,차대차 - 기타,안전거리미확보,건조,맑음,단일로 - 기타,특수,남,56세,상해없음,승용,남,60세,경상
2014073100100296,2014년 7월 31일 13시,목요일,부산광역시 수영구 민락동,경상사고,0,0,1,0,차대사람 - 길가장자리구역통행중,안전운전불이행,건조,맑음,단일로 - 기타,승용,남,37세,상해없음,보행자,남,31세,경상
2014073100100297,2014년 7월 31일 13시,목요일,부산광역시 금정구 장전동,경상사고,0,0,1,0,차대사람 - 횡단중,안전운전불이행,건조,맑음,교차로 - 교차로안,승용,여,44세,상해없음,보행자,여,66세,경상
2014073100100298,2014년 7월 31일 13시,목요일,부산광역시 금정구 금사동,경상사고,0,0,1,0,차대사람 - 길가장자리구역통행중,안전운전불이행,건조,맑음,단일로 - 기타,승용,여,49세,상해없음,보행자,여,59세,경상
2014073100100338,2014년 7월 31일 14시,목요일,부산광역시 중구 광복동1가,경상사고,0,0,2,0,차대차 - 추돌 - 주정차중,안전운전불이행,건조,맑음,단일로 - 기타,승용,남,35세,상해없음,승용,남,53세,경상
2014073100100339,2014년 7월 31일 14시,목요일,부산광역시 북구 만덕동,경상사고,0,0,1,0,차대차 - 측면직각충돌,교차로운행방법위반,건조,맑음,교차로 - 교차로부근,승용,남,39세,상해없음,승용,남,45세,경상
2014073100100340,2014년 7월 31일 14시,목요일,부산광역시 사하구 감천동,부상신고사고,0,0,0,1,차대차 - 기타,안전운전불이행,건조,맑음,단일로 - 기타,이륜,남,32세,부상신고,승용,남,38세,상해없음
2014073100100375,2014년 7월 31일 15시,목요일,부산광역시 동래구 온천동,경상사고,0,0,1,0,차대차 - 추돌 - 진행중,안전거리미확보,건조,맑음,단일로 - 기타,승용,여,26세,상해없음,이륜,남,26세,경상
2014073100100376,2014년 7월 31일 15시,목요일,부산광역시 사하구 장림동,중상사고,0,2,0,0,차대차 - 기타,교차로운행방법위반,건조,맑음,교차로 - 교차로안,승용,여,55세,상해없음,이륜,남,67세,중상
2014073100100403,2014년 7월 31일 16시,목요일,부산광역시 동래구 복천동,중상사고,0,1,0,0,차대사람 - 기타,안전운전불이행,건조,맑음,단일로 - 기타,승용,남,44세,상해없음,보행자,여,37세,중상
2014073100100404,2014년 7월 31일 16시,목요일,부산광역시 사하구 하단동,중상사고,0,1,0,0,차대사람 - 기타,안전운전불이행,건조,맑음,단일로 - 기타,승용,남,67세,상해없음,보행자,남,6세,중상
2014073100100444,2014년 7월 31일 17시,목요일,부산광역시 중구 남포동5가,경상사고,0,0,1,0,차대차 - 기타,교차로운행방법위반,건조,맑음,교차로 - 교차로안,승용,남,45세,상해없음,승용,남,33세,경상
2014073100100445,2014년 7월 31일 17시,목요일,부산광역시 수영구 광안동,경상사고,0,0,2,0,차대차 - 측면직각충돌,안전거리미확보,건조,맑음,단일로 - 기타,승용,남,55세,상해없음,승용,여,63세,경상
2014073100100446,2014년 7월 31일 17시,목요일,부산광역시 수영구 남천동,경상사고,0,0,1,0,차량단독 - 기타,안전운전불이행,건조,맑음,단일로 - 기타,승합,남,56세,기타불명,,,,
2014073100100493,2014년 7월 31일 18시,목요일,부산광역시 남구 대연동,경상사고,0,0,1,0,차대사람 - 기타,안전운전불이행,건조,맑음,단일로 - 기타,승용,남,55세,상해없음,보행자,여,40세,경상
2014073100100494,2014년 7월 31일 18시,목요일,부산광역시 해운대구 재송동,중상사고,0,1,1,0,차대차 - 추돌 - 진행중,안전운전불이행,건조,맑음,교차로 - 교차로부근,승용,남,49세,기타불명,승용,남,39세,중상
2014073100100495,2014년 7월 31일 18시,목요일,부산광역시 사하구 다대동,중상사고,0,1,0,0,차대차 - 기타,교차로운행방법위반,건조,맑음,단일로 - 기타,승용,남,55세,상해없음,원동기,여,49세,중상
2014073100100542,2014년 7월 31일 19시,목요일,부산광역시 수영구 광안동,경상사고,0,0,2,0,차대사람 - 기타,안전운전불이행,건조,맑음,단일로 - 기타,원동기,남,39세,경상,보행자,남,78세,경상
2014073100100543,2014년 7월 31일 19시,목요일,부산광역시 영도구 청학동,중상사고,0,1,0,0,차대사람 - 기타,안전운전불이행,건조,맑음,교차로 - 교차로안,승용,남,44세,상해없음,보행자,여,57세,중상
2014073100100575,2014년 7월 31일 20시,목요일,부산광역시 수영구 민락동,중상사고,0,1,0,0,차대사람 - 기타,안전운전불이행,건조,맑음,단일로 - 기타,승용,남,55세,상해없음,보행자,여,15세,중상
2014073100100576,2014년 7월 31일 20시,목요일,부산광역시 부산진구 부암동,경상사고,0,0,1,0,차량단독 - 기타,안전운전불이행,기타,맑음,단일로 - 기타,승합,남,46세,상해없음,,,,
2014073100100577,2014년 7월 31일 20시,목요일,부산광역시 부산진구 초읍동,경상사고,0,0,1,0,차대차 - 기타,안전운전불이행,기타,맑음,단일로 - 기타,승용,남,62세,상해없음,승용,여,34세,경상