사고번호,사고일시,요일,시군구,사고내용,사망자수,중상자수,경상자수,부상신고자수,사고유형,법규위반,노면상태,기상상태,도로형태,가해운전자 차종,가해운전자 성별,가해운전자 연령,가해운전자 상해정도,피해운전자 차종,피해운전자 성별,피해운전자 연령,피해운전자 상해정도
2014080300100492,2014년 8월 3일 21시,일요일,부산광역시 영도구 청학동,경상사고,0,0,2,0,차대차 - 추돌 - 진행중,중앙선침범,건조,맑음,단일로 - 기타,승용,남,43세,상해없음,승합,남,45세,경상
2014080300100493,2014년 8월 3일 21시,일요일,부산광역시 연제구 연산동,중상사고,0,1,0,0,차대사람 - 횡단중,안전운전불이행,습기,흐림,단일로 - 기타,화물,남,51세,상해없음,보행자,남,54세,중상
2014080300100494,2014년 8월 3일 21시,일요일,부산광역시 기장군 정관면,중상사고,0,1,1,0,차대차 - 추돌 - 주정차중,안전운전불이행,건조,흐림,교차로 - 교차로안,승용,남,58세,상해없음,승용,남,49세,중상
2014080300100542,2014년 8월 3일 22시,일요일,부산광역시 서구 암남동,경상사고,0,0,1,0,차대차 - 측면직각충돌,안전거리미확보,건조,맑음,단일로 - 기타,승용,남,47세,상해없음,이륜,남,18세,경상
2014080300100543,2014년 8월 3일 22시,일요일,부산광역시 해운대구 중동,경상사고,0,0,1,0,차대차 - 추돌 - 진행중,안전운전불이행,건조,맑음,단일로 - 기타,승용,남,53세,상해없음,원동기,남,30세,경상
2014080300100569,2014년 8월 3일 23시,일요일,부산광역시 수영구 남천동,경상사고,0,0,1,0,차대사람 - 차도통행중,안전운전불이행,건조,흐림,교차로 - 교차로안,승용,남,57세,상해없음,보행자,남,27세,경상
2014080400100007,2014년 8월 4일 00시,월요일,부산광역시 금정구 금사동,경상사고,0,0,3,0,차대차 - 추돌 - 주정차중,중앙선침범,습기,비,교차로 - 교차로부근,승용,남,15세,상해없음,승용,남,57세,경상
2014080400100018,2014년 8월 4일 01시,월요일,부산광역시 사하구 하단동,중상사고,0,1,0,0,차대차 - 측면직각충돌,안전운전불이행,습기,비,교차로 - 교차로안,승용,여,42세,상해없음,승용,남,53세,중상
2014080400100030,2014년 8월 4일 02시,월요일,부산광역시 서구 동대신동1가,경상사고,0,0,1,1,차대차 - 추돌 - 주정차중,안전운전불이행,습기,비,단일로 - 기타,승용,남,46세,부상신고,이륜,기타불명,기타불명,기타불명
2014080400100031,2014년 8월 4일 02시,월요일,부산광역시 남구 대연동,중상사고,0,4,0,0,차대차 - 추돌 - 진행중,안전운전불이행,습기,비,단일로 - 터널,승용,남,33세,중상,화물,남,53세,중상
2014080400100032,2014년 8월 4일 02시,월요일,부산광역시 해운대구 우동,경상사고,0,0,1,0,차대차 - 기타,중앙선침범,습기,비,단일로 - 기타,승용,남,30세,상해없음,승용,남,33세,경상
2014080400100043,2014년 8월 4일 03시,월요일,부산광역시 사하구 괴정동,부상신고사고,0,0,0,1,차대사람 - 길가장자리구역통행중,안전운전불이행,건조,맑음,단일로 - 기타,승용,기타불명,기타불명,기타불명,보행자,남,18세,부상신고
2014080400100055,2014년 8월 4일 04시,월요일,부산광역시 북구 덕천동,경상사고,0,0,1,0,차대사람 - 횡단중,안전운전불이행,습기,비,교차로 - 교차로안,승용,기타불명,기타불명,기타불명,보행자,남,31세,경상
2014080400100056,2014년 8월 4일 04시,월요일,부산광역시 사하구 하단동,중상사고,0,2,0,0,차대차 - 측면직각충돌,신호위반,습기,비,교차로 - 교차로안,승용,남,58세,상해없음,승용,남,36세,중상
2014080400100057,2014년 8월 4일 04시,월요일,부산광역시 사상구 덕포동,중상사고,0,1,0,0,차대사람 - 기타,교차로운행방법위반,습기,비,단일로 - 기타,승용,남,58세,상해없음,보행자,여,67세,중상
2014080400100098,2014년 8월 4일 07시,월요일,부산광역시 동구 수정동,경상사고,0,0,1,0,차대차 - 측면직각충돌,교차로운행방법위반,습기,비,교차로 - 교차로안,승용,여,22세,상해없음,이륜,남,53세,경상
2014080400100120,2014년 8월 4일 08시,월요일,부산광역시 남구 문현동,부상신고사고,0,0,0,1,차대사람 - 기타,안전운전불이행,습기,비,단일로 - 기타,승용,여,71세,기타불명,보행자,여,40세,부상신고
2014080400100121,2014년 8월 4일 08시,월요일,부산광역시 북구 덕천동,경상사고,0,0,1,0,차량단독 - 기타,기타,건조,흐림,단일로 - 기타,승합,남,56세,상해없음,,,,
2014080400100122,2014년 8월 4일 08시,월요일,부산광역시 연제구 거제동,경상사고,0,0,1,0,차대차 - 추돌 - 주정차중,안전거리미확보,습기,비,단일로 - 횡단보도부근,승용,남,41세,상해없음,승용,남,39세,경상
2014080400100154,2014년 8월 4일 09시,월요일,부산광역시 부산진구 부암동,경상사고,0,0,1,0,차대차 - 정면충돌,신호위반,건조,맑음,교차로 - 교차로안,승용,여,38세,상해없음,이륜,남,37세,경상
2014080400100155,2014년 8월 4일 09시,월요일,부산광역시 연제구 연산동,경상사고,0,0,1,0,차대차 - 기타,안전거리미확보,건조,맑음,단일로 - 기타,승용,남,61세,상해없음,원동기,남,56세,경상
2014080400100174,2014년 8월 4일 10시,월요일,부산광역시 해운대구 좌동,중상사고,0,1,0,0,차대사람 - 기타,안전운전불이행,기타,비,단일로 - 기타,승용,남,64세,상해없음,보행자,여,73세,중상
2014080400100175,2014년 8월 4일 10시,월요일,부산광역시 강서구 미음동,중상사고,0,1,0,0,차대차 - 기타,직진우회전진행방해,습기,비,교차로 - 교차로안,화물,남,58세,상해없음,승용,남,74세,상해없음
2014080400100250,2014년 8월 4일 12시,월요일,부산광역시 금정구 회동동,경상사고,0,0,1,0,차대차 - 기타,중앙선침범,건조,맑음,단일로 - 기타,화물,남,65세,상해없음,화물,남,20세,경상
2014080400100291,2014년 8월 4일 13시,월요일,부산광역시 동래구 수안동,중상사고,0,1,0,0,차대사람 - 길가장자리구역통행중,안전운전불이행,건조,맑음,단일로 - 기타,승합,남,46세,상해없음,보행자,여,73세,중상
2014080400100330,2014년 8월 4일 14시,월요일,부산광역시 부산진구 전포동,경상사고,0,0,2,0,차대차 - 기타,안전운전불이행,건조,맑음,단일로 - 기타,승용,남,21세,상해없음,승용,남,64세,상해없음
2014080400100406,2014년 8월 4일 16시,월요일,부산광역시 동래구 명륜동,중상사고,0,1,6,0,차대차 - 추돌 - 진행중,교차로운행방법위반,건조,맑음,교차로 - 교차로안,승용,남,30세,상해없음,승합,남,46세,상해없음
2014080400100449,2014년 8월 4일 17시,월요일,부산광역시 동래구 낙민동,중상사고,0,1,0,0,차대사람 - 기타,안전운전불이행,습기,맑음,단일로 - 기타,자전거,남,41세,상해없음,보행자,여,63세,중상
2014080400100450,2014년 8월 4일 17시,월요일,부산광역시 동래구 명륜동,중상사고,0,1,0,0,차대차 - 측면직각충돌,차로위반,건조,맑음,단일로 - 기타,승용,여,57세,상해없음,승용,여,53세,중상
2014080400100451,2014년 8월 4일 17시,월요일,부산광역시 부산진구 부암동,경상사고,0,0,1,0,차대사람 - 횡단중,보행자보호의무위반,건조,맑음,단일로 - 횡단보도상,화물,남,54세,상해없음,보행자,여,55세,경상
2014080400100452,2014년 8월 4일 17시,월요일,부산광역시 사하구 장림동,경상사고,0,0,2,0,차대차 - 기타,안전운전불이행,습기,흐림,단일로 - 기타,승용,남,59세,상해없음,원동기,남,34세,경상
2014080400100488,2014년 8월 4일 18시,월요일,부산광역시 남구 대연동,경상사고,0,0,1,0,차대차 - 측면직각충돌,안전운전불이행,건조,맑음,단일로 - 기타,승용,남,40세,상해없음,자전거,남,64세,경상
2014080400100489,2014년 8월 4일 18시,월요일,부산광역시 사하구 당리동,경상사고,0,0,1,0,차대차 - 추돌 - 진행중,안전거리미확보,건조,흐림,단일로 - 기타,승용,여,43세,상해없음,화물,남,35세,경상
2014080400100490,2014년 8월 4일 18시,월요일,부산광역시 연제구 거제동,경상사고,0,0,4,0,차대차 - 기타,안전거리미확보,건조,맑음,교차로 - 교차로안,승용,남,58세,상해없음,승용,남,22세,경상
2014080400100529,2014년 8월 4일 19시,월요일,부산광역시 부산진구 부전동,중상사고,0,2,0,0,차대사람 - 횡단중,보행자보호의무위반,습기,비,단일로 - 횡단보도상,승용,여,32세,상해없음,보행자,남,19세,중상
2014080400100530,2014년 8월 4일 19시,월요일,부산광역시 금정구 부곡동,중상사고,0,1,0,0,차대사람 - 기타,안전운전불이행,습기,비,단일로 - 기타,승용,남,42세,상해없음,보행자,남,66세,중상
2014080400100531,2014년 8월 4일 19시,월요일,부산광역시 강서구 녹산동,경상사고,0,0,3,0,차대차 - 추돌 - 진행중,안전운전불이행,건조,맑음,단일로 - 교량,승용,남,53세,상해없음,승용,남,30세,경상
2014080400100564,2014년 8월 4일 20시,월요일,부산광역시 부산진구 부전동,중상사고,0,1,0,0,차대사람 - 횡단중,안전운전불이행,습기,비,단일로 - 횡단보도상,승용,남,29세,상해없음,보행자,여,68세,중상
2014080400100565,2014년 8월 4일 20시,월요일,부산광역시 기장군 정관면,경상사고,0,0,2,0,차대차 - 측면직각충돌,안전운전불이행,습기,비,교차로 - 교차로안,승용,남,35세,상해없음,승합,남,47세,경상
2014080400100607,2014년 8월 4일 21시,월요일,부산광역시 영도구 영선동1가,중상사고,0,1,0,0,차대사람 - 횡단중,안전운전불이행,기타,비,기타 - 기타,승용,남,39세,상해없음,보행자,남,14세,중상
2014080400100608,2014년 8월 4일 21시,월요일,부산광역시 부산진구 개금동,경상사고,0,0,1,0,차대사람 - 기타,안전운전불이행,습기,비,단일로 - 기타,승용,남,58세,상해없음,보행자,남,36세,경상
2014080400100609,2014년 8월 4일 21시,월요일,부산광역시 사하구 하단동,경상사고,0,0,1,0,차대사람 - 횡단중,신호위반,습기,비,단일로 - 기타,승용,남,56세,상해없음,보행자,여,56세,경상
2014080400100636,2014년 8월 4일 22시,월요일,부산광역시 부산진구 가야동,경상사고,0,0,1,0,차대차 - 기타,신호위반,습기,비,단일로 - 기타,승용,여,57세,상해없음,이륜,남,18세,경상
2014080400100637,2014년 8월 4일 22시,월요일,부산광역시 부산진구 양정동,경상사고,0,0,1,0,차대차 - 기타,안전거리미확보,습기,비,단일로 - 기타,승합,남,41세,상해없음,승용,남,32세,기타불명
2014080400100638,2014년 8월 4일 22시,월요일,부산광역시 사하구 하단동,중상사고,0,1,2,3,차대차 - 기타,안전운전불이행,습기,비,단일로 - 기타,승용,남,48세,상해없음,승용,남,33세,경상
2014080400100639,2014년 8월 4일 22시,월요일,부산광역시 사하구 하단동,경상사고,0,0,1,0,차대사람 - 보도통행중,기타,습기,비,교차로 - 교차로부근,승용,남,52세,상해없음,보행자,여,52세,경상
2014080400100640,2014년 8월 4일 22시,월요일,부산광역시 수영구 망미동,중상사고,0,1,1,0,차대차 - 추돌 - 진행중,안전운전불이행,건조,흐림,단일로 - 기타,승용,남,40세,상해없음,승용,남,32세,경상
2014080400100670,2014년 8월 4일 23시,월요일,부산광역시 금정구 서동,경상사고,0,0,1,0,차대사람 - 길가장자리구역통행중,기타,습기,비,교차로 - 교차로안,승용,남,52세,상해없음,보행자,남,51세,경상
2014080400100671,2014년 8월 4일 23시,월요일,부산광역시 사상구 감전동,경상사고,0,0,1,0,차대사람 - 횡단중,안전운전불이행,습기,비,단일로 - 횡단보도상,승용,남,49세,상해없음,보행자,여,51세,경상
2014080500100028,2014년 8월 5일 01시,화요일,부산광역시 동래구 온천동,중상사고,0,2,0,0,차대차 - 추돌 - 진행중,안전운전불이행,습기,비,교차로 - 교차로안,승용,여,39세,상해없음,승용,여,43세,중상
2014080500100047,2014년 8월 5일 02시,화요일,부산광역시 해운대구 송정동,중상사고,0,1,0,0,차량단독 - 공작물충돌,안전운전불이행,건조,맑음,단일로 - 기타,승용,여,47세,중상,,,,
2014080500100048,2014년 8월 5일 02시,화요일,부산광역시 해운대구 좌동,중상사고,0,1,0,0,차량단독 - 공작물충돌,안전운전불이행,건조,맑음,단일로 - 기타,승용,남,45세,중상,,,,
2014080500100049,2014년 8월 5일 02시,화요일,부산광역시 연제구 연산동,부상신고사고,0,0,0,2,차대차 - 추돌 - 진행중,신호위반,건조,맑음,교차로 - 교차로안,승용,남,49세,상해없음,승용,남,60세,부상신고
2014080500100070,2014년 8월 5일 04시,화요일,부산광역시 부산진구 부전동,중상사고,0,1,0,0,차대차 - 기타,안전거리미확보,건조,맑음,단일로 - 기타,승용,남,31세,상해없음,승용,여,59세,중상
2014080500100076,2014년 8월 5일 05시,화요일,부산광역시 강서구 대저2동,경상사고,0,0,2,0,차대차 - 추돌 - 주정차중,안전운전불이행,습기,흐림,교차로 - 교차로부근,승용,남,33세,상해없음,승용,남,48세,경상
2014080500100112,2014년 8월 5일 08시,화요일,부산광역시 기장군 기장읍,경상사고,0,0,2,0,차대차 - 기타,안전운전불이행,습기,흐림,교차로 - 교차로부근,승용,남,58세,경상,승용,남,50세,상해없음
2014080500100137,2014년 8월 5일 09시,화요일,부산광역시 남구 용호동,경상사고,0,0,1,0,차량단독 - 기타,안전운전불이행,습기,흐림,단일로 - 기타,자전거,남,21세,경상,,,,
2014080500100166,2014년 8월 5일 10시,화요일,부산광역시 남구 감만동,중상사고,0,1,1,0,차대차 - 추돌 - 주정차중,안전운전불이행,건조,흐림,단일로 - 기타,화물,남,31세,상해없음,승용,여,39세,중상
2014080500100187,2014년 8월 5일 11시,화요일,부산광역시 부산진구 가야동,중상사고,0,1,0,0,차대차 - 측면직각충돌,신호위반,건조,맑음,교차로 - 교차로안,승합,남,51세,상해없음,원동기,남,34세,중상
2014080500100188,2014년 8월 5일 11시,화요일,부산광역시 금정구 노포동,경상사고,0,0,1,0,차대차 - 측면직각충돌,교차로운행방법위반,건조,맑음,교차로 - 교차로안,화물,남,57세,상해없음,승용,남,30세,경상
2014080500100252,2014년 8월 5일 13시,화요일,부산광역시 북구 덕천동,경상사고,0,0,1,0,차대차 - 측면직각충돌,교차로운행방법위반,건조,맑음,교차로 - 교차로안,승용,여,51세,상해없음,승용,여,52세,경상
2014080500100253,2014년 8월 5일 13시,화요일,부산광역시 북구 덕천동,경상사고,0,0,1,0,차대차 - 측면직각충돌,안전운전불이행,건조,맑음,교차로 - 교차로안,승용,여,40세,경상,이륜,남,47세,상해없음
2014080500100254,2014년 8월 5일 13시,화요일,부산광역시 해운대구 중동,부상신고사고,0,0,0,1,차대차 - 측면직각충돌,안전운전불이행,건조,맑음,단일로 - 기타,승용,남,31세,상해없음,이륜,남,28세,부상신고
2014080500100255,2014년 8월 5일 13시,화요일,부산광역시 사상구 괘법동,부상신고사고,0,0,0,1,차대차 - 측면직각충돌,교차로운행방법위반,건조,맑음,교차로 - 교차로안,화물,남,30세,상해없음,원동기,남,49세,부상신고
2014080500100285,2014년 8월 5일 14시,화요일,부산광역시 동래구 온천동,경상사고,0,0,1,0,차대차 - 기타,안전운전불이행,건조,맑음,단일로 - 기타,이륜,남,52세,경상,승용,남,23세,상해없음
2014080500100286,2014년 8월 5일 14시,화요일,부산광역시 연제구 거제동,중상사고,0,1,0,0,차대사람 - 기타,중앙선침범,건조,맑음,단일로 - 기타,화물,남,40세,상해없음,보행자,남,78세,중상
2014080500100327,2014년 8월 5일 15시,화요일,부산광역시 연제구 연산동,중상사고,0,1,0,0,차대차 - 측면직각충돌,기타,건조,맑음,단일로 - 기타,승용,남,43세,상해없음,원동기,남,34세,중상
2014080500100361,2014년 8월 5일 16시,화요일,부산광역시 남구 용당동,경상사고,0,0,1,0,차대사람 - 횡단중,신호위반,건조,맑음,교차로 - 교차로부근,승용,남,56세,상해없음,보행자,여,20세,경상
2014080500100362,2014년 8월 5일 16시,화요일,부산광역시 동래구 낙민동,경상사고,0,0,2,0,차대차 - 추돌 - 주정차중,안전거리미확보,건조,맑음,단일로 - 기타,승용,남,60세,상해없음,승용,여,32세,경상
2014080500100363,2014년 8월 5일 16시,화요일,부산광역시 금정구 노포동,중상사고,0,1,0,1,차대차 - 측면직각충돌,중앙선침범,건조,맑음,단일로 - 기타,승용,남,44세,상해없음,화물,남,34세,중상
2014080500100398,2014년 8월 5일 17시,화요일,부산광역시 연제구 연산동,중상사고,0,1,0,0,차대차 - 측면직각충돌,신호위반,건조,맑음,교차로 - 교차로부근,승용,여,56세,상해없음,자전거,남,33세,중상
2014080500100437,2014년 8월 5일 18시,화요일,부산광역시 영도구 대교동1가,중상사고,0,1,0,0,차대사람 - 기타,안전운전불이행,건조,맑음,기타 - 기타,승용,남,50세,기타불명,보행자,여,37세,중상
2014080500100438,2014년 8월 5일 18시,화요일,부산광역시 사하구 당리동,중상사고,0,1,1,0,차대차 - 정면충돌,신호위반,건조,맑음,교차로 - 교차로부근,승용,남,45세,상해없음,승용,남,23세,중상
2014080500100523,2014년 8월 5일 20시,화요일,부산광역시 동구 범일동,경상사고,0,0,4,0,차대차 - 기타,안전거리미확보,건조,맑음,단일로 - 기타,승합,남,49세,상해없음,승용,남,27세,상해없음
2014080500100524,2014년 8월 5일 20시,화요일,부산광역시 해운대구 송정동,중상사고,0,1,0,0,차대사람 - 기타,안전운전불이행,기타,맑음,교차로 - 교차로부근,승용,남,32세,상해없음,보행자,여,31세,중상
2014080500100560,2014년 8월 5일 21시,화요일,부산광역시 서구 남부민동,경상사고,0,0,1,0,차대차 - 측면직각충돌,신호위반,건조,맑음,교차로 - 교차로안,이륜,남,21세,경상,승용,남,51세,상해없음
2014080500100561,2014년 8월 5일 21시,화요일,부산광역시 해운대구 우동,경상사고,0,0,1,0,차대차 - 기타,안전운전불이행,기타,맑음,단일로 - 기타,승용,남,43세,상해없음,이륜,남,18세,경상
2014080500100562,2014년 8월 5일 21시,화요일,부산광역시 부산진구 부전동,경상사고,0,0,1,0,차대차 - 측면직각충돌,차로위반,건조,맑음,교차로 - 교차로안,승용,남,38세,상해없음,승합,남,50세,상해없음
2014080500100604,2014년 8월 5일 23시,화요일,부산광역시 수영구 민락동,경상사고,0,0,1,0,차대사람 - 기타,신호위반,건조,맑음,단일로 - 기타,자전거,남,25세,상해없음,보행자,여,56세,경상
2014080500100605,2014년 8월 5일 23시,화요일,부산광역시 사하구 하단동,경상사고,0,0,1,0,차대차 - 추돌 - 진행중,안전운전불이행,건조,흐림,단일로 - 기타,승용,남,54세,상해없음,자전거,남,23세,경상
2014080600100020,2014년 8월 6일 01시,수요일,부산광역시 동래구 온천동,경상사고,0,0,1,0,차대차 - 추돌 - 진행중,안전거리미확보,건조,맑음,단일로 - 기타,승용,남,30세,상해없음,승용,남,59세,상해없음
2014080600100041,2014년 8월 6일 03시,수요일,부산광역시 사하구 당리동,중상사고,0,1,0,0,차대사람 - 길가장자리구역통행중,안전운전불이행,건조,맑음,단일로 - 기타,기타불명,기타불명,기타불명,기타불명,보행자,남,32세,중상
2014080600100042,2014년 8월 6일 03시,수요일,부산광역시 수영구 망미동,경상사고,0,0,3,0,차대차 - 기타,신호위반,건조,맑음,교차로 - 교차로안,승용,남,65세,상해없음,승용,남,25세,경상
2014080600100050,2014년 8월 6일 04시,수요일,부산광역시 중구 영주동,경상사고,0,0,1,0,차대차 - 측면직각충돌,차로위반,기타,기타,기타 - 기타,승용,남,68세,상해없음,승용,남,58세,경상
2014080600100073,2014년 8월 6일 06시,수요일,부산광역시 서구 동대신동1가,경상사고,0,0,1,1,차대차 - 추돌 - 진행중,안전운전불이행,건조,맑음,단일로 - 터널,승합,남,57세,상해없음,승용,남,72세,상해없음
2014080600100074,2014년 8월 6일 06시,수요일,부산광역시 부산진구 부전동,경상사고,0,0,1,1,차대차 - 측면직각충돌,안전거리미확보,건조,맑음,단일로 - 기타,화물,남,71세,부상신고,승용,여,57세,경상
2014080600100107,2014년 8월 6일 08시,수요일,부산광역시 동래구 안락동,경상사고,0,0,1,0,차대차 - 측면직각충돌,안전운전불이행,건조,맑음,단일로 - 기타,승용,남,63세,상해없음,원동기,남,18세,경상
2014080600100108,2014년 8월 6일 08시,수요일,부산광역시 해운대구 반송동,사망사고,1,0,0,0,차대사람 - 기타,안전운전불이행,건조,맑음,단일로 - 기타,승합,남,58세,상해없음,보행자,여,69세,사망
2014080600100109,2014년 8월 6일 08시,수요일,부산광역시 금정구 구서동,경상사고,0,0,3,0,차대차 - 추돌 - 진행중,안전거리미확보,건조,맑음,단일로 - 기타,승용,남,45세,상해없음,승용,남,54세,경상
2014080600100110,2014년 8월 6일 08시,수요일,부산광역시 금정구 금사동,경상사고,0,0,1,0,차대차 - 추돌 - 진행중,안전거리미확보,건조,맑음,단일로 - 기타,특수,남,31세,상해없음,특수,남,50세,경상
2014080600100128,2014년 8월 6일 09시,수요일,부산광역시 남구 대연동,중상사고,0,1,0,0,차대사람 - 횡단중,보행자보호의무위반,건조,맑음,단일로 - 횡단보도상,화물,남,49세,상해없음,보행자,여,60세,중상
2014080600100129,2014년 8월 6일 09시,수요일,부산광역시 부산진구 초읍동,중상사고,0,1,0,0,차대차 - 측면직각충돌,교차로운행방법위반,건조,맑음,교차로 - 교차로안,화물,남,41세,상해없음,이륜,여,65세,중상
2014080600100130,2014년 8월 6일 09시,수요일,부산광역시 사하구 감천동,경상사고,0,0,1,0,차대차 - 추돌 - 진행중,중앙선침범,건조,맑음,단일로 - 기타,승용,남,67세,상해없음,승용,남,26세,경상
2014080600100164,2014년 8월 6일 10시,수요일,부산광역시 북구 덕천동,경상사고,0,0,1,0,차대차 - 측면직각충돌,신호위반,건조,맑음,교차로 - 교차로안,승용,여,65세,상해없음,승용,남,42세,경상
2014080600100165,2014년 8월 6일 10시,수요일,부산광역시 금정구 부곡동,중상사고,0,1,1,1,차대차 - 측면직각충돌,안전거리미확보,건조,맑음,교차로 - 교차로안,원동기,남,18세,부상신고,승용,남,66세,경상
2014080600100185,2014년 8월 6일 11시,수요일,부산광역시 연제구 거제동,경상사고,0,0,2,0,차대차 - 기타,안전거리미확보,건조,맑음,교차로 - 교차로부근,승용,남,69세,기타불명,승용,남,27세,경상
2014080600100217,2014년 8월 6일 12시,수요일,부산광역시 기장군 정관면,중상사고,0,1,5,3,차대차 - 추돌 - 주정차중,안전거리미확보,건조,맑음,교차로 - 교차로부근,승합,남,56세,상해없음,승용,여,44세,중상
2014080600100218,2014년 8월 6일 12시,수요일,부산광역시 기장군 일광면,중상사고,0,1,0,0,차대차 - 측면직각충돌,신호위반,건조,맑음,교차로 - 교차로안,건설기계,남,47세,상해없음,화물,남,53세,상해없음
2014080600100244,2014년 8월 6일 13시,수요일,부산광역시 해운대구 중동,중상사고,0,1,0,0,차대차 - 기타,안전운전불이행,건조,맑음,교차로 - 교차로부근,승용,남,57세,기타불명,화물,남,41세,상해없음
2014080600100245,2014년 8월 6일 13시,수요일,부산광역시 사하구 신평동,중상사고,0,2,2,1,차대차 - 기타,안전운전불이행,건조,맑음,단일로 - 기타,화물,남,42세,상해없음,승용,남,36세,중상
2014080600100246,2014년 8월 6일 13시,수요일,부산광역시 사하구 하단동,경상사고,0,0,1,0,차대사람 - 횡단중,신호위반,건조,맑음,단일로 - 횡단보도상,승용,여,61세,상해없음,보행자,여,7세,경상
2014080600100247,2014년 8월 6일 13시,수요일,부산광역시 기장군 철마면,경상사고,0,0,1,0,차대차 - 측면직각충돌,안전운전불이행,건조,맑음,교차로 - 교차로안,이륜,남,72세,경상,승용,남,80세,상해없음
2014080600100277,2014년 8월 6일 14시,수요일,부산광역시 동구 초량동,경상사고,0,0,3,0,차대차 - 추돌 - 진행중,안전운전불이행,건조,맑음,단일로 - 기타,승용,남,60세,상해없음,승용,남,57세,경상
2014080600100278,2014년 8월 6일 14시,수요일,부산광역시 서구 부민동3가,경상사고,0,0,1,0,차대사람 - 횡단중,신호위반,건조,맑음,단일로 - 횡단보도상,승용,남,49세,상해없음,보행자,여,9세,경상
2014080600100279,2014년 8월 6일 14시,수요일,부산광역시 동래구 안락동,경상사고,0,0,1,0,차대사람 - 길가장자리구역통행중,안전운전불이행,건조,맑음,단일로 - 기타,기타불명,기타불명,기타불명,기타불명,보행자,남,26세,경상
2014080600100280,2014년 8월 6일 14시,수요일,부산광역시 수영구 망미동,경상사고,0,0,1,0,차대사람 - 횡단중,안전운전불이행,건조,맑음,단일로 - 기타,이륜,남,50세,기타불명,보행자,여,29세,경상
2014080600100306,2014년 8월 6일 15시,수요일,부산광역시 부산진구 부전동,중상사고,0,1,0,0,차대차 - 기타,기타,건조,맑음,단일로 - 기타,이륜,남,31세,중상,승용,남,34세,상해없음
2014080600100307,2014년 8월 6일 15시,수요일,부산광역시 부산진구 가야동,중상사고,0,1,0,0,차대차 - 기타,신호위반,건조,맑음,교차로 - 교차로안,이륜,남,52세,중상,승용,남,51세,상해없음
2014080600100308,2014년 8월 6일 15시,수요일,부산광역시 사하구 신평동,중상사고,0,1,0,0,차대차 - 기타,안전운전불이행,건조,맑음,단일로 - 기타,승용,남,39세,상해없음,이륜,남,35세,중상
2014080600100309,2014년 8월 6일 15시,수요일,부산광역시 사하구 장림동,경상사고,0,0,2,0,차대차 - 기타,안전운전불이행,건조,맑음,단일로 - 기타,승용,남,61세,상해없음,승용,여,32세,경상
2014080600100356,2014년 8월 6일 16시,수요일,부산광역시 북구 구포동,경상사고,0,0,2,0,차대차 - 측면직각충돌,안전거리미확보,건조,맑음,단일로 - 기타,승용,남,57세,상해없음,승용,남,48세,경상
2014080600100357,2014년 8월 6일 16시,수요일,부산광역시 동래구 온천동,중상사고,0,1,0,0,차대차 - 측면직각충돌,신호위반,건조,맑음,교차로 - 교차로안,승용,남,48세,상해없음,이륜,남,55세,중상
2014080600100358,2014년 8월 6일 16시,수요일,부산광역시 연제구 연산동,경상사고,0,0,1,0,차대사람 - 횡단중,안전운전불이행,건조,맑음,단일로 - 기타,승용,남,65세,상해없음,보행자,남,50세,경상
2014080600100359,2014년 8월 6일 16시,수요일,부산광역시 사상구 감전동,경상사고,0,0,1,0,차대차 - 기타,안전운전불이행,건조,맑음,단일로 - 횡단보도부근,자전거,남,16세,경상,원동기,남,50세,상해없음
2014080600100360,2014년 8월 6일 16시,수요일,부산광역시 기장군 기장읍,경상사고,0,0,1,0,차대차 - 추돌 - 주정차중,안전운전불이행,건조,맑음,교차로 - 교차로부근,승합,남,59세,상해없음,승용,여,62세,경상
2014080600100391,2014년 8월 6일 17시,수요일,부산광역시 금정구 구서동,경상사고,0,0,2,0,차대차 - 정면충돌,교차로운행방법위반,건조,맑음,교차로 - 교차로안,승용,남,37세,경상,화물,남,58세,경상
2014080600100425,2014년 8월 6일 18시,수요일,부산광역시 영도구 동삼동,경상사고,0,0,1,0,차대차 - 추돌 - 진행중,안전운전불이행,건조,맑음,기타 - 기타,승용,여,53세,상해없음,승용,남,23세,경상
2014080600100426,2014년 8월 6일 18시,수요일,부산광역시 사하구 하단동,중상사고,0,1,0,0,차대차 - 기타,안전운전불이행,건조,맑음,단일로 - 기타,승용,남,64세,상해없음,승용,남,45세,중상
2014080600100427,2014년 8월 6일 18시,수요일,부산광역시 사상구 엄궁동,경상사고,0,0,1,0,차대사람 - 기타,보행자보호의무위반,건조,맑음,단일로 - 기타,승용,여,51세,상해없음,보행자,여,42세,경상
2014080600100466,2014년 8월 6일 19시,수요일,부산광역시 부산진구 양정동,경상사고,0,0,1,0,차대사람 - 횡단중,중앙선침범,건조,맑음,단일로 - 기타,승용,여,28세,상해없음,보행자,여,58세,경상
2014080600100500,2014년 8월 6일 20시,수요일,부산광역시 해운대구 반송동,경상사고,0,0,1,0,차량단독 - 기타,안전운전불이행,건조,맑음,단일로 - 기타,승합,남,47세,상해없음,,,,
2014080600100536,2014년 8월 6일 21시,수요일,부산광역시 동래구 온천동,중상사고,0,1,0,0,차대차 - 측면직각충돌,안전운전불이행,건조,맑음,단일로 - 기타,승용,남,48세,상해없음,자전거,남,15세,중상
2014080600100537,2014년 8월 6일 21시,수요일,부산광역시 동래구 낙민동,경상사고,0,0,2,1,차대차 - 추돌 - 주정차중,안전운전불이행,건조,맑음,단일로 - 기타,기타불명,기타불명,기타불명,기타불명,승용,남,37세,경상