사고번호,사고일시,요일,시군구,사고내용,사망자수,중상자수,경상자수,부상신고자수,사고유형,법규위반,노면상태,기상상태,도로형태,가해운전자 차종,가해운전자 성별,가해운전자 연령,가해운전자 상해정도,피해운전자 차종,피해운전자 성별,피해운전자 연령,피해운전자 상해정도
2014081600100605,2014년 8월 16일 23시,토요일,부산광역시 해운대구 중동,중상사고,0,1,0,0,차대사람 - 기타,안전운전불이행,건조,맑음,교차로 - 교차로안,승합,여,54세,상해없음,보행자,남,29세,중상
2014081700100004,2014년 8월 17일 00시,일요일,부산광역시 수영구 남천동,경상사고,0,0,2,0,차대차 - 기타,안전운전불이행,건조,맑음,교차로 - 교차로부근,승용,여,24세,상해없음,승용,남,32세,경상
2014081700100005,2014년 8월 17일 00시,일요일,부산광역시 동래구 온천동,경상사고,0,0,1,0,차대차 - 측면직각충돌,차로위반,건조,맑음,단일로 - 기타,승용,남,18세,상해없음,승용,남,42세,경상
2014081700100006,2014년 8월 17일 00시,일요일,부산광역시 해운대구 석대동,중상사고,0,1,0,0,차량단독 - 공작물충돌,안전운전불이행,건조,맑음,단일로 - 기타,원동기,남,17세,중상,,,,
2014081700100050,2014년 8월 17일 03시,일요일,부산광역시 동래구 명륜동,중상사고,0,2,0,0,차대차 - 측면직각충돌,교차로운행방법위반,건조,맑음,교차로 - 교차로안,원동기,여,53세,상해없음,원동기,여,21세,중상
2014081700100051,2014년 8월 17일 03시,일요일,부산광역시 기장군 기장읍,중상사고,0,2,0,0,차대차 - 기타,직진우회전진행방해,건조,흐림,교차로 - 교차로안,승용,남,24세,상해없음,원동기,남,17세,중상
2014081700100063,2014년 8월 17일 04시,일요일,부산광역시 수영구 남천동,중상사고,0,2,0,0,차량단독 - 공작물충돌,안전운전불이행,건조,맑음,교차로 - 교차로안,승용,남,28세,중상,,,,
2014081700100064,2014년 8월 17일 04시,일요일,부산광역시 부산진구 부전동,경상사고,0,0,1,0,차대차 - 기타,안전거리미확보,건조,맑음,단일로 - 기타,이륜,남,17세,상해없음,이륜,남,28세,경상
2014081700100079,2014년 8월 17일 06시,일요일,부산광역시 사상구 학장동,부상신고사고,0,0,0,1,차대차 - 정면충돌,중앙선침범,건조,흐림,단일로 - 기타,승용,남,40세,부상신고,승합,남,64세,상해없음
2014081700100196,2014년 8월 17일 13시,일요일,부산광역시 금정구 부곡동,중상사고,0,1,0,0,차대차 - 측면직각충돌,교차로운행방법위반,건조,맑음,교차로 - 교차로안,화물,남,42세,상해없음,이륜,남,27세,중상
2014081700100197,2014년 8월 17일 13시,일요일,부산광역시 사상구 삼락동,중상사고,0,1,0,0,차량단독 - 기타,안전운전불이행,건조,맑음,단일로 - 기타,승합,남,49세,상해없음,,,,
2014081700100223,2014년 8월 17일 14시,일요일,부산광역시 해운대구 좌동,경상사고,0,0,1,1,차대차 - 측면직각충돌,안전거리미확보,건조,맑음,단일로 - 기타,화물,남,49세,부상신고,승용,남,52세,상해없음
2014081700100247,2014년 8월 17일 15시,일요일,부산광역시 사하구 하단동,경상사고,0,0,1,0,차대사람 - 기타,안전운전불이행,건조,맑음,단일로 - 기타,화물,남,57세,상해없음,보행자,여,7세,경상
2014081700100349,2014년 8월 17일 19시,일요일,부산광역시 영도구 영선동4가,경상사고,0,0,1,0,차대사람 - 길가장자리구역통행중,안전운전불이행,건조,흐림,단일로 - 기타,승용,남,59세,상해없음,보행자,여,25세,경상
2014081700100350,2014년 8월 17일 19시,일요일,부산광역시 사하구 하단동,경상사고,0,0,1,0,차대사람 - 기타,신호위반,건조,흐림,단일로 - 횡단보도상,승용,남,62세,상해없음,보행자,여,15세,경상
2014081700100386,2014년 8월 17일 20시,일요일,부산광역시 사상구 모라동,경상사고,0,0,2,1,차대차 - 추돌 - 진행중,안전운전불이행,건조,흐림,교차로 - 교차로부근,승합,남,49세,부상신고,승용,남,24세,경상
2014081700100414,2014년 8월 17일 21시,일요일,부산광역시 해운대구 반여동,경상사고,0,0,1,0,차대차 - 추돌 - 진행중,안전운전불이행,습기,비,교차로 - 교차로부근,승용,남,66세,상해없음,승용,여,33세,경상
2014081700100442,2014년 8월 17일 22시,일요일,부산광역시 서구 서대신동2가,중상사고,0,1,4,0,차대차 - 기타,중앙선침범,습기,비,단일로 - 기타,화물,남,25세,상해없음,승합,남,50세,경상
2014081700100443,2014년 8월 17일 22시,일요일,부산광역시 사하구 괴정동,경상사고,0,0,1,0,차량단독 - 기타,기타,습기,비,단일로 - 기타,승합,남,45세,기타불명,,,,
2014081700100469,2014년 8월 17일 23시,일요일,부산광역시 서구 동대신동1가,중상사고,0,1,2,0,차량단독 - 공작물충돌,안전운전불이행,습기,비,단일로 - 기타,승합,남,40세,상해없음,,,,
2014081700100470,2014년 8월 17일 23시,일요일,부산광역시 남구 대연동,경상사고,0,0,1,0,차량단독 - 기타,안전운전불이행,습기,비,단일로 - 기타,승용,남,35세,상해없음,,,,
2014081700100471,2014년 8월 17일 23시,일요일,부산광역시 해운대구 우동,중상사고,0,2,0,0,차대차 - 추돌 - 주정차중,안전운전불이행,습기,비,교차로 - 교차로부근,승용,남,29세,기타불명,승용,남,66세,중상
2014081800100008,2014년 8월 18일 00시,월요일,부산광역시 동구 수정동,경상사고,0,0,1,0,차대차 - 측면직각충돌,교차로운행방법위반,습기,맑음,교차로 - 교차로안,승합,남,29세,상해없음,승용,남,63세,경상
2014081800100009,2014년 8월 18일 00시,월요일,부산광역시 남구 문현동,중상사고,0,1,1,0,차대사람 - 기타,안전운전불이행,습기,비,단일로 - 기타,이륜,남,17세,경상,보행자,남,49세,중상
2014081800100010,2014년 8월 18일 00시,월요일,부산광역시 사하구 다대동,중상사고,0,2,0,0,차대차 - 정면충돌,중앙선침범,습기,비,교차로 - 교차로안,승용,남,58세,상해없음,승용,남,58세,중상
2014081800100024,2014년 8월 18일 01시,월요일,부산광역시 남구 용호동,경상사고,0,0,2,0,차대차 - 기타,안전운전불이행,습기,비,단일로 - 기타,승용,남,38세,상해없음,승용,남,38세,경상
2014081800100058,2014년 8월 18일 05시,월요일,부산광역시 연제구 거제동,경상사고,0,0,1,0,차대차 - 기타,중앙선침범,습기,비,교차로 - 교차로안,승용,남,52세,기타불명,승용,남,45세,경상
2014081800100068,2014년 8월 18일 06시,월요일,부산광역시 강서구 송정동,중상사고,0,1,0,0,차대차 - 기타,신호위반,습기,비,교차로 - 교차로안,승용,남,56세,상해없음,자전거,남,49세,중상
2014081800100086,2014년 8월 18일 07시,월요일,부산광역시 서구 충무동2가,경상사고,0,0,1,1,차대차 - 측면직각충돌,교차로운행방법위반,습기,비,교차로 - 교차로안,승용,여,50세,부상신고,화물,남,52세,경상
2014081800100113,2014년 8월 18일 08시,월요일,부산광역시 서구 충무동1가,경상사고,0,0,1,0,차대사람 - 기타,안전운전불이행,습기,비,단일로 - 기타,기타불명,남,45세,기타불명,보행자,여,61세,경상
2014081800100114,2014년 8월 18일 08시,월요일,부산광역시 사하구 장림동,부상신고사고,0,0,0,1,차대사람 - 차도통행중,안전운전불이행,습기,비,교차로 - 교차로안,승용,여,34세,상해없음,보행자,남,52세,부상신고
2014081800100115,2014년 8월 18일 08시,월요일,부산광역시 기장군 기장읍,중상사고,0,1,0,0,차대차 - 측면직각충돌,안전거리미확보,습기,비,단일로 - 기타,승용,남,66세,상해없음,승용,남,60세,중상
2014081800100142,2014년 8월 18일 09시,월요일,부산광역시 부산진구 개금동,중상사고,0,1,0,0,차량단독 - 기타,안전운전불이행,습기,비,단일로 - 기타,승합,남,54세,상해없음,,,,
2014081800100180,2014년 8월 18일 10시,월요일,부산광역시 해운대구 반여동,중상사고,0,2,1,0,차량단독 - 전도전복,안전운전불이행,습기,비,단일로 - 기타,화물,남,57세,경상,,,,
2014081800100207,2014년 8월 18일 11시,월요일,부산광역시 금정구 남산동,경상사고,0,0,2,0,차대사람 - 기타,교차로운행방법위반,습기,비,교차로 - 교차로부근,승용,여,63세,상해없음,보행자,여,76세,경상
2014081800100241,2014년 8월 18일 12시,월요일,부산광역시 부산진구 연지동,경상사고,0,0,2,0,차대차 - 측면직각충돌,차로위반,습기,비,단일로 - 기타,승용,여,55세,상해없음,승용,남,27세,경상
2014081800100265,2014년 8월 18일 13시,월요일,부산광역시 중구 영주동,경상사고,0,0,1,0,차대사람 - 기타,안전운전불이행,습기,비,단일로 - 기타,승용,여,42세,상해없음,보행자,여,58세,경상
2014081800100297,2014년 8월 18일 14시,월요일,부산광역시 서구 서대신동2가,경상사고,0,0,1,0,차대차 - 측면직각충돌,중앙선침범,습기,흐림,단일로 - 기타,화물,남,58세,상해없음,승용,여,44세,경상
2014081800100298,2014년 8월 18일 14시,월요일,부산광역시 사하구 감천동,경상사고,0,0,1,0,차대사람 - 길가장자리구역통행중,안전운전불이행,습기,비,단일로 - 기타,승용,남,53세,상해없음,보행자,여,69세,경상
2014081800100299,2014년 8월 18일 14시,월요일,부산광역시 사상구 엄궁동,중상사고,0,3,0,1,차대차 - 기타,중앙선침범,습기,비,단일로 - 기타,화물,남,23세,부상신고,승용,남,71세,중상
2014081800100329,2014년 8월 18일 15시,월요일,부산광역시 금정구 장전동,경상사고,0,0,1,0,차대차 - 기타,기타,건조,흐림,교차로 - 교차로안,승용,여,52세,기타불명,승합,남,39세,상해없음
2014081800100330,2014년 8월 18일 15시,월요일,부산광역시 사상구 엄궁동,중상사고,0,1,0,0,차대사람 - 기타,안전운전불이행,습기,흐림,단일로 - 기타,화물,남,55세,상해없음,보행자,여,80세,중상
2014081800100401,2014년 8월 18일 17시,월요일,부산광역시 수영구 망미동,중상사고,0,1,1,0,차대차 - 측면직각충돌,차로위반,습기,비,단일로 - 기타,승용,여,46세,상해없음,승용,여,58세,경상
2014081800100429,2014년 8월 18일 18시,월요일,부산광역시 부산진구 범전동,경상사고,0,0,1,0,차대차 - 기타,중앙선침범,건조,맑음,교차로 - 교차로부근,승용,기타불명,기타불명,기타불명,승용,여,47세,경상
2014081800100430,2014년 8월 18일 18시,월요일,부산광역시 연제구 거제동,중상사고,0,1,0,0,차대차 - 기타,신호위반,건조,맑음,단일로 - 기타,승용,여,45세,상해없음,원동기,남,35세,중상
2014081800100460,2014년 8월 18일 19시,월요일,부산광역시 금정구 서동,경상사고,0,0,1,0,차대차 - 추돌 - 주정차중,안전거리미확보,건조,맑음,단일로 - 기타,승용,남,34세,상해없음,승용,여,27세,경상
2014081800100461,2014년 8월 18일 19시,월요일,부산광역시 사하구 장림동,경상사고,0,0,1,0,차대차 - 추돌 - 진행중,안전운전불이행,습기,비,교차로 - 교차로부근,승용,남,52세,상해없음,자전거,남,44세,경상
2014081800100507,2014년 8월 18일 20시,월요일,부산광역시 북구 화명동,중상사고,0,1,0,0,차대사람 - 횡단중,보행자보호의무위반,건조,맑음,단일로 - 횡단보도상,승합,여,58세,상해없음,보행자,여,24세,중상
2014081800100537,2014년 8월 18일 21시,월요일,부산광역시 해운대구 중동,경상사고,0,0,1,0,차대차 - 측면직각충돌,안전운전불이행,습기,비,단일로 - 기타,승용,여,24세,상해없음,원동기,남,26세,경상
2014081800100538,2014년 8월 18일 21시,월요일,부산광역시 기장군 철마면,중상사고,0,1,0,0,차대차 - 정면충돌,중앙선침범,습기,비,단일로 - 기타,승용,남,61세,상해없음,승용,여,43세,중상
2014081800100598,2014년 8월 18일 23시,월요일,부산광역시 연제구 연산동,경상사고,0,0,2,0,차대차 - 추돌 - 주정차중,안전운전불이행,습기,비,단일로 - 기타,승용,남,40세,상해없음,승용,남,30세,경상
2014081900100007,2014년 8월 19일 00시,화요일,부산광역시 부산진구 부암동,경상사고,0,0,1,0,차대차 - 기타,교차로운행방법위반,습기,비,교차로 - 교차로안,승용,남,56세,상해없음,승용,남,27세,경상
2014081900100008,2014년 8월 19일 00시,화요일,부산광역시 사하구 하단동,중상사고,0,2,0,0,차대차 - 측면직각충돌,안전운전불이행,건조,맑음,단일로 - 기타,승용,남,23세,상해없음,승용,남,36세,중상
2014081900100030,2014년 8월 19일 01시,화요일,부산광역시 해운대구 반여동,경상사고,0,0,3,0,차대차 - 기타,안전거리미확보,습기,비,단일로 - 기타,승용,남,59세,상해없음,승용,남,62세,경상
2014081900100031,2014년 8월 19일 01시,화요일,부산광역시 사하구 장림동,부상신고사고,0,0,0,1,차대사람 - 기타,안전운전불이행,습기,비,단일로 - 기타,승용,기타불명,기타불명,기타불명,보행자,여,42세,부상신고
2014081900100051,2014년 8월 19일 02시,화요일,부산광역시 서구 서대신동2가,중상사고,0,1,2,0,차대차 - 측면직각충돌,안전운전불이행,습기,비,단일로 - 횡단보도상,승용,남,56세,상해없음,승용,남,57세,중상
2014081900100052,2014년 8월 19일 02시,화요일,부산광역시 사하구 감천동,중상사고,0,1,0,0,차대차 - 측면직각충돌,신호위반,습기,흐림,교차로 - 교차로안,승용,남,62세,상해없음,승용,남,28세,중상
2014081900100079,2014년 8월 19일 04시,화요일,부산광역시 동구 좌천동,중상사고,0,1,0,0,차대차 - 추돌 - 주정차중,안전운전불이행,습기,비,단일로 - 기타,승용,남,66세,상해없음,특수,남,28세,기타불명
2014081900100080,2014년 8월 19일 04시,화요일,부산광역시 부산진구 당감동,중상사고,0,1,0,0,차대차 - 측면직각충돌,안전거리미확보,습기,비,교차로 - 교차로부근,승용,남,58세,상해없음,이륜,남,57세,중상
2014081900100151,2014년 8월 19일 08시,화요일,부산광역시 북구 화명동,경상사고,0,0,1,0,차대사람 - 횡단중,안전운전불이행,건조,맑음,단일로 - 기타,승용,여,43세,상해없음,보행자,여,53세,경상
2014081900100152,2014년 8월 19일 08시,화요일,부산광역시 사상구 괘법동,경상사고,0,0,1,0,차대사람 - 기타,신호위반,건조,맑음,단일로 - 횡단보도상,승용,남,34세,상해없음,보행자,여,57세,경상
2014081900100187,2014년 8월 19일 09시,화요일,부산광역시 수영구 민락동,부상신고사고,0,0,0,1,차대차 - 기타,안전운전불이행,건조,흐림,단일로 - 기타,승용,남,69세,상해없음,승용,여,31세,부상신고
2014081900100188,2014년 8월 19일 09시,화요일,부산광역시 해운대구 우동,경상사고,0,0,2,1,차대차 - 측면직각충돌,신호위반,건조,맑음,교차로 - 교차로안,승용,여,28세,부상신고,승용,여,39세,경상
2014081900100189,2014년 8월 19일 09시,화요일,부산광역시 부산진구 전포동,경상사고,0,0,1,0,차대사람 - 길가장자리구역통행중,안전운전불이행,건조,맑음,단일로 - 기타,승용,기타불명,기타불명,기타불명,보행자,여,23세,경상
2014081900100190,2014년 8월 19일 09시,화요일,부산광역시 금정구 금사동,중상사고,0,2,0,0,차대차 - 추돌 - 주정차중,안전거리미확보,건조,맑음,교차로 - 교차로부근,화물,남,41세,상해없음,화물,남,26세,중상
2014081900100191,2014년 8월 19일 09시,화요일,부산광역시 금정구 남산동,중상사고,0,3,4,2,차대차 - 추돌 - 주정차중,안전거리미확보,건조,맑음,단일로 - 기타,승용,남,55세,중상,승합,남,54세,경상
2014081900100248,2014년 8월 19일 11시,화요일,부산광역시 서구 암남동,경상사고,0,0,1,0,차량단독 - 기타,안전운전불이행,건조,맑음,교차로 - 교차로안,승합,남,49세,상해없음,,,,
2014081900100249,2014년 8월 19일 11시,화요일,부산광역시 동래구 낙민동,중상사고,0,1,0,0,차대사람 - 보도통행중,기타,건조,맑음,단일로 - 기타,화물,남,48세,상해없음,보행자,남,73세,중상
2014081900100250,2014년 8월 19일 11시,화요일,부산광역시 영도구 남항동3가,중상사고,0,1,0,0,차대사람 - 횡단중,안전운전불이행,건조,맑음,단일로 - 횡단보도부근,승용,남,38세,상해없음,보행자,여,67세,중상
2014081900100251,2014년 8월 19일 11시,화요일,부산광역시 부산진구 개금동,중상사고,0,1,0,0,차대차 - 측면직각충돌,교차로운행방법위반,건조,맑음,교차로 - 교차로안,승용,남,53세,상해없음,승용,남,40세,중상
2014081900100252,2014년 8월 19일 11시,화요일,부산광역시 사상구 모라동,경상사고,0,0,1,0,차대차 - 기타,안전운전불이행,건조,흐림,단일로 - 기타,기타불명,기타불명,기타불명,기타불명,원동기,남,68세,경상
2014081900100281,2014년 8월 19일 12시,화요일,부산광역시 연제구 연산동,경상사고,0,0,1,0,차대차 - 측면직각충돌,안전거리미확보,건조,맑음,단일로 - 기타,이륜,남,16세,상해없음,승용,남,42세,상해없음
2014081900100304,2014년 8월 19일 13시,화요일,부산광역시 해운대구 우동,경상사고,0,0,1,0,차대차 - 측면직각충돌,안전운전불이행,건조,맑음,단일로 - 기타,승용,여,45세,상해없음,승용,남,31세,상해없음
2014081900100305,2014년 8월 19일 13시,화요일,부산광역시 금정구 노포동,경상사고,0,0,1,0,차대차 - 추돌 - 주정차중,안전운전불이행,건조,맑음,단일로 - 기타,승용,남,45세,상해없음,화물,여,65세,경상
2014081900100336,2014년 8월 19일 14시,화요일,부산광역시 해운대구 우동,경상사고,0,0,2,0,차대차 - 추돌 - 진행중,직진우회전진행방해,건조,맑음,교차로 - 교차로안,화물,남,45세,상해없음,승용,여,38세,경상
2014081900100337,2014년 8월 19일 14시,화요일,부산광역시 부산진구 양정동,경상사고,0,0,1,0,차대사람 - 기타,안전운전불이행,건조,맑음,단일로 - 기타,승용,남,24세,상해없음,보행자,남,51세,경상
2014081900100367,2014년 8월 19일 15시,화요일,부산광역시 남구 감만동,중상사고,0,1,0,0,차대차 - 기타,안전운전불이행,습기,비,미분류 - 미분류,특수,남,32세,상해없음,화물,남,61세,중상
2014081900100368,2014년 8월 19일 15시,화요일,부산광역시 해운대구 좌동,중상사고,0,1,0,0,차대차 - 측면직각충돌,안전거리미확보,습기,비,단일로 - 기타,승용,남,38세,상해없음,원동기,남,30세,중상
2014081900100369,2014년 8월 19일 15시,화요일,부산광역시 부산진구 범천동,중상사고,0,1,0,0,차대사람 - 횡단중,안전운전불이행,습기,비,교차로 - 교차로안,승합,남,74세,상해없음,보행자,남,56세,중상
2014081900100404,2014년 8월 19일 16시,화요일,부산광역시 남구 대연동,경상사고,0,0,1,0,차대사람 - 기타,안전운전불이행,습기,비,단일로 - 기타,승용,남,66세,상해없음,보행자,여,29세,경상
2014081900100442,2014년 8월 19일 17시,화요일,부산광역시 북구 화명동,경상사고,0,0,1,0,차대사람 - 횡단중,안전운전불이행,건조,맑음,단일로 - 기타,승용,남,39세,상해없음,보행자,여,12세,경상
2014081900100443,2014년 8월 19일 17시,화요일,부산광역시 동래구 안락동,경상사고,0,0,1,0,차대차 - 측면직각충돌,신호위반,건조,맑음,교차로 - 교차로안,승합,남,62세,상해없음,승합,남,62세,경상
2014081900100444,2014년 8월 19일 17시,화요일,부산광역시 사상구 삼락동,경상사고,0,0,1,0,차대차 - 추돌 - 주정차중,안전거리미확보,건조,맑음,교차로 - 교차로부근,승용,기타불명,기타불명,기타불명,승용,남,46세,상해없음
2014081900100477,2014년 8월 19일 18시,화요일,부산광역시 동래구 온천동,경상사고,0,0,1,0,차대사람 - 횡단중,보행자보호의무위반,건조,맑음,단일로 - 횡단보도상,승용,남,54세,상해없음,보행자,여,22세,경상
2014081900100478,2014년 8월 19일 18시,화요일,부산광역시 해운대구 재송동,부상신고사고,0,0,0,1,차대차 - 측면직각충돌,안전운전불이행,습기,비,교차로 - 교차로부근,화물,남,31세,상해없음,이륜,남,19세,부상신고
2014081900100479,2014년 8월 19일 18시,화요일,부산광역시 해운대구 반여동,부상신고사고,0,0,0,1,차대차 - 측면직각충돌,안전운전불이행,습기,비,교차로 - 교차로부근,원동기,여,41세,부상신고,승용,남,52세,상해없음
2014081900100480,2014년 8월 19일 18시,화요일,부산광역시 해운대구 우동,중상사고,0,1,1,0,차대차 - 측면직각충돌,기타,습기,흐림,교차로 - 교차로안,승용,여,40세,중상,승용,남,55세,경상
2014081900100525,2014년 8월 19일 19시,화요일,부산광역시 서구 동대신동2가,경상사고,0,0,1,0,차대차 - 기타,교차로운행방법위반,습기,흐림,단일로 - 기타,승용,남,55세,상해없음,이륜,남,59세,경상
2014081900100526,2014년 8월 19일 19시,화요일,부산광역시 북구 화명동,경상사고,0,0,2,0,차대차 - 추돌 - 진행중,안전운전불이행,건조,맑음,단일로 - 기타,승용,남,32세,상해없음,승용,남,38세,경상
2014081900100527,2014년 8월 19일 19시,화요일,부산광역시 해운대구 중동,중상사고,0,2,0,0,차대차 - 측면직각충돌,안전거리미확보,건조,맑음,교차로 - 교차로부근,승용,남,32세,상해없음,이륜,남,24세,중상
2014081900100564,2014년 8월 19일 20시,화요일,부산광역시 사하구 괴정동,경상사고,0,0,2,1,차대차 - 측면직각충돌,신호위반,습기,비,단일로 - 횡단보도부근,이륜,남,34세,부상신고,승용,여,38세,경상
2014081900100565,2014년 8월 19일 20시,화요일,부산광역시 사하구 괴정동,경상사고,0,0,2,0,차대차 - 기타,교차로운행방법위반,습기,흐림,교차로 - 교차로안,승용,여,45세,상해없음,승용,여,34세,경상
2014081900100566,2014년 8월 19일 20시,화요일,부산광역시 연제구 연산동,중상사고,0,1,0,0,차대사람 - 기타,안전운전불이행,건조,맑음,단일로 - 기타,승용,남,60세,상해없음,보행자,여,17세,중상
2014081900100567,2014년 8월 19일 20시,화요일,부산광역시 사상구 엄궁동,경상사고,0,0,1,0,차대차 - 기타,안전운전불이행,건조,맑음,단일로 - 기타,원동기,남,17세,상해없음,원동기,남,18세,경상
2014081900100595,2014년 8월 19일 21시,화요일,부산광역시 부산진구 개금동,경상사고,0,0,1,0,차대차 - 추돌 - 진행중,안전운전불이행,습기,비,단일로 - 기타,승용,여,24세,상해없음,승용,남,59세,경상
2014081900100627,2014년 8월 19일 22시,화요일,부산광역시 동래구 온천동,경상사고,0,0,1,0,차대차 - 추돌 - 진행중,안전운전불이행,습기,비,교차로 - 교차로부근,승용,기타불명,14세,기타불명,승용,여,36세,경상
2014081900100659,2014년 8월 19일 23시,화요일,부산광역시 부산진구 부전동,경상사고,0,0,1,0,차대사람 - 보도통행중,기타,건조,맑음,단일로 - 기타,승용,남,56세,상해없음,보행자,남,21세,경상
2014081900100660,2014년 8월 19일 23시,화요일,부산광역시 부산진구 부전동,중상사고,0,1,0,0,차대차 - 측면직각충돌,신호위반,습기,흐림,교차로 - 교차로안,승용,남,45세,상해없음,승용,여,45세,상해없음
2014081900100661,2014년 8월 19일 23시,화요일,부산광역시 사상구 괘법동,경상사고,0,0,1,2,차대차 - 측면직각충돌,교차로운행방법위반,건조,맑음,단일로 - 기타,승용,남,46세,상해없음,승용,남,47세,경상
2014082000100074,2014년 8월 20일 06시,수요일,부산광역시 중구 영주동,경상사고,0,0,1,0,차량단독 - 공작물충돌,기타,습기,비,교차로 - 교차로부근,화물,남,42세,경상,,,,
2014082000100087,2014년 8월 20일 07시,수요일,부산광역시 사상구 학장동,경상사고,0,0,3,0,차대차 - 기타,신호위반,습기,흐림,교차로 - 교차로안,승용,남,70세,상해없음,승용,남,56세,경상
2014082000100113,2014년 8월 20일 08시,수요일,부산광역시 금정구 부곡동,경상사고,0,0,1,0,차대차 - 기타,중앙선침범,습기,비,단일로 - 기타,승용,남,58세,상해없음,원동기,여,27세,경상
2014082000100144,2014년 8월 20일 09시,수요일,부산광역시 부산진구 연지동,중상사고,0,2,1,0,차대사람 - 기타,신호위반,건조,맑음,단일로 - 기타,승용,남,36세,상해없음,보행자,여,21세,중상
2014082000100174,2014년 8월 20일 10시,수요일,부산광역시 부산진구 부암동,경상사고,0,0,1,0,차대차 - 기타,안전운전불이행,습기,비,교차로 - 교차로안,이륜,남,27세,경상,화물,남,57세,상해없음
2014082000100175,2014년 8월 20일 10시,수요일,부산광역시 수영구 망미동,경상사고,0,0,1,1,차대차 - 추돌 - 진행중,안전운전불이행,건조,맑음,단일로 - 기타,승용,남,47세,기타불명,승용,여,40세,경상
2014082000100176,2014년 8월 20일 10시,수요일,부산광역시 사상구 삼락동,중상사고,0,1,0,0,차대사람 - 기타,기타,습기,흐림,기타 - 기타,승합,여,54세,상해없음,보행자,남,66세,중상
2014082000100200,2014년 8월 20일 11시,수요일,부산광역시 북구 구포동,경상사고,0,0,1,0,차대차 - 추돌 - 주정차중,안전운전불이행,습기,비,단일로 - 기타,승용,남,77세,상해없음,승용,남,62세,경상
2014082000100227,2014년 8월 20일 12시,수요일,부산광역시 남구 대연동,경상사고,0,0,1,0,차대차 - 측면직각충돌,신호위반,습기,비,교차로 - 교차로안,승용,여,47세,상해없음,승용,여,33세,경상
2014082000100228,2014년 8월 20일 12시,수요일,부산광역시 해운대구 중동,경상사고,0,0,3,0,차대차 - 추돌 - 주정차중,안전운전불이행,습기,흐림,단일로 - 기타,승용,남,56세,상해없음,승용,여,32세,경상
2014082000100292,2014년 8월 20일 14시,수요일,부산광역시 해운대구 중동,경상사고,0,0,1,0,차대차 - 추돌 - 주정차중,안전운전불이행,건조,맑음,교차로 - 교차로부근,승용,여,62세,상해없음,승용,여,25세,경상
2014082000100318,2014년 8월 20일 15시,수요일,부산광역시 사하구 신평동,경상사고,0,0,1,0,차량단독 - 기타,기타,건조,맑음,단일로 - 기타,승합,남,46세,기타불명,,,,
2014082000100407,2014년 8월 20일 18시,수요일,부산광역시 동래구 수안동,중상사고,0,1,0,0,차대사람 - 횡단중,안전운전불이행,건조,맑음,단일로 - 기타,승용,남,37세,상해없음,보행자,여,62세,중상
2014082000100408,2014년 8월 20일 18시,수요일,부산광역시 해운대구 좌동,경상사고,0,0,1,0,차대차 - 측면직각충돌,안전거리미확보,습기,비,단일로 - 기타,승용,여,54세,상해없음,원동기,남,21세,경상
2014082000100435,2014년 8월 20일 19시,수요일,부산광역시 동래구 온천동,중상사고,0,1,0,0,차대사람 - 횡단중,신호위반,습기,비,단일로 - 기타,승용,남,48세,상해없음,보행자,남,26세,중상
2014082000100436,2014년 8월 20일 19시,수요일,부산광역시 금정구 회동동,경상사고,0,0,2,0,차대차 - 기타,안전거리미확보,습기,맑음,단일로 - 기타,승용,남,35세,상해없음,승용,남,51세,경상
2014082000100437,2014년 8월 20일 19시,수요일,부산광역시 기장군 정관면,경상사고,0,0,1,0,차대차 - 측면직각충돌,신호위반,습기,비,교차로 - 교차로안,승용,남,62세,상해없음,이륜,남,41세,경상
2014082000100483,2014년 8월 20일 20시,수요일,부산광역시 남구 문현동,중상사고,0,1,0,0,차대차 - 기타,안전거리미확보,습기,비,미분류 - 미분류,승용,남,59세,상해없음,승용,남,26세,중상
2014082000100484,2014년 8월 20일 20시,수요일,부산광역시 연제구 연산동,경상사고,0,0,1,0,차대차 - 측면직각충돌,안전거리미확보,습기,비,교차로 - 교차로부근,승용,남,42세,상해없음,승용,남,18세,경상
2014082000100485,2014년 8월 20일 20시,수요일,부산광역시 기장군 정관면,경상사고,0,0,2,0,차대차 - 추돌 - 진행중,안전운전불이행,습기,비,단일로 - 기타,승용,남,35세,기타불명,승용,남,25세,경상
2014082000100530,2014년 8월 20일 21시,수요일,부산광역시 서구 서대신동1가,중상사고,0,1,0,0,차대사람 - 기타,안전운전불이행,습기,비,단일로 - 횡단보도상,승용,남,30세,상해없음,보행자,여,66세,중상
2014082000100531,2014년 8월 20일 21시,수요일,부산광역시 사하구 하단동,경상사고,0,0,8,0,차대차 - 기타,안전운전불이행,건조,맑음,교차로 - 교차로부근,승용,여,53세,상해없음,승합,남,33세,경상
2014082000100566,2014년 8월 20일 22시,수요일,부산광역시 중구 광복동2가,경상사고,0,0,1,0,차대사람 - 기타,안전운전불이행,기타,맑음,단일로 - 기타,승용,남,56세,상해없음,보행자,여,22세,경상
2014082000100567,2014년 8월 20일 22시,수요일,부산광역시 부산진구 전포동,중상사고,0,1,0,0,차대사람 - 길가장자리구역통행중,안전운전불이행,습기,비,단일로 - 기타,승용,남,32세,상해없음,보행자,여,48세,중상