사고번호,사고일시,요일,시군구,사고내용,사망자수,중상자수,경상자수,부상신고자수,사고유형,법규위반,노면상태,기상상태,도로형태,가해운전자 차종,가해운전자 성별,가해운전자 연령,가해운전자 상해정도,피해운전자 차종,피해운전자 성별,피해운전자 연령,피해운전자 상해정도
2014082000100606,2014년 8월 20일 23시,수요일,부산광역시 수영구 광안동,중상사고,0,1,0,0,차대차 - 기타,안전운전불이행,건조,기타,단일로 - 기타,승용,남,28세,상해없음,승용,남,62세,중상
2014082000100607,2014년 8월 20일 23시,수요일,부산광역시 동래구 사직동,경상사고,0,0,2,0,차대차 - 추돌 - 주정차중,차로위반,습기,비,단일로 - 기타,승용,남,66세,상해없음,화물,남,27세,경상
2014082000100608,2014년 8월 20일 23시,수요일,부산광역시 영도구 대교동1가,중상사고,0,1,0,0,차대차 - 정면충돌,중앙선침범,습기,비,교차로 - 교차로부근,승용,여,47세,상해없음,승용,남,57세,중상
2014082000100609,2014년 8월 20일 23시,수요일,부산광역시 부산진구 부암동,중상사고,0,1,3,0,차대차 - 기타,신호위반,건조,맑음,교차로 - 교차로안,승용,여,41세,상해없음,승합,남,52세,상해없음
2014082000100610,2014년 8월 20일 23시,수요일,부산광역시 금정구 회동동,중상사고,0,1,1,0,차대차 - 기타,안전운전불이행,습기,비,단일로 - 기타,승용,남,56세,경상,화물,남,57세,상해없음
2014082000100611,2014년 8월 20일 23시,수요일,부산광역시 연제구 연산동,경상사고,0,0,2,0,차대사람 - 기타,안전운전불이행,습기,비,단일로 - 기타,승용,남,47세,상해없음,보행자,남,17세,경상
2014082100100008,2014년 8월 21일 00시,목요일,부산광역시 중구 동광동1가,경상사고,0,0,1,0,차대차 - 추돌 - 주정차중,안전운전불이행,습기,비,단일로 - 기타,승용,남,51세,상해없음,승용,남,28세,상해없음
2014082100100009,2014년 8월 21일 00시,목요일,부산광역시 동래구 안락동,중상사고,0,1,1,0,차대차 - 추돌 - 주정차중,안전운전불이행,습기,비,교차로 - 교차로안,승용,남,38세,상해없음,승용,남,49세,경상
2014082100100010,2014년 8월 21일 00시,목요일,부산광역시 사하구 괴정동,경상사고,0,0,5,0,차대차 - 추돌 - 주정차중,안전운전불이행,습기,맑음,단일로 - 기타,승용,남,42세,상해없음,화물,남,45세,경상
2014082100100011,2014년 8월 21일 00시,목요일,부산광역시 사상구 주례동,중상사고,0,1,0,0,차대사람 - 횡단중,안전운전불이행,습기,비,단일로 - 기타,승용,남,29세,상해없음,보행자,남,72세,중상
2014082100100032,2014년 8월 21일 01시,목요일,부산광역시 금정구 장전동,경상사고,0,0,3,0,차대차 - 측면직각충돌,기타,습기,비,교차로 - 교차로안,승용,남,39세,상해없음,승용,남,41세,경상
2014082100100092,2014년 8월 21일 04시,목요일,부산광역시 해운대구 우동,경상사고,0,0,2,1,차대차 - 측면직각충돌,신호위반,습기,비,교차로 - 교차로안,승용,남,34세,상해없음,승용,남,55세,경상
2014082100100105,2014년 8월 21일 05시,목요일,부산광역시 해운대구 우동,경상사고,0,0,1,0,차대차 - 추돌 - 주정차중,중앙선침범,습기,비,교차로 - 교차로부근,승용,남,46세,상해없음,승용,여,43세,경상
2014082100100106,2014년 8월 21일 05시,목요일,부산광역시 사하구 하단동,중상사고,0,1,0,0,차대사람 - 기타,안전운전불이행,습기,비,단일로 - 횡단보도상,승용,여,59세,상해없음,보행자,여,29세,중상
2014082100100156,2014년 8월 21일 08시,목요일,부산광역시 동래구 온천동,중상사고,0,1,0,0,차대사람 - 차도통행중,안전운전불이행,건조,맑음,단일로 - 기타,승용,남,36세,상해없음,보행자,여,73세,중상
2014082100100157,2014년 8월 21일 08시,목요일,부산광역시 부산진구 당감동,중상사고,0,1,0,0,차대차 - 측면직각충돌,안전거리미확보,건조,맑음,단일로 - 기타,승용,남,56세,상해없음,원동기,남,28세,중상
2014082100100218,2014년 8월 21일 10시,목요일,부산광역시 사상구 괘법동,경상사고,0,0,1,0,차대차 - 기타,안전운전불이행,건조,맑음,단일로 - 기타,승용,남,21세,상해없음,원동기,남,34세,경상
2014082100100242,2014년 8월 21일 11시,목요일,부산광역시 사상구 모라동,부상신고사고,0,0,0,1,차대차 - 측면직각충돌,신호위반,건조,맑음,단일로 - 기타,이륜,남,32세,부상신고,승용,남,54세,상해없음
2014082100100272,2014년 8월 21일 12시,목요일,부산광역시 중구 영주동,경상사고,0,0,2,0,차대차 - 측면직각충돌,안전운전불이행,건조,맑음,단일로 - 터널,특수,남,61세,상해없음,승용,남,71세,경상
2014082100100273,2014년 8월 21일 12시,목요일,부산광역시 부산진구 전포동,경상사고,0,0,1,0,차대사람 - 기타,안전운전불이행,건조,맑음,단일로 - 기타,승합,남,32세,기타불명,보행자,남,44세,경상
2014082100100343,2014년 8월 21일 14시,목요일,부산광역시 금정구 남산동,부상신고사고,0,0,0,1,차대차 - 측면직각충돌,안전운전불이행,건조,맑음,단일로 - 기타,승용,남,73세,상해없음,승용,여,39세,부상신고
2014082100100368,2014년 8월 21일 15시,목요일,부산광역시 금정구 부곡동,중상사고,0,1,0,0,차대차 - 측면직각충돌,안전운전불이행,건조,맑음,단일로 - 기타,승용,여,46세,상해없음,승용,남,27세,중상
2014082100100395,2014년 8월 21일 16시,목요일,부산광역시 남구 문현동,중상사고,0,1,0,0,차대차 - 기타,안전운전불이행,건조,맑음,단일로 - 기타,자전거,남,12세,중상,승용,남,22세,상해없음
2014082100100396,2014년 8월 21일 16시,목요일,부산광역시 북구 화명동,경상사고,0,0,1,0,차대사람 - 횡단중,보행자보호의무위반,건조,맑음,단일로 - 횡단보도상,승용,여,43세,상해없음,보행자,남,8세,경상
2014082100100397,2014년 8월 21일 16시,목요일,부산광역시 해운대구 반여동,중상사고,0,1,0,0,차대차 - 측면직각충돌,안전운전불이행,건조,맑음,단일로 - 기타,원동기,남,17세,상해없음,원동기,남,37세,중상
2014082100100398,2014년 8월 21일 16시,목요일,부산광역시 해운대구 좌동,경상사고,0,0,1,0,차대차 - 추돌 - 진행중,안전운전불이행,건조,기타,단일로 - 기타,승용,여,41세,상해없음,승용,여,27세,경상
2014082100100399,2014년 8월 21일 16시,목요일,부산광역시 해운대구 우동,경상사고,0,0,3,0,차대차 - 기타,안전운전불이행,건조,맑음,교차로 - 교차로부근,승용,여,33세,상해없음,승용,남,44세,경상
2014082100100400,2014년 8월 21일 16시,목요일,부산광역시 부산진구 부전동,중상사고,0,1,1,0,차대차 - 측면직각충돌,교차로운행방법위반,습기,흐림,단일로 - 기타,승용,남,69세,상해없음,원동기,남,60세,중상
2014082100100401,2014년 8월 21일 16시,목요일,부산광역시 수영구 광안동,경상사고,0,0,1,0,차대차 - 측면직각충돌,교차로운행방법위반,건조,맑음,교차로 - 교차로안,승용,남,60세,상해없음,승용,남,52세,경상
2014082100100434,2014년 8월 21일 17시,목요일,부산광역시 강서구 대저2동,경상사고,0,0,1,0,차대사람 - 기타,안전운전불이행,건조,맑음,기타 - 기타,화물,남,58세,상해없음,보행자,여,56세,경상
2014082100100466,2014년 8월 21일 18시,목요일,부산광역시 해운대구 중동,경상사고,0,0,2,0,차대차 - 추돌 - 진행중,안전거리미확보,건조,맑음,교차로 - 교차로부근,승용,남,38세,상해없음,승용,남,34세,경상
2014082100100467,2014년 8월 21일 18시,목요일,부산광역시 금정구 부곡동,경상사고,0,0,1,0,차대차 - 추돌 - 진행중,안전운전불이행,건조,맑음,단일로 - 기타,승용,남,58세,기타불명,승용,여,58세,경상
2014082100100512,2014년 8월 21일 19시,목요일,부산광역시 해운대구 좌동,중상사고,0,1,0,0,차대사람 - 횡단중,보행자보호의무위반,건조,맑음,교차로 - 교차로부근,승용,남,31세,상해없음,보행자,남,59세,중상
2014082100100548,2014년 8월 21일 20시,목요일,부산광역시 동구 범일동,경상사고,0,0,1,0,차대차 - 측면직각충돌,신호위반,건조,맑음,교차로 - 교차로안,승용,남,46세,상해없음,화물,남,43세,경상
2014082100100549,2014년 8월 21일 20시,목요일,부산광역시 수영구 민락동,중상사고,0,2,0,0,차대사람 - 횡단중,중앙선침범,건조,맑음,단일로 - 횡단보도상,이륜,남,18세,상해없음,보행자,여,20세,중상
2014082100100550,2014년 8월 21일 20시,목요일,부산광역시 사상구 모라동,경상사고,0,0,1,0,차대사람 - 기타,안전운전불이행,건조,맑음,단일로 - 기타,승용,남,59세,상해없음,보행자,남,23세,경상
2014082100100622,2014년 8월 21일 22시,목요일,부산광역시 연제구 연산동,경상사고,0,0,1,0,차대차 - 기타,교차로운행방법위반,건조,맑음,단일로 - 기타,승용,남,58세,상해없음,원동기,남,20세,경상
2014082100100643,2014년 8월 21일 23시,목요일,부산광역시 해운대구 반여동,경상사고,0,0,1,0,차대차 - 기타,중앙선침범,건조,맑음,단일로 - 기타,이륜,남,48세,상해없음,이륜,남,19세,경상
2014082200100008,2014년 8월 22일 00시,금요일,부산광역시 해운대구 중동,경상사고,0,0,2,0,차대사람 - 횡단중,안전운전불이행,건조,맑음,단일로 - 기타,승용,남,27세,상해없음,보행자,여,19세,경상
2014082200100009,2014년 8월 22일 00시,금요일,부산광역시 연제구 연산동,중상사고,0,1,0,0,차량단독 - 전도전복,안전운전불이행,건조,맑음,단일로 - 기타,자전거,남,23세,중상,,,,
2014082200100105,2014년 8월 22일 07시,금요일,부산광역시 강서구 명지동,경상사고,0,0,1,0,차대차 - 기타,차로위반,건조,맑음,단일로 - 기타,승용,남,65세,상해없음,승용,남,51세,경상
2014082200100134,2014년 8월 22일 08시,금요일,부산광역시 연제구 거제동,중상사고,0,1,1,0,차대차 - 측면직각충돌,교차로운행방법위반,건조,맑음,교차로 - 교차로부근,승용,남,33세,상해없음,승용,남,44세,경상
2014082200100175,2014년 8월 22일 09시,금요일,부산광역시 기장군 정관면,중상사고,0,1,0,0,차대사람 - 기타,안전운전불이행,건조,맑음,단일로 - 기타,화물,남,59세,상해없음,보행자,여,54세,중상
2014082200100194,2014년 8월 22일 10시,금요일,부산광역시 동래구 명장동,경상사고,0,0,1,0,차대사람 - 횡단중,안전운전불이행,건조,맑음,단일로 - 기타,승용,여,70세,기타불명,보행자,여,19세,경상
2014082200100195,2014년 8월 22일 10시,금요일,부산광역시 해운대구 좌동,경상사고,0,0,1,0,차대사람 - 횡단중,신호위반,건조,맑음,단일로 - 횡단보도상,승용,남,53세,상해없음,보행자,남,8세,경상
2014082200100196,2014년 8월 22일 10시,금요일,부산광역시 사하구 장림동,부상신고사고,0,0,0,1,차대사람 - 횡단중,신호위반,건조,맑음,단일로 - 횡단보도상,승용,남,42세,상해없음,보행자,남,40세,부상신고
2014082200100221,2014년 8월 22일 11시,금요일,부산광역시 부산진구 양정동,경상사고,0,0,1,0,차량단독 - 기타,안전운전불이행,건조,맑음,단일로 - 기타,승합,남,39세,상해없음,,,,
2014082200100222,2014년 8월 22일 11시,금요일,부산광역시 금정구 금사동,중상사고,0,1,0,0,차대사람 - 횡단중,보행자보호의무위반,건조,맑음,교차로 - 교차로부근,승합,남,53세,상해없음,보행자,여,65세,중상
2014082200100223,2014년 8월 22일 11시,금요일,부산광역시 사상구 엄궁동,경상사고,0,0,1,0,차대차 - 측면직각충돌,안전거리미확보,건조,맑음,단일로 - 횡단보도부근,승용,남,59세,상해없음,자전거,남,16세,경상
2014082200100254,2014년 8월 22일 12시,금요일,부산광역시 중구 영주동,부상신고사고,0,0,0,1,차대차 - 기타,안전운전불이행,건조,맑음,교차로 - 교차로부근,이륜,남,20세,부상신고,승용,남,76세,상해없음
2014082200100255,2014년 8월 22일 12시,금요일,부산광역시 동구 초량동,중상사고,0,1,0,0,차대차 - 기타,안전운전불이행,건조,맑음,단일로 - 기타,승용,기타불명,기타불명,기타불명,승용,남,66세,중상
2014082200100286,2014년 8월 22일 13시,금요일,부산광역시 사하구 괴정동,경상사고,0,0,2,0,차대차 - 기타,안전운전불이행,건조,맑음,단일로 - 기타,승용,여,52세,상해없음,이륜,남,21세,경상
2014082200100320,2014년 8월 22일 14시,금요일,부산광역시 중구 중앙동4가,경상사고,0,0,2,4,차대차 - 추돌 - 주정차중,안전거리미확보,건조,맑음,단일로 - 기타,승용,남,74세,상해없음,승용,여,66세,경상
2014082200100321,2014년 8월 22일 14시,금요일,부산광역시 동구 초량동,중상사고,0,1,0,0,차대차 - 기타,안전운전불이행,건조,맑음,단일로 - 기타,승용,남,33세,상해없음,이륜,남,51세,중상
2014082200100322,2014년 8월 22일 14시,금요일,부산광역시 남구 용호동,경상사고,0,0,1,0,차대차 - 추돌 - 주정차중,안전운전불이행,건조,맑음,단일로 - 기타,승용,남,35세,상해없음,승용,남,22세,경상
2014082200100323,2014년 8월 22일 14시,금요일,부산광역시 남구 대연동,경상사고,0,0,1,0,차대사람 - 횡단중,안전운전불이행,건조,맑음,단일로 - 기타,승용,남,22세,상해없음,보행자,여,16세,경상
2014082200100356,2014년 8월 22일 15시,금요일,부산광역시 북구 금곡동,경상사고,0,0,1,0,차대차 - 측면직각충돌,안전운전불이행,건조,맑음,단일로 - 기타,승용,남,62세,상해없음,자전거,남,9세,경상
2014082200100357,2014년 8월 22일 15시,금요일,부산광역시 해운대구 우동,중상사고,0,1,0,0,차대차 - 추돌 - 진행중,안전운전불이행,건조,맑음,단일로 - 기타,승용,여,31세,상해없음,승용,여,38세,중상
2014082200100390,2014년 8월 22일 16시,금요일,부산광역시 수영구 민락동,중상사고,0,1,0,0,차대사람 - 기타,안전운전불이행,건조,맑음,단일로 - 기타,화물,남,27세,상해없음,보행자,남,62세,중상
2014082200100391,2014년 8월 22일 16시,금요일,부산광역시 부산진구 부전동,중상사고,0,1,0,0,차대사람 - 횡단중,안전운전불이행,건조,맑음,단일로 - 기타,이륜,남,52세,상해없음,보행자,여,71세,중상
2014082200100392,2014년 8월 22일 16시,금요일,부산광역시 사하구 구평동,경상사고,0,0,1,0,차대차 - 기타,안전운전불이행,건조,맑음,교차로 - 교차로안,승용,여,44세,상해없음,이륜,남,63세,경상
2014082200100435,2014년 8월 22일 17시,금요일,부산광역시 동구 초량동,중상사고,0,1,0,0,차대사람 - 기타,안전운전불이행,건조,맑음,단일로 - 기타,승용,여,60세,상해없음,보행자,여,48세,중상
2014082200100436,2014년 8월 22일 17시,금요일,부산광역시 수영구 광안동,경상사고,0,0,1,0,차대차 - 기타,기타,건조,맑음,교차로 - 교차로안,승용,남,42세,상해없음,승용,남,48세,경상
2014082200100437,2014년 8월 22일 17시,금요일,부산광역시 수영구 망미동,경상사고,0,0,1,0,차대차 - 기타,신호위반,건조,맑음,교차로 - 교차로부근,승용,남,44세,상해없음,승용,남,54세,경상
2014082200100438,2014년 8월 22일 17시,금요일,부산광역시 사상구 모라동,중상사고,0,1,1,0,차대차 - 측면직각충돌,안전운전불이행,건조,맑음,단일로 - 기타,특수,남,41세,기타불명,승용,남,30세,중상
2014082200100480,2014년 8월 22일 18시,금요일,부산광역시 금정구 장전동,부상신고사고,0,0,0,1,차대차 - 측면직각충돌,안전거리미확보,건조,맑음,단일로 - 기타,이륜,남,33세,부상신고,승용,남,35세,상해없음
2014082200100481,2014년 8월 22일 18시,금요일,부산광역시 강서구 명지동,경상사고,0,0,1,0,차대차 - 기타,안전운전불이행,건조,맑음,교차로 - 교차로안,승용,여,44세,상해없음,이륜,남,21세,경상
2014082200100482,2014년 8월 22일 18시,금요일,부산광역시 강서구 송정동,경상사고,0,0,2,0,차대차 - 추돌 - 주정차중,안전운전불이행,건조,맑음,단일로 - 기타,특수,남,32세,상해없음,승용,남,30세,상해없음
2014082200100520,2014년 8월 22일 19시,금요일,부산광역시 수영구 광안동,중상사고,0,1,1,1,차대차 - 추돌 - 진행중,안전운전불이행,건조,맑음,단일로 - 기타,승용,여,67세,상해없음,승용,남,33세,중상
2014082200100521,2014년 8월 22일 19시,금요일,부산광역시 금정구 부곡동,경상사고,0,0,2,0,차대차 - 측면직각충돌,신호위반,건조,맑음,교차로 - 교차로안,이륜,남,16세,상해없음,승용,남,45세,경상
2014082200100566,2014년 8월 22일 20시,금요일,부산광역시 서구 서대신동1가,중상사고,0,1,0,0,차대차 - 측면직각충돌,교차로운행방법위반,건조,맑음,교차로 - 교차로안,원동기,남,19세,상해없음,원동기,남,41세,중상
2014082200100567,2014년 8월 22일 20시,금요일,부산광역시 사하구 하단동,중상사고,0,1,0,0,차대사람 - 기타,교차로운행방법위반,건조,맑음,교차로 - 교차로안,승용,남,33세,상해없음,보행자,남,47세,중상
2014082200100602,2014년 8월 22일 21시,금요일,부산광역시 남구 대연동,경상사고,0,0,1,0,차대차 - 기타,안전운전불이행,건조,맑음,단일로 - 기타,승용,여,30세,상해없음,이륜,남,18세,경상
2014082200100603,2014년 8월 22일 21시,금요일,부산광역시 부산진구 초읍동,경상사고,0,0,1,0,차대사람 - 기타,안전운전불이행,건조,맑음,단일로 - 기타,승용,남,36세,기타불명,보행자,남,60세,경상
2014082200100604,2014년 8월 22일 21시,금요일,부산광역시 부산진구 부전동,중상사고,0,1,0,0,차대사람 - 기타,안전운전불이행,건조,맑음,단일로 - 기타,승용,여,31세,상해없음,보행자,여,76세,중상
2014082200100605,2014년 8월 22일 21시,금요일,부산광역시 금정구 부곡동,중상사고,0,1,0,0,차대사람 - 횡단중,보행자보호의무위반,건조,맑음,교차로 - 교차로부근,승용,여,22세,상해없음,보행자,남,53세,중상
2014082200100646,2014년 8월 22일 22시,금요일,부산광역시 해운대구 우동,중상사고,0,1,0,0,차대차 - 추돌 - 진행중,안전거리미확보,건조,맑음,단일로 - 기타,승용,남,24세,상해없음,승용,남,66세,중상
2014082200100679,2014년 8월 22일 23시,금요일,부산광역시 남구 대연동,경상사고,0,0,1,0,차대사람 - 기타,안전운전불이행,건조,맑음,단일로 - 기타,승용,남,54세,상해없음,보행자,남,24세,경상
2014082200100680,2014년 8월 22일 23시,금요일,부산광역시 사하구 하단동,경상사고,0,0,1,0,차대차 - 측면직각충돌,교차로운행방법위반,건조,맑음,교차로 - 교차로안,승용,남,33세,상해없음,승용,남,56세,경상
2014082200100681,2014년 8월 22일 23시,금요일,부산광역시 강서구 송정동,경상사고,0,0,2,0,차대차 - 추돌 - 주정차중,안전운전불이행,건조,맑음,단일로 - 기타,승용,남,23세,기타불명,승용,남,35세,경상
2014082300100010,2014년 8월 23일 00시,토요일,부산광역시 연제구 연산동,경상사고,0,0,1,0,차대차 - 측면직각충돌,안전운전불이행,건조,맑음,단일로 - 기타,승용,남,58세,상해없음,이륜,남,17세,경상
2014082300100047,2014년 8월 23일 02시,토요일,부산광역시 부산진구 연지동,중상사고,0,1,0,0,차대사람 - 기타,안전운전불이행,건조,맑음,단일로 - 기타,승용,남,65세,상해없음,보행자,남,41세,중상
2014082300100062,2014년 8월 23일 03시,토요일,부산광역시 수영구 민락동,중상사고,0,1,0,0,차대사람 - 기타,안전운전불이행,건조,맑음,단일로 - 기타,승용,남,25세,상해없음,보행자,남,39세,상해없음
2014082300100063,2014년 8월 23일 03시,토요일,부산광역시 북구 화명동,경상사고,0,0,1,0,차대사람 - 횡단중,안전운전불이행,건조,맑음,기타 - 기타,승용,남,47세,상해없음,보행자,남,27세,경상
2014082300100064,2014년 8월 23일 03시,토요일,부산광역시 부산진구 부전동,경상사고,0,0,1,0,차대사람 - 기타,안전운전불이행,건조,맑음,단일로 - 기타,승용,남,38세,상해없음,보행자,남,23세,경상
2014082300100065,2014년 8월 23일 03시,토요일,부산광역시 부산진구 부전동,중상사고,0,2,0,0,차대사람 - 기타,안전운전불이행,건조,맑음,단일로 - 기타,승용,남,21세,상해없음,보행자,남,23세,중상
2014082300100066,2014년 8월 23일 03시,토요일,부산광역시 부산진구 가야동,경상사고,0,0,1,0,차대차 - 측면직각충돌,안전운전불이행,건조,맑음,단일로 - 기타,승용,남,55세,기타불명,승용,남,27세,경상
2014082300100110,2014년 8월 23일 06시,토요일,부산광역시 해운대구 반여동,중상사고,0,1,0,1,차량단독 - 기타,안전운전불이행,건조,맑음,단일로 - 기타,이륜,남,18세,부상신고,,,,
2014082300100111,2014년 8월 23일 06시,토요일,부산광역시 사하구 당리동,사망사고,1,0,0,0,차대사람 - 횡단중,안전운전불이행,건조,맑음,단일로 - 횡단보도상,화물,남,58세,상해없음,보행자,여,91세,사망
2014082300100123,2014년 8월 23일 07시,토요일,부산광역시 해운대구 우동,경상사고,0,0,1,0,차대사람 - 기타,안전운전불이행,건조,맑음,단일로 - 기타,승용,남,42세,상해없음,보행자,여,66세,경상
2014082300100124,2014년 8월 23일 07시,토요일,부산광역시 사하구 장림동,중상사고,0,1,1,0,차대차 - 기타,교차로운행방법위반,건조,맑음,교차로 - 교차로안,화물,남,26세,중상,승용,여,43세,경상
2014082300100169,2014년 8월 23일 09시,토요일,부산광역시 서구 아미동2가,중상사고,0,1,0,0,차대사람 - 기타,안전운전불이행,건조,맑음,단일로 - 기타,승용,남,59세,상해없음,보행자,여,75세,중상
2014082300100170,2014년 8월 23일 09시,토요일,부산광역시 해운대구 반여동,경상사고,0,0,1,0,차대사람 - 기타,안전운전불이행,건조,맑음,단일로 - 기타,승용,남,66세,상해없음,보행자,여,47세,경상
2014082300100171,2014년 8월 23일 09시,토요일,부산광역시 사하구 장림동,중상사고,0,8,2,2,차량단독 - 공작물충돌,안전운전불이행,건조,맑음,단일로 - 기타,승합,남,65세,부상신고,,,,
2014082300100232,2014년 8월 23일 11시,토요일,부산광역시 강서구 대저1동,부상신고사고,0,0,0,1,차대차 - 측면직각충돌,안전운전불이행,건조,맑음,교차로 - 교차로안,화물,남,38세,상해없음,자전거,여,69세,부상신고
2014082300100257,2014년 8월 23일 12시,토요일,부산광역시 해운대구 반송동,중상사고,0,1,0,0,차대사람 - 기타,안전운전불이행,건조,맑음,단일로 - 기타,화물,남,29세,상해없음,보행자,남,70세,중상
2014082300100283,2014년 8월 23일 13시,토요일,부산광역시 영도구 대교동1가,경상사고,0,0,1,0,차대차 - 측면직각충돌,안전운전불이행,건조,맑음,단일로 - 기타,승합,남,37세,상해없음,이륜,여,41세,경상
2014082300100284,2014년 8월 23일 13시,토요일,부산광역시 금정구 부곡동,부상신고사고,0,0,0,1,차대차 - 기타,안전거리미확보,건조,맑음,단일로 - 기타,화물,남,71세,상해없음,승용,남,68세,부상신고
2014082300100316,2014년 8월 23일 14시,토요일,부산광역시 동래구 온천동,경상사고,0,0,1,0,차대차 - 추돌 - 진행중,안전거리미확보,건조,맑음,단일로 - 기타,건설기계,남,60세,상해없음,승용,여,28세,경상
2014082300100392,2014년 8월 23일 16시,토요일,부산광역시 금정구 서동,경상사고,0,0,1,0,차대사람 - 횡단중,보행자보호의무위반,건조,맑음,교차로 - 교차로안,승용,여,60세,상해없음,보행자,남,71세,경상
2014082300100426,2014년 8월 23일 17시,토요일,부산광역시 중구 영주동,부상신고사고,0,0,0,1,차대차 - 추돌 - 주정차중,안전운전불이행,건조,맑음,단일로 - 기타,자전거,남,17세,부상신고,승용,남,57세,상해없음
2014082300100427,2014년 8월 23일 17시,토요일,부산광역시 동래구 온천동,경상사고,0,0,1,0,차대사람 - 횡단중,안전운전불이행,건조,맑음,단일로 - 기타,원동기,기타불명,기타불명,기타불명,보행자,여,62세,경상
2014082300100458,2014년 8월 23일 18시,토요일,부산광역시 금정구 금사동,부상신고사고,0,0,0,1,차대차 - 추돌 - 진행중,안전거리미확보,건조,맑음,교차로 - 교차로안,승합,남,66세,상해없음,승용,남,51세,상해없음
2014082300100459,2014년 8월 23일 18시,토요일,부산광역시 사하구 당리동,중상사고,0,1,0,0,차대차 - 측면직각충돌,안전운전불이행,건조,맑음,단일로 - 기타,자전거,남,21세,중상,승용,남,43세,상해없음
2014082300100503,2014년 8월 23일 19시,토요일,부산광역시 동구 수정동,중상사고,0,1,0,0,차대차 - 기타,안전운전불이행,건조,맑음,단일로 - 기타,승용,남,57세,상해없음,승합,남,52세,상해없음
2014082300100504,2014년 8월 23일 19시,토요일,부산광역시 영도구 청학동,중상사고,0,1,0,0,차량단독 - 전도전복,안전운전불이행,건조,맑음,단일로 - 기타,이륜,남,35세,중상,,,,
2014082300100505,2014년 8월 23일 19시,토요일,부산광역시 해운대구 좌동,경상사고,0,0,1,0,차대사람 - 횡단중,안전운전불이행,건조,맑음,단일로 - 기타,기타불명,기타불명,기타불명,기타불명,보행자,여,17세,경상
2014082300100506,2014년 8월 23일 19시,토요일,부산광역시 금정구 장전동,중상사고,0,1,0,0,차대사람 - 횡단중,보행자보호의무위반,건조,맑음,교차로 - 교차로안,승용,남,31세,상해없음,보행자,남,44세,중상
2014082300100507,2014년 8월 23일 19시,토요일,부산광역시 금정구 금사동,경상사고,0,0,4,0,차대차 - 추돌 - 진행중,기타,습기,흐림,단일로 - 기타,승용,여,29세,상해없음,승용,남,60세,상해없음
2014082300100538,2014년 8월 23일 20시,토요일,부산광역시 수영구 민락동,중상사고,0,1,0,0,차대차 - 측면직각충돌,신호위반,건조,맑음,교차로 - 교차로안,승용,남,62세,상해없음,이륜,남,24세,중상
2014082300100573,2014년 8월 23일 21시,토요일,부산광역시 남구 대연동,경상사고,0,0,1,0,차대차 - 기타,안전운전불이행,건조,맑음,단일로 - 기타,승용,남,31세,상해없음,승용,남,40세,상해없음
2014082300100601,2014년 8월 23일 22시,토요일,부산광역시 수영구 광안동,경상사고,0,0,2,0,차대차 - 추돌 - 진행중,안전거리미확보,건조,맑음,단일로 - 기타,승용,남,40세,상해없음,승용,여,42세,경상
2014082300100602,2014년 8월 23일 22시,토요일,부산광역시 부산진구 부전동,중상사고,0,1,0,0,차대사람 - 기타,안전운전불이행,건조,맑음,단일로 - 기타,승용,남,51세,상해없음,보행자,여,26세,중상
2014082300100632,2014년 8월 23일 23시,토요일,부산광역시 서구 토성동3가,경상사고,0,0,1,0,차대차 - 측면직각충돌,안전운전불이행,건조,맑음,단일로 - 기타,승용,남,58세,상해없음,이륜,남,35세,경상
2014082300100633,2014년 8월 23일 23시,토요일,부산광역시 영도구 청학동,경상사고,0,0,1,0,차대차 - 기타,안전운전불이행,건조,맑음,기타 - 기타,이륜,남,18세,상해없음,승용,남,24세,경상
2014082300100634,2014년 8월 23일 23시,토요일,부산광역시 사하구 하단동,경상사고,0,0,1,0,차대차 - 기타,기타,건조,흐림,단일로 - 교량,화물,남,34세,상해없음,승용,여,36세,경상
2014082400100009,2014년 8월 24일 00시,일요일,부산광역시 해운대구 반송동,중상사고,0,1,1,0,차대차 - 정면충돌,신호위반,건조,맑음,교차로 - 교차로안,승용,남,47세,상해없음,승용,남,70세,경상
2014082400100049,2014년 8월 24일 03시,일요일,부산광역시 부산진구 부전동,중상사고,0,1,0,0,차대사람 - 길가장자리구역통행중,안전운전불이행,건조,맑음,단일로 - 기타,이륜,기타불명,기타불명,기타불명,보행자,여,45세,중상
2014082400100059,2014년 8월 24일 04시,일요일,부산광역시 사하구 장림동,중상사고,0,1,0,0,차대차 - 측면직각충돌,신호위반,건조,맑음,교차로 - 교차로안,이륜,남,15세,상해없음,이륜,남,36세,중상
2014082400100122,2014년 8월 24일 09시,일요일,부산광역시 영도구 동삼동,중상사고,0,1,0,0,차대차 - 정면충돌,안전거리미확보,건조,맑음,교차로 - 교차로부근,승용,남,61세,상해없음,이륜,남,61세,중상
2014082400100123,2014년 8월 24일 09시,일요일,부산광역시 해운대구 좌동,경상사고,0,0,1,0,차대사람 - 차도통행중,안전운전불이행,건조,맑음,단일로 - 기타,화물,기타불명,기타불명,기타불명,보행자,여,22세,경상
2014082400100183,2014년 8월 24일 12시,일요일,부산광역시 남구 문현동,중상사고,0,2,1,0,차대차 - 측면직각충돌,신호위반,건조,맑음,교차로 - 교차로안,승용,남,39세,중상,승용,남,48세,중상