사고번호,사고일시,요일,시군구,사고내용,사망자수,중상자수,경상자수,부상신고자수,사고유형,법규위반,노면상태,기상상태,도로형태,가해운전자 차종,가해운전자 성별,가해운전자 연령,가해운전자 상해정도,피해운전자 차종,피해운전자 성별,피해운전자 연령,피해운전자 상해정도
2014082800100078,2014년 8월 28일 06시,목요일,부산광역시 해운대구 좌동,중상사고,0,1,1,0,차대차 - 측면직각충돌,신호위반,건조,흐림,교차로 - 교차로안,승용,남,69세,상해없음,화물,남,48세,경상
2014082800100093,2014년 8월 28일 07시,목요일,부산광역시 부산진구 당감동,중상사고,0,1,0,0,차대차 - 측면직각충돌,신호위반,건조,맑음,교차로 - 교차로안,승용,남,47세,상해없음,이륜,남,36세,중상
2014082800100094,2014년 8월 28일 07시,목요일,부산광역시 강서구 명지동,중상사고,0,1,0,0,차대차 - 기타,안전운전불이행,건조,흐림,단일로 - 기타,승용,남,31세,상해없음,승용,남,65세,상해없음
2014082800100128,2014년 8월 28일 08시,목요일,부산광역시 영도구 남항동1가,중상사고,0,1,0,0,차대차 - 측면직각충돌,교차로운행방법위반,건조,맑음,교차로 - 교차로안,승용,남,30세,상해없음,이륜,남,34세,중상
2014082800100167,2014년 8월 28일 09시,목요일,부산광역시 중구 영주동,경상사고,0,0,4,4,차대차 - 기타,안전운전불이행,건조,맑음,단일로 - 기타,승합,남,55세,상해없음,화물,남,60세,기타불명
2014082800100168,2014년 8월 28일 09시,목요일,부산광역시 중구 남포동4가,중상사고,0,1,0,0,차대차 - 기타,안전운전불이행,건조,맑음,단일로 - 기타,이륜,남,90세 이상,상해없음,승합,남,90세 이상,상해없음
2014082800100169,2014년 8월 28일 09시,목요일,부산광역시 수영구 망미동,중상사고,0,1,0,0,차대차 - 측면직각충돌,신호위반,건조,맑음,교차로 - 교차로안,승용,남,23세,상해없음,이륜,남,57세,중상
2014082800100216,2014년 8월 28일 11시,목요일,부산광역시 남구 대연동,경상사고,0,0,2,0,차대차 - 측면직각충돌,안전거리미확보,건조,맑음,단일로 - 기타,승용,여,29세,상해없음,화물,남,36세,경상
2014082800100217,2014년 8월 28일 11시,목요일,부산광역시 부산진구 연지동,경상사고,0,0,1,0,차대차 - 측면직각충돌,신호위반,건조,맑음,단일로 - 횡단보도상,이륜,남,27세,상해없음,자전거,남,67세,경상
2014082800100246,2014년 8월 28일 12시,목요일,부산광역시 사하구 하단동,경상사고,0,0,1,0,차대차 - 측면직각충돌,신호위반,건조,흐림,교차로 - 교차로안,승용,남,44세,상해없음,승용,남,30세,경상
2014082800100266,2014년 8월 28일 13시,목요일,부산광역시 강서구 봉림동,중상사고,0,1,1,0,차대차 - 추돌 - 주정차중,안전운전불이행,건조,맑음,교차로 - 교차로부근,승용,남,47세,상해없음,승용,남,60세,경상
2014082800100342,2014년 8월 28일 15시,목요일,부산광역시 북구 화명동,중상사고,0,1,0,0,차대차 - 기타,신호위반,건조,맑음,교차로 - 교차로안,화물,남,52세,상해없음,승용,여,67세,상해없음
2014082800100343,2014년 8월 28일 15시,목요일,부산광역시 금정구 금사동,중상사고,0,1,0,0,차대사람 - 보도통행중,기타,건조,맑음,교차로 - 교차로안,화물,여,39세,상해없음,보행자,여,41세,중상
2014082800100379,2014년 8월 28일 16시,목요일,부산광역시 해운대구 재송동,중상사고,0,1,0,0,차대사람 - 횡단중,중앙선침범,건조,맑음,단일로 - 기타,승용,남,35세,상해없음,보행자,남,13세,중상
2014082800100416,2014년 8월 28일 17시,목요일,부산광역시 서구 충무동1가,중상사고,0,1,0,0,차대사람 - 길가장자리구역통행중,안전운전불이행,건조,맑음,단일로 - 기타,승용,남,62세,상해없음,보행자,남,68세,중상
2014082800100460,2014년 8월 28일 18시,목요일,부산광역시 금정구 장전동,경상사고,0,0,1,0,차대차 - 측면직각충돌,신호위반,건조,맑음,교차로 - 교차로안,승용,기타불명,기타불명,기타불명,승용,여,36세,경상
2014082800100461,2014년 8월 28일 18시,목요일,부산광역시 사하구 다대동,중상사고,0,1,0,0,차대차 - 기타,중앙선침범,건조,맑음,단일로 - 기타,승용,남,56세,상해없음,이륜,남,29세,중상
2014082800100462,2014년 8월 28일 18시,목요일,부산광역시 사하구 다대동,경상사고,0,0,1,0,차대차 - 기타,교차로운행방법위반,건조,맑음,교차로 - 교차로안,승용,남,61세,상해없음,이륜,남,67세,경상
2014082800100463,2014년 8월 28일 18시,목요일,부산광역시 사하구 괴정동,경상사고,0,0,1,0,차대차 - 추돌 - 진행중,안전운전불이행,건조,맑음,단일로 - 기타,승용,남,53세,상해없음,승용,남,46세,경상
2014082800100507,2014년 8월 28일 19시,목요일,부산광역시 북구 덕천동,중상사고,0,1,0,0,차대차 - 기타,신호위반,건조,맑음,교차로 - 교차로안,이륜,남,17세,상해없음,승합,남,57세,상해없음
2014082800100508,2014년 8월 28일 19시,목요일,부산광역시 사하구 다대동,중상사고,0,1,1,0,차대차 - 기타,안전거리미확보,건조,맑음,단일로 - 기타,승용,여,24세,상해없음,이륜,남,36세,중상
2014082800100509,2014년 8월 28일 19시,목요일,부산광역시 강서구 지사동,경상사고,0,0,1,0,차대차 - 정면충돌,신호위반,건조,맑음,교차로 - 교차로안,승용,여,43세,상해없음,승용,남,38세,경상
2014082800100545,2014년 8월 28일 20시,목요일,부산광역시 해운대구 우동,경상사고,0,0,4,2,차대차 - 기타,안전거리미확보,건조,맑음,단일로 - 기타,승용,남,25세,기타불명,승용,남,66세,부상신고
2014082800100546,2014년 8월 28일 20시,목요일,부산광역시 사하구 장림동,부상신고사고,0,0,0,2,차대사람 - 기타,안전운전불이행,건조,맑음,단일로 - 기타,이륜,남,20세,상해없음,보행자,남,23세,부상신고
2014082800100547,2014년 8월 28일 20시,목요일,부산광역시 연제구 연산동,경상사고,0,0,1,0,차대차 - 추돌 - 진행중,중앙선침범,건조,맑음,단일로 - 기타,승용,남,32세,상해없음,승용,여,53세,경상
2014082800100583,2014년 8월 28일 21시,목요일,부산광역시 부산진구 양정동,경상사고,0,0,1,0,차대사람 - 기타,안전운전불이행,건조,맑음,단일로 - 기타,승용,남,60세,상해없음,보행자,남,54세,경상
2014082800100584,2014년 8월 28일 21시,목요일,부산광역시 강서구 대저2동,중상사고,0,1,2,0,차대차 - 측면직각충돌,신호위반,건조,맑음,교차로 - 교차로안,승용,여,60세,상해없음,승용,남,55세,중상
2014082800100622,2014년 8월 28일 22시,목요일,부산광역시 사하구 다대동,경상사고,0,0,1,0,차대사람 - 기타,신호위반,건조,맑음,단일로 - 기타,승용,남,55세,상해없음,보행자,남,44세,경상
2014082800100650,2014년 8월 28일 23시,목요일,부산광역시 동구 초량동,중상사고,0,1,0,0,차대차 - 기타,안전거리미확보,건조,맑음,단일로 - 기타,승용,남,58세,상해없음,이륜,남,34세,중상
2014082900100003,2014년 8월 29일 00시,금요일,부산광역시 사상구 엄궁동,중상사고,0,1,0,0,차대사람 - 기타,안전운전불이행,건조,맑음,단일로 - 기타,승용,남,52세,상해없음,보행자,남,44세,중상
2014082900100020,2014년 8월 29일 01시,금요일,부산광역시 연제구 연산동,부상신고사고,0,0,0,1,차대차 - 추돌 - 진행중,안전거리미확보,건조,맑음,교차로 - 교차로부근,승용,남,39세,상해없음,승용,남,55세,부상신고
2014082900100035,2014년 8월 29일 02시,금요일,부산광역시 사하구 신평동,경상사고,0,0,1,0,차대차 - 기타,안전운전불이행,건조,맑음,단일로 - 기타,승용,남,59세,상해없음,이륜,남,37세,경상
2014082900100056,2014년 8월 29일 04시,금요일,부산광역시 해운대구 반여동,중상사고,0,1,0,0,차대사람 - 횡단중,신호위반,건조,맑음,단일로 - 횡단보도상,승합,남,59세,상해없음,보행자,남,35세,중상
2014082900100062,2014년 8월 29일 05시,금요일,부산광역시 사하구 괴정동,중상사고,0,1,0,0,차대사람 - 기타,안전운전불이행,건조,맑음,단일로 - 기타,승용,남,49세,상해없음,보행자,남,21세,중상
2014082900100075,2014년 8월 29일 06시,금요일,부산광역시 금정구 구서동,경상사고,0,0,1,0,차대차 - 추돌 - 주정차중,안전운전불이행,건조,맑음,교차로 - 교차로부근,화물,남,44세,상해없음,승용,남,37세,경상
2014082900100090,2014년 8월 29일 07시,금요일,부산광역시 금정구 부곡동,경상사고,0,0,1,0,차대차 - 측면직각충돌,안전운전불이행,건조,맑음,단일로 - 횡단보도상,승용,기타불명,기타불명,기타불명,자전거,남,31세,경상
2014082900100091,2014년 8월 29일 07시,금요일,부산광역시 연제구 거제동,중상사고,0,1,0,0,차대차 - 추돌 - 진행중,안전운전불이행,건조,맑음,교차로 - 교차로안,승용,남,58세,상해없음,이륜,남,65세,중상
2014082900100115,2014년 8월 29일 08시,금요일,부산광역시 부산진구 범천동,경상사고,0,0,1,0,차대차 - 측면직각충돌,안전운전불이행,건조,맑음,교차로 - 교차로안,원동기,남,70세,상해없음,원동기,남,54세,경상
2014082900100116,2014년 8월 29일 08시,금요일,부산광역시 수영구 망미동,경상사고,0,0,1,0,차대차 - 기타,안전운전불이행,건조,맑음,교차로 - 교차로부근,자전거,남,13세,경상,승용,남,49세,상해없음
2014082900100181,2014년 8월 29일 10시,금요일,부산광역시 연제구 연산동,중상사고,0,1,0,0,차대차 - 기타,안전운전불이행,건조,맑음,단일로 - 기타,승용,남,59세,상해없음,이륜,남,44세,중상
2014082900100239,2014년 8월 29일 12시,금요일,부산광역시 동구 범일동,경상사고,0,0,1,0,차대차 - 측면직각충돌,안전거리미확보,건조,맑음,단일로 - 기타,승용,남,42세,상해없음,원동기,남,52세,경상
2014082900100268,2014년 8월 29일 13시,금요일,부산광역시 남구 용호동,경상사고,0,0,1,0,차대차 - 측면직각충돌,신호위반,건조,맑음,교차로 - 교차로부근,화물,남,61세,상해없음,승용,여,54세,경상
2014082900100269,2014년 8월 29일 13시,금요일,부산광역시 해운대구 좌동,경상사고,0,0,1,0,차대차 - 추돌 - 주정차중,안전운전불이행,건조,맑음,교차로 - 교차로안,승용,남,33세,상해없음,승용,남,67세,경상
2014082900100270,2014년 8월 29일 13시,금요일,부산광역시 연제구 연산동,중상사고,0,1,0,0,차대차 - 측면직각충돌,안전운전불이행,건조,맑음,단일로 - 기타,승용,남,43세,상해없음,승용,남,68세,중상
2014082900100271,2014년 8월 29일 13시,금요일,부산광역시 사상구 학장동,중상사고,0,2,0,0,차대차 - 추돌 - 주정차중,안전운전불이행,건조,맑음,단일로 - 기타,화물,남,55세,상해없음,승용,여,53세,중상
2014082900100305,2014년 8월 29일 14시,금요일,부산광역시 금정구 부곡동,경상사고,0,0,1,0,차대사람 - 기타,안전운전불이행,건조,맑음,단일로 - 기타,승용,남,47세,상해없음,보행자,여,37세,경상
2014082900100306,2014년 8월 29일 14시,금요일,부산광역시 금정구 노포동,중상사고,0,1,0,0,차대차 - 추돌 - 진행중,불법유턴,건조,맑음,단일로 - 기타,승용,남,30세,상해없음,승용,여,42세,중상
2014082900100307,2014년 8월 29일 14시,금요일,부산광역시 연제구 연산동,중상사고,0,1,0,0,차대사람 - 기타,신호위반,건조,맑음,교차로 - 교차로부근,승합,남,54세,상해없음,보행자,여,26세,중상
2014082900100384,2014년 8월 29일 16시,금요일,부산광역시 해운대구 반여동,부상신고사고,0,0,0,2,차대사람 - 기타,안전운전불이행,건조,맑음,기타 - 기타,승용,남,59세,상해없음,보행자,남,7세,부상신고
2014082900100430,2014년 8월 29일 17시,금요일,부산광역시 남구 용호동,중상사고,0,1,0,0,차대차 - 측면직각충돌,안전운전불이행,건조,맑음,단일로 - 기타,승용,남,50세,상해없음,이륜,남,30세,중상
2014082900100431,2014년 8월 29일 17시,금요일,부산광역시 사상구 괘법동,부상신고사고,0,0,0,1,차대사람 - 차도통행중,안전운전불이행,건조,맑음,교차로 - 교차로안,화물,여,45세,상해없음,보행자,남,57세,부상신고
2014082900100477,2014년 8월 29일 18시,금요일,부산광역시 강서구 명지동,경상사고,0,0,1,0,차대사람 - 횡단중,안전운전불이행,건조,맑음,단일로 - 횡단보도상,승용,남,46세,상해없음,보행자,여,8세,경상
2014082900100478,2014년 8월 29일 18시,금요일,부산광역시 강서구 명지동,경상사고,0,0,2,0,차대차 - 측면직각충돌,안전거리미확보,건조,맑음,단일로 - 기타,승용,여,39세,상해없음,승용,남,27세,경상
2014082900100519,2014년 8월 29일 19시,금요일,부산광역시 금정구 금사동,경상사고,0,0,1,0,차대차 - 측면직각충돌,기타,건조,맑음,교차로 - 교차로안,승용,여,35세,상해없음,이륜,남,55세,경상
2014082900100563,2014년 8월 29일 20시,금요일,부산광역시 부산진구 전포동,경상사고,0,0,1,0,차대차 - 추돌 - 진행중,안전운전불이행,건조,맑음,단일로 - 기타,승용,남,39세,상해없음,승용,남,40세,경상
2014082900100601,2014년 8월 29일 21시,금요일,부산광역시 중구 남포동4가,경상사고,0,0,2,0,차대차 - 기타,교차로운행방법위반,건조,맑음,교차로 - 교차로안,승용,남,51세,상해없음,승용,남,52세,상해없음
2014082900100602,2014년 8월 29일 21시,금요일,부산광역시 사하구 구평동,중상사고,0,1,0,0,차대차 - 측면직각충돌,안전운전불이행,건조,맑음,단일로 - 기타,승용,남,31세,상해없음,승용,남,50세,중상
2014082900100649,2014년 8월 29일 22시,금요일,부산광역시 해운대구 우동,부상신고사고,0,0,0,1,차대사람 - 횡단중,안전운전불이행,건조,맑음,단일로 - 기타,승용,기타불명,기타불명,기타불명,보행자,여,49세,부상신고
2014082900100693,2014년 8월 29일 23시,금요일,부산광역시 해운대구 중동,경상사고,0,0,1,0,차대차 - 기타,안전운전불이행,건조,맑음,단일로 - 기타,자전거,남,46세,경상,승용,남,37세,상해없음
2014082900100694,2014년 8월 29일 23시,금요일,부산광역시 부산진구 부암동,경상사고,0,0,1,0,차대차 - 측면직각충돌,안전운전불이행,건조,맑음,교차로 - 교차로부근,승용,남,37세,상해없음,승용,남,44세,경상
2014083000100007,2014년 8월 30일 00시,토요일,부산광역시 금정구 구서동,중상사고,0,1,3,0,차대차 - 측면직각충돌,신호위반,건조,맑음,교차로 - 교차로안,승용,남,24세,중상,승합,남,49세,경상
2014083000100034,2014년 8월 30일 01시,토요일,부산광역시 북구 금곡동,중상사고,0,1,0,0,차대차 - 정면충돌,신호위반,건조,맑음,교차로 - 교차로부근,승용,여,37세,상해없음,승용,남,52세,중상
2014083000100035,2014년 8월 30일 01시,토요일,부산광역시 영도구 대교동1가,중상사고,0,1,0,0,차대사람 - 기타,안전운전불이행,건조,맑음,단일로 - 기타,승용,남,36세,상해없음,보행자,남,62세,중상
2014083000100062,2014년 8월 30일 02시,토요일,부산광역시 기장군 정관면,중상사고,0,1,0,0,차대차 - 정면충돌,중앙선침범,건조,맑음,단일로 - 기타,승용,남,29세,상해없음,승용,남,64세,중상
2014083000100082,2014년 8월 30일 03시,토요일,부산광역시 동래구 안락동,경상사고,0,0,1,0,차대차 - 측면직각충돌,차로위반,건조,맑음,단일로 - 기타,승용,남,18세,상해없음,이륜,남,32세,경상
2014083000100118,2014년 8월 30일 05시,토요일,부산광역시 부산진구 부전동,경상사고,0,0,1,0,차대차 - 측면직각충돌,안전거리미확보,건조,맑음,단일로 - 기타,승용,여,21세,상해없음,승용,남,34세,상해없음
2014083000100135,2014년 8월 30일 06시,토요일,부산광역시 강서구 송정동,중상사고,0,2,4,0,차대차 - 정면충돌,중앙선침범,건조,맑음,단일로 - 기타,승용,남,41세,중상,승용,남,56세,경상
2014083000100136,2014년 8월 30일 06시,토요일,부산광역시 사상구 주례동,경상사고,0,0,2,0,차대차 - 추돌 - 진행중,안전운전불이행,건조,맑음,단일로 - 기타,승용,남,22세,상해없음,승용,남,47세,경상
2014083000100152,2014년 8월 30일 07시,토요일,부산광역시 동래구 낙민동,경상사고,0,0,1,0,차량단독 - 기타,안전운전불이행,건조,맑음,교차로 - 교차로부근,승합,남,56세,상해없음,,,,
2014083000100175,2014년 8월 30일 08시,토요일,부산광역시 남구 문현동,경상사고,0,0,1,0,차량단독 - 전도전복,안전운전불이행,건조,맑음,교차로 - 교차로부근,화물,남,43세,경상,,,,
2014083000100176,2014년 8월 30일 08시,토요일,부산광역시 수영구 민락동,중상사고,0,1,0,0,차대사람 - 기타,안전운전불이행,건조,맑음,단일로 - 기타,승용,남,44세,상해없음,보행자,남,55세,중상
2014083000100318,2014년 8월 30일 12시,토요일,부산광역시 해운대구 좌동,경상사고,0,0,1,0,차대차 - 측면직각충돌,안전운전불이행,기타,맑음,단일로 - 기타,기타불명,기타불명,기타불명,기타불명,화물,남,45세,경상
2014083000100320,2014년 8월 30일 12시,토요일,부산광역시 연제구 연산동,경상사고,0,0,1,0,차대차 - 기타,안전운전불이행,건조,맑음,단일로 - 기타,승용,여,67세,상해없음,승용,남,47세,경상
2014083000100356,2014년 8월 30일 13시,토요일,부산광역시 부산진구 가야동,중상사고,0,1,0,0,차대사람 - 기타,안전운전불이행,건조,맑음,단일로 - 기타,승용,여,43세,상해없음,보행자,여,51세,중상
2014083000100386,2014년 8월 30일 14시,토요일,부산광역시 사하구 장림동,경상사고,0,0,1,0,차대사람 - 기타,안전운전불이행,건조,맑음,단일로 - 기타,승용,남,33세,상해없음,보행자,남,19세,경상
2014083000100424,2014년 8월 30일 15시,토요일,부산광역시 해운대구 중동,중상사고,0,1,0,0,차대사람 - 차도통행중,안전운전불이행,건조,맑음,단일로 - 기타,승용,남,33세,상해없음,보행자,남,79세,중상
2014083000100425,2014년 8월 30일 15시,토요일,부산광역시 해운대구 반여동,중상사고,0,1,0,0,차량단독 - 기타,기타,건조,맑음,단일로 - 기타,승합,남,29세,기타불명,,,,
2014083000100426,2014년 8월 30일 15시,토요일,부산광역시 수영구 망미동,경상사고,0,0,1,0,차대차 - 기타,안전운전불이행,건조,맑음,단일로 - 횡단보도부근,승용,남,50세,상해없음,승용,남,51세,경상
2014083000100468,2014년 8월 30일 16시,토요일,부산광역시 사하구 당리동,중상사고,0,1,0,0,차대사람 - 기타,안전운전불이행,건조,맑음,단일로 - 기타,이륜,남,22세,상해없음,보행자,여,57세,중상
2014083000100512,2014년 8월 30일 17시,토요일,부산광역시 해운대구 우동,부상신고사고,0,0,0,1,차대차 - 측면직각충돌,안전운전불이행,건조,흐림,교차로 - 교차로부근,이륜,남,65세,부상신고,승용,여,37세,상해없음
2014083000100513,2014년 8월 30일 17시,토요일,부산광역시 부산진구 연지동,부상신고사고,0,0,0,1,차대차 - 기타,안전운전불이행,건조,맑음,단일로 - 기타,자전거,남,71세,부상신고,승합,남,41세,상해없음
2014083000100514,2014년 8월 30일 17시,토요일,부산광역시 사상구 감전동,부상신고사고,0,0,0,1,차대차 - 기타,안전거리미확보,건조,맑음,단일로 - 기타,자전거,남,18세,부상신고,승합,남,54세,상해없음
2014083000100557,2014년 8월 30일 18시,토요일,부산광역시 해운대구 좌동,경상사고,0,0,1,0,차대차 - 측면직각충돌,안전거리미확보,건조,맑음,단일로 - 기타,승용,남,48세,상해없음,승용,남,45세,경상
2014083000100592,2014년 8월 30일 19시,토요일,부산광역시 동래구 수안동,경상사고,0,0,1,0,차대사람 - 차도통행중,안전운전불이행,건조,맑음,단일로 - 기타,화물,남,45세,상해없음,보행자,여,62세,경상
2014083000100593,2014년 8월 30일 19시,토요일,부산광역시 동래구 온천동,중상사고,0,1,0,0,차량단독 - 기타,기타,건조,맑음,단일로 - 기타,승합,남,34세,상해없음,,,,
2014083000100594,2014년 8월 30일 19시,토요일,부산광역시 부산진구 전포동,경상사고,0,0,1,1,차대차 - 측면직각충돌,안전운전불이행,건조,맑음,단일로 - 기타,승용,남,17세,상해없음,승용,여,49세,경상
2014083000100633,2014년 8월 30일 20시,토요일,부산광역시 동구 초량동,경상사고,0,0,1,0,차대사람 - 기타,안전운전불이행,건조,맑음,교차로 - 교차로부근,승용,남,44세,상해없음,보행자,남,57세,경상
2014083000100634,2014년 8월 30일 20시,토요일,부산광역시 동래구 명장동,중상사고,0,1,0,0,차대차 - 측면직각충돌,안전운전불이행,건조,맑음,단일로 - 기타,화물,남,32세,상해없음,승용,남,60세,중상
2014083000100635,2014년 8월 30일 20시,토요일,부산광역시 사상구 모라동,중상사고,0,1,0,0,차대사람 - 기타,안전운전불이행,건조,맑음,단일로 - 기타,승용,남,49세,상해없음,보행자,남,53세,중상
2014083000100664,2014년 8월 30일 21시,토요일,부산광역시 부산진구 당감동,중상사고,0,1,0,0,차대차 - 기타,안전운전불이행,건조,맑음,단일로 - 기타,승용,남,42세,상해없음,승용,남,29세,중상
2014083000100700,2014년 8월 30일 22시,토요일,부산광역시 부산진구 양정동,경상사고,0,0,1,0,차대차 - 기타,신호위반,건조,맑음,교차로 - 교차로안,승용,남,65세,상해없음,이륜,남,20세,경상
2014083000100701,2014년 8월 30일 22시,토요일,부산광역시 강서구 명지동,경상사고,0,0,1,0,차대차 - 측면직각충돌,안전운전불이행,건조,맑음,교차로 - 교차로안,이륜,남,18세,경상,승용,여,28세,상해없음
2014083100100005,2014년 8월 31일 00시,일요일,부산광역시 연제구 거제동,경상사고,0,0,1,0,차대차 - 기타,안전운전불이행,건조,맑음,단일로 - 기타,승용,남,29세,상해없음,승용,남,43세,경상
2014083100100038,2014년 8월 31일 02시,일요일,부산광역시 금정구 구서동,경상사고,0,0,2,0,차대차 - 기타,안전거리미확보,건조,맑음,단일로 - 기타,승용,남,32세,상해없음,승합,남,60세,상해없음
2014083100100052,2014년 8월 31일 03시,일요일,부산광역시 수영구 광안동,경상사고,0,0,2,0,차대차 - 기타,안전운전불이행,건조,맑음,교차로 - 교차로안,승용,남,49세,상해없음,승용,남,40세,경상
2014083100100073,2014년 8월 31일 05시,일요일,부산광역시 해운대구 우동,경상사고,0,0,1,0,차량단독 - 기타,기타,건조,맑음,단일로 - 기타,승용,남,50세,상해없음,,,,
2014083100100074,2014년 8월 31일 05시,일요일,부산광역시 부산진구 개금동,사망사고,1,0,0,0,차대사람 - 기타,안전운전불이행,건조,맑음,교차로 - 교차로안,승용,남,22세,상해없음,보행자,여,76세,사망
2014083100100098,2014년 8월 31일 07시,일요일,부산광역시 해운대구 중동,경상사고,0,0,1,0,차대차 - 추돌 - 주정차중,안전운전불이행,건조,맑음,교차로 - 교차로부근,승용,남,42세,상해없음,승용,여,55세,경상
2014083100100121,2014년 8월 31일 08시,일요일,부산광역시 금정구 부곡동,경상사고,0,0,1,0,차대차 - 기타,신호위반,건조,맑음,교차로 - 교차로안,승용,남,56세,상해없음,자전거,남,66세,경상
2014083100100122,2014년 8월 31일 08시,일요일,부산광역시 강서구 구랑동,경상사고,0,0,1,0,차대차 - 추돌 - 주정차중,안전운전불이행,건조,맑음,교차로 - 교차로부근,화물,남,78세,기타불명,승용,남,37세,경상
2014083100100171,2014년 8월 31일 11시,일요일,부산광역시 해운대구 좌동,경상사고,0,0,1,0,차대사람 - 횡단중,안전운전불이행,건조,맑음,단일로 - 횡단보도상,승용,기타불명,기타불명,기타불명,보행자,여,70세,경상
2014083100100198,2014년 8월 31일 12시,일요일,부산광역시 사상구 모라동,경상사고,0,0,1,0,차대차 - 기타,안전거리미확보,건조,맑음,단일로 - 교량,승용,남,55세,상해없음,승용,남,39세,경상
2014083100100230,2014년 8월 31일 13시,일요일,부산광역시 서구 동대신동1가,중상사고,0,1,0,0,차대차 - 추돌 - 주정차중,안전운전불이행,건조,맑음,교차로 - 교차로부근,승용,남,56세,상해없음,이륜,남,35세,중상
2014083100100231,2014년 8월 31일 13시,일요일,부산광역시 해운대구 중동,경상사고,0,0,1,0,차대사람 - 횡단중,보행자보호의무위반,건조,맑음,단일로 - 횡단보도상,승합,남,29세,상해없음,보행자,여,75세,경상
2014083100100232,2014년 8월 31일 13시,일요일,부산광역시 해운대구 반여동,경상사고,0,0,1,1,차대차 - 추돌 - 진행중,안전거리미확보,건조,맑음,단일로 - 기타,승용,남,45세,상해없음,승용,여,38세,경상
2014083100100233,2014년 8월 31일 13시,일요일,부산광역시 부산진구 당감동,중상사고,0,1,0,0,차대차 - 기타,불법유턴,기타,맑음,단일로 - 기타,승용,남,63세,상해없음,원동기,남,34세,중상
2014083100100271,2014년 8월 31일 14시,일요일,부산광역시 사상구 덕포동,부상신고사고,0,0,0,1,차대차 - 기타,안전운전불이행,건조,맑음,단일로 - 횡단보도부근,이륜,남,73세,부상신고,승용,남,60세,상해없음
2014083100100337,2014년 8월 31일 16시,일요일,부산광역시 중구 중앙동4가,중상사고,0,1,0,0,차대차 - 측면직각충돌,안전운전불이행,건조,맑음,단일로 - 기타,승용,남,39세,상해없음,이륜,남,17세,중상
2014083100100338,2014년 8월 31일 16시,일요일,부산광역시 사하구 당리동,중상사고,0,1,0,0,차대사람 - 기타,안전운전불이행,건조,맑음,단일로 - 기타,승용,남,57세,상해없음,보행자,여,85세,중상
2014083100100373,2014년 8월 31일 17시,일요일,부산광역시 사상구 덕포동,경상사고,0,0,3,0,차대차 - 기타,안전거리미확보,건조,맑음,교차로 - 교차로부근,승용,남,68세,경상,화물,남,65세,경상
2014083100100374,2014년 8월 31일 17시,일요일,부산광역시 기장군 기장읍,경상사고,0,0,3,0,차대차 - 측면직각충돌,안전운전불이행,건조,맑음,교차로 - 교차로부근,이륜,남,44세,경상,화물,남,36세,상해없음
2014083100100398,2014년 8월 31일 18시,일요일,부산광역시 부산진구 전포동,경상사고,0,0,1,0,차대차 - 기타,교차로운행방법위반,기타,맑음,교차로 - 교차로안,승용,여,54세,상해없음,승용,남,63세,경상
2014083100100429,2014년 8월 31일 19시,일요일,부산광역시 수영구 남천동,중상사고,0,1,1,0,차대차 - 측면직각충돌,안전운전불이행,건조,맑음,교차로 - 교차로안,승용,남,45세,상해없음,승용,남,49세,중상
2014083100100430,2014년 8월 31일 19시,일요일,부산광역시 해운대구 반여동,중상사고,0,1,0,0,차대사람 - 기타,안전운전불이행,건조,맑음,단일로 - 기타,원동기,남,25세,상해없음,보행자,여,60세,중상
2014083100100431,2014년 8월 31일 19시,일요일,부산광역시 해운대구 반여동,경상사고,0,0,1,0,차대차 - 추돌 - 주정차중,안전운전불이행,건조,맑음,교차로 - 교차로부근,승용,남,48세,상해없음,승용,남,19세,경상
2014083100100432,2014년 8월 31일 19시,일요일,부산광역시 사상구 주례동,경상사고,0,0,2,0,차대차 - 기타,안전거리미확보,건조,맑음,교차로 - 교차로부근,승용,남,40세,상해없음,원동기,남,16세,경상
2014083100100467,2014년 8월 31일 20시,일요일,부산광역시 부산진구 범전동,사망사고,1,0,0,0,차대사람 - 기타,안전운전불이행,건조,맑음,단일로 - 기타,자전거,남,25세,상해없음,보행자,남,73세,사망
2014083100100468,2014년 8월 31일 20시,일요일,부산광역시 연제구 연산동,경상사고,0,0,1,0,차대차 - 기타,안전운전불이행,건조,맑음,단일로 - 기타,승용,남,25세,상해없음,승용,남,35세,경상
2014083100100469,2014년 8월 31일 20시,일요일,부산광역시 연제구 거제동,중상사고,0,1,0,0,차대차 - 측면직각충돌,신호위반,건조,맑음,교차로 - 교차로안,승용,여,46세,기타불명,승용,남,43세,중상
2014083100100470,2014년 8월 31일 20시,일요일,부산광역시 기장군 정관면,중상사고,0,1,0,0,차대차 - 측면직각충돌,안전운전불이행,건조,맑음,단일로 - 기타,승용,여,26세,상해없음,승용,여,40세,중상
2014083100100497,2014년 8월 31일 21시,일요일,부산광역시 부산진구 개금동,경상사고,0,0,1,0,차대차 - 기타,신호위반,건조,맑음,교차로 - 교차로안,이륜,남,52세,상해없음,승용,남,67세,경상
2014083100100498,2014년 8월 31일 21시,일요일,부산광역시 연제구 거제동,중상사고,0,1,1,0,차대차 - 측면직각충돌,안전운전불이행,건조,맑음,단일로 - 기타,승용,남,42세,상해없음,이륜,남,24세,경상
2014083100100499,2014년 8월 31일 21시,일요일,부산광역시 연제구 연산동,경상사고,0,0,1,0,차대사람 - 횡단중,보행자보호의무위반,건조,맑음,단일로 - 횡단보도상,승용,남,28세,상해없음,보행자,여,34세,경상