사고번호,사고일시,요일,시군구,사고내용,사망자수,중상자수,경상자수,부상신고자수,사고유형,법규위반,노면상태,기상상태,도로형태,가해운전자 차종,가해운전자 성별,가해운전자 연령,가해운전자 상해정도,피해운전자 차종,피해운전자 성별,피해운전자 연령,피해운전자 상해정도
2014083100100541,2014년 8월 31일 23시,일요일,부산광역시 수영구 광안동,경상사고,0,0,1,0,차대사람 - 횡단중,보행자보호의무위반,건조,맑음,교차로 - 교차로안,승용,남,54세,기타불명,보행자,남,36세,경상
2014090100100027,2014년 9월 1일 02시,월요일,부산광역시 서구 남부민동,경상사고,0,0,1,0,차대차 - 추돌 - 주정차중,안전운전불이행,건조,맑음,교차로 - 교차로부근,승용,남,51세,상해없음,승용,남,60세,경상
2014090100100061,2014년 9월 1일 06시,월요일,부산광역시 강서구 송정동,중상사고,0,1,0,0,차대차 - 기타,안전운전불이행,건조,맑음,교차로 - 교차로안,승용,남,64세,상해없음,자전거,남,35세,중상
2014090100100106,2014년 9월 1일 08시,월요일,부산광역시 해운대구 우동,경상사고,0,0,1,0,차대차 - 기타,안전거리미확보,건조,맑음,단일로 - 교량,승용,남,21세,상해없음,승용,남,29세,경상
2014090100100107,2014년 9월 1일 08시,월요일,부산광역시 부산진구 범천동,중상사고,0,1,0,0,차대차 - 기타,안전운전불이행,건조,맑음,단일로 - 기타,승합,남,37세,상해없음,자전거,여,44세,중상
2014090100100108,2014년 9월 1일 08시,월요일,부산광역시 금정구 장전동,경상사고,0,0,1,0,차대차 - 측면직각충돌,안전운전불이행,건조,맑음,교차로 - 교차로안,원동기,여,60세,경상,승용,남,60세,상해없음
2014090100100109,2014년 9월 1일 08시,월요일,부산광역시 금정구 부곡동,경상사고,0,0,1,0,차대사람 - 기타,안전운전불이행,건조,맑음,교차로 - 교차로안,승용,기타불명,기타불명,기타불명,보행자,남,12세,경상
2014090100100110,2014년 9월 1일 08시,월요일,부산광역시 기장군 기장읍,경상사고,0,0,1,0,차대차 - 측면직각충돌,안전운전불이행,건조,맑음,단일로 - 기타,이륜,남,44세,경상,승용,남,46세,상해없음
2014090100100222,2014년 9월 1일 11시,월요일,부산광역시 해운대구 좌동,중상사고,0,1,0,0,차대사람 - 횡단중,보행자보호의무위반,건조,맑음,단일로 - 횡단보도상,승용,여,53세,상해없음,보행자,남,64세,중상
2014090100100223,2014년 9월 1일 11시,월요일,부산광역시 부산진구 전포동,경상사고,0,0,1,0,차대차 - 측면직각충돌,안전거리미확보,건조,맑음,단일로 - 기타,건설기계,남,50세,상해없음,승용,남,50세,경상
2014090100100253,2014년 9월 1일 12시,월요일,부산광역시 강서구 명지동,경상사고,0,0,1,0,차대사람 - 횡단중,안전운전불이행,건조,맑음,단일로 - 횡단보도상,승용,여,22세,상해없음,보행자,남,11세,경상
2014090100100315,2014년 9월 1일 14시,월요일,부산광역시 해운대구 재송동,중상사고,0,1,4,0,차대차 - 기타,중앙선침범,건조,맑음,단일로 - 기타,승용,여,56세,상해없음,승용,여,36세,경상
2014090100100316,2014년 9월 1일 14시,월요일,부산광역시 해운대구 우동,경상사고,0,0,1,0,차량단독 - 기타,안전운전불이행,건조,맑음,단일로 - 기타,승합,남,48세,기타불명,,,,
2014090100100356,2014년 9월 1일 15시,월요일,부산광역시 수영구 광안동,경상사고,0,0,2,0,차대차 - 기타,안전운전불이행,건조,맑음,단일로 - 기타,승용,여,52세,상해없음,승용,여,30세,경상
2014090100100357,2014년 9월 1일 15시,월요일,부산광역시 해운대구 반송동,부상신고사고,0,0,0,2,차대차 - 추돌 - 주정차중,안전운전불이행,건조,맑음,단일로 - 횡단보도부근,승용,여,51세,상해없음,승용,남,49세,부상신고
2014090100100358,2014년 9월 1일 15시,월요일,부산광역시 부산진구 연지동,경상사고,0,0,1,0,차대사람 - 보도통행중,보행자보호의무위반,건조,맑음,교차로 - 교차로안,승용,여,27세,상해없음,보행자,남,72세,경상
2014090100100359,2014년 9월 1일 15시,월요일,부산광역시 금정구 남산동,중상사고,0,1,0,0,차대차 - 측면직각충돌,중앙선침범,건조,맑음,교차로 - 교차로부근,승용,남,51세,상해없음,이륜,남,17세,중상
2014090100100360,2014년 9월 1일 15시,월요일,부산광역시 사하구 다대동,중상사고,0,1,0,0,차대사람 - 횡단중,안전운전불이행,건조,맑음,단일로 - 기타,승용,남,53세,상해없음,보행자,남,9세,중상
2014090100100388,2014년 9월 1일 16시,월요일,부산광역시 해운대구 반여동,경상사고,0,0,1,0,차대사람 - 보도통행중,기타,습기,맑음,단일로 - 기타,원동기,남,64세,상해없음,보행자,여,6세,경상
2014090100100389,2014년 9월 1일 16시,월요일,부산광역시 금정구 구서동,중상사고,0,1,1,0,차대차 - 추돌 - 진행중,안전운전불이행,건조,맑음,단일로 - 기타,화물,남,60세,상해없음,승용,남,34세,중상
2014090100100445,2014년 9월 1일 17시,월요일,부산광역시 부산진구 전포동,중상사고,0,2,0,0,차대차 - 측면직각충돌,교차로운행방법위반,건조,맑음,교차로 - 교차로안,승용,남,46세,상해없음,승용,남,47세,중상
2014090100100446,2014년 9월 1일 17시,월요일,부산광역시 금정구 서동,경상사고,0,0,1,0,차대사람 - 횡단중,보행자보호의무위반,건조,맑음,단일로 - 기타,승용,여,57세,상해없음,보행자,남,7세,경상
2014090100100501,2014년 9월 1일 18시,월요일,부산광역시 서구 동대신동1가,경상사고,0,0,1,0,차대차 - 측면직각충돌,안전거리미확보,습기,흐림,단일로 - 기타,특수,남,43세,상해없음,승용,남,52세,경상
2014090100100502,2014년 9월 1일 18시,월요일,부산광역시 해운대구 재송동,부상신고사고,0,0,0,1,차대사람 - 기타,안전운전불이행,건조,맑음,단일로 - 기타,승합,기타불명,기타불명,기타불명,보행자,여,16세,부상신고
2014090100100503,2014년 9월 1일 18시,월요일,부산광역시 사하구 다대동,부상신고사고,0,0,0,1,차대차 - 기타,안전운전불이행,건조,맑음,단일로 - 기타,승용,남,45세,상해없음,이륜,남,42세,부상신고
2014090100100504,2014년 9월 1일 18시,월요일,부산광역시 연제구 연산동,중상사고,0,1,2,0,차대차 - 기타,중앙선침범,건조,맑음,단일로 - 기타,승용,남,42세,상해없음,승용,남,49세,중상
2014090100100563,2014년 9월 1일 19시,월요일,부산광역시 북구 덕천동,중상사고,0,1,0,0,차대사람 - 횡단중,안전운전불이행,건조,맑음,교차로 - 교차로부근,승용,여,45세,상해없음,보행자,여,33세,중상
2014090100100564,2014년 9월 1일 19시,월요일,부산광역시 영도구 대교동1가,경상사고,0,0,1,0,차대사람 - 기타,안전운전불이행,건조,맑음,단일로 - 기타,승합,남,58세,기타불명,보행자,여,31세,경상
2014090100100565,2014년 9월 1일 19시,월요일,부산광역시 해운대구 좌동,경상사고,0,0,2,0,차대차 - 추돌 - 주정차중,안전운전불이행,건조,맑음,단일로 - 기타,승용,남,32세,상해없음,승합,남,38세,경상
2014090100100566,2014년 9월 1일 19시,월요일,부산광역시 부산진구 부전동,경상사고,0,0,1,0,차대차 - 기타,안전거리미확보,건조,맑음,단일로 - 기타,화물,남,56세,상해없음,승용,여,63세,경상
2014090100100644,2014년 9월 1일 21시,월요일,부산광역시 남구 대연동,중상사고,0,1,0,0,차대차 - 기타,안전운전불이행,건조,맑음,교차로 - 교차로안,승용,여,48세,상해없음,자전거,남,60세,중상
2014090100100702,2014년 9월 1일 23시,월요일,부산광역시 사상구 모라동,중상사고,0,2,2,0,차대차 - 기타,안전운전불이행,건조,맑음,교차로 - 교차로안,화물,남,52세,중상,승용,남,55세,중상
2014090200100004,2014년 9월 2일 00시,화요일,부산광역시 부산진구 부전동,경상사고,0,0,1,0,차대차 - 추돌 - 진행중,안전거리미확보,건조,맑음,단일로 - 기타,승용,남,19세,상해없음,승용,남,41세,경상
2014090200100005,2014년 9월 2일 00시,화요일,부산광역시 부산진구 범천동,경상사고,0,0,1,0,차대차 - 기타,신호위반,건조,맑음,교차로 - 교차로안,승용,남,54세,상해없음,이륜,남,17세,경상
2014090200100006,2014년 9월 2일 00시,화요일,부산광역시 연제구 거제동,중상사고,0,1,0,0,차대사람 - 횡단중,중앙선침범,건조,맑음,단일로 - 횡단보도상,승용,남,48세,상해없음,보행자,여,41세,중상
2014090200100007,2014년 9월 2일 00시,화요일,부산광역시 연제구 연산동,중상사고,0,1,1,0,차대차 - 정면충돌,신호위반,건조,맑음,교차로 - 교차로안,승용,남,26세,기타불명,승용,남,48세,중상
2014090200100044,2014년 9월 2일 04시,화요일,부산광역시 금정구 부곡동,중상사고,0,1,0,0,차대차 - 측면직각충돌,신호위반,건조,맑음,교차로 - 교차로안,특수,남,59세,상해없음,승용,남,43세,중상
2014090200100055,2014년 9월 2일 05시,화요일,부산광역시 수영구 민락동,중상사고,0,1,0,0,차대사람 - 기타,안전운전불이행,건조,맑음,단일로 - 기타,자전거,남,18세,상해없음,보행자,여,59세,중상
2014090200100080,2014년 9월 2일 07시,화요일,부산광역시 북구 덕천동,경상사고,0,0,1,0,차대사람 - 기타,안전운전불이행,건조,맑음,교차로 - 교차로부근,승용,기타불명,기타불명,기타불명,보행자,남,20세,경상
2014090200100081,2014년 9월 2일 07시,화요일,부산광역시 금정구 노포동,중상사고,0,1,0,0,차대차 - 추돌 - 진행중,안전거리미확보,건조,맑음,교차로 - 교차로안,승용,남,41세,상해없음,승용,여,43세,중상
2014090200100115,2014년 9월 2일 08시,화요일,부산광역시 부산진구 당감동,경상사고,0,0,1,0,차대사람 - 횡단중,안전운전불이행,건조,맑음,교차로 - 교차로부근,승용,여,47세,상해없음,보행자,남,11세,경상
2014090200100116,2014년 9월 2일 08시,화요일,부산광역시 사하구 신평동,경상사고,0,0,1,0,차대차 - 추돌 - 진행중,안전운전불이행,건조,맑음,교차로 - 교차로안,승용,남,27세,상해없음,승용,남,56세,상해없음
2014090200100117,2014년 9월 2일 08시,화요일,부산광역시 연제구 거제동,중상사고,0,1,0,0,차대차 - 측면직각충돌,안전운전불이행,건조,맑음,교차로 - 교차로안,승용,여,35세,상해없음,이륜,남,48세,중상
2014090200100118,2014년 9월 2일 08시,화요일,부산광역시 사상구 덕포동,경상사고,0,0,1,0,차대사람 - 차도통행중,안전운전불이행,건조,맑음,단일로 - 기타,승용,남,67세,상해없음,보행자,여,21세,경상
2014090200100119,2014년 9월 2일 08시,화요일,부산광역시 기장군 기장읍,중상사고,0,1,0,0,차대차 - 측면직각충돌,불법유턴,건조,맑음,교차로 - 교차로안,화물,남,47세,상해없음,이륜,여,41세,중상
2014090200100189,2014년 9월 2일 10시,화요일,부산광역시 동구 범일동,경상사고,0,0,1,0,차대차 - 추돌 - 진행중,안전운전불이행,건조,맑음,단일로 - 기타,승용,여,23세,상해없음,화물,남,52세,경상
2014090200100190,2014년 9월 2일 10시,화요일,부산광역시 남구 감만동,중상사고,0,1,1,0,차대사람 - 기타,안전운전불이행,건조,맑음,단일로 - 기타,승용,여,46세,상해없음,보행자,여,61세,중상
2014090200100191,2014년 9월 2일 10시,화요일,부산광역시 북구 덕천동,경상사고,0,0,3,0,차대차 - 추돌 - 진행중,안전운전불이행,건조,맑음,단일로 - 교량,승용,여,46세,상해없음,승용,여,30세,경상
2014090200100192,2014년 9월 2일 10시,화요일,부산광역시 기장군 기장읍,중상사고,0,1,1,0,차대차 - 측면직각충돌,안전운전불이행,건조,맑음,교차로 - 교차로안,이륜,남,40세,중상,승용,여,60세,경상
2014090200100193,2014년 9월 2일 10시,화요일,부산광역시 기장군 장안읍,경상사고,0,0,1,0,차대차 - 측면직각충돌,교차로운행방법위반,건조,맑음,교차로 - 교차로안,승용,여,37세,상해없음,승용,여,52세,경상
2014090200100231,2014년 9월 2일 11시,화요일,부산광역시 서구 서대신동2가,경상사고,0,0,1,0,차대사람 - 기타,기타,습기,흐림,단일로 - 기타,이륜,남,28세,상해없음,보행자,여,20세,경상
2014090200100261,2014년 9월 2일 12시,화요일,부산광역시 중구 영주동,경상사고,0,0,1,0,차대차 - 기타,안전운전불이행,건조,맑음,단일로 - 기타,화물,남,60세,상해없음,승용,남,59세,경상
2014090200100262,2014년 9월 2일 12시,화요일,부산광역시 금정구 선동,중상사고,0,1,0,1,차대차 - 기타,중앙선침범,건조,맑음,단일로 - 기타,기타불명,기타불명,기타불명,기타불명,승용,여,43세,중상
2014090200100284,2014년 9월 2일 13시,화요일,부산광역시 부산진구 부암동,경상사고,0,0,1,0,차대차 - 기타,중앙선침범,건조,맑음,단일로 - 기타,승용,여,56세,상해없음,승용,남,44세,경상
2014090200100285,2014년 9월 2일 13시,화요일,부산광역시 사상구 삼락동,경상사고,0,0,1,0,차대차 - 측면직각충돌,교차로운행방법위반,건조,맑음,교차로 - 교차로안,자전거,남,51세,경상,화물,남,53세,상해없음
2014090200100323,2014년 9월 2일 14시,화요일,부산광역시 부산진구 부전동,경상사고,0,0,1,0,차대사람 - 기타,안전운전불이행,건조,맑음,단일로 - 기타,승용,남,62세,상해없음,보행자,남,25세,경상
2014090200100324,2014년 9월 2일 14시,화요일,부산광역시 금정구 구서동,중상사고,0,1,0,0,차대사람 - 횡단중,신호위반,건조,맑음,단일로 - 기타,이륜,남,21세,상해없음,보행자,남,8세,중상
2014090200100355,2014년 9월 2일 15시,화요일,부산광역시 금정구 구서동,중상사고,0,1,0,0,차대사람 - 보도통행중,보행자보호의무위반,건조,맑음,교차로 - 교차로안,화물,남,53세,상해없음,보행자,여,51세,중상
2014090200100402,2014년 9월 2일 16시,화요일,부산광역시 연제구 연산동,경상사고,0,0,2,0,차대차 - 측면직각충돌,안전운전불이행,건조,맑음,단일로 - 기타,화물,남,32세,상해없음,승용,남,48세,상해없음
2014090200100489,2014년 9월 2일 18시,화요일,부산광역시 북구 구포동,경상사고,0,0,1,0,차대사람 - 기타,안전운전불이행,건조,맑음,단일로 - 기타,화물,남,58세,상해없음,보행자,남,14세,경상
2014090200100490,2014년 9월 2일 18시,화요일,부산광역시 금정구 장전동,경상사고,0,0,2,0,차대차 - 추돌 - 진행중,안전운전불이행,건조,맑음,단일로 - 기타,승용,남,50세,상해없음,화물,남,42세,경상
2014090200100545,2014년 9월 2일 19시,화요일,부산광역시 동구 범일동,경상사고,0,0,1,0,차대차 - 측면직각충돌,신호위반,건조,맑음,교차로 - 교차로안,승용,남,33세,상해없음,승용,남,44세,경상
2014090200100546,2014년 9월 2일 19시,화요일,부산광역시 해운대구 재송동,경상사고,0,0,1,0,차대사람 - 기타,보행자보호의무위반,건조,맑음,교차로 - 교차로안,특수,남,54세,상해없음,보행자,여,50세,경상
2014090200100547,2014년 9월 2일 19시,화요일,부산광역시 부산진구 개금동,중상사고,0,1,0,0,차대차 - 측면직각충돌,안전거리미확보,건조,맑음,단일로 - 기타,승합,남,41세,상해없음,승용,여,34세,중상
2014090200100548,2014년 9월 2일 19시,화요일,부산광역시 사하구 구평동,경상사고,0,0,1,0,차대차 - 측면직각충돌,안전운전불이행,건조,맑음,교차로 - 교차로안,화물,남,50세,상해없음,승용,여,70세,경상
2014090200100549,2014년 9월 2일 19시,화요일,부산광역시 강서구 대저2동,경상사고,0,0,1,0,차대차 - 추돌 - 주정차중,안전운전불이행,건조,맑음,교차로 - 교차로부근,승용,남,54세,상해없음,승용,남,35세,경상
2014090200100678,2014년 9월 2일 21시,화요일,부산광역시 동래구 명장동,경상사고,0,0,1,0,차대사람 - 기타,중앙선침범,건조,맑음,단일로 - 기타,승용,남,54세,상해없음,보행자,남,48세,경상
2014090200100679,2014년 9월 2일 21시,화요일,부산광역시 사하구 다대동,중상사고,0,1,0,0,차대사람 - 횡단중,안전운전불이행,건조,흐림,교차로 - 교차로부근,승용,남,51세,상해없음,보행자,여,15세,중상
2014090200100733,2014년 9월 2일 22시,화요일,부산광역시 남구 감만동,중상사고,0,1,0,0,차대차 - 측면직각충돌,안전운전불이행,건조,맑음,단일로 - 기타,이륜,남,46세,중상,승용,여,22세,상해없음
2014090200100734,2014년 9월 2일 22시,화요일,부산광역시 해운대구 반여동,경상사고,0,0,1,0,차대차 - 측면직각충돌,안전거리미확보,건조,맑음,단일로 - 기타,승용,남,32세,상해없음,승용,여,31세,경상
2014090200100735,2014년 9월 2일 22시,화요일,부산광역시 사상구 괘법동,중상사고,0,1,0,0,차대차 - 기타,안전거리미확보,건조,맑음,단일로 - 기타,승용,남,50세,상해없음,원동기,남,39세,중상
2014090200100795,2014년 9월 2일 23시,화요일,부산광역시 남구 대연동,경상사고,0,0,1,0,차대차 - 기타,교차로운행방법위반,건조,맑음,교차로 - 교차로안,승용,남,32세,상해없음,승용,남,59세,상해없음
2014090300100018,2014년 9월 3일 00시,수요일,부산광역시 중구 보수동1가,중상사고,0,1,0,0,차대사람 - 차도통행중,안전운전불이행,습기,비,단일로 - 횡단보도부근,승용,남,55세,상해없음,보행자,여,69세,중상
2014090300100019,2014년 9월 3일 00시,수요일,부산광역시 남구 우암동,경상사고,0,0,1,0,차대사람 - 횡단중,안전운전불이행,습기,맑음,단일로 - 기타,승용,남,64세,상해없음,보행자,여,18세,경상
2014090300100020,2014년 9월 3일 00시,수요일,부산광역시 부산진구 초읍동,중상사고,0,1,3,0,차대차 - 추돌 - 진행중,안전거리미확보,습기,비,단일로 - 기타,승용,남,34세,상해없음,승용,여,48세,중상
2014090300100021,2014년 9월 3일 00시,수요일,부산광역시 부산진구 부암동,부상신고사고,0,0,0,1,차대사람 - 기타,안전운전불이행,습기,비,교차로 - 교차로부근,승용,남,54세,상해없음,보행자,남,65세,부상신고
2014090300100051,2014년 9월 3일 01시,수요일,부산광역시 부산진구 부전동,경상사고,0,0,1,0,차대차 - 추돌 - 진행중,안전거리미확보,습기,비,교차로 - 교차로안,승용,남,19세,상해없음,승용,남,58세,경상
2014090300100085,2014년 9월 3일 02시,수요일,부산광역시 남구 우암동,경상사고,0,0,1,0,차대차 - 기타,차로위반,습기,비,단일로 - 기타,승용,여,30세,상해없음,화물,남,41세,경상
2014090300100086,2014년 9월 3일 02시,수요일,부산광역시 기장군 기장읍,경상사고,0,0,2,0,차대차 - 기타,안전운전불이행,습기,비,단일로 - 기타,승용,남,47세,상해없음,승용,남,24세,경상
2014090300100130,2014년 9월 3일 05시,수요일,부산광역시 동래구 온천동,경상사고,0,0,1,0,차대차 - 추돌 - 진행중,안전거리미확보,건조,흐림,단일로 - 기타,승용,여,34세,상해없음,승용,남,57세,경상
2014090300100162,2014년 9월 3일 07시,수요일,부산광역시 서구 서대신동3가,중상사고,0,1,0,0,차대사람 - 횡단중,안전운전불이행,건조,맑음,단일로 - 기타,승용,남,25세,상해없음,보행자,남,16세,중상
2014090300100163,2014년 9월 3일 07시,수요일,부산광역시 영도구 봉래동1가,경상사고,0,0,1,0,차대차 - 기타,안전운전불이행,건조,맑음,기타 - 기타,승용,여,52세,상해없음,승합,남,57세,상해없음
2014090300100164,2014년 9월 3일 07시,수요일,부산광역시 연제구 연산동,경상사고,0,0,1,0,차대사람 - 횡단중,안전운전불이행,건조,맑음,단일로 - 기타,승합,남,54세,상해없음,보행자,남,17세,경상
2014090300100165,2014년 9월 3일 07시,수요일,부산광역시 강서구 명지동,경상사고,0,0,3,1,차대차 - 추돌 - 주정차중,안전운전불이행,건조,맑음,교차로 - 교차로부근,승용,남,33세,부상신고,승용,남,32세,상해없음
2014090300100166,2014년 9월 3일 07시,수요일,부산광역시 기장군 기장읍,중상사고,0,1,1,0,차대차 - 기타,안전운전불이행,건조,맑음,교차로 - 교차로안,화물,남,43세,상해없음,승용,여,45세,중상
2014090300100190,2014년 9월 3일 08시,수요일,부산광역시 영도구 동삼동,경상사고,0,0,1,0,차대사람 - 기타,안전운전불이행,건조,맑음,기타 - 기타,승용,남,40세,상해없음,보행자,여,51세,경상
2014090300100191,2014년 9월 3일 08시,수요일,부산광역시 금정구 부곡동,경상사고,0,0,1,0,차대차 - 추돌 - 진행중,안전운전불이행,습기,비,단일로 - 기타,승용,여,35세,상해없음,승용,여,50세,경상
2014090300100192,2014년 9월 3일 08시,수요일,부산광역시 사상구 감전동,중상사고,0,1,0,0,차대차 - 측면직각충돌,교차로운행방법위반,습기,비,교차로 - 교차로안,승용,남,55세,상해없음,승용,남,51세,상해없음
2014090300100230,2014년 9월 3일 09시,수요일,부산광역시 수영구 망미동,경상사고,0,0,1,0,차대차 - 측면직각충돌,신호위반,습기,맑음,교차로 - 교차로안,승용,남,61세,상해없음,승용,남,38세,상해없음
2014090300100231,2014년 9월 3일 09시,수요일,부산광역시 기장군 정관면,중상사고,0,3,0,1,차대차 - 측면직각충돌,신호위반,습기,비,교차로 - 교차로안,승용,남,30세,상해없음,승용,여,54세,중상
2014090300100232,2014년 9월 3일 09시,수요일,부산광역시 기장군 기장읍,중상사고,0,1,0,0,차대차 - 추돌 - 주정차중,안전거리미확보,건조,맑음,교차로 - 교차로부근,승용,남,45세,상해없음,승용,여,56세,중상
2014090300100255,2014년 9월 3일 10시,수요일,부산광역시 해운대구 우동,중상사고,0,1,0,0,차대사람 - 기타,보행자보호의무위반,기타,흐림,단일로 - 기타,승합,여,57세,상해없음,보행자,여,71세,중상
2014090300100256,2014년 9월 3일 10시,수요일,부산광역시 사상구 주례동,경상사고,0,0,3,0,차대차 - 추돌 - 주정차중,안전운전불이행,건조,흐림,단일로 - 기타,승용,남,49세,상해없음,승용,남,41세,상해없음
2014090300100282,2014년 9월 3일 11시,수요일,부산광역시 남구 용호동,경상사고,0,0,1,0,차대사람 - 기타,안전운전불이행,습기,비,단일로 - 기타,승용,여,58세,상해없음,보행자,여,42세,경상
2014090300100283,2014년 9월 3일 11시,수요일,부산광역시 수영구 광안동,경상사고,0,0,1,0,차대차 - 추돌 - 주정차중,안전운전불이행,습기,비,단일로 - 기타,승용,남,59세,상해없음,승용,여,50세,경상
2014090300100284,2014년 9월 3일 11시,수요일,부산광역시 동래구 명장동,중상사고,0,1,0,0,차대차 - 측면직각충돌,신호위반,습기,비,교차로 - 교차로안,승합,남,49세,상해없음,원동기,남,70세,중상
2014090300100285,2014년 9월 3일 11시,수요일,부산광역시 사하구 다대동,중상사고,0,1,1,1,차대차 - 측면직각충돌,교차로운행방법위반,건조,맑음,교차로 - 교차로안,승용,남,61세,상해없음,화물,남,69세,경상
2014090300100286,2014년 9월 3일 11시,수요일,부산광역시 연제구 연산동,중상사고,0,1,0,0,차대차 - 기타,안전운전불이행,건조,맑음,단일로 - 기타,승용,남,46세,상해없음,승용,여,56세,중상
2014090300100308,2014년 9월 3일 12시,수요일,부산광역시 서구 부민동1가,경상사고,0,0,1,0,차대사람 - 횡단중,신호위반,습기,비,단일로 - 기타,이륜,남,24세,상해없음,보행자,여,22세,경상
2014090300100309,2014년 9월 3일 12시,수요일,부산광역시 사하구 당리동,중상사고,0,2,0,0,차대사람 - 횡단중,신호위반,건조,맑음,단일로 - 횡단보도상,화물,남,59세,상해없음,보행자,여,61세,중상
2014090300100345,2014년 9월 3일 13시,수요일,부산광역시 수영구 광안동,경상사고,0,0,2,0,차대차 - 측면직각충돌,안전운전불이행,습기,비,교차로 - 교차로안,승용,남,66세,경상,승용,남,25세,경상
2014090300100378,2014년 9월 3일 14시,수요일,부산광역시 수영구 민락동,중상사고,0,1,0,0,차량단독 - 공작물충돌,안전운전불이행,습기,비,단일로 - 기타,승용,남,70세,상해없음,,,,
2014090300100379,2014년 9월 3일 14시,수요일,부산광역시 연제구 연산동,중상사고,0,1,0,0,차대사람 - 횡단중,신호위반,습기,비,단일로 - 기타,화물,남,48세,상해없음,보행자,여,61세,중상
2014090300100416,2014년 9월 3일 15시,수요일,부산광역시 해운대구 재송동,경상사고,0,0,1,0,차대차 - 추돌 - 진행중,안전운전불이행,건조,맑음,단일로 - 기타,이륜,남,45세,상해없음,승용,여,46세,경상
2014090300100417,2014년 9월 3일 15시,수요일,부산광역시 부산진구 부전동,부상신고사고,0,0,0,1,차대차 - 추돌 - 주정차중,기타,습기,비,단일로 - 기타,승용,남,34세,부상신고,승합,남,61세,상해없음
2014090300100418,2014년 9월 3일 15시,수요일,부산광역시 부산진구 전포동,경상사고,0,0,1,0,차대사람 - 기타,보행자보호의무위반,건조,맑음,교차로 - 교차로안,승용,여,55세,상해없음,보행자,여,25세,경상
2014090300100457,2014년 9월 3일 16시,수요일,부산광역시 동래구 안락동,중상사고,0,1,0,0,차대사람 - 기타,안전운전불이행,건조,맑음,단일로 - 기타,승용,남,71세,상해없음,보행자,여,54세,중상
2014090300100491,2014년 9월 3일 17시,수요일,부산광역시 동구 범일동,경상사고,0,0,1,0,차대사람 - 횡단중,신호위반,습기,비,단일로 - 횡단보도상,승용,남,55세,상해없음,보행자,여,7세,경상
2014090300100492,2014년 9월 3일 17시,수요일,부산광역시 동래구 온천동,중상사고,0,1,0,0,차대차 - 측면직각충돌,신호위반,건조,맑음,단일로 - 횡단보도상,승용,여,49세,상해없음,자전거,남,26세,중상
2014090300100493,2014년 9월 3일 17시,수요일,부산광역시 해운대구 반여동,중상사고,0,1,0,0,차대차 - 기타,안전운전불이행,기타,비,단일로 - 기타,화물,남,53세,상해없음,승용,남,62세,중상
2014090300100494,2014년 9월 3일 17시,수요일,부산광역시 연제구 연산동,경상사고,0,0,1,0,차대차 - 기타,기타,건조,맑음,기타 - 기타,승용,여,58세,상해없음,승용,남,33세,경상
2014090300100529,2014년 9월 3일 18시,수요일,부산광역시 남구 대연동,경상사고,0,0,1,0,차대차 - 추돌 - 주정차중,안전운전불이행,습기,비,교차로 - 교차로부근,승합,남,63세,상해없음,원동기,남,34세,경상
2014090300100530,2014년 9월 3일 18시,수요일,부산광역시 사하구 하단동,경상사고,0,0,1,0,차대사람 - 기타,안전운전불이행,습기,비,단일로 - 기타,승용,남,30세,상해없음,보행자,남,44세,경상
2014090300100566,2014년 9월 3일 19시,수요일,부산광역시 부산진구 가야동,경상사고,0,0,1,0,차대차 - 측면직각충돌,안전운전불이행,건조,맑음,교차로 - 교차로안,승용,남,31세,상해없음,승용,남,28세,경상
2014090300100610,2014년 9월 3일 20시,수요일,부산광역시 연제구 연산동,중상사고,0,1,0,0,차대차 - 기타,안전운전불이행,건조,흐림,단일로 - 횡단보도부근,승합,기타불명,기타불명,기타불명,이륜,여,18세,중상
2014090300100646,2014년 9월 3일 21시,수요일,부산광역시 중구 부평동1가,경상사고,0,0,1,0,차대차 - 추돌 - 주정차중,안전운전불이행,건조,맑음,단일로 - 기타,승용,남,60세,상해없음,승용,남,54세,경상
2014090300100647,2014년 9월 3일 21시,수요일,부산광역시 금정구 장전동,부상신고사고,0,0,0,1,차대차 - 추돌 - 주정차중,안전운전불이행,건조,맑음,단일로 - 기타,승용,남,40세,상해없음,이륜,남,41세,부상신고
2014090300100648,2014년 9월 3일 21시,수요일,부산광역시 연제구 연산동,중상사고,0,1,0,0,차대차 - 측면직각충돌,안전운전불이행,건조,맑음,교차로 - 교차로안,이륜,남,17세,중상,승용,남,55세,상해없음
2014090300100684,2014년 9월 3일 22시,수요일,부산광역시 기장군 기장읍,중상사고,0,1,0,0,차량단독 - 기타,안전운전불이행,건조,맑음,교차로 - 교차로안,승합,남,49세,상해없음,,,,
2014090400100006,2014년 9월 4일 00시,목요일,부산광역시 동래구 온천동,경상사고,0,0,1,0,차대차 - 측면직각충돌,안전운전불이행,건조,맑음,단일로 - 기타,승용,남,31세,상해없음,승용,남,54세,경상
2014090400100052,2014년 9월 4일 03시,목요일,부산광역시 해운대구 중동,중상사고,0,1,0,1,차대차 - 측면직각충돌,안전운전불이행,건조,맑음,단일로 - 기타,승용,남,44세,상해없음,원동기,남,43세,중상
2014090400100053,2014년 9월 4일 03시,목요일,부산광역시 사하구 장림동,부상신고사고,0,0,0,1,차대차 - 기타,안전운전불이행,건조,맑음,단일로 - 기타,화물,남,41세,상해없음,승용,남,51세,부상신고
2014090400100057,2014년 9월 4일 04시,목요일,부산광역시 연제구 거제동,경상사고,0,0,1,0,차대차 - 추돌 - 주정차중,안전운전불이행,건조,맑음,교차로 - 교차로부근,승용,남,25세,상해없음,승용,남,65세,경상