사고번호,사고일시,요일,시군구,사고내용,사망자수,중상자수,경상자수,부상신고자수,사고유형,법규위반,노면상태,기상상태,도로형태,가해운전자 차종,가해운전자 성별,가해운전자 연령,가해운전자 상해정도,피해운전자 차종,피해운전자 성별,피해운전자 연령,피해운전자 상해정도
2014091900100717,2014년 9월 19일 23시,금요일,부산광역시 서구 암남동,중상사고,0,1,1,0,차대차 - 추돌 - 진행중,안전거리미확보,건조,맑음,교차로 - 교차로안,이륜,남,21세,중상,승용,남,22세,상해없음
2014091900100718,2014년 9월 19일 23시,금요일,부산광역시 사하구 신평동,경상사고,0,0,1,0,차대차 - 기타,신호위반,건조,맑음,교차로 - 교차로안,승용,남,54세,상해없음,원동기,남,43세,경상
2014092000100032,2014년 9월 20일 01시,토요일,부산광역시 중구 중앙동7가,경상사고,0,0,1,0,차대사람 - 횡단중,안전운전불이행,건조,맑음,기타 - 기타,화물,남,65세,상해없음,보행자,남,43세,경상
2014092000100033,2014년 9월 20일 01시,토요일,부산광역시 남구 감만동,경상사고,0,0,2,0,차대사람 - 기타,안전운전불이행,건조,맑음,교차로 - 교차로안,승용,남,59세,상해없음,보행자,남,38세,경상
2014092000100034,2014년 9월 20일 01시,토요일,부산광역시 동래구 수안동,중상사고,0,3,4,0,차대차 - 추돌 - 주정차중,안전운전불이행,습기,비,단일로 - 기타,승용,남,55세,상해없음,승용,남,58세,경상
2014092000100035,2014년 9월 20일 01시,토요일,부산광역시 사하구 감천동,중상사고,0,1,0,0,차량단독 - 전도전복,안전운전불이행,건조,맑음,단일로 - 기타,승용,남,30세,중상,,,,
2014092000100077,2014년 9월 20일 03시,토요일,부산광역시 동구 초량동,중상사고,0,1,0,0,차대사람 - 차도통행중,안전운전불이행,건조,맑음,단일로 - 기타,승용,남,56세,상해없음,보행자,남,42세,중상
2014092000100150,2014년 9월 20일 07시,토요일,부산광역시 해운대구 중동,중상사고,0,3,0,0,차대차 - 기타,안전운전불이행,건조,맑음,교차로 - 교차로안,건설기계,남,58세,상해없음,승용,남,37세,중상
2014092000100166,2014년 9월 20일 08시,토요일,부산광역시 남구 용당동,중상사고,0,1,1,0,차대차 - 기타,중앙선침범,건조,맑음,단일로 - 기타,승용,여,45세,상해없음,승용,남,62세,중상
2014092000100167,2014년 9월 20일 08시,토요일,부산광역시 해운대구 중동,중상사고,0,1,0,0,차대차 - 기타,불법유턴,건조,맑음,단일로 - 기타,승용,남,34세,상해없음,자전거,남,33세,중상
2014092000100168,2014년 9월 20일 08시,토요일,부산광역시 강서구 식만동,중상사고,0,1,0,0,차대차 - 추돌 - 주정차중,안전운전불이행,건조,맑음,단일로 - 기타,원동기,남,76세,중상,화물,남,49세,상해없음
2014092000100233,2014년 9월 20일 10시,토요일,부산광역시 금정구 청룡동,경상사고,0,0,1,0,차대사람 - 기타,안전운전불이행,건조,맑음,단일로 - 기타,화물,남,62세,상해없음,보행자,여,80세,경상
2014092000100255,2014년 9월 20일 11시,토요일,부산광역시 부산진구 부전동,중상사고,0,2,0,0,차대차 - 측면직각충돌,신호위반,건조,맑음,교차로 - 교차로부근,이륜,남,20세,중상,승용,남,37세,상해없음
2014092000100295,2014년 9월 20일 12시,토요일,부산광역시 수영구 수영동,중상사고,0,3,0,0,차대차 - 추돌 - 진행중,안전거리미확보,건조,맑음,교차로 - 교차로부근,승용,여,44세,상해없음,승용,남,58세,중상
2014092000100331,2014년 9월 20일 13시,토요일,부산광역시 북구 만덕동,부상신고사고,0,0,0,1,차대차 - 추돌 - 진행중,안전운전불이행,건조,맑음,단일로 - 기타,승용,남,58세,부상신고,승용,남,53세,상해없음
2014092000100332,2014년 9월 20일 13시,토요일,부산광역시 강서구 대저1동,중상사고,0,1,0,0,차대사람 - 기타,안전운전불이행,건조,맑음,교차로 - 교차로부근,승용,남,45세,상해없음,보행자,남,46세,중상
2014092000100373,2014년 9월 20일 14시,토요일,부산광역시 남구 대연동,경상사고,0,0,2,0,차대차 - 추돌 - 진행중,안전거리미확보,건조,맑음,단일로 - 터널,승용,여,35세,상해없음,승용,남,37세,경상
2014092000100374,2014년 9월 20일 14시,토요일,부산광역시 남구 대연동,경상사고,0,0,1,0,차대사람 - 기타,기타,건조,맑음,단일로 - 기타,승용,남,38세,기타불명,보행자,여,22세,경상
2014092000100375,2014년 9월 20일 14시,토요일,부산광역시 해운대구 우동,경상사고,0,0,1,0,차대차 - 추돌 - 주정차중,안전운전불이행,건조,맑음,단일로 - 기타,승용,남,32세,상해없음,화물,여,18세,상해없음
2014092000100376,2014년 9월 20일 14시,토요일,부산광역시 부산진구 부전동,중상사고,0,1,0,0,차대사람 - 횡단중,안전운전불이행,건조,맑음,단일로 - 기타,화물,남,63세,상해없음,보행자,남,12세,중상
2014092000100426,2014년 9월 20일 15시,토요일,부산광역시 해운대구 중동,부상신고사고,0,0,0,1,차대차 - 측면직각충돌,안전운전불이행,건조,맑음,단일로 - 기타,승용,여,71세,상해없음,승용,남,30세,부상신고
2014092000100427,2014년 9월 20일 15시,토요일,부산광역시 해운대구 우동,경상사고,0,0,2,0,차대차 - 측면직각충돌,안전거리미확보,건조,맑음,단일로 - 교량,화물,남,30세,기타불명,승용,남,68세,경상
2014092000100428,2014년 9월 20일 15시,토요일,부산광역시 사상구 감전동,경상사고,0,0,1,0,차대차 - 추돌 - 진행중,안전운전불이행,건조,맑음,단일로 - 기타,승용,남,65세,상해없음,화물,남,38세,경상
2014092000100466,2014년 9월 20일 16시,토요일,부산광역시 해운대구 송정동,중상사고,0,1,0,0,차대차 - 기타,안전운전불이행,건조,맑음,단일로 - 기타,승용,여,36세,상해없음,승용,남,38세,상해없음
2014092000100467,2014년 9월 20일 16시,토요일,부산광역시 강서구 대저1동,경상사고,0,0,1,0,차대차 - 추돌 - 진행중,안전운전불이행,건조,맑음,교차로 - 교차로부근,승합,남,72세,상해없음,승용,여,38세,상해없음
2014092000100499,2014년 9월 20일 17시,토요일,부산광역시 동래구 안락동,경상사고,0,0,2,0,차대차 - 추돌 - 진행중,안전운전불이행,건조,맑음,단일로 - 기타,화물,남,54세,상해없음,승용,남,31세,경상
2014092000100500,2014년 9월 20일 17시,토요일,부산광역시 동래구 안락동,중상사고,0,1,0,0,차대차 - 추돌 - 주정차중,안전거리미확보,건조,맑음,단일로 - 기타,승용,남,18세,상해없음,화물,여,34세,중상
2014092000100501,2014년 9월 20일 17시,토요일,부산광역시 해운대구 반여동,경상사고,0,0,2,0,차대차 - 추돌 - 진행중,안전운전불이행,건조,맑음,단일로 - 기타,승용,남,62세,상해없음,승합,남,36세,경상
2014092000100502,2014년 9월 20일 17시,토요일,부산광역시 부산진구 부암동,경상사고,0,0,1,0,차대차 - 추돌 - 진행중,안전거리미확보,건조,맑음,미분류 - 미분류,화물,남,43세,상해없음,승용,남,26세,경상
2014092000100503,2014년 9월 20일 17시,토요일,부산광역시 연제구 거제동,중상사고,0,1,0,0,차대차 - 추돌 - 진행중,안전거리미확보,건조,맑음,교차로 - 교차로부근,승용,남,61세,상해없음,이륜,남,20세,중상
2014092000100545,2014년 9월 20일 18시,토요일,부산광역시 부산진구 가야동,경상사고,0,0,1,0,차대차 - 추돌 - 진행중,안전거리미확보,건조,맑음,단일로 - 기타,승합,남,59세,상해없음,승용,남,69세,경상
2014092000100546,2014년 9월 20일 18시,토요일,부산광역시 부산진구 범천동,경상사고,0,0,1,0,차대차 - 기타,안전거리미확보,건조,맑음,단일로 - 기타,승용,기타불명,기타불명,기타불명,이륜,남,59세,경상
2014092000100547,2014년 9월 20일 18시,토요일,부산광역시 사하구 하단동,경상사고,0,0,1,0,차대차 - 기타,안전운전불이행,건조,맑음,단일로 - 기타,화물,남,64세,상해없음,승용,여,72세,경상
2014092000100583,2014년 9월 20일 19시,토요일,부산광역시 동래구 낙민동,중상사고,0,1,0,0,차대차 - 측면직각충돌,중앙선침범,건조,맑음,단일로 - 기타,승용,남,44세,상해없음,승용,여,47세,중상
2014092000100584,2014년 9월 20일 19시,토요일,부산광역시 해운대구 우동,경상사고,0,0,1,0,차대차 - 측면직각충돌,안전거리미확보,건조,맑음,단일로 - 기타,승용,남,34세,상해없음,승용,남,34세,경상
2014092000100585,2014년 9월 20일 19시,토요일,부산광역시 연제구 연산동,경상사고,0,0,1,0,차대차 - 기타,안전운전불이행,건조,맑음,교차로 - 교차로부근,승용,남,48세,상해없음,원동기,여,28세,경상
2014092000100634,2014년 9월 20일 20시,토요일,부산광역시 남구 대연동,중상사고,0,1,1,0,차대차 - 측면직각충돌,신호위반,건조,맑음,교차로 - 교차로안,승용,여,59세,상해없음,승용,여,61세,중상
2014092000100667,2014년 9월 20일 21시,토요일,부산광역시 동구 범일동,경상사고,0,0,2,2,차대차 - 추돌 - 진행중,안전운전불이행,건조,맑음,단일로 - 기타,승용,남,57세,경상,승용,남,27세,경상
2014092000100668,2014년 9월 20일 21시,토요일,부산광역시 해운대구 중동,경상사고,0,0,1,0,차대사람 - 기타,안전운전불이행,건조,맑음,단일로 - 기타,승용,남,32세,상해없음,보행자,남,28세,경상
2014092000100708,2014년 9월 20일 22시,토요일,부산광역시 영도구 남항동1가,경상사고,0,0,1,0,차대사람 - 기타,안전운전불이행,건조,흐림,단일로 - 기타,자전거,남,13세,상해없음,보행자,남,24세,경상
2014092000100709,2014년 9월 20일 22시,토요일,부산광역시 부산진구 가야동,경상사고,0,0,5,1,차대차 - 추돌 - 주정차중,안전운전불이행,건조,맑음,교차로 - 교차로부근,화물,남,54세,부상신고,승용,남,43세,경상
2014092000100710,2014년 9월 20일 22시,토요일,부산광역시 금정구 부곡동,경상사고,0,0,1,0,차대차 - 측면직각충돌,기타,건조,맑음,교차로 - 교차로부근,승용,남,60세,상해없음,원동기,남,25세,경상
2014092000100739,2014년 9월 20일 23시,토요일,부산광역시 동구 초량동,경상사고,0,0,1,0,차대차 - 측면직각충돌,안전거리미확보,건조,맑음,단일로 - 기타,승용,여,40세,상해없음,승용,남,64세,경상
2014092100100008,2014년 9월 21일 00시,일요일,부산광역시 동구 초량동,경상사고,0,0,2,0,차대차 - 추돌 - 진행중,차로위반,건조,맑음,단일로 - 기타,승용,기타불명,기타불명,기타불명,승용,남,59세,경상
2014092100100009,2014년 9월 21일 00시,일요일,부산광역시 수영구 민락동,경상사고,0,0,7,0,차대차 - 기타,안전거리미확보,건조,맑음,단일로 - 기타,승용,남,65세,상해없음,승합,남,29세,경상
2014092100100030,2014년 9월 21일 01시,일요일,부산광역시 금정구 부곡동,경상사고,0,0,1,0,차대차 - 측면직각충돌,차로위반,건조,맑음,단일로 - 기타,승용,남,49세,상해없음,승용,여,24세,경상
2014092100100042,2014년 9월 21일 02시,일요일,부산광역시 서구 토성동4가,중상사고,0,2,0,0,차대차 - 측면직각충돌,중앙선침범,건조,맑음,단일로 - 기타,원동기,남,15세,중상,승용,남,57세,상해없음
2014092100100043,2014년 9월 21일 02시,일요일,부산광역시 사하구 다대동,경상사고,0,0,1,0,차대차 - 측면직각충돌,교차로운행방법위반,건조,맑음,교차로 - 교차로부근,승용,남,22세,상해없음,승용,남,59세,경상
2014092100100060,2014년 9월 21일 03시,일요일,부산광역시 동래구 수안동,중상사고,0,1,2,0,차대차 - 추돌 - 주정차중,안전거리미확보,건조,맑음,단일로 - 기타,승용,남,22세,상해없음,승용,남,48세,중상
2014092100100061,2014년 9월 21일 03시,일요일,부산광역시 연제구 거제동,중상사고,0,1,0,0,차대차 - 측면직각충돌,신호위반,건조,맑음,교차로 - 교차로안,승용,남,54세,상해없음,승용,남,66세,중상
2014092100100072,2014년 9월 21일 04시,일요일,부산광역시 남구 대연동,중상사고,0,1,0,0,차량단독 - 기타,안전운전불이행,건조,맑음,단일로 - 기타,이륜,남,40세,중상,,,,
2014092100100108,2014년 9월 21일 07시,일요일,부산광역시 해운대구 재송동,중상사고,0,2,0,0,차대차 - 기타,안전운전불이행,건조,맑음,교차로 - 교차로안,원동기,남,53세,중상,승용,남,42세,상해없음
2014092100100122,2014년 9월 21일 08시,일요일,부산광역시 서구 남부민동,부상신고사고,0,0,0,1,차량단독 - 기타,기타,건조,맑음,단일로 - 횡단보도부근,승합,남,61세,상해없음,,,,
2014092100100123,2014년 9월 21일 08시,일요일,부산광역시 사하구 다대동,중상사고,0,1,0,0,차대사람 - 기타,안전운전불이행,건조,맑음,단일로 - 횡단보도상,승합,남,43세,상해없음,보행자,여,48세,중상
2014092100100124,2014년 9월 21일 08시,일요일,부산광역시 수영구 수영동,중상사고,0,1,0,0,차대사람 - 기타,안전운전불이행,건조,맑음,교차로 - 교차로부근,승용,남,31세,상해없음,보행자,남,49세,중상
2014092100100126,2014년 9월 21일 08시,일요일,부산광역시 기장군 일광면,경상사고,0,0,1,0,차대차 - 기타,안전운전불이행,건조,맑음,단일로 - 기타,승용,여,46세,상해없음,원동기,남,75세,경상
2014092100100143,2014년 9월 21일 09시,일요일,부산광역시 동래구 온천동,경상사고,0,0,1,0,차대차 - 측면직각충돌,안전거리미확보,건조,맑음,단일로 - 기타,화물,남,49세,상해없음,승용,여,46세,경상
2014092100100145,2014년 9월 21일 09시,일요일,부산광역시 기장군 철마면,중상사고,0,1,0,0,차대사람 - 기타,안전운전불이행,건조,맑음,단일로 - 기타,승용,남,30세,상해없음,보행자,남,53세,중상
2014092100100205,2014년 9월 21일 12시,일요일,부산광역시 사하구 신평동,부상신고사고,0,0,0,2,차대차 - 추돌 - 진행중,안전거리미확보,건조,맑음,단일로 - 기타,승용,남,51세,상해없음,승용,남,48세,부상신고
2014092100100225,2014년 9월 21일 13시,일요일,부산광역시 북구 만덕동,중상사고,0,1,4,0,차대차 - 추돌 - 주정차중,안전운전불이행,건조,맑음,단일로 - 기타,승용,남,62세,상해없음,승용,남,27세,경상
2014092100100226,2014년 9월 21일 13시,일요일,부산광역시 동래구 복천동,중상사고,0,1,0,0,차대사람 - 횡단중,안전운전불이행,건조,맑음,단일로 - 기타,승용,여,47세,상해없음,보행자,남,12세,중상
2014092100100227,2014년 9월 21일 13시,일요일,부산광역시 동래구 낙민동,중상사고,0,1,0,0,차대차 - 측면직각충돌,신호위반,건조,맑음,교차로 - 교차로안,승용,남,72세,상해없음,승용,남,39세,중상
2014092100100228,2014년 9월 21일 13시,일요일,부산광역시 금정구 금사동,경상사고,0,0,1,0,차대사람 - 기타,안전운전불이행,건조,맑음,단일로 - 기타,기타불명,기타불명,기타불명,기타불명,보행자,남,18세,경상
2014092100100258,2014년 9월 21일 14시,일요일,부산광역시 동래구 사직동,경상사고,0,0,1,0,차대차 - 추돌 - 주정차중,안전운전불이행,건조,맑음,단일로 - 기타,승용,남,49세,상해없음,승용,남,27세,상해없음
2014092100100259,2014년 9월 21일 14시,일요일,부산광역시 해운대구 재송동,경상사고,0,0,3,0,차대차 - 추돌 - 주정차중,안전거리미확보,건조,맑음,교차로 - 교차로부근,승용,여,35세,경상,승용,남,31세,상해없음
2014092100100260,2014년 9월 21일 14시,일요일,부산광역시 사하구 감천동,중상사고,0,1,0,0,차대차 - 기타,안전운전불이행,건조,맑음,단일로 - 기타,승합,남,48세,상해없음,승용,남,69세,중상
2014092100100301,2014년 9월 21일 15시,일요일,부산광역시 부산진구 부암동,경상사고,0,0,1,0,차대차 - 측면직각충돌,안전운전불이행,건조,맑음,교차로 - 교차로안,승용,기타불명,기타불명,기타불명,승용,여,37세,경상
2014092100100364,2014년 9월 21일 17시,일요일,부산광역시 사하구 괴정동,경상사고,0,0,1,0,차대사람 - 기타,안전운전불이행,건조,맑음,단일로 - 기타,승용,남,49세,상해없음,보행자,남,15세,경상
2014092100100420,2014년 9월 21일 19시,일요일,부산광역시 남구 대연동,중상사고,0,1,0,0,차대차 - 측면직각충돌,교차로운행방법위반,건조,맑음,교차로 - 교차로안,승용,남,65세,상해없음,원동기,남,22세,중상
2014092100100422,2014년 9월 21일 19시,일요일,부산광역시 사하구 다대동,부상신고사고,0,0,0,1,차대차 - 기타,안전운전불이행,건조,맑음,단일로 - 기타,이륜,남,17세,부상신고,승용,여,39세,상해없음
2014092100100423,2014년 9월 21일 19시,일요일,부산광역시 연제구 연산동,중상사고,0,1,0,0,차대차 - 측면직각충돌,안전운전불이행,건조,맑음,교차로 - 교차로안,이륜,남,19세,상해없음,자전거,여,20세,중상
2014092100100504,2014년 9월 21일 21시,일요일,부산광역시 사하구 감천동,부상신고사고,0,0,0,1,차대차 - 기타,안전운전불이행,건조,맑음,단일로 - 기타,이륜,남,17세,상해없음,승용,남,38세,부상신고
2014092100100533,2014년 9월 21일 22시,일요일,부산광역시 동래구 명장동,중상사고,0,2,0,0,차대차 - 측면직각충돌,직진우회전진행방해,건조,맑음,교차로 - 교차로안,승합,남,49세,상해없음,원동기,여,22세,중상
2014092100100555,2014년 9월 21일 23시,일요일,부산광역시 부산진구 부전동,경상사고,0,0,3,0,차대차 - 기타,안전운전불이행,건조,맑음,단일로 - 기타,승용,남,38세,상해없음,승합,남,25세,상해없음
2014092100100556,2014년 9월 21일 23시,일요일,부산광역시 사하구 당리동,부상신고사고,0,0,0,1,차대차 - 기타,안전운전불이행,건조,맑음,단일로 - 기타,이륜,남,20세,부상신고,승용,남,62세,상해없음
2014092200100005,2014년 9월 22일 00시,월요일,부산광역시 강서구 신호동,중상사고,0,1,0,0,차대사람 - 횡단중,신호위반,건조,맑음,단일로 - 횡단보도상,화물,남,49세,상해없음,보행자,남,27세,중상
2014092200100018,2014년 9월 22일 03시,월요일,부산광역시 동래구 온천동,중상사고,0,1,1,0,차대차 - 추돌 - 주정차중,안전운전불이행,건조,맑음,교차로 - 교차로부근,원동기,남,19세,상해없음,승용,남,50세,상해없음
2014092200100023,2014년 9월 22일 04시,월요일,부산광역시 금정구 부곡동,경상사고,0,0,1,0,차대차 - 측면직각충돌,안전운전불이행,건조,맑음,단일로 - 기타,기타불명,기타불명,기타불명,기타불명,화물,남,69세,경상
2014092200100030,2014년 9월 22일 05시,월요일,부산광역시 남구 용호동,사망사고,1,0,0,0,차대사람 - 횡단중,신호위반,건조,맑음,단일로 - 횡단보도상,건설기계,남,45세,상해없음,보행자,남,68세,사망
2014092200100061,2014년 9월 22일 07시,월요일,부산광역시 사하구 다대동,경상사고,0,0,3,0,차대차 - 기타,중앙선침범,건조,맑음,단일로 - 기타,승용,남,48세,상해없음,화물,남,49세,경상
2014092200100096,2014년 9월 22일 08시,월요일,부산광역시 서구 남부민동,경상사고,0,0,1,0,차대차 - 추돌 - 진행중,안전운전불이행,건조,맑음,단일로 - 기타,화물,남,54세,상해없음,원동기,여,19세,경상
2014092200100097,2014년 9월 22일 08시,월요일,부산광역시 북구 덕천동,중상사고,0,2,2,0,차대차 - 측면직각충돌,중앙선침범,건조,맑음,단일로 - 기타,승용,남,54세,상해없음,승합,남,52세,상해없음
2014092200100098,2014년 9월 22일 08시,월요일,부산광역시 연제구 거제동,경상사고,0,0,1,0,차대차 - 기타,안전운전불이행,건조,맑음,교차로 - 교차로안,특수,남,22세,상해없음,원동기,남,28세,경상
2014092200100099,2014년 9월 22일 08시,월요일,부산광역시 사상구 감전동,경상사고,0,0,2,0,차대차 - 측면직각충돌,신호위반,건조,맑음,교차로 - 교차로안,자전거,여,26세,경상,승용,남,71세,상해없음
2014092200100206,2014년 9월 22일 11시,월요일,부산광역시 사하구 구평동,경상사고,0,0,1,0,차대차 - 측면직각충돌,안전거리미확보,건조,맑음,단일로 - 기타,승용,남,58세,상해없음,특수,남,42세,경상
2014092200100239,2014년 9월 22일 12시,월요일,부산광역시 동구 초량동,중상사고,0,1,1,0,차대차 - 추돌 - 진행중,안전운전불이행,건조,맑음,단일로 - 기타,승용,여,31세,상해없음,화물,남,57세,중상
2014092200100271,2014년 9월 22일 13시,월요일,부산광역시 서구 남부민동,경상사고,0,0,1,0,차대차 - 기타,교차로운행방법위반,건조,맑음,교차로 - 교차로부근,화물,기타불명,기타불명,기타불명,원동기,남,22세,경상
2014092200100338,2014년 9월 22일 15시,월요일,부산광역시 남구 문현동,중상사고,0,1,0,0,차대사람 - 보도통행중,안전운전불이행,건조,맑음,단일로 - 기타,승용,여,33세,상해없음,보행자,여,34세,중상
2014092200100381,2014년 9월 22일 16시,월요일,부산광역시 연제구 연산동,경상사고,0,0,1,0,차대차 - 측면직각충돌,신호위반,건조,맑음,교차로 - 교차로안,승용,여,46세,상해없음,승용,여,52세,경상
2014092200100420,2014년 9월 22일 17시,월요일,부산광역시 북구 구포동,중상사고,0,1,0,0,차대사람 - 횡단중,안전운전불이행,건조,맑음,단일로 - 기타,건설기계,남,29세,상해없음,보행자,남,51세,중상
2014092200100421,2014년 9월 22일 17시,월요일,부산광역시 사하구 감천동,경상사고,0,0,1,0,차대차 - 측면직각충돌,중앙선침범,건조,맑음,단일로 - 기타,원동기,남,34세,경상,승용,여,54세,상해없음
2014092200100459,2014년 9월 22일 18시,월요일,부산광역시 북구 구포동,중상사고,0,1,0,0,차대사람 - 횡단중,안전운전불이행,건조,맑음,단일로 - 기타,승용,남,45세,상해없음,보행자,남,18세,중상
2014092200100460,2014년 9월 22일 18시,월요일,부산광역시 부산진구 전포동,경상사고,0,0,4,0,차대차 - 측면직각충돌,안전거리미확보,건조,맑음,단일로 - 기타,승용,여,65세,상해없음,화물,남,39세,경상
2014092200100554,2014년 9월 22일 20시,월요일,부산광역시 동래구 온천동,경상사고,0,0,1,0,차대사람 - 횡단중,안전운전불이행,건조,맑음,단일로 - 기타,승용,기타불명,기타불명,기타불명,보행자,남,14세,경상
2014092200100555,2014년 9월 22일 20시,월요일,부산광역시 해운대구 중동,경상사고,0,0,1,0,차대차 - 추돌 - 주정차중,안전운전불이행,건조,맑음,단일로 - 기타,원동기,남,31세,상해없음,승용,남,50세,경상
2014092200100604,2014년 9월 22일 22시,월요일,부산광역시 남구 대연동,경상사고,0,0,1,0,차대차 - 추돌 - 진행중,안전거리미확보,건조,맑음,단일로 - 기타,승용,남,26세,상해없음,승용,남,27세,경상
2014092200100633,2014년 9월 22일 23시,월요일,부산광역시 해운대구 송정동,경상사고,0,0,4,0,차대차 - 추돌 - 진행중,안전운전불이행,건조,맑음,단일로 - 기타,승용,남,38세,상해없음,승용,남,32세,경상
2014092200100634,2014년 9월 22일 23시,월요일,부산광역시 사하구 신평동,중상사고,0,1,0,0,차대차 - 측면직각충돌,중앙선침범,건조,맑음,단일로 - 기타,승용,남,23세,상해없음,원동기,남,32세,중상
2014092300100008,2014년 9월 23일 00시,화요일,부산광역시 수영구 민락동,중상사고,0,1,0,0,차대사람 - 횡단중,기타,건조,맑음,단일로 - 기타,승용,남,43세,상해없음,보행자,남,54세,중상
2014092300100032,2014년 9월 23일 01시,화요일,부산광역시 금정구 서동,경상사고,0,0,1,0,차대차 - 기타,안전운전불이행,건조,맑음,단일로 - 기타,승용,남,29세,상해없음,원동기,남,31세,경상
2014092300100033,2014년 9월 23일 01시,화요일,부산광역시 사상구 삼락동,사망사고,1,0,0,0,차량단독 - 기타,안전운전불이행,건조,맑음,단일로 - 기타,승용,남,37세,사망,,,,
2014092300100071,2014년 9월 23일 05시,화요일,부산광역시 사하구 장림동,중상사고,0,1,0,0,차대차 - 측면직각충돌,신호위반,건조,맑음,교차로 - 교차로안,화물,남,63세,상해없음,화물,남,60세,중상
2014092300100084,2014년 9월 23일 06시,화요일,부산광역시 강서구 명지동,경상사고,0,0,1,0,차대차 - 추돌 - 주정차중,안전운전불이행,건조,맑음,단일로 - 기타,승용,여,35세,기타불명,승용,남,34세,경상
2014092300100085,2014년 9월 23일 06시,화요일,부산광역시 기장군 기장읍,경상사고,0,0,1,0,차대차 - 추돌 - 주정차중,안전운전불이행,건조,맑음,단일로 - 기타,기타불명,기타불명,기타불명,기타불명,화물,남,30세,경상
2014092300100136,2014년 9월 23일 08시,화요일,부산광역시 서구 토성동5가,경상사고,0,0,1,0,차대차 - 측면직각충돌,교차로운행방법위반,기타,맑음,교차로 - 교차로안,이륜,남,35세,경상,승용,남,60세,상해없음
2014092300100137,2014년 9월 23일 08시,화요일,부산광역시 남구 용호동,경상사고,0,0,1,0,차량단독 - 기타,안전운전불이행,건조,맑음,단일로 - 기타,승합,남,52세,기타불명,,,,
2014092300100138,2014년 9월 23일 08시,화요일,부산광역시 동래구 낙민동,경상사고,0,0,1,0,차대차 - 추돌 - 주정차중,안전운전불이행,건조,맑음,미분류 - 미분류,승용,남,29세,상해없음,승용,여,36세,경상
2014092300100139,2014년 9월 23일 08시,화요일,부산광역시 해운대구 좌동,중상사고,0,1,0,0,차대차 - 기타,안전운전불이행,건조,맑음,교차로 - 교차로부근,승용,남,41세,상해없음,승합,남,40세,상해없음
2014092300100140,2014년 9월 23일 08시,화요일,부산광역시 사상구 학장동,중상사고,0,1,0,0,차대차 - 기타,신호위반,건조,맑음,단일로 - 횡단보도상,화물,남,43세,상해없음,자전거,여,43세,중상
2014092300100141,2014년 9월 23일 08시,화요일,부산광역시 기장군 정관면,중상사고,0,1,1,0,차대차 - 추돌 - 진행중,안전운전불이행,건조,맑음,교차로 - 교차로부근,승합,남,31세,상해없음,승용,여,36세,중상
2014092300100177,2014년 9월 23일 09시,화요일,부산광역시 금정구 부곡동,중상사고,0,1,0,0,차대차 - 측면직각충돌,안전운전불이행,건조,맑음,교차로 - 교차로안,건설기계,남,70세,상해없음,승용,남,30세,중상
2014092300100207,2014년 9월 23일 10시,화요일,부산광역시 서구 토성동1가,중상사고,0,1,0,0,차대사람 - 횡단중,보행자보호의무위반,건조,맑음,단일로 - 기타,이륜,남,18세,상해없음,보행자,여,24세,중상
2014092300100208,2014년 9월 23일 10시,화요일,부산광역시 북구 만덕동,경상사고,0,0,2,0,차대차 - 기타,안전운전불이행,건조,맑음,단일로 - 기타,승용,남,80세,상해없음,승용,남,40세,경상
2014092300100209,2014년 9월 23일 10시,화요일,부산광역시 해운대구 반여동,중상사고,0,1,0,0,차대차 - 기타,안전운전불이행,기타,맑음,단일로 - 기타,승합,남,41세,상해없음,자전거,남,76세,중상
2014092300100210,2014년 9월 23일 10시,화요일,부산광역시 금정구 부곡동,경상사고,0,0,1,0,차대차 - 기타,안전거리미확보,건조,맑음,단일로 - 기타,승합,남,68세,상해없음,승용,남,73세,상해없음
2014092300100241,2014년 9월 23일 11시,화요일,부산광역시 부산진구 가야동,중상사고,0,1,0,0,차대차 - 기타,안전운전불이행,건조,맑음,단일로 - 기타,승용,남,34세,상해없음,자전거,남,25세,중상
2014092300100262,2014년 9월 23일 12시,화요일,부산광역시 북구 덕천동,중상사고,0,1,1,0,차대차 - 추돌 - 주정차중,안전거리미확보,건조,맑음,교차로 - 교차로부근,승합,남,51세,상해없음,승용,남,53세,중상
2014092300100263,2014년 9월 23일 12시,화요일,부산광역시 해운대구 우동,중상사고,0,1,3,0,차대차 - 기타,안전운전불이행,기타,맑음,단일로 - 기타,승용,여,35세,상해없음,승용,여,53세,경상
2014092300100264,2014년 9월 23일 12시,화요일,부산광역시 금정구 남산동,경상사고,0,0,1,0,차대차 - 측면직각충돌,신호위반,건조,맑음,교차로 - 교차로안,승용,여,55세,상해없음,원동기,남,19세,경상
2014092300100297,2014년 9월 23일 13시,화요일,부산광역시 부산진구 부전동,경상사고,0,0,1,0,차대차 - 측면직각충돌,신호위반,건조,맑음,교차로 - 교차로안,승용,여,54세,상해없음,이륜,남,43세,경상
2014092300100298,2014년 9월 23일 13시,화요일,부산광역시 사하구 괴정동,중상사고,0,1,0,0,차대사람 - 기타,안전운전불이행,습기,흐림,단일로 - 기타,승용,여,56세,상해없음,보행자,여,75세,중상
2014092300100324,2014년 9월 23일 14시,화요일,부산광역시 해운대구 재송동,경상사고,0,0,1,0,차대차 - 기타,안전운전불이행,건조,맑음,단일로 - 횡단보도상,승용,남,61세,상해없음,자전거,남,40세,경상