사고번호,사고일시,요일,시군구,사고내용,사망자수,중상자수,경상자수,부상신고자수,사고유형,법규위반,노면상태,기상상태,도로형태,가해운전자 차종,가해운전자 성별,가해운전자 연령,가해운전자 상해정도,피해운전자 차종,피해운전자 성별,피해운전자 연령,피해운전자 상해정도
2014092300100366,2014년 9월 23일 15시,화요일,부산광역시 부산진구 당감동,중상사고,0,1,0,0,차대차 - 추돌 - 주정차중,안전운전불이행,건조,맑음,단일로 - 기타,이륜,남,18세,상해없음,승용,남,55세,상해없음
2014092300100398,2014년 9월 23일 16시,화요일,부산광역시 수영구 광안동,경상사고,0,0,1,0,차대차 - 기타,신호위반,건조,맑음,단일로 - 기타,승용,남,66세,상해없음,승용,남,34세,경상
2014092300100399,2014년 9월 23일 16시,화요일,부산광역시 금정구 장전동,경상사고,0,0,1,0,차대사람 - 기타,보행자보호의무위반,건조,맑음,교차로 - 교차로안,승용,여,32세,상해없음,보행자,남,91세,경상
2014092300100400,2014년 9월 23일 16시,화요일,부산광역시 강서구 대저1동,부상신고사고,0,0,0,1,차대사람 - 차도통행중,안전운전불이행,건조,맑음,단일로 - 횡단보도부근,승용,남,57세,상해없음,보행자,여,84세,부상신고
2014092300100434,2014년 9월 23일 17시,화요일,부산광역시 남구 감만동,부상신고사고,0,0,0,1,차대차 - 기타,신호위반,건조,맑음,교차로 - 교차로부근,자전거,남,69세,부상신고,승합,남,46세,상해없음
2014092300100435,2014년 9월 23일 17시,화요일,부산광역시 남구 문현동,경상사고,0,0,1,0,차대사람 - 횡단중,보행자보호의무위반,건조,맑음,단일로 - 기타,승용,남,32세,상해없음,보행자,남,8세,경상
2014092300100436,2014년 9월 23일 17시,화요일,부산광역시 남구 감만동,중상사고,0,1,0,0,차대사람 - 기타,신호위반,습기,흐림,교차로 - 교차로부근,승용,남,31세,상해없음,보행자,남,45세,중상
2014092300100437,2014년 9월 23일 17시,화요일,부산광역시 금정구 노포동,중상사고,0,1,0,0,차대차 - 정면충돌,기타,습기,비,교차로 - 교차로안,원동기,남,20세,중상,승합,남,35세,상해없음
2014092300100473,2014년 9월 23일 18시,화요일,부산광역시 북구 구포동,경상사고,0,0,1,0,차대차 - 추돌 - 주정차중,안전운전불이행,건조,흐림,교차로 - 교차로안,승용,남,59세,상해없음,승용,여,48세,경상
2014092300100474,2014년 9월 23일 18시,화요일,부산광역시 금정구 장전동,부상신고사고,0,0,0,1,차대차 - 측면직각충돌,안전운전불이행,건조,맑음,단일로 - 기타,자전거,남,12세,부상신고,승용,남,63세,상해없음
2014092300100475,2014년 9월 23일 18시,화요일,부산광역시 금정구 부곡동,중상사고,0,1,0,0,차대차 - 추돌 - 주정차중,안전거리미확보,습기,비,단일로 - 기타,승용,남,64세,상해없음,승용,여,32세,중상
2014092300100476,2014년 9월 23일 18시,화요일,부산광역시 금정구 장전동,경상사고,0,0,1,0,차대사람 - 횡단중,안전운전불이행,건조,맑음,단일로 - 기타,기타불명,기타불명,기타불명,기타불명,보행자,여,23세,경상
2014092300100531,2014년 9월 23일 19시,화요일,부산광역시 북구 금곡동,경상사고,0,0,1,0,차대차 - 추돌 - 진행중,안전운전불이행,건조,맑음,교차로 - 교차로부근,승용,남,63세,상해없음,승용,기타불명,기타불명,기타불명
2014092300100532,2014년 9월 23일 19시,화요일,부산광역시 해운대구 반여동,경상사고,0,0,1,0,차대차 - 기타,안전운전불이행,기타,맑음,단일로 - 기타,승용,남,22세,상해없음,이륜,남,23세,경상
2014092300100583,2014년 9월 23일 20시,화요일,부산광역시 동래구 온천동,경상사고,0,0,1,0,차대차 - 측면직각충돌,교차로운행방법위반,건조,맑음,교차로 - 교차로안,승합,남,48세,상해없음,승용,남,48세,경상
2014092300100624,2014년 9월 23일 21시,화요일,부산광역시 연제구 연산동,경상사고,0,0,3,0,차대차 - 추돌 - 주정차중,안전운전불이행,습기,비,단일로 - 기타,승용,남,49세,상해없음,승용,남,48세,경상
2014092300100683,2014년 9월 23일 22시,화요일,부산광역시 수영구 민락동,중상사고,0,1,0,0,차대사람 - 횡단중,중앙선침범,습기,비,단일로 - 기타,승용,남,41세,상해없음,보행자,남,73세,중상
2014092300100684,2014년 9월 23일 22시,화요일,부산광역시 동래구 안락동,중상사고,0,1,0,0,차대사람 - 기타,안전운전불이행,습기,비,교차로 - 교차로안,승용,남,39세,상해없음,보행자,여,57세,중상
2014092300100685,2014년 9월 23일 22시,화요일,부산광역시 부산진구 양정동,경상사고,0,0,1,0,차대차 - 기타,안전운전불이행,습기,비,단일로 - 기타,승용,남,50세,상해없음,승용,남,25세,상해없음
2014092300100686,2014년 9월 23일 22시,화요일,부산광역시 사하구 다대동,중상사고,0,1,0,0,차대차 - 측면직각충돌,안전운전불이행,건조,맑음,단일로 - 기타,승용,남,46세,상해없음,이륜,남,63세,중상
2014092300100687,2014년 9월 23일 22시,화요일,부산광역시 연제구 연산동,경상사고,0,0,2,0,차대차 - 측면직각충돌,신호위반,습기,비,교차로 - 교차로안,승용,여,43세,상해없음,승용,남,49세,경상
2014092300100732,2014년 9월 23일 23시,화요일,부산광역시 해운대구 우동,경상사고,0,0,2,0,차대차 - 측면직각충돌,교차로운행방법위반,습기,비,단일로 - 기타,승용,남,29세,상해없음,승용,남,56세,경상
2014092300100733,2014년 9월 23일 23시,화요일,부산광역시 부산진구 부암동,중상사고,0,1,0,0,차대차 - 기타,신호위반,습기,비,단일로 - 기타,화물,남,48세,상해없음,이륜,남,21세,중상
2014092300100734,2014년 9월 23일 23시,화요일,부산광역시 사하구 괴정동,중상사고,0,1,0,0,차대사람 - 길가장자리구역통행중,안전운전불이행,습기,비,교차로 - 교차로안,승용,남,53세,상해없음,보행자,남,74세,중상
2014092400100036,2014년 9월 24일 01시,수요일,부산광역시 해운대구 좌동,부상신고사고,0,0,0,1,차량단독 - 전도전복,안전운전불이행,습기,비,단일로 - 기타,승용,남,60세,상해없음,,,,
2014092400100037,2014년 9월 24일 01시,수요일,부산광역시 부산진구 전포동,부상신고사고,0,0,0,1,차대차 - 측면직각충돌,안전운전불이행,건조,흐림,단일로 - 기타,승용,남,58세,상해없음,승용,남,60세,부상신고
2014092400100038,2014년 9월 24일 01시,수요일,부산광역시 금정구 부곡동,경상사고,0,0,1,0,차대사람 - 기타,안전운전불이행,습기,비,단일로 - 기타,화물,남,49세,상해없음,보행자,남,26세,경상
2014092400100059,2014년 9월 24일 02시,수요일,부산광역시 중구 남포동1가,사망사고,1,0,0,0,차대사람 - 횡단중,안전운전불이행,습기,비,단일로 - 기타,승용,남,49세,상해없음,보행자,여,49세,사망
2014092400100060,2014년 9월 24일 02시,수요일,부산광역시 금정구 구서동,경상사고,0,0,1,0,차대차 - 추돌 - 진행중,차로위반,건조,맑음,단일로 - 기타,승용,남,50세,상해없음,승용,남,44세,경상
2014092400100061,2014년 9월 24일 02시,수요일,부산광역시 수영구 망미동,경상사고,0,0,1,0,차대차 - 기타,교차로운행방법위반,습기,흐림,교차로 - 교차로안,승용,남,57세,상해없음,승용,남,57세,상해없음
2014092400100073,2014년 9월 24일 03시,수요일,부산광역시 동구 범일동,경상사고,0,0,2,0,차대차 - 추돌 - 진행중,안전운전불이행,습기,비,단일로 - 기타,승용,남,54세,상해없음,승용,남,58세,경상
2014092400100074,2014년 9월 24일 03시,수요일,부산광역시 남구 용호동,중상사고,0,1,0,0,차량단독 - 공작물충돌,안전운전불이행,습기,비,단일로 - 기타,승용,남,41세,상해없음,,,,
2014092400100099,2014년 9월 24일 05시,수요일,부산광역시 남구 우암동,중상사고,0,1,0,0,차대사람 - 기타,신호위반,습기,비,단일로 - 횡단보도상,화물,남,80세,상해없음,보행자,여,80세,중상
2014092400100100,2014년 9월 24일 05시,수요일,부산광역시 남구 대연동,중상사고,0,1,0,0,차대사람 - 기타,안전운전불이행,습기,비,단일로 - 기타,화물,남,50세,상해없음,보행자,여,59세,중상
2014092400100101,2014년 9월 24일 05시,수요일,부산광역시 동래구 명륜동,경상사고,0,0,1,0,차대사람 - 차도통행중,안전운전불이행,습기,비,교차로 - 교차로안,승용,기타불명,14세,기타불명,보행자,남,53세,경상
2014092400100102,2014년 9월 24일 05시,수요일,부산광역시 사하구 하단동,중상사고,0,1,0,0,차대사람 - 기타,안전운전불이행,습기,비,단일로 - 기타,승용,남,47세,상해없음,보행자,여,61세,중상
2014092400100103,2014년 9월 24일 05시,수요일,부산광역시 사상구 학장동,중상사고,0,1,0,0,차대차 - 추돌 - 진행중,안전운전불이행,습기,비,단일로 - 기타,승용,남,47세,중상,승합,남,52세,기타불명
2014092400100117,2014년 9월 24일 06시,수요일,부산광역시 연제구 연산동,경상사고,0,0,1,0,차대차 - 측면직각충돌,교차로운행방법위반,습기,비,교차로 - 교차로안,승용,남,59세,상해없음,승용,여,49세,경상
2014092400100210,2014년 9월 24일 09시,수요일,부산광역시 수영구 광안동,경상사고,0,0,1,0,차대사람 - 기타,중앙선침범,습기,비,단일로 - 기타,승용,여,56세,기타불명,보행자,남,38세,경상
2014092400100211,2014년 9월 24일 09시,수요일,부산광역시 해운대구 좌동,부상신고사고,0,0,0,1,차대차 - 기타,안전운전불이행,습기,비,교차로 - 교차로안,원동기,남,25세,부상신고,승용,남,48세,상해없음
2014092400100212,2014년 9월 24일 09시,수요일,부산광역시 부산진구 부암동,중상사고,0,1,0,0,차대사람 - 기타,기타,습기,비,기타 - 기타,원동기,남,61세,상해없음,보행자,여,69세,중상
2014092400100213,2014년 9월 24일 09시,수요일,부산광역시 부산진구 부전동,중상사고,0,1,1,0,차대차 - 기타,안전운전불이행,습기,비,단일로 - 기타,화물,남,61세,상해없음,승합,남,42세,상해없음
2014092400100274,2014년 9월 24일 11시,수요일,부산광역시 수영구 수영동,경상사고,0,0,1,0,차량단독 - 기타,안전운전불이행,건조,맑음,단일로 - 기타,승합,남,53세,상해없음,,,,
2014092400100304,2014년 9월 24일 12시,수요일,부산광역시 부산진구 부암동,부상신고사고,0,0,0,1,차대차 - 측면직각충돌,차로위반,습기,비,단일로 - 기타,원동기,남,57세,부상신고,화물,남,65세,상해없음
2014092400100338,2014년 9월 24일 13시,수요일,부산광역시 동구 범일동,경상사고,0,0,1,0,차대차 - 측면직각충돌,안전운전불이행,습기,비,단일로 - 기타,승용,남,67세,상해없음,승합,남,42세,경상
2014092400100339,2014년 9월 24일 13시,수요일,부산광역시 서구 초장동,중상사고,0,1,0,0,차대차 - 측면직각충돌,교차로운행방법위반,습기,흐림,교차로 - 교차로안,승용,남,64세,상해없음,승용,여,46세,중상
2014092400100340,2014년 9월 24일 13시,수요일,부산광역시 부산진구 개금동,중상사고,0,1,2,0,차대차 - 추돌 - 진행중,안전거리미확보,습기,비,미분류 - 미분류,화물,남,56세,상해없음,화물,남,39세,경상
2014092400100377,2014년 9월 24일 14시,수요일,부산광역시 영도구 남항동1가,경상사고,0,0,2,0,차대차 - 추돌 - 진행중,안전운전불이행,습기,비,미분류 - 미분류,화물,남,74세,상해없음,승용,남,73세,경상
2014092400100378,2014년 9월 24일 14시,수요일,부산광역시 영도구 남항동1가,중상사고,0,1,0,0,차대사람 - 횡단중,안전운전불이행,건조,맑음,단일로 - 기타,승합,남,67세,상해없음,보행자,남,78세,중상
2014092400100379,2014년 9월 24일 14시,수요일,부산광역시 금정구 남산동,중상사고,0,1,2,0,차대차 - 측면직각충돌,직진우회전진행방해,습기,비,교차로 - 교차로안,승용,여,36세,상해없음,화물,남,62세,경상
2014092400100380,2014년 9월 24일 14시,수요일,부산광역시 사하구 괴정동,중상사고,0,1,1,0,차대차 - 기타,중앙선침범,건조,맑음,단일로 - 기타,화물,남,45세,상해없음,승용,여,41세,경상
2014092400100381,2014년 9월 24일 14시,수요일,부산광역시 사하구 하단동,경상사고,0,0,1,0,차대사람 - 기타,안전운전불이행,습기,비,단일로 - 횡단보도상,승용,여,35세,상해없음,보행자,여,52세,경상
2014092400100411,2014년 9월 24일 15시,수요일,부산광역시 수영구 광안동,중상사고,0,3,2,0,차대차 - 추돌 - 진행중,안전운전불이행,습기,비,단일로 - 기타,승용,남,42세,상해없음,승용,남,24세,중상
2014092400100412,2014년 9월 24일 15시,수요일,부산광역시 북구 구포동,중상사고,0,1,0,0,차대차 - 추돌 - 진행중,안전거리미확보,습기,비,단일로 - 기타,승용,남,51세,상해없음,승용,여,45세,중상
2014092400100456,2014년 9월 24일 16시,수요일,부산광역시 금정구 부곡동,부상신고사고,0,0,0,1,차대사람 - 횡단중,교차로운행방법위반,습기,비,교차로 - 교차로부근,승용,남,63세,상해없음,보행자,여,11세,부상신고
2014092400100457,2014년 9월 24일 16시,수요일,부산광역시 사하구 괴정동,경상사고,0,0,1,0,차대차 - 측면직각충돌,신호위반,습기,비,교차로 - 교차로부근,원동기,남,23세,경상,승용,여,33세,상해없음
2014092400100486,2014년 9월 24일 17시,수요일,부산광역시 남구 대연동,중상사고,0,1,1,0,차대차 - 기타,교차로운행방법위반,건조,맑음,교차로 - 교차로안,승용,남,43세,경상,승용,여,38세,중상
2014092400100487,2014년 9월 24일 17시,수요일,부산광역시 부산진구 가야동,경상사고,0,0,1,0,차대차 - 기타,안전운전불이행,건조,맑음,교차로 - 교차로부근,승용,여,40세,상해없음,승용,여,62세,경상
2014092400100515,2014년 9월 24일 18시,수요일,부산광역시 해운대구 우동,경상사고,0,0,1,0,차대차 - 측면직각충돌,안전운전불이행,건조,맑음,단일로 - 기타,승용,남,34세,상해없음,이륜,남,34세,경상
2014092400100558,2014년 9월 24일 19시,수요일,부산광역시 남구 감만동,중상사고,0,1,0,0,차대사람 - 기타,보행자보호의무위반,습기,비,교차로 - 교차로부근,승용,여,51세,상해없음,보행자,여,49세,중상
2014092400100559,2014년 9월 24일 19시,수요일,부산광역시 부산진구 전포동,경상사고,0,0,1,0,차대차 - 추돌 - 진행중,안전거리미확보,습기,비,단일로 - 기타,승용,남,42세,상해없음,승용,남,49세,경상
2014092400100615,2014년 9월 24일 20시,수요일,부산광역시 해운대구 좌동,경상사고,0,0,1,0,차대차 - 기타,안전운전불이행,습기,흐림,교차로 - 교차로부근,승용,남,28세,상해없음,이륜,남,35세,경상
2014092400100616,2014년 9월 24일 20시,수요일,부산광역시 부산진구 전포동,중상사고,0,1,0,0,차대차 - 기타,신호위반,건조,맑음,교차로 - 교차로안,승용,남,56세,상해없음,승용,남,54세,상해없음
2014092400100652,2014년 9월 24일 21시,수요일,부산광역시 사상구 감전동,경상사고,0,0,1,1,차대차 - 기타,안전거리미확보,습기,비,단일로 - 기타,승용,남,50세,부상신고,승용,남,53세,경상
2014092400100687,2014년 9월 24일 22시,수요일,부산광역시 남구 문현동,중상사고,0,1,0,0,차대사람 - 기타,안전운전불이행,건조,맑음,단일로 - 기타,승용,남,61세,상해없음,보행자,여,41세,중상
2014092400100688,2014년 9월 24일 22시,수요일,부산광역시 금정구 장전동,경상사고,0,0,1,0,차대사람 - 차도통행중,안전운전불이행,건조,맑음,교차로 - 교차로부근,승용,여,29세,상해없음,보행자,남,22세,경상
2014092400100719,2014년 9월 24일 23시,수요일,부산광역시 중구 중앙동4가,부상신고사고,0,0,0,1,차대사람 - 횡단중,안전운전불이행,습기,흐림,단일로 - 기타,승용,여,28세,상해없음,보행자,남,43세,부상신고
2014092500100005,2014년 9월 25일 00시,목요일,부산광역시 수영구 광안동,부상신고사고,0,0,0,1,차대차 - 기타,안전운전불이행,건조,흐림,교차로 - 교차로부근,승용,남,27세,상해없음,승용,남,22세,부상신고
2014092500100031,2014년 9월 25일 02시,목요일,부산광역시 사하구 다대동,부상신고사고,0,0,0,1,차량단독 - 기타,안전운전불이행,건조,맑음,단일로 - 기타,원동기,남,36세,부상신고,,,,
2014092500100064,2014년 9월 25일 06시,목요일,부산광역시 동래구 명륜동,중상사고,0,1,0,0,차대사람 - 차도통행중,안전운전불이행,건조,맑음,단일로 - 기타,승용,남,51세,상해없음,보행자,여,18세,중상
2014092500100079,2014년 9월 25일 07시,목요일,부산광역시 영도구 봉래동1가,중상사고,0,1,0,0,차대차 - 기타,안전운전불이행,건조,맑음,교차로 - 교차로안,승용,남,43세,상해없음,승용,여,48세,중상
2014092500100080,2014년 9월 25일 07시,목요일,부산광역시 금정구 오륜동,경상사고,0,0,1,0,차대차 - 추돌 - 진행중,안전운전불이행,건조,맑음,단일로 - 기타,기타불명,기타불명,기타불명,기타불명,승용,남,25세,경상
2014092500100111,2014년 9월 25일 08시,목요일,부산광역시 부산진구 부전동,경상사고,0,0,1,0,차대사람 - 길가장자리구역통행중,안전운전불이행,건조,맑음,단일로 - 기타,승용,여,33세,상해없음,보행자,남,62세,경상
2014092500100112,2014년 9월 25일 08시,목요일,부산광역시 부산진구 연지동,중상사고,0,1,0,0,차대차 - 추돌 - 주정차중,안전거리미확보,건조,맑음,단일로 - 기타,승용,여,52세,상해없음,승용,여,42세,중상
2014092500100113,2014년 9월 25일 08시,목요일,부산광역시 금정구 구서동,경상사고,0,0,1,0,차대사람 - 기타,안전운전불이행,건조,맑음,단일로 - 기타,승합,남,40세,상해없음,보행자,여,44세,경상
2014092500100192,2014년 9월 25일 10시,목요일,부산광역시 기장군 기장읍,부상신고사고,0,0,0,1,차대사람 - 기타,안전운전불이행,건조,맑음,교차로 - 교차로부근,기타불명,기타불명,기타불명,기타불명,보행자,남,29세,부상신고
2014092500100234,2014년 9월 25일 11시,목요일,부산광역시 남구 우암동,경상사고,0,0,1,0,차대차 - 측면직각충돌,중앙선침범,건조,맑음,단일로 - 기타,자전거,남,71세,경상,승용,남,59세,상해없음
2014092500100235,2014년 9월 25일 11시,목요일,부산광역시 사하구 괴정동,경상사고,0,0,1,0,차대차 - 기타,교차로운행방법위반,건조,맑음,교차로 - 교차로안,승용,남,62세,상해없음,이륜,남,75세,경상
2014092500100236,2014년 9월 25일 11시,목요일,부산광역시 연제구 연산동,중상사고,0,1,0,0,차대차 - 기타,안전운전불이행,건조,맑음,단일로 - 기타,이륜,남,44세,중상,승용,여,44세,상해없음
2014092500100259,2014년 9월 25일 12시,목요일,부산광역시 해운대구 반여동,중상사고,0,1,0,0,차대사람 - 횡단중,보행자보호의무위반,건조,맑음,단일로 - 횡단보도상,화물,남,68세,상해없음,보행자,여,79세,중상
2014092500100260,2014년 9월 25일 12시,목요일,부산광역시 금정구 구서동,경상사고,0,0,3,0,차대차 - 측면직각충돌,신호위반,건조,맑음,교차로 - 교차로안,원동기,남,26세,경상,승용,남,57세,경상
2014092500100285,2014년 9월 25일 13시,목요일,부산광역시 동구 수정동,중상사고,0,1,0,0,차대사람 - 기타,안전운전불이행,건조,맑음,교차로 - 교차로안,승용,남,73세,상해없음,보행자,남,60세,중상
2014092500100313,2014년 9월 25일 14시,목요일,부산광역시 남구 문현동,중상사고,0,1,0,0,차대사람 - 횡단중,교차로운행방법위반,건조,맑음,교차로 - 교차로안,화물,남,39세,상해없음,보행자,여,76세,중상
2014092500100349,2014년 9월 25일 15시,목요일,부산광역시 중구 남포동5가,중상사고,0,1,0,0,차대차 - 측면직각충돌,교차로운행방법위반,건조,맑음,교차로 - 교차로안,승용,남,65세,상해없음,자전거,남,21세,중상
2014092500100350,2014년 9월 25일 15시,목요일,부산광역시 사하구 신평동,중상사고,0,1,0,0,차대사람 - 횡단중,기타,건조,맑음,단일로 - 기타,승용,남,70세,상해없음,보행자,여,9세,중상
2014092500100351,2014년 9월 25일 15시,목요일,부산광역시 연제구 연산동,중상사고,0,1,0,1,차대차 - 기타,안전거리미확보,건조,맑음,단일로 - 기타,승용,여,45세,상해없음,특수,남,47세,중상
2014092500100414,2014년 9월 25일 17시,목요일,부산광역시 동래구 온천동,경상사고,0,0,1,0,차대차 - 기타,안전거리미확보,건조,맑음,교차로 - 교차로부근,승용,여,24세,기타불명,승용,남,33세,상해없음
2014092500100456,2014년 9월 25일 18시,목요일,부산광역시 남구 대연동,부상신고사고,0,0,0,1,차대차 - 기타,신호위반,건조,맑음,교차로 - 교차로안,이륜,남,70세,부상신고,승용,여,49세,상해없음
2014092500100496,2014년 9월 25일 19시,목요일,부산광역시 북구 구포동,경상사고,0,0,1,0,차대차 - 추돌 - 주정차중,안전거리미확보,건조,맑음,단일로 - 기타,승용,기타불명,기타불명,기타불명,승용,여,53세,경상
2014092500100497,2014년 9월 25일 19시,목요일,부산광역시 금정구 장전동,중상사고,0,1,0,0,차대차 - 기타,안전운전불이행,건조,맑음,단일로 - 기타,승용,남,25세,상해없음,이륜,남,24세,중상
2014092500100534,2014년 9월 25일 20시,목요일,부산광역시 남구 용호동,경상사고,0,0,1,2,차대차 - 기타,안전거리미확보,건조,맑음,교차로 - 교차로부근,승용,남,40세,상해없음,승용,남,53세,부상신고
2014092500100535,2014년 9월 25일 20시,목요일,부산광역시 사하구 하단동,중상사고,0,1,0,0,차대차 - 기타,중앙선침범,건조,맑음,단일로 - 기타,승용,남,26세,상해없음,이륜,남,26세,중상
2014092500100561,2014년 9월 25일 21시,목요일,부산광역시 영도구 청학동,중상사고,0,2,0,0,차대차 - 기타,신호위반,건조,맑음,단일로 - 기타,승용,남,31세,상해없음,이륜,남,61세,중상
2014092500100562,2014년 9월 25일 21시,목요일,부산광역시 금정구 장전동,중상사고,0,1,0,0,차대사람 - 기타,안전운전불이행,건조,맑음,단일로 - 기타,승용,남,29세,상해없음,보행자,여,58세,중상
2014092500100602,2014년 9월 25일 22시,목요일,부산광역시 수영구 광안동,중상사고,0,1,0,0,차대차 - 기타,안전운전불이행,건조,맑음,단일로 - 기타,승용,남,21세,상해없음,자전거,남,18세,중상
2014092500100603,2014년 9월 25일 22시,목요일,부산광역시 사상구 주례동,경상사고,0,0,1,0,차대차 - 측면직각충돌,안전거리미확보,건조,맑음,단일로 - 기타,승용,남,60세,상해없음,이륜,남,37세,경상
2014092500100633,2014년 9월 25일 23시,목요일,부산광역시 부산진구 범천동,중상사고,0,1,0,0,차대사람 - 기타,안전운전불이행,건조,맑음,단일로 - 교량,승용,남,65세,상해없음,보행자,남,51세,중상
2014092600100027,2014년 9월 26일 01시,금요일,부산광역시 사하구 장림동,중상사고,0,1,0,0,차량단독 - 기타,안전운전불이행,건조,맑음,단일로 - 기타,승용,남,51세,상해없음,,,,
2014092600100046,2014년 9월 26일 02시,금요일,부산광역시 수영구 망미동,경상사고,0,0,1,0,차대차 - 추돌 - 진행중,안전거리미확보,건조,맑음,교차로 - 교차로부근,승용,남,60세,상해없음,승용,남,33세,상해없음
2014092600100057,2014년 9월 26일 03시,금요일,부산광역시 동래구 온천동,경상사고,0,0,1,0,차대차 - 측면직각충돌,안전운전불이행,건조,맑음,단일로 - 기타,건설기계,기타불명,기타불명,기타불명,승용,남,50세,상해없음
2014092600100058,2014년 9월 26일 03시,금요일,부산광역시 해운대구 우동,부상신고사고,0,0,0,1,차대차 - 정면충돌,중앙선침범,건조,맑음,단일로 - 기타,승용,남,24세,상해없음,원동기,남,66세,부상신고
2014092600100097,2014년 9월 26일 07시,금요일,부산광역시 연제구 거제동,중상사고,0,1,0,0,차대차 - 측면직각충돌,기타,건조,맑음,단일로 - 기타,승용,남,36세,상해없음,자전거,남,17세,중상
2014092600100131,2014년 9월 26일 08시,금요일,부산광역시 해운대구 재송동,경상사고,0,0,1,0,차대차 - 추돌 - 주정차중,안전거리미확보,건조,맑음,단일로 - 기타,승용,남,33세,상해없음,승용,남,34세,경상
2014092600100132,2014년 9월 26일 08시,금요일,부산광역시 사상구 괘법동,중상사고,0,1,0,0,차대차 - 측면직각충돌,신호위반,건조,맑음,단일로 - 기타,승용,남,63세,상해없음,이륜,남,45세,중상
2014092600100176,2014년 9월 26일 09시,금요일,부산광역시 부산진구 부전동,경상사고,0,0,2,0,차대차 - 측면직각충돌,안전거리미확보,건조,맑음,단일로 - 기타,승용,여,69세,경상,화물,남,34세,상해없음
2014092600100177,2014년 9월 26일 09시,금요일,부산광역시 강서구 대저2동,경상사고,0,0,1,0,차대차 - 측면직각충돌,교차로운행방법위반,건조,맑음,교차로 - 교차로안,화물,남,72세,상해없음,자전거,여,72세,경상
2014092600100209,2014년 9월 26일 10시,금요일,부산광역시 남구 대연동,경상사고,0,0,1,0,차대차 - 기타,안전운전불이행,건조,맑음,단일로 - 기타,승용,남,57세,상해없음,자전거,남,56세,경상
2014092600100210,2014년 9월 26일 10시,금요일,부산광역시 영도구 대교동1가,중상사고,0,1,0,0,차대차 - 기타,안전운전불이행,건조,맑음,단일로 - 터널,화물,남,46세,상해없음,원동기,남,32세,중상
2014092600100232,2014년 9월 26일 11시,금요일,부산광역시 중구 대청동3가,부상신고사고,0,0,0,1,차대차 - 기타,신호위반,건조,맑음,교차로 - 교차로안,승용,남,65세,상해없음,이륜,남,24세,부상신고
2014092600100233,2014년 9월 26일 11시,금요일,부산광역시 동래구 사직동,경상사고,0,0,1,0,차대차 - 측면직각충돌,신호위반,건조,맑음,교차로 - 교차로안,이륜,남,57세,경상,승용,여,41세,상해없음
2014092600100234,2014년 9월 26일 11시,금요일,부산광역시 기장군 정관면,경상사고,0,0,1,0,차대사람 - 차도통행중,중앙선침범,건조,맑음,단일로 - 기타,승합,남,33세,상해없음,보행자,여,35세,경상
2014092600100235,2014년 9월 26일 11시,금요일,부산광역시 기장군 기장읍,경상사고,0,0,1,1,차대차 - 기타,안전운전불이행,건조,맑음,단일로 - 기타,승용,남,76세,상해없음,승용,남,22세,부상신고
2014092600100262,2014년 9월 26일 12시,금요일,부산광역시 중구 중앙동4가,경상사고,0,0,1,0,차대차 - 측면직각충돌,교차로운행방법위반,건조,맑음,교차로 - 교차로안,승용,남,41세,상해없음,이륜,남,66세,경상
2014092600100263,2014년 9월 26일 12시,금요일,부산광역시 동구 수정동,중상사고,0,1,0,0,차대사람 - 횡단중,보행자보호의무위반,건조,맑음,단일로 - 기타,승용,여,41세,상해없음,보행자,남,8세,중상
2014092600100264,2014년 9월 26일 12시,금요일,부산광역시 해운대구 반송동,경상사고,0,0,4,0,차대차 - 기타,안전운전불이행,건조,맑음,교차로 - 교차로부근,승용,남,63세,상해없음,승용,여,50세,경상
2014092600100290,2014년 9월 26일 13시,금요일,부산광역시 해운대구 반여동,중상사고,0,2,0,0,차대차 - 추돌 - 주정차중,안전운전불이행,건조,맑음,단일로 - 기타,화물,남,27세,상해없음,화물,남,61세,기타불명
2014092600100320,2014년 9월 26일 14시,금요일,부산광역시 동래구 온천동,중상사고,0,1,0,0,차대차 - 추돌 - 진행중,안전운전불이행,건조,맑음,단일로 - 기타,승용,여,53세,상해없음,원동기,남,59세,중상
2014092600100352,2014년 9월 26일 15시,금요일,부산광역시 사하구 하단동,중상사고,0,1,0,0,차대사람 - 횡단중,안전운전불이행,건조,맑음,단일로 - 기타,승용,남,65세,상해없음,보행자,여,8세,중상
2014092600100382,2014년 9월 26일 16시,금요일,부산광역시 부산진구 전포동,경상사고,0,0,1,0,차대차 - 기타,안전거리미확보,건조,맑음,단일로 - 기타,승용,남,60세,상해없음,원동기,남,18세,경상
2014092600100383,2014년 9월 26일 16시,금요일,부산광역시 연제구 연산동,경상사고,0,0,1,0,차대차 - 측면직각충돌,안전거리미확보,건조,맑음,단일로 - 기타,승용,남,39세,상해없음,승용,남,56세,경상
2014092600100427,2014년 9월 26일 17시,금요일,부산광역시 사하구 장림동,사망사고,1,0,0,0,차대차 - 기타,안전운전불이행,건조,맑음,단일로 - 기타,화물,남,60세,상해없음,원동기,남,22세,사망
2014092600100466,2014년 9월 26일 18시,금요일,부산광역시 강서구 대저1동,부상신고사고,0,0,0,1,차대차 - 추돌 - 진행중,안전운전불이행,건조,맑음,단일로 - 기타,이륜,남,60세,부상신고,승용,남,31세,상해없음