사고번호,사고일시,요일,시군구,사고내용,사망자수,중상자수,경상자수,부상신고자수,사고유형,법규위반,노면상태,기상상태,도로형태,가해운전자 차종,가해운전자 성별,가해운전자 연령,가해운전자 상해정도,피해운전자 차종,피해운전자 성별,피해운전자 연령,피해운전자 상해정도
2014100400100151,2014년 10월 4일 10시,토요일,부산광역시 동래구 낙민동,경상사고,0,0,1,0,차대차 - 측면직각충돌,안전거리미확보,건조,맑음,단일로 - 기타,승용,남,67세,상해없음,승용,남,41세,경상
2014100400100152,2014년 10월 4일 10시,토요일,부산광역시 해운대구 우동,부상신고사고,0,0,0,2,차대차 - 측면직각충돌,교차로운행방법위반,건조,맑음,교차로 - 교차로안,승용,여,33세,상해없음,승용,여,46세,부상신고
2014100400100153,2014년 10월 4일 10시,토요일,부산광역시 연제구 거제동,경상사고,0,0,1,0,차대차 - 기타,안전운전불이행,건조,맑음,단일로 - 기타,승용,여,44세,상해없음,승용,남,23세,경상
2014100400100154,2014년 10월 4일 10시,토요일,부산광역시 사상구 모라동,경상사고,0,0,2,1,차대차 - 측면직각충돌,신호위반,건조,맑음,교차로 - 교차로안,승용,여,43세,부상신고,화물,남,41세,경상
2014100400100222,2014년 10월 4일 12시,토요일,부산광역시 남구 대연동,중상사고,0,1,0,0,차대사람 - 기타,안전운전불이행,건조,맑음,단일로 - 기타,승합,남,49세,상해없음,보행자,여,55세,중상
2014100400100259,2014년 10월 4일 13시,토요일,부산광역시 남구 대연동,경상사고,0,0,1,0,차대사람 - 기타,안전운전불이행,건조,맑음,교차로 - 교차로부근,승용,남,68세,상해없음,보행자,여,15세,경상
2014100400100260,2014년 10월 4일 13시,토요일,부산광역시 남구 용호동,경상사고,0,0,3,0,차대차 - 추돌 - 진행중,교차로운행방법위반,건조,맑음,교차로 - 교차로안,승용,남,67세,상해없음,승용,여,39세,경상
2014100400100261,2014년 10월 4일 13시,토요일,부산광역시 강서구 범방동,경상사고,0,0,2,1,차대차 - 측면직각충돌,신호위반,건조,맑음,단일로 - 기타,화물,남,24세,부상신고,승용,남,34세,경상
2014100400100300,2014년 10월 4일 14시,토요일,부산광역시 해운대구 재송동,중상사고,0,1,4,0,차대차 - 추돌 - 주정차중,안전운전불이행,건조,맑음,단일로 - 교량,승합,여,59세,상해없음,승용,남,31세,경상
2014100400100301,2014년 10월 4일 14시,토요일,부산광역시 해운대구 우동,중상사고,0,2,2,0,차대차 - 측면직각충돌,안전거리미확보,건조,맑음,단일로 - 기타,승합,남,63세,상해없음,승용,남,40세,상해없음
2014100400100302,2014년 10월 4일 14시,토요일,부산광역시 사하구 괴정동,경상사고,0,0,1,0,차대차 - 기타,안전운전불이행,건조,맑음,단일로 - 기타,승용,남,33세,상해없음,자전거,남,5세,경상
2014100400100373,2014년 10월 4일 16시,토요일,부산광역시 사하구 당리동,경상사고,0,0,1,0,차대사람 - 차도통행중,안전운전불이행,건조,맑음,단일로 - 기타,승합,남,43세,상해없음,보행자,여,35세,경상
2014100400100405,2014년 10월 4일 17시,토요일,부산광역시 중구 대청동1가,중상사고,0,1,0,0,차대사람 - 기타,안전운전불이행,건조,맑음,단일로 - 기타,승용,남,52세,상해없음,보행자,남,61세,중상
2014100400100406,2014년 10월 4일 17시,토요일,부산광역시 남구 대연동,경상사고,0,0,1,0,차대사람 - 기타,신호위반,건조,맑음,단일로 - 횡단보도상,원동기,기타불명,기타불명,기타불명,보행자,여,50세,경상
2014100400100407,2014년 10월 4일 17시,토요일,부산광역시 동래구 온천동,중상사고,0,1,0,0,차대사람 - 길가장자리구역통행중,안전운전불이행,건조,맑음,단일로 - 기타,승용,남,37세,상해없음,보행자,여,62세,중상
2014100400100408,2014년 10월 4일 17시,토요일,부산광역시 부산진구 당감동,중상사고,0,1,0,0,차대차 - 기타,안전운전불이행,건조,맑음,단일로 - 기타,승용,남,46세,상해없음,이륜,여,68세,중상
2014100400100409,2014년 10월 4일 17시,토요일,부산광역시 부산진구 개금동,경상사고,0,0,1,0,차대사람 - 기타,안전운전불이행,건조,맑음,단일로 - 기타,승용,남,54세,상해없음,보행자,남,11세,경상
2014100400100444,2014년 10월 4일 18시,토요일,부산광역시 부산진구 개금동,중상사고,0,1,0,0,차대차 - 기타,중앙선침범,건조,맑음,단일로 - 기타,승용,여,40세,상해없음,이륜,남,24세,중상
2014100400100490,2014년 10월 4일 19시,토요일,부산광역시 북구 구포동,경상사고,0,0,1,0,차대차 - 기타,안전거리미확보,건조,맑음,단일로 - 횡단보도부근,승용,남,43세,상해없음,이륜,남,41세,경상
2014100400100491,2014년 10월 4일 19시,토요일,부산광역시 동래구 안락동,중상사고,0,1,0,0,차대사람 - 횡단중,보행자보호의무위반,건조,맑음,교차로 - 교차로안,화물,남,46세,상해없음,보행자,남,58세,중상
2014100400100492,2014년 10월 4일 19시,토요일,부산광역시 부산진구 개금동,경상사고,0,0,1,0,차대차 - 측면직각충돌,교차로운행방법위반,건조,맑음,교차로 - 교차로안,승용,남,32세,상해없음,원동기,남,21세,경상
2014100400100547,2014년 10월 4일 21시,토요일,부산광역시 북구 만덕동,경상사고,0,0,1,0,차대차 - 기타,교차로운행방법위반,건조,맑음,기타 - 기타,승용,남,63세,상해없음,이륜,남,34세,경상
2014100400100581,2014년 10월 4일 22시,토요일,부산광역시 중구 영주동,부상신고사고,0,0,0,1,차대차 - 기타,안전운전불이행,건조,맑음,단일로 - 기타,승용,남,34세,기타불명,이륜,남,15세,부상신고
2014100400100582,2014년 10월 4일 22시,토요일,부산광역시 남구 대연동,중상사고,0,1,0,0,차대사람 - 기타,안전운전불이행,건조,맑음,단일로 - 기타,승용,남,32세,상해없음,보행자,여,26세,중상
2014100400100583,2014년 10월 4일 22시,토요일,부산광역시 남구 감만동,부상신고사고,0,0,0,1,차대사람 - 기타,안전운전불이행,건조,맑음,단일로 - 기타,화물,남,41세,상해없음,보행자,여,59세,부상신고
2014100400100584,2014년 10월 4일 22시,토요일,부산광역시 사하구 괴정동,사망사고,1,0,0,0,차대사람 - 횡단중,안전운전불이행,건조,맑음,교차로 - 교차로부근,승용,여,37세,상해없음,보행자,남,37세,사망
2014100400100607,2014년 10월 4일 23시,토요일,부산광역시 동구 범일동,경상사고,0,0,1,0,차대차 - 측면직각충돌,신호위반,건조,맑음,교차로 - 교차로안,원동기,남,20세,상해없음,승용,여,54세,경상
2014100400100609,2014년 10월 4일 23시,토요일,부산광역시 기장군 정관면,경상사고,0,0,2,0,차대차 - 측면직각충돌,신호위반,건조,맑음,교차로 - 교차로안,승용,남,34세,상해없음,승용,남,39세,경상
2014100500100004,2014년 10월 5일 00시,일요일,부산광역시 동구 초량동,경상사고,0,0,2,0,차대차 - 측면직각충돌,안전거리미확보,건조,맑음,단일로 - 기타,승합,남,40세,상해없음,승용,남,62세,경상
2014100500100023,2014년 10월 5일 01시,일요일,부산광역시 부산진구 개금동,경상사고,0,0,3,0,차대차 - 기타,과속,건조,기타,단일로 - 기타,승용,남,55세,상해없음,승용,남,58세,상해없음
2014100500100065,2014년 10월 5일 05시,일요일,부산광역시 해운대구 우동,경상사고,0,0,1,0,차대차 - 추돌 - 진행중,안전운전불이행,건조,맑음,교차로 - 교차로부근,승용,남,29세,상해없음,승용,남,50세,경상
2014100500100066,2014년 10월 5일 05시,일요일,부산광역시 부산진구 부암동,경상사고,0,0,2,0,차대차 - 측면직각충돌,신호위반,건조,맑음,교차로 - 교차로안,승용,남,60세,상해없음,승용,남,61세,상해없음
2014100500100080,2014년 10월 5일 06시,일요일,부산광역시 북구 만덕동,경상사고,0,0,1,0,차대차 - 추돌 - 진행중,안전운전불이행,건조,맑음,단일로 - 기타,승용,남,60세,상해없음,이륜,남,18세,경상
2014100500100103,2014년 10월 5일 08시,일요일,부산광역시 사하구 다대동,중상사고,0,1,0,0,차대사람 - 기타,보행자보호의무위반,건조,맑음,교차로 - 교차로안,승용,남,58세,상해없음,보행자,남,65세,중상
2014100500100104,2014년 10월 5일 08시,일요일,부산광역시 사상구 덕포동,중상사고,0,1,0,0,차대사람 - 기타,신호위반,건조,맑음,단일로 - 횡단보도상,승용,남,52세,상해없음,보행자,여,33세,중상
2014100500100114,2014년 10월 5일 09시,일요일,부산광역시 사하구 괴정동,부상신고사고,0,0,0,1,차대차 - 기타,교차로운행방법위반,건조,맑음,교차로 - 교차로안,이륜,남,16세,부상신고,승용,남,39세,상해없음
2014100500100131,2014년 10월 5일 10시,일요일,부산광역시 남구 문현동,경상사고,0,0,1,0,차대차 - 기타,안전운전불이행,건조,맑음,단일로 - 기타,승용,남,40세,상해없음,승합,남,63세,경상
2014100500100180,2014년 10월 5일 12시,일요일,부산광역시 남구 용호동,중상사고,0,1,0,0,차량단독 - 기타,안전운전불이행,건조,맑음,단일로 - 기타,승합,남,46세,상해없음,,,,
2014100500100181,2014년 10월 5일 12시,일요일,부산광역시 해운대구 재송동,중상사고,0,1,0,0,차대차 - 기타,교차로운행방법위반,건조,맑음,교차로 - 교차로부근,승용,여,47세,상해없음,자전거,남,43세,중상
2014100500100182,2014년 10월 5일 12시,일요일,부산광역시 금정구 남산동,중상사고,0,1,0,0,차대사람 - 기타,안전운전불이행,건조,맑음,교차로 - 교차로안,승용,여,48세,상해없음,보행자,여,67세,중상
2014100500100228,2014년 10월 5일 14시,일요일,부산광역시 수영구 남천동,경상사고,0,0,1,0,차대사람 - 횡단중,신호위반,건조,맑음,교차로 - 교차로부근,승용,남,33세,상해없음,보행자,남,9세,경상
2014100500100229,2014년 10월 5일 14시,일요일,부산광역시 해운대구 좌동,경상사고,0,0,1,0,차대차 - 측면직각충돌,신호위반,건조,맑음,교차로 - 교차로안,이륜,남,15세,상해없음,승용,여,45세,경상
2014100500100255,2014년 10월 5일 15시,일요일,부산광역시 동래구 낙민동,중상사고,0,1,4,0,차대차 - 추돌 - 진행중,안전운전불이행,건조,맑음,단일로 - 기타,승용,남,23세,상해없음,승용,여,30세,중상
2014100500100256,2014년 10월 5일 15시,일요일,부산광역시 기장군 기장읍,경상사고,0,0,1,0,차량단독 - 기타,안전운전불이행,건조,맑음,교차로 - 교차로부근,이륜,남,43세,경상,,,,
2014100500100298,2014년 10월 5일 16시,일요일,부산광역시 해운대구 재송동,중상사고,0,1,0,0,차대사람 - 횡단중,신호위반,건조,맑음,단일로 - 횡단보도상,승용,남,42세,상해없음,보행자,여,40세,중상
2014100500100344,2014년 10월 5일 17시,일요일,부산광역시 연제구 연산동,경상사고,0,0,2,0,차대차 - 측면직각충돌,교차로운행방법위반,건조,맑음,교차로 - 교차로안,승합,남,55세,상해없음,승용,남,30세,상해없음
2014100500100345,2014년 10월 5일 17시,일요일,부산광역시 연제구 연산동,경상사고,0,0,1,0,차대사람 - 기타,안전운전불이행,건조,맑음,단일로 - 기타,승용,기타불명,기타불명,기타불명,보행자,남,54세,경상
2014100500100408,2014년 10월 5일 19시,일요일,부산광역시 금정구 구서동,중상사고,0,1,1,0,차대차 - 측면직각충돌,신호위반,건조,맑음,교차로 - 교차로안,승용,남,71세,상해없음,승합,남,79세,경상
2014100500100409,2014년 10월 5일 19시,일요일,부산광역시 사하구 당리동,중상사고,0,1,0,0,차대사람 - 횡단중,신호위반,건조,맑음,단일로 - 횡단보도상,이륜,남,17세,상해없음,보행자,여,51세,중상
2014100500100440,2014년 10월 5일 20시,일요일,부산광역시 남구 대연동,중상사고,0,1,1,0,차대차 - 기타,직진우회전진행방해,건조,맑음,교차로 - 교차로안,이륜,남,16세,중상,승용,남,27세,경상
2014100500100441,2014년 10월 5일 20시,일요일,부산광역시 금정구 구서동,중상사고,0,2,0,0,차대사람 - 횡단중,보행자보호의무위반,건조,맑음,교차로 - 교차로부근,원동기,남,18세,중상,보행자,여,72세,중상
2014100500100476,2014년 10월 5일 21시,일요일,부산광역시 동래구 수안동,중상사고,0,1,1,0,차대차 - 측면직각충돌,신호위반,건조,맑음,교차로 - 교차로안,승합,남,36세,상해없음,승용,남,66세,경상
2014100500100477,2014년 10월 5일 21시,일요일,부산광역시 사하구 괴정동,중상사고,0,1,0,0,차대사람 - 차도통행중,교차로운행방법위반,건조,맑음,교차로 - 교차로안,승용,남,31세,상해없음,보행자,남,66세,중상
2014100500100487,2014년 10월 5일 22시,일요일,부산광역시 해운대구 반여동,부상신고사고,0,0,0,1,차대차 - 측면직각충돌,안전거리미확보,건조,맑음,단일로 - 기타,승용,여,35세,상해없음,승용,남,29세,부상신고
2014100500100488,2014년 10월 5일 22시,일요일,부산광역시 연제구 거제동,경상사고,0,0,1,0,차대차 - 추돌 - 주정차중,안전운전불이행,건조,맑음,단일로 - 기타,승용,여,32세,상해없음,승용,여,38세,경상
2014100500100508,2014년 10월 5일 23시,일요일,부산광역시 북구 금곡동,중상사고,0,1,0,0,차대사람 - 기타,안전운전불이행,건조,맑음,단일로 - 기타,승용,남,26세,상해없음,보행자,남,49세,중상
2014100600100005,2014년 10월 6일 00시,월요일,부산광역시 연제구 거제동,중상사고,0,1,0,0,차대차 - 추돌 - 진행중,안전거리미확보,건조,맑음,단일로 - 기타,승용,남,56세,상해없음,이륜,남,21세,중상
2014100600100030,2014년 10월 6일 03시,월요일,부산광역시 사하구 하단동,중상사고,0,1,0,0,차대사람 - 기타,신호위반,건조,맑음,단일로 - 기타,원동기,기타불명,기타불명,기타불명,보행자,남,31세,중상
2014100600100048,2014년 10월 6일 06시,월요일,부산광역시 서구 암남동,중상사고,0,1,0,0,차대사람 - 횡단중,안전운전불이행,건조,맑음,단일로 - 기타,승용,남,57세,상해없음,보행자,여,16세,중상
2014100600100049,2014년 10월 6일 06시,월요일,부산광역시 서구 서대신동1가,중상사고,0,1,0,0,차대사람 - 횡단중,신호위반,건조,맑음,교차로 - 교차로부근,승용,여,40세,상해없음,보행자,남,60세,중상
2014100600100050,2014년 10월 6일 06시,월요일,부산광역시 동래구 명륜동,경상사고,0,0,1,0,차대차 - 기타,안전운전불이행,건조,맑음,단일로 - 횡단보도부근,승용,남,32세,상해없음,승합,남,59세,상해없음
2014100600100063,2014년 10월 6일 07시,월요일,부산광역시 중구 부평동2가,부상신고사고,0,0,0,1,차대차 - 측면직각충돌,안전운전불이행,건조,맑음,단일로 - 기타,이륜,남,68세,부상신고,승용,남,52세,상해없음
2014100600100064,2014년 10월 6일 07시,월요일,부산광역시 부산진구 전포동,중상사고,0,2,0,0,차대차 - 기타,신호위반,건조,맑음,교차로 - 교차로안,승용,남,48세,중상,화물,남,76세,중상
2014100600100065,2014년 10월 6일 07시,월요일,부산광역시 부산진구 당감동,경상사고,0,0,2,0,차대차 - 기타,신호위반,건조,맑음,단일로 - 기타,승용,남,26세,상해없음,이륜,남,59세,경상
2014100600100066,2014년 10월 6일 07시,월요일,부산광역시 연제구 거제동,중상사고,0,1,0,0,차대차 - 추돌 - 주정차중,안전운전불이행,건조,맑음,단일로 - 기타,승용,남,29세,중상,특수,남,58세,기타불명
2014100600100067,2014년 10월 6일 07시,월요일,부산광역시 강서구 송정동,경상사고,0,0,1,0,차대차 - 측면직각충돌,신호위반,건조,맑음,교차로 - 교차로안,승용,남,55세,상해없음,승용,남,52세,경상
2014100600100100,2014년 10월 6일 08시,월요일,부산광역시 북구 화명동,경상사고,0,0,1,0,차대차 - 추돌 - 진행중,안전운전불이행,건조,맑음,단일로 - 기타,이륜,남,24세,경상,화물,남,49세,상해없음
2014100600100101,2014년 10월 6일 08시,월요일,부산광역시 부산진구 개금동,중상사고,0,2,0,0,차대차 - 측면직각충돌,신호위반,건조,맑음,교차로 - 교차로안,승합,남,63세,상해없음,승용,남,67세,중상
2014100600100102,2014년 10월 6일 08시,월요일,부산광역시 강서구 송정동,부상신고사고,0,0,0,2,차대차 - 측면직각충돌,신호위반,건조,맑음,교차로 - 교차로안,원동기,여,28세,부상신고,승용,남,35세,상해없음
2014100600100156,2014년 10월 6일 09시,월요일,부산광역시 동구 초량동,경상사고,0,0,1,0,차대차 - 추돌 - 진행중,안전거리미확보,건조,맑음,단일로 - 기타,원동기,남,21세,경상,승용,남,56세,상해없음
2014100600100157,2014년 10월 6일 09시,월요일,부산광역시 북구 덕천동,중상사고,0,1,0,0,차대차 - 측면직각충돌,안전운전불이행,건조,맑음,교차로 - 교차로부근,화물,남,37세,기타불명,승용,남,42세,중상
2014100600100158,2014년 10월 6일 09시,월요일,부산광역시 동래구 안락동,중상사고,0,1,1,1,차대차 - 측면직각충돌,안전거리미확보,건조,맑음,단일로 - 기타,승용,남,60세,상해없음,승합,남,44세,부상신고
2014100600100203,2014년 10월 6일 10시,월요일,부산광역시 사상구 감전동,경상사고,0,0,1,0,차대차 - 측면직각충돌,안전거리미확보,건조,맑음,교차로 - 교차로부근,화물,남,50세,상해없음,승용,여,34세,경상
2014100600100239,2014년 10월 6일 11시,월요일,부산광역시 부산진구 범천동,경상사고,0,0,1,0,차대차 - 측면직각충돌,신호위반,건조,맑음,교차로 - 교차로안,승용,여,46세,상해없음,승용,남,34세,경상
2014100600100240,2014년 10월 6일 11시,월요일,부산광역시 사하구 신평동,중상사고,0,1,10,1,차대차 - 측면직각충돌,신호위반,건조,맑음,교차로 - 교차로안,승합,남,57세,상해없음,화물,남,46세,경상
2014100600100268,2014년 10월 6일 12시,월요일,부산광역시 남구 대연동,중상사고,0,1,0,0,차대차 - 측면직각충돌,기타,건조,맑음,교차로 - 교차로안,승용,남,24세,상해없음,원동기,남,52세,중상
2014100600100269,2014년 10월 6일 12시,월요일,부산광역시 금정구 금사동,중상사고,0,1,0,0,차대사람 - 기타,안전운전불이행,건조,맑음,단일로 - 횡단보도부근,승용,남,58세,상해없음,보행자,남,82세,중상
2014100600100303,2014년 10월 6일 13시,월요일,부산광역시 중구 남포동2가,중상사고,0,1,0,0,차대사람 - 길가장자리구역통행중,안전운전불이행,건조,맑음,단일로 - 기타,화물,남,62세,상해없음,보행자,남,48세,중상
2014100600100368,2014년 10월 6일 15시,월요일,부산광역시 수영구 광안동,중상사고,0,1,0,0,차대사람 - 횡단중,안전운전불이행,건조,맑음,단일로 - 기타,승용,남,76세,상해없음,보행자,여,15세,중상
2014100600100369,2014년 10월 6일 15시,월요일,부산광역시 북구 만덕동,경상사고,0,0,1,0,차대차 - 측면직각충돌,안전운전불이행,건조,맑음,단일로 - 기타,승합,남,70세,상해없음,승용,남,50세,경상
2014100600100370,2014년 10월 6일 15시,월요일,부산광역시 해운대구 반여동,중상사고,0,1,0,0,차대차 - 추돌 - 진행중,안전운전불이행,건조,맑음,기타 - 기타,자전거,남,22세,상해없음,자전거,남,74세,중상
2014100600100371,2014년 10월 6일 15시,월요일,부산광역시 부산진구 개금동,중상사고,0,1,0,0,차대차 - 기타,차로위반,건조,맑음,교차로 - 교차로안,이륜,남,62세,중상,승용,여,41세,상해없음
2014100600100372,2014년 10월 6일 15시,월요일,부산광역시 강서구 봉림동,부상신고사고,0,0,0,1,차대차 - 측면직각충돌,안전거리미확보,건조,맑음,교차로 - 교차로부근,화물,남,66세,상해없음,화물,남,56세,부상신고
2014100600100405,2014년 10월 6일 16시,월요일,부산광역시 남구 대연동,부상신고사고,0,0,0,1,차대차 - 기타,안전운전불이행,건조,맑음,교차로 - 교차로안,원동기,남,17세,상해없음,자전거,남,9세,부상신고
2014100600100406,2014년 10월 6일 16시,월요일,부산광역시 부산진구 당감동,중상사고,0,1,0,0,차대사람 - 횡단중,안전운전불이행,건조,맑음,단일로 - 기타,승용,남,48세,상해없음,보행자,여,60세,중상
2014100600100445,2014년 10월 6일 17시,월요일,부산광역시 수영구 남천동,경상사고,0,0,1,0,차대차 - 기타,기타,건조,맑음,단일로 - 기타,승용,남,69세,상해없음,원동기,남,70세,경상
2014100600100446,2014년 10월 6일 17시,월요일,부산광역시 영도구 동삼동,경상사고,0,0,1,0,차량단독 - 기타,안전운전불이행,건조,맑음,단일로 - 기타,이륜,남,47세,경상,,,,
2014100600100447,2014년 10월 6일 17시,월요일,부산광역시 부산진구 연지동,사망사고,1,0,0,0,차대사람 - 기타,안전운전불이행,건조,맑음,단일로 - 기타,승합,남,49세,상해없음,보행자,남,60세,사망
2014100600100448,2014년 10월 6일 17시,월요일,부산광역시 부산진구 전포동,경상사고,0,0,1,0,차대차 - 측면직각충돌,신호위반,건조,맑음,교차로 - 교차로안,승용,여,24세,경상,승용,남,21세,상해없음
2014100600100449,2014년 10월 6일 17시,월요일,부산광역시 기장군 정관면,중상사고,0,1,0,0,차대사람 - 기타,안전운전불이행,건조,맑음,교차로 - 교차로부근,승합,남,53세,상해없음,보행자,남,3세,중상
2014100600100492,2014년 10월 6일 18시,월요일,부산광역시 해운대구 좌동,중상사고,0,1,0,0,차대사람 - 기타,안전운전불이행,건조,맑음,단일로 - 기타,승용,여,58세,상해없음,보행자,남,40세,중상
2014100600100493,2014년 10월 6일 18시,월요일,부산광역시 해운대구 재송동,경상사고,0,0,1,0,차대차 - 기타,안전운전불이행,건조,맑음,단일로 - 기타,승용,여,53세,상해없음,승용,남,47세,경상
2014100600100494,2014년 10월 6일 18시,월요일,부산광역시 부산진구 가야동,중상사고,0,1,0,0,차대사람 - 횡단중,안전운전불이행,건조,맑음,단일로 - 기타,승용,남,67세,상해없음,보행자,여,74세,중상
2014100600100495,2014년 10월 6일 18시,월요일,부산광역시 부산진구 전포동,부상신고사고,0,0,0,1,차대차 - 측면직각충돌,신호위반,건조,맑음,교차로 - 교차로안,승용,남,56세,상해없음,원동기,남,45세,부상신고
2014100600100496,2014년 10월 6일 18시,월요일,부산광역시 금정구 노포동,중상사고,0,1,0,0,차대차 - 기타,안전운전불이행,건조,맑음,단일로 - 기타,화물,남,48세,상해없음,자전거,남,51세,중상
2014100600100497,2014년 10월 6일 18시,월요일,부산광역시 사하구 괴정동,중상사고,0,1,0,0,차대차 - 기타,안전운전불이행,건조,맑음,단일로 - 기타,승용,남,42세,상해없음,자전거,여,37세,중상
2014100600100498,2014년 10월 6일 18시,월요일,부산광역시 사상구 엄궁동,경상사고,0,0,1,0,차대사람 - 기타,안전운전불이행,건조,맑음,단일로 - 기타,승용,여,34세,상해없음,보행자,여,67세,경상
2014100600100549,2014년 10월 6일 19시,월요일,부산광역시 남구 대연동,경상사고,0,0,1,0,차대차 - 측면직각충돌,안전운전불이행,건조,맑음,단일로 - 기타,화물,남,30세,상해없음,승용,남,54세,상해없음
2014100600100550,2014년 10월 6일 19시,월요일,부산광역시 해운대구 중동,중상사고,0,1,0,0,차대차 - 기타,중앙선침범,건조,맑음,단일로 - 기타,승용,여,63세,상해없음,이륜,남,48세,중상
2014100600100618,2014년 10월 6일 21시,월요일,부산광역시 남구 대연동,경상사고,0,0,1,0,차대사람 - 기타,안전운전불이행,건조,맑음,단일로 - 기타,승용,남,18세,상해없음,보행자,여,26세,경상
2014100600100656,2014년 10월 6일 22시,월요일,부산광역시 금정구 부곡동,중상사고,0,1,0,0,차대차 - 추돌 - 주정차중,안전운전불이행,건조,맑음,단일로 - 기타,화물,남,66세,상해없음,승합,남,57세,중상
2014100600100678,2014년 10월 6일 23시,월요일,부산광역시 서구 암남동,경상사고,0,0,2,0,차대차 - 추돌 - 주정차중,안전거리미확보,건조,맑음,단일로 - 기타,승용,남,55세,상해없음,승용,여,34세,경상
2014100600100679,2014년 10월 6일 23시,월요일,부산광역시 사하구 장림동,경상사고,0,0,1,0,차대차 - 기타,차로위반,건조,맑음,단일로 - 기타,승용,남,40세,상해없음,승용,남,47세,경상
2014100700100003,2014년 10월 7일 00시,화요일,부산광역시 남구 대연동,중상사고,0,1,0,0,차대사람 - 횡단중,안전운전불이행,건조,맑음,교차로 - 교차로안,승용,남,63세,상해없음,보행자,남,54세,중상
2014100700100004,2014년 10월 7일 00시,화요일,부산광역시 부산진구 부전동,경상사고,0,0,1,0,차대차 - 기타,안전거리미확보,건조,맑음,단일로 - 기타,원동기,남,27세,경상,승용,남,55세,상해없음
2014100700100055,2014년 10월 7일 06시,화요일,부산광역시 연제구 연산동,경상사고,0,0,1,0,차대차 - 측면직각충돌,교차로운행방법위반,건조,맑음,교차로 - 교차로안,화물,남,49세,상해없음,이륜,남,26세,경상
2014100700100073,2014년 10월 7일 07시,화요일,부산광역시 해운대구 반여동,중상사고,0,1,0,0,차대차 - 측면직각충돌,안전운전불이행,건조,맑음,교차로 - 교차로부근,원동기,남,61세,상해없음,승용,남,40세,중상
2014100700100074,2014년 10월 7일 07시,화요일,부산광역시 사하구 장림동,중상사고,0,1,0,0,차대차 - 기타,안전거리미확보,건조,맑음,단일로 - 기타,승용,남,28세,상해없음,이륜,남,38세,중상
2014100700100075,2014년 10월 7일 07시,화요일,부산광역시 연제구 거제동,중상사고,0,2,1,0,차대차 - 측면직각충돌,신호위반,건조,맑음,단일로 - 기타,이륜,남,21세,중상,승용,남,45세,상해없음
2014100700100076,2014년 10월 7일 07시,화요일,부산광역시 강서구 명지동,중상사고,0,1,0,0,차대차 - 정면충돌,신호위반,건조,맑음,교차로 - 교차로안,승합,남,43세,상해없음,승용,남,42세,중상
2014100700100113,2014년 10월 7일 08시,화요일,부산광역시 동래구 사직동,경상사고,0,0,1,0,차대사람 - 횡단중,신호위반,건조,맑음,단일로 - 기타,승용,남,62세,상해없음,보행자,남,8세,경상
2014100700100114,2014년 10월 7일 08시,화요일,부산광역시 사하구 신평동,경상사고,0,0,2,0,차대차 - 추돌 - 진행중,안전운전불이행,건조,맑음,단일로 - 기타,승용,남,71세,상해없음,이륜,남,60세,경상
2014100700100187,2014년 10월 7일 10시,화요일,부산광역시 사하구 장림동,경상사고,0,0,1,0,차대차 - 추돌 - 주정차중,안전운전불이행,건조,맑음,단일로 - 기타,화물,남,33세,경상,승용,남,42세,상해없음
2014100700100213,2014년 10월 7일 11시,화요일,부산광역시 영도구 남항동1가,경상사고,0,0,1,0,차대사람 - 기타,안전운전불이행,건조,맑음,단일로 - 기타,원동기,남,29세,상해없음,보행자,남,71세,경상
2014100700100214,2014년 10월 7일 11시,화요일,부산광역시 해운대구 좌동,중상사고,0,1,0,0,차대차 - 기타,교차로운행방법위반,건조,맑음,교차로 - 교차로안,승용,기타불명,기타불명,기타불명,승합,남,62세,상해없음
2014100700100215,2014년 10월 7일 11시,화요일,부산광역시 부산진구 범천동,경상사고,0,0,1,0,차대차 - 기타,안전거리미확보,건조,맑음,단일로 - 기타,승용,남,62세,상해없음,이륜,남,40세,경상
2014100700100216,2014년 10월 7일 11시,화요일,부산광역시 부산진구 범천동,중상사고,0,1,0,0,차대차 - 기타,안전거리미확보,건조,맑음,단일로 - 기타,승용,남,70세,상해없음,이륜,남,37세,중상
2014100700100241,2014년 10월 7일 12시,화요일,부산광역시 중구 남포동1가,중상사고,0,1,0,0,차대사람 - 기타,안전운전불이행,건조,흐림,단일로 - 기타,승용,남,63세,상해없음,보행자,여,41세,중상
2014100700100274,2014년 10월 7일 13시,화요일,부산광역시 해운대구 반여동,경상사고,0,0,2,0,차대차 - 추돌 - 진행중,안전거리미확보,건조,맑음,교차로 - 교차로부근,승용,남,65세,상해없음,승용,남,45세,경상
2014100700100306,2014년 10월 7일 14시,화요일,부산광역시 중구 남포동5가,부상신고사고,0,0,0,1,차대사람 - 횡단중,안전운전불이행,건조,맑음,단일로 - 기타,승용,남,64세,상해없음,보행자,남,58세,부상신고
2014100700100341,2014년 10월 7일 15시,화요일,부산광역시 금정구 장전동,경상사고,0,0,2,0,차대차 - 정면충돌,안전거리미확보,건조,맑음,단일로 - 기타,승용,남,52세,상해없음,승용,남,61세,경상
2014100700100381,2014년 10월 7일 16시,화요일,부산광역시 동래구 명륜동,중상사고,0,1,0,0,차대차 - 측면직각충돌,직진우회전진행방해,건조,맑음,교차로 - 교차로안,승용,남,41세,상해없음,자전거,남,14세,중상
2014100700100383,2014년 10월 7일 16시,화요일,부산광역시 금정구 구서동,경상사고,0,0,2,0,차대사람 - 횡단중,신호위반,건조,맑음,교차로 - 교차로부근,화물,남,56세,상해없음,보행자,여,57세,경상