사고번호,사고일시,요일,시군구,사고내용,사망자수,중상자수,경상자수,부상신고자수,사고유형,법규위반,노면상태,기상상태,도로형태,가해운전자 차종,가해운전자 성별,가해운전자 연령,가해운전자 상해정도,피해운전자 차종,피해운전자 성별,피해운전자 연령,피해운전자 상해정도
2014101100100353,2014년 10월 11일 15시,토요일,부산광역시 수영구 광안동,경상사고,0,0,1,0,차대차 - 측면직각충돌,신호위반,건조,맑음,단일로 - 횡단보도상,원동기,남,36세,상해없음,원동기,남,29세,경상
2014101100100354,2014년 10월 11일 15시,토요일,부산광역시 해운대구 재송동,경상사고,0,0,1,0,차대차 - 추돌 - 진행중,교차로운행방법위반,건조,맑음,교차로 - 교차로안,승용,남,19세,기타불명,이륜,남,49세,경상
2014101100100449,2014년 10월 11일 17시,토요일,부산광역시 동구 범일동,중상사고,0,1,0,0,차대사람 - 기타,안전운전불이행,건조,맑음,단일로 - 기타,승용,여,43세,상해없음,보행자,여,50세,중상
2014101100100450,2014년 10월 11일 17시,토요일,부산광역시 남구 감만동,경상사고,0,0,1,0,차대사람 - 횡단중,신호위반,건조,맑음,단일로 - 횡단보도상,승용,남,35세,상해없음,보행자,여,62세,경상
2014101100100451,2014년 10월 11일 17시,토요일,부산광역시 해운대구 중동,경상사고,0,0,2,0,차대차 - 측면직각충돌,신호위반,건조,맑음,교차로 - 교차로안,승용,여,41세,상해없음,승용,남,44세,경상
2014101100100452,2014년 10월 11일 17시,토요일,부산광역시 강서구 대저1동,중상사고,0,1,0,0,차대차 - 기타,안전운전불이행,건조,맑음,단일로 - 기타,화물,남,51세,상해없음,승용,여,54세,중상
2014101100100485,2014년 10월 11일 18시,토요일,부산광역시 북구 구포동,중상사고,0,1,0,0,차대사람 - 횡단중,신호위반,건조,맑음,단일로 - 횡단보도상,승용,남,37세,상해없음,보행자,여,22세,중상
2014101100100486,2014년 10월 11일 18시,토요일,부산광역시 영도구 대교동1가,경상사고,0,0,1,0,차대차 - 추돌 - 진행중,안전운전불이행,건조,맑음,단일로 - 기타,승용,여,58세,상해없음,이륜,남,25세,경상
2014101100100487,2014년 10월 11일 18시,토요일,부산광역시 사하구 괴정동,경상사고,0,0,1,0,차량단독 - 기타,안전운전불이행,건조,맑음,단일로 - 기타,승합,남,54세,상해없음,,,,
2014101100100488,2014년 10월 11일 18시,토요일,부산광역시 사상구 감전동,경상사고,0,0,2,0,차대차 - 기타,안전거리미확보,건조,맑음,단일로 - 기타,승용,남,25세,상해없음,승용,남,61세,경상
2014101100100536,2014년 10월 11일 19시,토요일,부산광역시 부산진구 부전동,중상사고,0,1,0,0,차대차 - 측면직각충돌,교차로운행방법위반,건조,맑음,교차로 - 교차로안,승용,남,24세,상해없음,이륜,남,35세,중상
2014101100100537,2014년 10월 11일 19시,토요일,부산광역시 수영구 망미동,중상사고,0,3,1,0,차대차 - 추돌 - 진행중,안전거리미확보,건조,맑음,단일로 - 기타,승용,남,65세,상해없음,승용,남,31세,중상
2014101100100572,2014년 10월 11일 20시,토요일,부산광역시 금정구 구서동,경상사고,0,0,1,0,차대차 - 기타,안전거리미확보,건조,맑음,교차로 - 교차로안,승용,남,42세,상해없음,승용,여,36세,경상
2014101100100612,2014년 10월 11일 21시,토요일,부산광역시 해운대구 우동,경상사고,0,0,2,0,차대차 - 측면직각충돌,중앙선침범,건조,맑음,단일로 - 교량,자전거,남,10세,경상,승용,남,49세,경상
2014101100100613,2014년 10월 11일 21시,토요일,부산광역시 부산진구 부전동,경상사고,0,0,1,0,차대사람 - 기타,안전운전불이행,건조,맑음,단일로 - 기타,승용,남,42세,상해없음,보행자,남,23세,경상
2014101100100614,2014년 10월 11일 21시,토요일,부산광역시 금정구 남산동,경상사고,0,0,1,0,차량단독 - 기타,안전운전불이행,건조,맑음,단일로 - 기타,화물,여,43세,상해없음,,,,
2014101100100615,2014년 10월 11일 21시,토요일,부산광역시 연제구 거제동,중상사고,0,1,0,0,차대차 - 측면직각충돌,신호위반,건조,맑음,교차로 - 교차로안,승용,남,46세,상해없음,승용,여,29세,중상
2014101100100616,2014년 10월 11일 21시,토요일,부산광역시 연제구 거제동,경상사고,0,0,1,0,차대차 - 추돌 - 주정차중,안전운전불이행,건조,맑음,단일로 - 기타,승용,남,49세,기타불명,승용,남,38세,기타불명
2014101100100672,2014년 10월 11일 23시,토요일,부산광역시 금정구 구서동,경상사고,0,0,1,0,차대차 - 추돌 - 주정차중,안전거리미확보,건조,맑음,교차로 - 교차로부근,승용,남,56세,상해없음,승용,남,34세,상해없음
2014101100100673,2014년 10월 11일 23시,토요일,부산광역시 사하구 당리동,경상사고,0,0,2,0,차대차 - 측면직각충돌,교차로운행방법위반,건조,맑음,교차로 - 교차로안,승용,남,33세,상해없음,승용,남,59세,경상
2014101100100674,2014년 10월 11일 23시,토요일,부산광역시 사상구 괘법동,경상사고,0,0,1,0,차대사람 - 길가장자리구역통행중,안전운전불이행,건조,맑음,단일로 - 기타,기타불명,기타불명,기타불명,기타불명,보행자,남,25세,경상
2014101200100007,2014년 10월 12일 00시,일요일,부산광역시 부산진구 전포동,중상사고,0,3,0,0,차대차 - 측면직각충돌,신호위반,건조,맑음,교차로 - 교차로안,승용,여,30세,상해없음,승용,남,49세,중상
2014101200100026,2014년 10월 12일 01시,일요일,부산광역시 연제구 연산동,경상사고,0,0,2,0,차대차 - 추돌 - 진행중,안전거리미확보,건조,맑음,교차로 - 교차로부근,승용,여,31세,상해없음,승용,남,62세,경상
2014101200100057,2014년 10월 12일 03시,일요일,부산광역시 중구 영주동,경상사고,0,0,1,0,차대차 - 추돌 - 주정차중,안전운전불이행,건조,맑음,단일로 - 기타,승용,남,57세,상해없음,승용,남,37세,경상
2014101200100078,2014년 10월 12일 05시,일요일,부산광역시 사상구 모라동,중상사고,0,1,0,0,차대사람 - 횡단중,안전운전불이행,건조,맑음,교차로 - 교차로부근,승용,남,60세,상해없음,보행자,남,40세,중상
2014101200100110,2014년 10월 12일 08시,일요일,부산광역시 북구 만덕동,경상사고,0,0,1,0,차대차 - 추돌 - 진행중,안전운전불이행,건조,맑음,단일로 - 기타,승용,남,28세,기타불명,이륜,남,27세,경상
2014101200100111,2014년 10월 12일 08시,일요일,부산광역시 영도구 남항동1가,경상사고,0,0,1,0,차대차 - 기타,안전운전불이행,건조,맑음,단일로 - 기타,승합,남,46세,상해없음,원동기,남,65세,경상
2014101200100126,2014년 10월 12일 09시,일요일,부산광역시 사하구 다대동,경상사고,0,0,1,0,차대사람 - 기타,안전운전불이행,건조,맑음,단일로 - 기타,승용,남,72세,상해없음,보행자,남,25세,경상
2014101200100162,2014년 10월 12일 11시,일요일,부산광역시 동구 초량동,경상사고,0,0,5,0,차대차 - 추돌 - 주정차중,안전운전불이행,건조,맑음,단일로 - 기타,승용,남,68세,상해없음,승용,남,43세,경상
2014101200100192,2014년 10월 12일 12시,일요일,부산광역시 연제구 연산동,경상사고,0,0,2,0,차대차 - 기타,안전운전불이행,건조,맑음,단일로 - 기타,승용,남,70세,상해없음,승용,남,40세,경상
2014101200100247,2014년 10월 12일 14시,일요일,부산광역시 강서구 범방동,중상사고,0,2,0,0,차대차 - 추돌 - 주정차중,안전거리미확보,건조,맑음,단일로 - 기타,화물,남,59세,상해없음,승용,남,58세,중상
2014101200100278,2014년 10월 12일 15시,일요일,부산광역시 수영구 민락동,경상사고,0,0,1,0,차대사람 - 횡단중,보행자보호의무위반,건조,맑음,단일로 - 횡단보도상,승용,남,64세,상해없음,보행자,여,19세,경상
2014101200100313,2014년 10월 12일 16시,일요일,부산광역시 수영구 민락동,경상사고,0,0,1,0,차대사람 - 기타,안전운전불이행,건조,맑음,단일로 - 기타,승용,남,51세,상해없음,보행자,남,67세,경상
2014101200100314,2014년 10월 12일 16시,일요일,부산광역시 금정구 노포동,경상사고,0,0,1,0,차대차 - 추돌 - 진행중,안전거리미확보,건조,맑음,단일로 - 횡단보도부근,승용,남,51세,상해없음,승용,여,51세,경상
2014101200100315,2014년 10월 12일 16시,일요일,부산광역시 사하구 장림동,중상사고,0,1,0,0,차대사람 - 기타,교차로운행방법위반,건조,맑음,교차로 - 교차로안,이륜,남,33세,상해없음,보행자,여,55세,중상
2014101200100348,2014년 10월 12일 17시,일요일,부산광역시 서구 서대신동2가,중상사고,0,1,1,0,차대차 - 측면직각충돌,안전운전불이행,건조,맑음,단일로 - 기타,이륜,남,31세,경상,승합,남,53세,중상
2014101200100349,2014년 10월 12일 17시,일요일,부산광역시 사하구 하단동,경상사고,0,0,2,0,차대차 - 추돌 - 주정차중,안전운전불이행,건조,맑음,단일로 - 기타,승용,남,53세,상해없음,승용,남,35세,경상
2014101200100350,2014년 10월 12일 17시,일요일,부산광역시 기장군 기장읍,중상사고,0,2,5,0,차대차 - 추돌 - 주정차중,안전운전불이행,건조,맑음,단일로 - 기타,화물,남,55세,상해없음,승용,남,37세,중상
2014101200100377,2014년 10월 12일 18시,일요일,부산광역시 서구 남부민동,중상사고,0,1,0,0,차대차 - 정면충돌,중앙선침범,습기,비,단일로 - 기타,이륜,남,66세,중상,승용,남,56세,상해없음
2014101200100378,2014년 10월 12일 18시,일요일,부산광역시 사하구 감천동,경상사고,0,0,4,0,차량단독 - 공작물충돌,안전운전불이행,습기,비,단일로 - 기타,승합,남,66세,상해없음,,,,
2014101200100439,2014년 10월 12일 19시,일요일,부산광역시 동구 좌천동,경상사고,0,0,1,0,차대차 - 측면직각충돌,안전운전불이행,건조,맑음,단일로 - 기타,승용,남,47세,상해없음,원동기,남,47세,경상
2014101200100440,2014년 10월 12일 19시,일요일,부산광역시 부산진구 양정동,경상사고,0,0,1,0,차대차 - 기타,중앙선침범,습기,비,단일로 - 기타,승용,남,39세,상해없음,원동기,남,22세,경상
2014101200100486,2014년 10월 12일 20시,일요일,부산광역시 부산진구 당감동,경상사고,0,0,1,0,차대사람 - 횡단중,안전운전불이행,건조,맑음,단일로 - 기타,승용,남,53세,상해없음,보행자,남,8세,경상
2014101200100487,2014년 10월 12일 20시,일요일,부산광역시 금정구 서동,중상사고,0,1,0,0,차대사람 - 횡단중,안전운전불이행,습기,비,단일로 - 기타,원동기,남,34세,상해없음,보행자,여,56세,중상
2014101200100488,2014년 10월 12일 20시,일요일,부산광역시 사상구 덕포동,중상사고,0,1,0,0,차대차 - 기타,안전운전불이행,건조,맑음,단일로 - 기타,승용,남,34세,상해없음,원동기,남,48세,중상
2014101200100518,2014년 10월 12일 21시,일요일,부산광역시 남구 용당동,경상사고,0,0,1,0,차대차 - 기타,중앙선침범,습기,비,단일로 - 기타,승용,남,28세,상해없음,자전거,남,14세,경상
2014101200100519,2014년 10월 12일 21시,일요일,부산광역시 동래구 안락동,경상사고,0,0,3,0,차대차 - 추돌 - 진행중,안전운전불이행,건조,맑음,단일로 - 기타,승용,남,45세,상해없음,승용,남,32세,경상
2014101200100520,2014년 10월 12일 21시,일요일,부산광역시 해운대구 재송동,중상사고,0,1,0,0,차대사람 - 기타,안전운전불이행,습기,비,기타 - 기타,승용,여,35세,상해없음,보행자,남,57세,중상
2014101200100521,2014년 10월 12일 21시,일요일,부산광역시 부산진구 개금동,경상사고,0,0,1,0,차대사람 - 횡단중,안전운전불이행,습기,비,단일로 - 기타,승용,남,57세,상해없음,보행자,여,20세,경상
2014101200100565,2014년 10월 12일 22시,일요일,부산광역시 북구 금곡동,경상사고,0,0,1,0,차대차 - 추돌 - 진행중,안전운전불이행,습기,비,교차로 - 교차로부근,승합,남,53세,기타불명,승용,남,47세,경상
2014101200100566,2014년 10월 12일 22시,일요일,부산광역시 부산진구 부전동,경상사고,0,0,2,0,차대차 - 측면직각충돌,차로위반,습기,비,단일로 - 교량,화물,남,33세,상해없음,승용,남,27세,경상
2014101200100590,2014년 10월 12일 23시,일요일,부산광역시 서구 서대신동2가,중상사고,0,1,1,0,차대차 - 기타,중앙선침범,습기,비,단일로 - 기타,화물,남,57세,상해없음,승용,남,48세,경상
2014101200100591,2014년 10월 12일 23시,일요일,부산광역시 부산진구 범천동,중상사고,0,1,0,0,차대차 - 측면직각충돌,교차로운행방법위반,습기,비,교차로 - 교차로안,승용,남,26세,상해없음,원동기,남,29세,중상
2014101200100592,2014년 10월 12일 23시,일요일,부산광역시 부산진구 개금동,중상사고,0,2,0,0,차대사람 - 횡단중,보행자보호의무위반,습기,비,단일로 - 횡단보도상,승용,남,60세,상해없음,보행자,여,40세,중상
2014101200100593,2014년 10월 12일 23시,일요일,부산광역시 사하구 신평동,중상사고,0,1,0,0,차대사람 - 횡단중,신호위반,습기,비,단일로 - 기타,원동기,남,17세,상해없음,보행자,남,23세,중상
2014101300100003,2014년 10월 13일 00시,월요일,부산광역시 사하구 괴정동,경상사고,0,0,1,0,차대차 - 기타,안전거리미확보,건조,맑음,단일로 - 기타,승용,남,55세,상해없음,원동기,남,31세,경상
2014101300100016,2014년 10월 13일 01시,월요일,부산광역시 서구 초장동,중상사고,0,1,0,0,차대차 - 기타,교차로운행방법위반,건조,맑음,교차로 - 교차로안,승용,여,25세,상해없음,승용,여,53세,중상
2014101300100017,2014년 10월 13일 01시,월요일,부산광역시 부산진구 양정동,중상사고,0,1,1,0,차대차 - 추돌 - 진행중,안전운전불이행,습기,비,교차로 - 교차로부근,화물,남,39세,상해없음,승용,남,42세,경상
2014101300100019,2014년 10월 13일 01시,월요일,부산광역시 수영구 수영동,중상사고,0,1,0,0,차대사람 - 기타,안전운전불이행,습기,비,교차로 - 교차로안,승용,남,39세,상해없음,보행자,남,61세,중상
2014101300100020,2014년 10월 13일 01시,월요일,부산광역시 기장군 일광면,중상사고,0,2,0,0,차대차 - 추돌 - 진행중,안전운전불이행,습기,비,단일로 - 기타,승용,여,21세,상해없음,승용,남,60세,중상
2014101300100035,2014년 10월 13일 02시,월요일,부산광역시 동래구 온천동,경상사고,0,0,1,0,차대차 - 측면직각충돌,안전운전불이행,습기,비,단일로 - 기타,승용,기타불명,기타불명,기타불명,승용,여,54세,경상
2014101300100049,2014년 10월 13일 04시,월요일,부산광역시 수영구 광안동,중상사고,0,2,0,0,차대사람 - 기타,기타,습기,비,단일로 - 기타,승용,여,22세,상해없음,보행자,남,31세,중상
2014101300100050,2014년 10월 13일 04시,월요일,부산광역시 사상구 주례동,경상사고,0,0,1,0,차대사람 - 기타,안전운전불이행,습기,비,기타 - 기타,승합,남,55세,상해없음,보행자,남,59세,경상
2014101300100059,2014년 10월 13일 05시,월요일,부산광역시 남구 대연동,중상사고,0,1,0,0,차대차 - 추돌 - 진행중,안전거리미확보,습기,비,단일로 - 터널,승용,남,56세,상해없음,승용,남,26세,중상
2014101300100060,2014년 10월 13일 05시,월요일,부산광역시 동래구 안락동,경상사고,0,0,2,0,차대차 - 추돌 - 진행중,안전운전불이행,건조,맑음,단일로 - 기타,화물,남,41세,상해없음,화물,남,66세,경상
2014101300100061,2014년 10월 13일 05시,월요일,부산광역시 남구 대연동,경상사고,0,0,1,0,차대사람 - 기타,안전운전불이행,건조,맑음,단일로 - 기타,승용,남,53세,상해없음,보행자,여,88세,경상
2014101300100062,2014년 10월 13일 05시,월요일,부산광역시 부산진구 부전동,중상사고,0,1,1,0,차대차 - 측면직각충돌,안전운전불이행,습기,흐림,단일로 - 기타,승용,남,65세,상해없음,승용,남,49세,경상
2014101300100081,2014년 10월 13일 06시,월요일,부산광역시 수영구 광안동,중상사고,0,1,0,0,차대사람 - 횡단중,보행자보호의무위반,습기,비,교차로 - 교차로부근,승용,여,48세,상해없음,보행자,여,63세,중상
2014101300100082,2014년 10월 13일 06시,월요일,부산광역시 동래구 온천동,경상사고,0,0,1,0,차대차 - 추돌 - 진행중,안전거리미확보,건조,흐림,단일로 - 기타,승합,남,57세,상해없음,화물,남,46세,경상
2014101300100083,2014년 10월 13일 06시,월요일,부산광역시 해운대구 석대동,경상사고,0,0,1,0,차대차 - 추돌 - 진행중,안전거리미확보,건조,맑음,단일로 - 기타,승합,남,67세,상해없음,승용,여,62세,경상
2014101300100106,2014년 10월 13일 07시,월요일,부산광역시 해운대구 좌동,경상사고,0,0,2,0,차대차 - 추돌 - 진행중,안전운전불이행,습기,비,단일로 - 기타,승용,여,51세,상해없음,승용,여,54세,경상
2014101300100146,2014년 10월 13일 08시,월요일,부산광역시 중구 중앙동6가,경상사고,0,0,1,0,차량단독 - 기타,기타,습기,비,단일로 - 기타,승합,남,51세,상해없음,,,,
2014101300100147,2014년 10월 13일 08시,월요일,부산광역시 서구 서대신동1가,경상사고,0,0,1,0,차대차 - 추돌 - 주정차중,안전거리미확보,습기,비,단일로 - 터널,승용,남,58세,상해없음,승용,남,29세,경상
2014101300100148,2014년 10월 13일 08시,월요일,부산광역시 북구 구포동,사망사고,1,0,0,0,차대차 - 기타,안전운전불이행,습기,비,단일로 - 기타,승용,남,39세,상해없음,화물,남,57세,사망
2014101300100149,2014년 10월 13일 08시,월요일,부산광역시 북구 화명동,경상사고,0,0,1,0,차대차 - 기타,기타,습기,비,단일로 - 기타,건설기계,남,41세,상해없음,승용,남,54세,경상
2014101300100150,2014년 10월 13일 08시,월요일,부산광역시 부산진구 부전동,경상사고,0,0,1,0,차대차 - 기타,안전거리미확보,습기,비,단일로 - 기타,화물,남,63세,상해없음,승용,남,49세,상해없음
2014101300100151,2014년 10월 13일 08시,월요일,부산광역시 부산진구 부전동,중상사고,0,1,0,0,차대사람 - 기타,중앙선침범,건조,맑음,단일로 - 기타,승용,남,32세,상해없음,보행자,여,32세,중상
2014101300100152,2014년 10월 13일 08시,월요일,부산광역시 강서구 대저1동,경상사고,0,0,2,0,차대차 - 추돌 - 주정차중,안전거리미확보,습기,비,단일로 - 횡단보도부근,승용,남,53세,상해없음,승용,남,32세,경상
2014101300100203,2014년 10월 13일 09시,월요일,부산광역시 남구 용호동,경상사고,0,0,1,0,차대차 - 추돌 - 진행중,신호위반,습기,비,교차로 - 교차로안,승용,여,56세,상해없음,승용,남,58세,경상
2014101300100204,2014년 10월 13일 09시,월요일,부산광역시 북구 덕천동,중상사고,0,5,0,0,차대차 - 기타,안전거리미확보,습기,비,단일로 - 기타,화물,남,34세,상해없음,승용,여,62세,중상
2014101300100205,2014년 10월 13일 09시,월요일,부산광역시 동래구 복천동,경상사고,0,0,1,0,차대차 - 추돌 - 진행중,안전운전불이행,습기,비,단일로 - 기타,승용,남,27세,상해없음,승용,남,46세,경상
2014101300100235,2014년 10월 13일 10시,월요일,부산광역시 남구 문현동,중상사고,0,1,0,0,차량단독 - 기타,안전운전불이행,습기,비,단일로 - 기타,승용,남,59세,상해없음,,,,
2014101300100236,2014년 10월 13일 10시,월요일,부산광역시 영도구 봉래동1가,중상사고,0,2,2,0,차대차 - 정면충돌,중앙선침범,습기,비,단일로 - 기타,화물,남,60세,상해없음,승용,여,30세,중상
2014101300100261,2014년 10월 13일 11시,월요일,부산광역시 부산진구 부전동,경상사고,0,0,1,0,차대차 - 기타,안전거리미확보,습기,비,단일로 - 기타,승용,남,64세,상해없음,승합,남,52세,상해없음
2014101300100262,2014년 10월 13일 11시,월요일,부산광역시 부산진구 범전동,중상사고,0,1,3,0,차대차 - 기타,안전운전불이행,습기,흐림,단일로 - 기타,승용,남,40세,상해없음,승용,남,41세,경상
2014101300100297,2014년 10월 13일 12시,월요일,부산광역시 남구 문현동,중상사고,0,1,0,0,차대사람 - 기타,신호위반,습기,비,단일로 - 기타,승합,남,57세,상해없음,보행자,여,73세,중상
2014101300100298,2014년 10월 13일 12시,월요일,부산광역시 남구 용당동,경상사고,0,0,4,0,차대차 - 추돌 - 진행중,신호위반,습기,비,교차로 - 교차로안,승용,남,58세,상해없음,승용,여,22세,경상
2014101300100299,2014년 10월 13일 12시,월요일,부산광역시 북구 덕천동,경상사고,0,0,1,0,차대차 - 기타,안전거리미확보,습기,비,단일로 - 기타,승용,남,55세,상해없음,승용,여,61세,경상
2014101300100300,2014년 10월 13일 12시,월요일,부산광역시 사상구 감전동,경상사고,0,0,1,0,차대차 - 측면직각충돌,안전운전불이행,습기,비,단일로 - 기타,승합,남,56세,상해없음,승용,남,47세,경상
2014101300100340,2014년 10월 13일 13시,월요일,부산광역시 수영구 남천동,중상사고,0,1,0,0,차대차 - 측면직각충돌,안전운전불이행,습기,비,단일로 - 교량,특수,남,48세,상해없음,승용,남,58세,중상
2014101300100341,2014년 10월 13일 13시,월요일,부산광역시 해운대구 재송동,중상사고,0,1,0,0,차대사람 - 기타,안전운전불이행,건조,맑음,교차로 - 교차로안,승용,남,43세,상해없음,보행자,여,65세,중상
2014101300100342,2014년 10월 13일 13시,월요일,부산광역시 해운대구 석대동,중상사고,0,1,1,4,차대차 - 측면직각충돌,안전운전불이행,습기,비,단일로 - 기타,승용,남,30세,부상신고,승용,남,65세,경상
2014101300100343,2014년 10월 13일 13시,월요일,부산광역시 부산진구 양정동,경상사고,0,0,1,0,차대차 - 기타,신호위반,습기,비,단일로 - 기타,승용,여,53세,상해없음,이륜,남,20세,경상
2014101300100344,2014년 10월 13일 13시,월요일,부산광역시 연제구 연산동,경상사고,0,0,1,0,차대차 - 기타,안전거리미확보,습기,비,단일로 - 기타,승용,남,30세,상해없음,승용,여,67세,경상
2014101300100345,2014년 10월 13일 13시,월요일,부산광역시 기장군 기장읍,중상사고,0,1,0,0,차량단독 - 공작물충돌,안전운전불이행,습기,비,단일로 - 기타,승합,남,31세,상해없음,,,,
2014101300100378,2014년 10월 13일 14시,월요일,부산광역시 서구 암남동,경상사고,0,0,1,0,차대차 - 측면직각충돌,중앙선침범,습기,비,단일로 - 기타,승용,남,58세,상해없음,승용,남,51세,경상
2014101300100379,2014년 10월 13일 14시,월요일,부산광역시 북구 덕천동,경상사고,0,0,3,0,차대차 - 기타,신호위반,습기,비,교차로 - 교차로안,승용,여,55세,기타불명,화물,남,57세,경상
2014101300100380,2014년 10월 13일 14시,월요일,부산광역시 부산진구 당감동,경상사고,0,0,1,0,차대차 - 기타,안전거리미확보,습기,흐림,단일로 - 기타,승용,남,62세,상해없음,승용,남,49세,경상
2014101300100381,2014년 10월 13일 14시,월요일,부산광역시 수영구 망미동,경상사고,0,0,1,0,차대차 - 정면충돌,안전거리미확보,건조,맑음,단일로 - 기타,승용,여,30세,기타불명,승용,남,47세,상해없음
2014101300100415,2014년 10월 13일 15시,월요일,부산광역시 동래구 안락동,중상사고,0,1,0,0,차대차 - 측면직각충돌,신호위반,건조,맑음,교차로 - 교차로안,승용,남,68세,상해없음,화물,남,35세,중상
2014101300100416,2014년 10월 13일 15시,월요일,부산광역시 강서구 명지동,중상사고,0,1,1,0,차대차 - 추돌 - 주정차중,안전운전불이행,습기,비,교차로 - 교차로부근,화물,남,38세,상해없음,승용,남,30세,경상
2014101300100461,2014년 10월 13일 16시,월요일,부산광역시 남구 용호동,중상사고,0,1,0,0,차대차 - 기타,안전운전불이행,습기,흐림,단일로 - 기타,승용,여,50세,상해없음,승용,남,72세,중상
2014101300100462,2014년 10월 13일 16시,월요일,부산광역시 금정구 장전동,경상사고,0,0,1,0,차대차 - 기타,직진우회전진행방해,건조,맑음,단일로 - 기타,승용,여,50세,상해없음,이륜,남,59세,경상
2014101300100463,2014년 10월 13일 16시,월요일,부산광역시 사상구 감전동,경상사고,0,0,1,0,차대차 - 측면직각충돌,중앙선침범,습기,비,단일로 - 기타,화물,남,53세,기타불명,원동기,남,49세,경상
2014101300100500,2014년 10월 13일 17시,월요일,부산광역시 북구 화명동,경상사고,0,0,1,0,차대차 - 기타,안전운전불이행,습기,비,교차로 - 교차로안,승용,여,50세,상해없음,승용,남,45세,상해없음
2014101300100501,2014년 10월 13일 17시,월요일,부산광역시 해운대구 우동,경상사고,0,0,2,1,차대차 - 측면직각충돌,신호위반,건조,맑음,교차로 - 교차로안,승용,남,78세,부상신고,승용,남,42세,경상
2014101300100531,2014년 10월 13일 18시,월요일,부산광역시 해운대구 석대동,중상사고,0,1,0,0,차대차 - 측면직각충돌,교차로운행방법위반,건조,맑음,교차로 - 교차로안,승용,남,37세,상해없음,화물,남,57세,중상
2014101300100584,2014년 10월 13일 19시,월요일,부산광역시 사상구 모라동,경상사고,0,0,1,0,차대사람 - 횡단중,안전운전불이행,건조,맑음,단일로 - 횡단보도부근,승합,남,47세,상해없음,보행자,여,56세,경상
2014101300100653,2014년 10월 13일 21시,월요일,부산광역시 서구 서대신동1가,경상사고,0,0,4,0,차대차 - 추돌 - 주정차중,안전운전불이행,습기,흐림,단일로 - 기타,승용,남,49세,상해없음,승용,남,54세,경상
2014101300100682,2014년 10월 13일 22시,월요일,부산광역시 서구 서대신동3가,경상사고,0,0,1,0,차대차 - 기타,안전거리미확보,건조,맑음,단일로 - 터널,승용,남,65세,상해없음,승용,남,34세,상해없음
2014101300100683,2014년 10월 13일 22시,월요일,부산광역시 사상구 덕포동,중상사고,0,1,0,0,차대사람 - 횡단중,안전운전불이행,건조,맑음,교차로 - 교차로부근,승합,남,56세,상해없음,보행자,남,53세,중상
2014101300100705,2014년 10월 13일 23시,월요일,부산광역시 금정구 서동,중상사고,0,1,0,0,차대사람 - 기타,안전운전불이행,건조,맑음,단일로 - 기타,승용,남,59세,상해없음,보행자,남,33세,중상
2014101300100706,2014년 10월 13일 23시,월요일,부산광역시 사하구 괴정동,중상사고,0,1,0,0,차대사람 - 기타,안전운전불이행,건조,맑음,단일로 - 기타,승용,남,64세,상해없음,보행자,여,57세,중상
2014101300100707,2014년 10월 13일 23시,월요일,부산광역시 사하구 당리동,경상사고,0,0,1,0,차대사람 - 기타,교차로운행방법위반,건조,맑음,교차로 - 교차로안,승용,남,66세,상해없음,보행자,여,33세,경상
2014101400100005,2014년 10월 14일 00시,화요일,부산광역시 강서구 송정동,경상사고,0,0,2,0,차대차 - 기타,신호위반,건조,맑음,교차로 - 교차로안,승용,남,55세,상해없음,승용,남,24세,경상
2014101400100027,2014년 10월 14일 01시,화요일,부산광역시 사하구 괴정동,경상사고,0,0,1,0,차대차 - 추돌 - 진행중,안전운전불이행,건조,맑음,단일로 - 기타,승용,여,53세,상해없음,승용,남,39세,경상
2014101400100057,2014년 10월 14일 04시,화요일,부산광역시 부산진구 당감동,경상사고,0,0,1,0,차대사람 - 기타,안전운전불이행,기타,맑음,단일로 - 기타,승용,남,46세,상해없음,보행자,남,27세,경상
2014101400100058,2014년 10월 14일 04시,화요일,부산광역시 수영구 망미동,경상사고,0,0,3,0,차대차 - 측면직각충돌,차로위반,건조,맑음,단일로 - 기타,승용,남,24세,상해없음,승용,남,60세,경상
2014101400100065,2014년 10월 14일 05시,화요일,부산광역시 기장군 기장읍,경상사고,0,0,1,0,차대차 - 추돌 - 주정차중,안전운전불이행,습기,맑음,교차로 - 교차로부근,승용,남,25세,상해없음,승용,여,61세,경상
2014101400100075,2014년 10월 14일 06시,화요일,부산광역시 영도구 동삼동,사망사고,1,0,0,0,차대사람 - 횡단중,보행자보호의무위반,건조,맑음,단일로 - 횡단보도상,승용,남,61세,상해없음,보행자,여,60세,사망
2014101400100076,2014년 10월 14일 06시,화요일,부산광역시 금정구 부곡동,부상신고사고,0,0,0,1,차량단독 - 공작물충돌,안전운전불이행,건조,맑음,단일로 - 기타,승용,여,56세,부상신고,,,,
2014101400100089,2014년 10월 14일 07시,화요일,부산광역시 동구 초량동,중상사고,0,1,0,0,차대차 - 기타,중앙선침범,건조,맑음,단일로 - 기타,승용,남,27세,상해없음,원동기,남,48세,중상