사고번호,사고일시,요일,시군구,사고내용,사망자수,중상자수,경상자수,부상신고자수,사고유형,법규위반,노면상태,기상상태,도로형태,가해운전자 차종,가해운전자 성별,가해운전자 연령,가해운전자 상해정도,피해운전자 차종,피해운전자 성별,피해운전자 연령,피해운전자 상해정도
2014101700100432,2014년 10월 17일 15시,금요일,부산광역시 서구 토성동5가,중상사고,0,1,0,0,차대차 - 추돌 - 주정차중,안전운전불이행,건조,맑음,단일로 - 기타,화물,남,61세,중상,화물,남,59세,기타불명
2014101700100433,2014년 10월 17일 15시,금요일,부산광역시 부산진구 부전동,경상사고,0,0,1,0,차대사람 - 차도통행중,안전운전불이행,건조,맑음,단일로 - 기타,승용,여,22세,상해없음,보행자,여,57세,경상
2014101700100471,2014년 10월 17일 16시,금요일,부산광역시 연제구 거제동,중상사고,0,1,0,0,차대사람 - 길가장자리구역통행중,교차로운행방법위반,건조,맑음,교차로 - 교차로부근,승용,남,79세,기타불명,보행자,남,10세,중상
2014101700100504,2014년 10월 17일 17시,금요일,부산광역시 영도구 대교동1가,경상사고,0,0,1,0,차대사람 - 기타,안전운전불이행,건조,맑음,단일로 - 기타,승용,남,54세,상해없음,보행자,여,9세,경상
2014101700100554,2014년 10월 17일 18시,금요일,부산광역시 동래구 사직동,부상신고사고,0,0,0,1,차대차 - 측면직각충돌,기타,건조,맑음,교차로 - 교차로부근,이륜,남,34세,부상신고,승용,남,39세,상해없음
2014101700100555,2014년 10월 17일 18시,금요일,부산광역시 해운대구 반여동,중상사고,0,1,0,0,차대사람 - 횡단중,신호위반,건조,맑음,단일로 - 기타,승용,남,66세,상해없음,보행자,남,73세,중상
2014101700100556,2014년 10월 17일 18시,금요일,부산광역시 금정구 남산동,경상사고,0,0,1,0,차대차 - 측면직각충돌,기타,건조,맑음,교차로 - 교차로안,승용,남,36세,상해없음,승용,여,55세,경상
2014101700100636,2014년 10월 17일 19시,금요일,부산광역시 남구 대연동,경상사고,0,0,1,0,차대차 - 기타,중앙선침범,건조,맑음,단일로 - 기타,이륜,남,23세,상해없음,이륜,남,19세,경상
2014101700100637,2014년 10월 17일 19시,금요일,부산광역시 사하구 장림동,중상사고,0,3,0,0,차대차 - 측면직각충돌,교차로운행방법위반,건조,맑음,교차로 - 교차로안,승용,남,48세,상해없음,이륜,남,17세,중상
2014101700100703,2014년 10월 17일 20시,금요일,부산광역시 금정구 회동동,중상사고,0,1,0,0,차대차 - 기타,안전거리미확보,건조,맑음,단일로 - 기타,승용,남,30세,상해없음,승합,남,56세,상해없음
2014101700100704,2014년 10월 17일 20시,금요일,부산광역시 사상구 괘법동,경상사고,0,0,2,0,차대차 - 측면직각충돌,안전운전불이행,건조,맑음,단일로 - 기타,승합,여,43세,상해없음,승용,남,34세,경상
2014101700100735,2014년 10월 17일 21시,금요일,부산광역시 해운대구 우동,경상사고,0,0,1,0,차량단독 - 기타,안전운전불이행,건조,맑음,단일로 - 기타,승합,남,51세,상해없음,,,,
2014101700100736,2014년 10월 17일 21시,금요일,부산광역시 부산진구 양정동,경상사고,0,0,1,0,차대사람 - 길가장자리구역통행중,안전운전불이행,건조,맑음,단일로 - 기타,승용,기타불명,기타불명,기타불명,보행자,여,15세,경상
2014101700100737,2014년 10월 17일 21시,금요일,부산광역시 금정구 남산동,부상신고사고,0,0,0,1,차대차 - 측면직각충돌,불법유턴,건조,맑음,단일로 - 기타,자전거,남,21세,부상신고,이륜,남,19세,상해없음
2014101700100778,2014년 10월 17일 22시,금요일,부산광역시 사하구 감천동,경상사고,0,0,1,1,차대차 - 측면직각충돌,안전거리미확보,건조,맑음,단일로 - 기타,이륜,남,13세,부상신고,승용,남,29세,상해없음
2014101700100808,2014년 10월 17일 23시,금요일,부산광역시 북구 구포동,경상사고,0,0,1,0,차대차 - 기타,신호위반,건조,맑음,교차로 - 교차로안,승용,남,47세,상해없음,원동기,남,47세,경상
2014101700100809,2014년 10월 17일 23시,금요일,부산광역시 사하구 괴정동,경상사고,0,0,1,0,차대차 - 측면직각충돌,신호위반,건조,맑음,교차로 - 교차로안,승용,남,55세,상해없음,승용,남,38세,경상
2014101800100009,2014년 10월 18일 00시,토요일,부산광역시 해운대구 중동,경상사고,0,0,2,0,차대차 - 기타,교차로운행방법위반,건조,맑음,교차로 - 교차로안,승용,남,54세,상해없음,승용,남,35세,경상
2014101800100010,2014년 10월 18일 00시,토요일,부산광역시 사상구 모라동,중상사고,0,1,0,0,차대사람 - 기타,안전운전불이행,건조,맑음,단일로 - 기타,승용,남,47세,상해없음,보행자,남,44세,중상
2014101800100033,2014년 10월 18일 01시,토요일,부산광역시 부산진구 범천동,중상사고,0,1,0,0,차대사람 - 횡단중,안전운전불이행,건조,맑음,교차로 - 교차로안,승용,남,62세,상해없음,보행자,여,27세,중상
2014101800100060,2014년 10월 18일 02시,토요일,부산광역시 해운대구 우동,경상사고,0,0,1,0,차대차 - 기타,안전운전불이행,건조,맑음,교차로 - 교차로부근,승용,여,45세,상해없음,승용,남,57세,경상
2014101800100061,2014년 10월 18일 02시,토요일,부산광역시 연제구 연산동,중상사고,0,1,0,0,차대차 - 기타,기타,건조,맑음,단일로 - 기타,승용,남,46세,상해없음,이륜,남,34세,상해없음
2014101800100125,2014년 10월 18일 07시,토요일,부산광역시 부산진구 부전동,부상신고사고,0,0,0,1,차대사람 - 횡단중,안전운전불이행,건조,맑음,단일로 - 기타,화물,남,49세,상해없음,보행자,여,65세,부상신고
2014101800100126,2014년 10월 18일 07시,토요일,부산광역시 강서구 대저1동,경상사고,0,0,4,0,차대차 - 정면충돌,중앙선침범,건조,맑음,단일로 - 기타,승용,남,53세,상해없음,승용,남,66세,경상
2014101800100139,2014년 10월 18일 08시,토요일,부산광역시 중구 남포동1가,경상사고,0,0,3,0,차대차 - 추돌 - 진행중,안전거리미확보,건조,맑음,단일로 - 기타,승용,남,42세,상해없음,승합,남,34세,경상
2014101800100140,2014년 10월 18일 08시,토요일,부산광역시 금정구 장전동,중상사고,0,1,0,0,차대차 - 측면직각충돌,중앙선침범,건조,맑음,단일로 - 기타,승용,여,31세,상해없음,이륜,남,62세,중상
2014101800100141,2014년 10월 18일 08시,토요일,부산광역시 연제구 거제동,사망사고,1,0,0,0,차대사람 - 기타,안전운전불이행,건조,맑음,기타 - 기타,건설기계,남,46세,상해없음,보행자,여,66세,사망
2014101800100171,2014년 10월 18일 09시,토요일,부산광역시 사하구 구평동,경상사고,0,0,1,0,차대사람 - 기타,안전운전불이행,건조,맑음,단일로 - 기타,화물,남,38세,상해없음,보행자,여,53세,경상
2014101800100205,2014년 10월 18일 10시,토요일,부산광역시 북구 구포동,중상사고,0,1,0,0,차대사람 - 길가장자리구역통행중,안전운전불이행,건조,맑음,단일로 - 기타,승용,남,40세,상해없음,보행자,여,71세,중상
2014101800100206,2014년 10월 18일 10시,토요일,부산광역시 사하구 하단동,중상사고,0,1,0,0,차대차 - 측면직각충돌,불법유턴,건조,맑음,교차로 - 교차로부근,자전거,남,69세,중상,승용,남,31세,상해없음
2014101800100207,2014년 10월 18일 10시,토요일,부산광역시 사하구 괴정동,경상사고,0,0,1,0,차대차 - 측면직각충돌,신호위반,건조,맑음,단일로 - 횡단보도상,이륜,남,45세,상해없음,자전거,남,76세,경상
2014101800100208,2014년 10월 18일 10시,토요일,부산광역시 강서구 대저2동,중상사고,0,1,0,2,차대차 - 추돌 - 주정차중,안전운전불이행,건조,맑음,교차로 - 교차로부근,승용,남,73세,부상신고,화물,남,22세,중상
2014101800100243,2014년 10월 18일 11시,토요일,부산광역시 연제구 연산동,경상사고,0,0,1,0,차대차 - 추돌 - 진행중,안전거리미확보,건조,맑음,단일로 - 기타,화물,남,65세,상해없음,화물,남,50세,경상
2014101800100271,2014년 10월 18일 12시,토요일,부산광역시 서구 서대신동1가,중상사고,0,1,5,0,차대차 - 기타,안전운전불이행,건조,맑음,단일로 - 기타,승합,남,20세,상해없음,승합,남,51세,상해없음
2014101800100272,2014년 10월 18일 12시,토요일,부산광역시 남구 대연동,중상사고,0,1,0,0,차량단독 - 기타,안전운전불이행,건조,맑음,단일로 - 기타,승합,남,61세,상해없음,,,,
2014101800100273,2014년 10월 18일 12시,토요일,부산광역시 해운대구 좌동,부상신고사고,0,0,0,1,차대사람 - 횡단중,보행자보호의무위반,건조,맑음,교차로 - 교차로부근,이륜,남,32세,상해없음,보행자,남,17세,부상신고
2014101800100274,2014년 10월 18일 12시,토요일,부산광역시 부산진구 범천동,경상사고,0,0,1,0,차대사람 - 횡단중,안전운전불이행,건조,맑음,단일로 - 기타,원동기,남,23세,상해없음,보행자,남,55세,경상
2014101800100275,2014년 10월 18일 12시,토요일,부산광역시 금정구 서동,경상사고,0,0,1,0,차대사람 - 길가장자리구역통행중,안전운전불이행,건조,맑음,단일로 - 기타,승용,남,60세,상해없음,보행자,남,63세,경상
2014101800100276,2014년 10월 18일 12시,토요일,부산광역시 수영구 망미동,경상사고,0,0,1,0,차대차 - 측면직각충돌,교차로운행방법위반,건조,맑음,교차로 - 교차로안,승용,남,50세,기타불명,승용,여,46세,경상
2014101800100311,2014년 10월 18일 13시,토요일,부산광역시 서구 암남동,경상사고,0,0,2,0,차대차 - 기타,신호위반,건조,맑음,교차로 - 교차로안,승용,여,46세,상해없음,승합,남,73세,경상
2014101800100343,2014년 10월 18일 14시,토요일,부산광역시 수영구 민락동,경상사고,0,0,1,0,차대차 - 측면직각충돌,중앙선침범,건조,맑음,단일로 - 기타,승용,남,19세,상해없음,화물,남,44세,경상
2014101800100386,2014년 10월 18일 15시,토요일,부산광역시 북구 금곡동,중상사고,0,1,0,0,차대차 - 기타,안전운전불이행,건조,맑음,단일로 - 기타,자전거,남,10세,상해없음,자전거,남,52세,중상
2014101800100387,2014년 10월 18일 15시,토요일,부산광역시 사상구 학장동,경상사고,0,0,1,0,차대차 - 기타,안전거리미확보,건조,맑음,단일로 - 기타,승용,남,62세,상해없음,이륜,남,51세,경상
2014101800100439,2014년 10월 18일 16시,토요일,부산광역시 중구 영주동,경상사고,0,0,1,0,차대차 - 기타,중앙선침범,건조,맑음,단일로 - 기타,승용,남,26세,상해없음,승용,남,49세,경상
2014101800100440,2014년 10월 18일 16시,토요일,부산광역시 사상구 주례동,경상사고,0,0,1,0,차대차 - 추돌 - 주정차중,안전거리미확보,건조,맑음,단일로 - 기타,승용,여,40세,상해없음,승용,여,22세,경상
2014101800100484,2014년 10월 18일 17시,토요일,부산광역시 북구 덕천동,경상사고,0,0,1,0,차대차 - 추돌 - 주정차중,안전운전불이행,건조,맑음,단일로 - 기타,승용,남,25세,상해없음,승용,여,39세,경상
2014101800100485,2014년 10월 18일 17시,토요일,부산광역시 부산진구 전포동,경상사고,0,0,1,0,차대차 - 추돌 - 진행중,안전운전불이행,건조,맑음,단일로 - 기타,승용,여,33세,상해없음,승용,여,25세,경상
2014101800100532,2014년 10월 18일 18시,토요일,부산광역시 북구 금곡동,중상사고,0,1,0,0,차대차 - 추돌 - 주정차중,안전운전불이행,건조,맑음,단일로 - 기타,승용,남,33세,상해없음,승용,여,59세,기타불명
2014101800100533,2014년 10월 18일 18시,토요일,부산광역시 수영구 망미동,중상사고,0,1,0,0,차대차 - 정면충돌,신호위반,건조,맑음,교차로 - 교차로안,승용,기타불명,기타불명,기타불명,원동기,남,22세,중상
2014101800100535,2014년 10월 18일 18시,토요일,부산광역시 기장군 기장읍,중상사고,0,1,0,0,차대차 - 기타,안전운전불이행,건조,맑음,미분류 - 미분류,화물,남,67세,상해없음,농기계,남,77세,중상
2014101800100582,2014년 10월 18일 19시,토요일,부산광역시 남구 문현동,경상사고,0,0,1,0,차대차 - 추돌 - 진행중,차로위반,건조,맑음,단일로 - 기타,승용,여,44세,상해없음,승용,남,32세,상해없음
2014101800100583,2014년 10월 18일 19시,토요일,부산광역시 동래구 칠산동,중상사고,0,3,0,0,차대차 - 측면직각충돌,안전거리미확보,건조,맑음,단일로 - 기타,승용,남,25세,상해없음,승용,남,48세,중상
2014101800100627,2014년 10월 18일 20시,토요일,부산광역시 동래구 명륜동,중상사고,0,1,0,0,차대사람 - 기타,안전운전불이행,건조,맑음,단일로 - 기타,화물,남,31세,상해없음,보행자,남,30세,중상
2014101800100628,2014년 10월 18일 20시,토요일,부산광역시 강서구 명지동,경상사고,0,0,1,0,차대차 - 추돌 - 진행중,안전운전불이행,건조,맑음,단일로 - 기타,승용,남,41세,상해없음,승용,남,37세,경상
2014101800100629,2014년 10월 18일 20시,토요일,부산광역시 사상구 주례동,부상신고사고,0,0,0,1,차대사람 - 기타,안전운전불이행,건조,맑음,교차로 - 교차로부근,기타불명,기타불명,기타불명,기타불명,보행자,남,60세,부상신고
2014101800100669,2014년 10월 18일 21시,토요일,부산광역시 남구 용당동,부상신고사고,0,0,0,1,차대차 - 기타,안전운전불이행,건조,맑음,교차로 - 교차로부근,승용,남,26세,상해없음,이륜,남,23세,부상신고
2014101800100670,2014년 10월 18일 21시,토요일,부산광역시 북구 덕천동,경상사고,0,0,1,0,차대사람 - 기타,안전운전불이행,건조,맑음,교차로 - 교차로안,승용,남,47세,상해없음,보행자,남,25세,경상
2014101800100671,2014년 10월 18일 21시,토요일,부산광역시 부산진구 연지동,중상사고,0,1,0,0,차대차 - 측면직각충돌,안전운전불이행,건조,맑음,교차로 - 교차로안,원동기,남,18세,상해없음,승용,남,44세,상해없음
2014101800100672,2014년 10월 18일 21시,토요일,부산광역시 연제구 연산동,경상사고,0,0,1,0,차대차 - 기타,기타,건조,맑음,단일로 - 횡단보도부근,승용,여,47세,상해없음,승용,남,41세,경상
2014101800100673,2014년 10월 18일 21시,토요일,부산광역시 기장군 정관면,경상사고,0,0,2,0,차대차 - 기타,신호위반,건조,맑음,교차로 - 교차로안,이륜,남,15세,상해없음,이륜,남,19세,경상
2014101800100707,2014년 10월 18일 22시,토요일,부산광역시 남구 대연동,경상사고,0,0,1,0,차대차 - 측면직각충돌,중앙선침범,건조,맑음,단일로 - 기타,승용,남,55세,상해없음,원동기,남,37세,경상
2014101800100708,2014년 10월 18일 22시,토요일,부산광역시 부산진구 부전동,중상사고,0,1,0,0,차대차 - 측면직각충돌,신호위반,건조,맑음,교차로 - 교차로안,승용,남,35세,상해없음,승용,여,57세,중상
2014101800100709,2014년 10월 18일 22시,토요일,부산광역시 사하구 당리동,경상사고,0,0,2,0,차대차 - 측면직각충돌,안전거리미확보,건조,맑음,단일로 - 기타,승용,여,51세,상해없음,승용,남,41세,상해없음
2014101800100740,2014년 10월 18일 23시,토요일,부산광역시 중구 중앙동4가,경상사고,0,0,1,0,차대차 - 측면직각충돌,신호위반,건조,맑음,교차로 - 교차로안,승용,남,18세,상해없음,승용,남,25세,경상
2014101900100029,2014년 10월 19일 01시,일요일,부산광역시 동구 범일동,경상사고,0,0,1,0,차대차 - 측면직각충돌,신호위반,건조,맑음,교차로 - 교차로안,화물,남,43세,상해없음,승용,남,62세,경상
2014101900100030,2014년 10월 19일 01시,일요일,부산광역시 남구 용호동,중상사고,0,1,1,0,차대사람 - 횡단중,안전운전불이행,건조,맑음,단일로 - 횡단보도부근,승용,남,60세,상해없음,보행자,여,25세,중상
2014101900100031,2014년 10월 19일 01시,일요일,부산광역시 동래구 온천동,경상사고,0,0,2,0,차대차 - 측면직각충돌,차로위반,건조,맑음,단일로 - 기타,승용,남,57세,상해없음,승용,남,57세,상해없음
2014101900100032,2014년 10월 19일 01시,일요일,부산광역시 부산진구 가야동,경상사고,0,0,1,0,차대차 - 기타,신호위반,건조,맑음,교차로 - 교차로안,화물,남,38세,상해없음,승용,남,56세,경상
2014101900100050,2014년 10월 19일 02시,일요일,부산광역시 동구 범일동,중상사고,0,2,0,0,차대차 - 측면직각충돌,신호위반,건조,맑음,교차로 - 교차로안,승용,여,53세,상해없음,승용,남,50세,중상
2014101900100089,2014년 10월 19일 05시,일요일,부산광역시 연제구 연산동,중상사고,0,1,0,0,차대차 - 측면직각충돌,안전운전불이행,건조,맑음,단일로 - 기타,승용,남,43세,상해없음,이륜,여,47세,중상
2014101900100090,2014년 10월 19일 05시,일요일,부산광역시 연제구 거제동,경상사고,0,0,1,0,차량단독 - 기타,기타,건조,맑음,단일로 - 기타,승합,남,56세,상해없음,,,,
2014101900100122,2014년 10월 19일 07시,일요일,부산광역시 남구 감만동,중상사고,0,1,0,0,차대차 - 측면직각충돌,신호위반,건조,맑음,교차로 - 교차로안,승용,남,37세,상해없음,특수,남,54세,상해없음
2014101900100172,2014년 10월 19일 10시,일요일,부산광역시 북구 구포동,중상사고,0,1,0,0,차대사람 - 기타,안전운전불이행,건조,맑음,단일로 - 기타,화물,남,53세,상해없음,보행자,여,89세,중상
2014101900100173,2014년 10월 19일 10시,일요일,부산광역시 북구 금곡동,중상사고,0,1,0,0,차량단독 - 기타,안전운전불이행,건조,맑음,단일로 - 기타,승합,남,48세,상해없음,,,,
2014101900100202,2014년 10월 19일 11시,일요일,부산광역시 동구 좌천동,경상사고,0,0,2,0,차대차 - 측면직각충돌,교차로운행방법위반,건조,맑음,교차로 - 교차로안,승용,남,74세,기타불명,승합,남,45세,상해없음
2014101900100234,2014년 10월 19일 12시,일요일,부산광역시 사상구 괘법동,중상사고,0,1,0,0,차대사람 - 기타,안전운전불이행,건조,맑음,단일로 - 기타,승용,남,31세,상해없음,보행자,남,58세,중상
2014101900100261,2014년 10월 19일 13시,일요일,부산광역시 동래구 온천동,중상사고,0,1,0,0,차대차 - 추돌 - 주정차중,안전운전불이행,건조,맑음,교차로 - 교차로부근,승용,여,59세,상해없음,승용,남,42세,중상
2014101900100262,2014년 10월 19일 13시,일요일,부산광역시 영도구 남항동1가,경상사고,0,0,1,0,차대차 - 추돌 - 진행중,교차로운행방법위반,건조,맑음,교차로 - 교차로안,승용,남,52세,상해없음,승용,남,43세,경상
2014101900100359,2014년 10월 19일 16시,일요일,부산광역시 연제구 연산동,경상사고,0,0,1,0,차대사람 - 기타,안전운전불이행,건조,맑음,단일로 - 기타,승용,여,59세,상해없음,보행자,남,2세,경상
2014101900100392,2014년 10월 19일 17시,일요일,부산광역시 부산진구 개금동,중상사고,0,1,1,0,차대차 - 측면직각충돌,교차로운행방법위반,건조,맑음,교차로 - 교차로안,승용,남,68세,중상,승용,남,64세,상해없음
2014101900100424,2014년 10월 19일 18시,일요일,부산광역시 서구 암남동,경상사고,0,0,1,0,차대사람 - 기타,안전운전불이행,건조,맑음,단일로 - 기타,이륜,남,24세,상해없음,보행자,남,17세,경상
2014101900100425,2014년 10월 19일 18시,일요일,부산광역시 북구 구포동,경상사고,0,0,2,2,차대차 - 추돌 - 진행중,차로위반,건조,맑음,단일로 - 기타,승합,남,43세,상해없음,승용,남,31세,경상
2014101900100426,2014년 10월 19일 18시,일요일,부산광역시 동래구 안락동,중상사고,0,1,0,0,차대차 - 측면직각충돌,신호위반,건조,맑음,단일로 - 횡단보도상,승용,남,57세,상해없음,자전거,남,11세,중상
2014101900100427,2014년 10월 19일 18시,일요일,부산광역시 동래구 복천동,중상사고,0,1,0,0,차대사람 - 횡단중,보행자보호의무위반,건조,맑음,단일로 - 횡단보도상,승용,남,61세,상해없음,보행자,남,19세,중상
2014101900100428,2014년 10월 19일 18시,일요일,부산광역시 기장군 철마면,경상사고,0,0,1,0,차대사람 - 길가장자리구역통행중,안전운전불이행,건조,흐림,단일로 - 기타,기타불명,기타불명,기타불명,기타불명,보행자,남,51세,경상
2014101900100487,2014년 10월 19일 19시,일요일,부산광역시 사하구 다대동,중상사고,0,1,0,0,차대차 - 기타,안전운전불이행,건조,흐림,단일로 - 기타,승용,여,51세,상해없음,화물,남,51세,기타불명
2014101900100520,2014년 10월 19일 20시,일요일,부산광역시 사하구 감천동,경상사고,0,0,1,1,차대차 - 기타,안전운전불이행,건조,맑음,단일로 - 기타,승용,여,48세,상해없음,승용,여,34세,부상신고
2014101900100521,2014년 10월 19일 20시,일요일,부산광역시 기장군 정관면,경상사고,0,0,2,0,차대차 - 추돌 - 주정차중,안전운전불이행,건조,맑음,교차로 - 교차로부근,화물,여,67세,경상,승용,남,35세,경상
2014101900100549,2014년 10월 19일 21시,일요일,부산광역시 동래구 온천동,중상사고,0,1,0,0,차대차 - 측면직각충돌,안전운전불이행,건조,맑음,단일로 - 기타,승용,남,56세,상해없음,승용,남,42세,상해없음
2014101900100574,2014년 10월 19일 22시,일요일,부산광역시 북구 금곡동,경상사고,0,0,2,0,차대차 - 추돌 - 주정차중,안전운전불이행,건조,맑음,단일로 - 기타,승용,남,43세,상해없음,이륜,남,24세,경상
2014101900100599,2014년 10월 19일 23시,일요일,부산광역시 사하구 신평동,경상사고,0,0,1,0,차대차 - 측면직각충돌,안전운전불이행,건조,맑음,단일로 - 기타,기타불명,기타불명,기타불명,기타불명,자전거,남,63세,경상
2014102000100005,2014년 10월 20일 00시,월요일,부산광역시 해운대구 우동,경상사고,0,0,2,0,차대차 - 측면직각충돌,안전운전불이행,건조,흐림,교차로 - 교차로부근,승용,남,36세,상해없음,승용,남,29세,경상
2014102000100035,2014년 10월 20일 02시,월요일,부산광역시 사하구 하단동,중상사고,0,2,0,0,차량단독 - 전도전복,안전운전불이행,건조,흐림,단일로 - 기타,원동기,남,21세,중상,,,,
2014102000100046,2014년 10월 20일 03시,월요일,부산광역시 부산진구 범천동,중상사고,0,1,0,0,차대사람 - 기타,신호위반,습기,비,교차로 - 교차로부근,이륜,남,27세,상해없음,보행자,남,58세,중상
2014102000100054,2014년 10월 20일 04시,월요일,부산광역시 사하구 괴정동,중상사고,0,1,0,0,차량단독 - 전도전복,기타,습기,비,단일로 - 기타,원동기,남,59세,중상,,,,
2014102000100063,2014년 10월 20일 05시,월요일,부산광역시 금정구 금사동,중상사고,0,1,0,0,차대차 - 기타,안전운전불이행,습기,비,단일로 - 기타,화물,남,34세,상해없음,승용,남,29세,중상
2014102000100080,2014년 10월 20일 06시,월요일,부산광역시 부산진구 가야동,경상사고,0,0,1,0,차대차 - 측면직각충돌,안전운전불이행,습기,비,교차로 - 교차로안,승용,남,63세,상해없음,이륜,남,20세,경상
2014102000100105,2014년 10월 20일 07시,월요일,부산광역시 중구 중앙동1가,경상사고,0,0,1,0,차대차 - 추돌 - 진행중,안전운전불이행,습기,비,교차로 - 교차로부근,승용,남,31세,상해없음,승용,남,40세,경상
2014102000100106,2014년 10월 20일 07시,월요일,부산광역시 북구 금곡동,경상사고,0,0,1,0,차대차 - 추돌 - 진행중,안전거리미확보,건조,맑음,단일로 - 기타,승합,여,49세,상해없음,승합,남,54세,경상
2014102000100107,2014년 10월 20일 07시,월요일,부산광역시 북구 덕천동,경상사고,0,0,1,0,차대차 - 측면직각충돌,교차로운행방법위반,건조,맑음,교차로 - 교차로안,승용,여,48세,상해없음,승합,여,42세,경상
2014102000100108,2014년 10월 20일 07시,월요일,부산광역시 기장군 장안읍,경상사고,0,0,2,0,차대차 - 측면직각충돌,안전운전불이행,습기,비,교차로 - 교차로안,화물,여,53세,상해없음,승용,남,51세,경상
2014102000100139,2014년 10월 20일 08시,월요일,부산광역시 영도구 남항동1가,중상사고,0,1,1,0,차대차 - 정면충돌,중앙선침범,습기,비,단일로 - 기타,승용,남,26세,상해없음,승용,남,62세,중상
2014102000100140,2014년 10월 20일 08시,월요일,부산광역시 해운대구 반여동,경상사고,0,0,1,0,차대차 - 측면직각충돌,안전운전불이행,건조,맑음,단일로 - 기타,화물,남,64세,상해없음,승용,남,66세,경상
2014102000100141,2014년 10월 20일 08시,월요일,부산광역시 수영구 망미동,경상사고,0,0,1,0,차대차 - 추돌 - 진행중,안전거리미확보,습기,비,단일로 - 기타,승용,남,37세,상해없음,승용,여,53세,경상
2014102000100191,2014년 10월 20일 09시,월요일,부산광역시 금정구 구서동,중상사고,0,1,0,0,차대차 - 기타,교차로운행방법위반,습기,비,교차로 - 교차로안,승용,여,43세,상해없음,승용,여,54세,중상
2014102000100192,2014년 10월 20일 09시,월요일,부산광역시 연제구 연산동,중상사고,0,4,0,0,차대차 - 추돌 - 진행중,안전운전불이행,습기,비,교차로 - 교차로부근,화물,남,31세,상해없음,승용,남,35세,중상
2014102000100193,2014년 10월 20일 09시,월요일,부산광역시 사상구 엄궁동,중상사고,0,1,0,0,차대차 - 기타,안전거리미확보,건조,맑음,단일로 - 기타,이륜,남,67세,중상,화물,남,31세,상해없음
2014102000100268,2014년 10월 20일 11시,월요일,부산광역시 서구 동대신동1가,중상사고,0,4,1,0,차대차 - 측면직각충돌,신호위반,습기,비,교차로 - 교차로안,승용,여,65세,중상,승용,남,60세,중상
2014102000100269,2014년 10월 20일 11시,월요일,부산광역시 서구 암남동,중상사고,0,2,1,0,차대차 - 추돌 - 주정차중,안전거리미확보,습기,비,단일로 - 기타,화물,남,55세,상해없음,승용,여,54세,중상
2014102000100270,2014년 10월 20일 11시,월요일,부산광역시 강서구 명지동,경상사고,0,0,1,0,차대차 - 측면직각충돌,교차로운행방법위반,건조,맑음,교차로 - 교차로안,화물,남,67세,상해없음,승용,남,60세,경상
2014102000100271,2014년 10월 20일 11시,월요일,부산광역시 기장군 기장읍,중상사고,0,1,0,0,차대차 - 기타,안전운전불이행,습기,비,단일로 - 기타,화물,남,64세,상해없음,이륜,남,46세,중상
2014102000100301,2014년 10월 20일 12시,월요일,부산광역시 부산진구 전포동,경상사고,0,0,3,0,차대차 - 정면충돌,안전운전불이행,습기,비,교차로 - 교차로안,화물,남,32세,상해없음,승용,남,28세,경상
2014102000100302,2014년 10월 20일 12시,월요일,부산광역시 부산진구 양정동,중상사고,0,1,0,0,차대차 - 측면직각충돌,신호위반,습기,비,단일로 - 기타,승용,여,63세,상해없음,원동기,남,58세,중상
2014102000100303,2014년 10월 20일 12시,월요일,부산광역시 연제구 연산동,경상사고,0,0,1,0,차대사람 - 길가장자리구역통행중,안전운전불이행,건조,맑음,단일로 - 기타,승용,여,53세,상해없음,보행자,여,58세,경상
2014102000100324,2014년 10월 20일 13시,월요일,부산광역시 사하구 장림동,중상사고,0,1,0,0,차대사람 - 횡단중,안전운전불이행,건조,맑음,단일로 - 기타,승용,남,56세,상해없음,보행자,여,73세,중상
2014102000100325,2014년 10월 20일 13시,월요일,부산광역시 강서구 화전동,중상사고,0,1,0,0,차대차 - 정면충돌,교차로운행방법위반,습기,맑음,교차로 - 교차로안,화물,남,38세,상해없음,이륜,남,37세,중상
2014102000100387,2014년 10월 20일 15시,월요일,부산광역시 서구 암남동,경상사고,0,0,2,0,차대차 - 추돌 - 주정차중,안전거리미확보,습기,비,교차로 - 교차로부근,승용,남,41세,상해없음,승용,남,38세,경상
2014102000100388,2014년 10월 20일 15시,월요일,부산광역시 해운대구 우동,중상사고,0,1,0,0,차대사람 - 보도통행중,안전운전불이행,건조,맑음,교차로 - 교차로안,승용,남,36세,상해없음,보행자,남,81세,중상
2014102000100389,2014년 10월 20일 15시,월요일,부산광역시 해운대구 우동,경상사고,0,0,2,1,차대차 - 측면직각충돌,안전거리미확보,건조,맑음,교차로 - 교차로부근,승용,남,60세,상해없음,승용,여,38세,경상
2014102000100390,2014년 10월 20일 15시,월요일,부산광역시 부산진구 양정동,중상사고,0,1,1,0,차대차 - 정면충돌,중앙선침범,건조,맑음,교차로 - 교차로부근,승용,남,32세,상해없음,승용,남,56세,중상
2014102000100391,2014년 10월 20일 15시,월요일,부산광역시 부산진구 초읍동,중상사고,0,1,0,0,차대사람 - 기타,안전운전불이행,습기,비,단일로 - 기타,승용,여,60세,상해없음,보행자,남,46세,중상
2014102000100392,2014년 10월 20일 15시,월요일,부산광역시 사하구 하단동,경상사고,0,0,1,0,차대차 - 추돌 - 진행중,안전운전불이행,건조,맑음,교차로 - 교차로안,승용,남,68세,상해없음,화물,남,31세,상해없음