사고번호,사고일시,요일,시군구,사고내용,사망자수,중상자수,경상자수,부상신고자수,사고유형,법규위반,노면상태,기상상태,도로형태,가해운전자 차종,가해운전자 성별,가해운전자 연령,가해운전자 상해정도,피해운전자 차종,피해운전자 성별,피해운전자 연령,피해운전자 상해정도
2014102000100423,2014년 10월 20일 16시,월요일,부산광역시 수영구 광안동,중상사고,0,1,0,0,차대사람 - 횡단중,보행자보호의무위반,습기,비,단일로 - 기타,승용,남,59세,상해없음,보행자,여,64세,중상
2014102000100492,2014년 10월 20일 18시,월요일,부산광역시 영도구 청학동,경상사고,0,0,1,0,차대차 - 측면직각충돌,교차로운행방법위반,건조,맑음,교차로 - 교차로부근,승용,남,49세,상해없음,승용,남,27세,경상
2014102000100493,2014년 10월 20일 18시,월요일,부산광역시 기장군 기장읍,중상사고,0,1,0,0,차대사람 - 기타,안전운전불이행,습기,비,교차로 - 교차로안,승용,남,57세,상해없음,보행자,여,62세,중상
2014102000100563,2014년 10월 20일 19시,월요일,부산광역시 동구 범일동,경상사고,0,0,1,0,차대사람 - 횡단중,안전운전불이행,습기,비,단일로 - 기타,승용,남,32세,상해없음,보행자,남,53세,경상
2014102000100564,2014년 10월 20일 19시,월요일,부산광역시 영도구 대교동1가,중상사고,0,1,0,0,차대사람 - 횡단중,안전운전불이행,건조,맑음,단일로 - 기타,승용,남,29세,상해없음,보행자,남,67세,중상
2014102000100565,2014년 10월 20일 19시,월요일,부산광역시 해운대구 좌동,부상신고사고,0,0,0,1,차대차 - 추돌 - 주정차중,안전운전불이행,습기,비,교차로 - 교차로부근,승용,남,62세,상해없음,승용,여,32세,부상신고
2014102000100566,2014년 10월 20일 19시,월요일,부산광역시 부산진구 전포동,중상사고,0,1,0,0,차대차 - 추돌 - 진행중,안전운전불이행,습기,비,단일로 - 기타,승용,남,46세,상해없음,승용,여,44세,중상
2014102000100593,2014년 10월 20일 20시,월요일,부산광역시 남구 대연동,경상사고,0,0,1,0,차대차 - 기타,안전운전불이행,습기,비,단일로 - 기타,화물,남,68세,상해없음,승용,남,66세,경상
2014102000100631,2014년 10월 20일 21시,월요일,부산광역시 해운대구 좌동,경상사고,0,0,1,0,차대차 - 기타,중앙선침범,건조,맑음,단일로 - 기타,승용,남,41세,상해없음,자전거,남,53세,경상
2014102000100632,2014년 10월 20일 21시,월요일,부산광역시 연제구 연산동,중상사고,0,1,0,0,차대사람 - 차도통행중,안전운전불이행,건조,맑음,단일로 - 기타,원동기,남,56세,상해없음,보행자,여,67세,중상
2014102000100633,2014년 10월 20일 21시,월요일,부산광역시 연제구 거제동,경상사고,0,0,1,0,차대차 - 측면직각충돌,차로위반,건조,맑음,교차로 - 교차로부근,승용,남,31세,상해없음,승용,여,57세,경상
2014102000100664,2014년 10월 20일 22시,월요일,부산광역시 동래구 안락동,경상사고,0,0,1,0,차대차 - 추돌 - 주정차중,안전운전불이행,건조,맑음,단일로 - 기타,승합,남,35세,상해없음,승용,남,47세,경상
2014102000100665,2014년 10월 20일 22시,월요일,부산광역시 연제구 연산동,중상사고,0,1,0,0,차대차 - 추돌 - 주정차중,안전거리미확보,습기,비,교차로 - 교차로부근,승용,남,60세,상해없음,승용,남,44세,중상
2014102000100689,2014년 10월 20일 23시,월요일,부산광역시 동래구 사직동,경상사고,0,0,2,0,차대차 - 추돌 - 주정차중,안전운전불이행,건조,맑음,교차로 - 교차로부근,승용,남,25세,상해없음,승용,남,51세,경상
2014102100100049,2014년 10월 21일 03시,화요일,부산광역시 해운대구 송정동,중상사고,0,1,0,0,차량단독 - 공작물충돌,안전운전불이행,건조,맑음,단일로 - 기타,승용,여,33세,상해없음,,,,
2014102100100058,2014년 10월 21일 04시,화요일,부산광역시 남구 문현동,중상사고,0,1,2,0,차대차 - 기타,안전운전불이행,습기,흐림,단일로 - 기타,승용,남,46세,상해없음,승용,남,39세,경상
2014102100100059,2014년 10월 21일 04시,화요일,부산광역시 해운대구 석대동,중상사고,0,1,2,0,차대차 - 측면직각충돌,교차로운행방법위반,습기,맑음,교차로 - 교차로안,승용,남,52세,경상,화물,남,56세,중상
2014102100100060,2014년 10월 21일 04시,화요일,부산광역시 금정구 구서동,중상사고,0,1,0,0,차대사람 - 기타,안전운전불이행,습기,흐림,교차로 - 교차로부근,승용,남,55세,상해없음,보행자,남,47세,중상
2014102100100061,2014년 10월 21일 04시,화요일,부산광역시 수영구 망미동,중상사고,0,1,1,0,차대차 - 측면직각충돌,신호위반,건조,맑음,교차로 - 교차로안,승용,남,56세,상해없음,승용,남,53세,경상
2014102100100072,2014년 10월 21일 05시,화요일,부산광역시 서구 남부민동,중상사고,0,1,0,0,차대차 - 정면충돌,안전운전불이행,건조,맑음,교차로 - 교차로안,승용,남,53세,상해없음,이륜,남,36세,중상
2014102100100089,2014년 10월 21일 06시,화요일,부산광역시 부산진구 전포동,중상사고,0,1,0,0,차대사람 - 횡단중,안전운전불이행,건조,맑음,단일로 - 기타,승용,여,34세,상해없음,보행자,여,37세,중상
2014102100100106,2014년 10월 21일 07시,화요일,부산광역시 수영구 광안동,중상사고,0,1,0,0,차량단독 - 기타,안전운전불이행,건조,맑음,단일로 - 기타,승합,남,56세,상해없음,,,,
2014102100100134,2014년 10월 21일 08시,화요일,부산광역시 부산진구 범천동,경상사고,0,0,1,0,차대사람 - 기타,신호위반,건조,맑음,단일로 - 기타,승용,여,57세,상해없음,보행자,남,40세,경상
2014102100100165,2014년 10월 21일 09시,화요일,부산광역시 연제구 거제동,중상사고,0,1,0,0,차대차 - 측면직각충돌,신호위반,건조,맑음,교차로 - 교차로안,승용,남,66세,상해없음,승용,여,51세,중상
2014102100100222,2014년 10월 21일 11시,화요일,부산광역시 중구 중앙동5가,중상사고,0,1,0,0,차대차 - 측면직각충돌,중앙선침범,습기,비,단일로 - 기타,승용,여,61세,상해없음,이륜,남,71세,중상
2014102100100223,2014년 10월 21일 11시,화요일,부산광역시 해운대구 좌동,경상사고,0,0,1,0,차대차 - 기타,안전운전불이행,습기,비,교차로 - 교차로부근,승용,남,60세,상해없음,이륜,남,59세,경상
2014102100100274,2014년 10월 21일 13시,화요일,부산광역시 금정구 장전동,경상사고,0,0,1,0,차대사람 - 기타,안전운전불이행,습기,비,기타 - 기타,승용,여,37세,상해없음,보행자,남,58세,경상
2014102100100303,2014년 10월 21일 14시,화요일,부산광역시 부산진구 양정동,경상사고,0,0,1,0,차대차 - 측면직각충돌,안전거리미확보,습기,비,단일로 - 기타,승용,여,60세,상해없음,승합,남,51세,경상
2014102100100304,2014년 10월 21일 14시,화요일,부산광역시 금정구 장전동,경상사고,0,0,1,0,차대사람 - 기타,안전운전불이행,건조,맑음,단일로 - 기타,기타불명,기타불명,기타불명,기타불명,보행자,남,11세,경상
2014102100100305,2014년 10월 21일 14시,화요일,부산광역시 금정구 장전동,중상사고,0,1,0,0,차대차 - 추돌 - 진행중,안전거리미확보,건조,맑음,교차로 - 교차로부근,화물,남,40세,상해없음,승용,남,63세,중상
2014102100100306,2014년 10월 21일 14시,화요일,부산광역시 수영구 망미동,중상사고,0,1,0,0,차대차 - 기타,신호위반,습기,비,단일로 - 횡단보도상,승용,여,35세,상해없음,원동기,남,59세,중상
2014102100100307,2014년 10월 21일 14시,화요일,부산광역시 연제구 연산동,경상사고,0,0,1,0,차대차 - 기타,안전거리미확보,건조,맑음,단일로 - 횡단보도부근,승용,남,53세,상해없음,원동기,남,54세,경상
2014102100100308,2014년 10월 21일 14시,화요일,부산광역시 강서구 화전동,중상사고,0,1,0,0,차대차 - 정면충돌,신호위반,습기,비,교차로 - 교차로안,승용,여,38세,상해없음,승용,남,67세,중상
2014102100100341,2014년 10월 21일 15시,화요일,부산광역시 부산진구 당감동,경상사고,0,0,1,0,차대차 - 기타,중앙선침범,습기,비,단일로 - 기타,승용,여,32세,기타불명,원동기,남,22세,경상
2014102100100381,2014년 10월 21일 16시,화요일,부산광역시 동래구 명장동,중상사고,0,1,0,0,차대사람 - 횡단중,신호위반,습기,비,단일로 - 횡단보도상,승용,남,65세,상해없음,보행자,여,58세,중상
2014102100100382,2014년 10월 21일 16시,화요일,부산광역시 해운대구 재송동,중상사고,0,1,0,0,차대사람 - 기타,안전운전불이행,건조,맑음,단일로 - 기타,승합,남,35세,상해없음,보행자,남,59세,중상
2014102100100416,2014년 10월 21일 17시,화요일,부산광역시 서구 서대신동3가,중상사고,0,2,7,0,차대차 - 측면직각충돌,안전거리미확보,습기,비,단일로 - 기타,승용,여,40세,상해없음,승합,남,54세,상해없음
2014102100100417,2014년 10월 21일 17시,화요일,부산광역시 수영구 민락동,중상사고,0,1,0,0,차대사람 - 횡단중,보행자보호의무위반,습기,비,단일로 - 기타,이륜,남,21세,상해없음,보행자,여,74세,중상
2014102100100418,2014년 10월 21일 17시,화요일,부산광역시 남구 대연동,경상사고,0,0,1,0,차대차 - 기타,차로위반,건조,맑음,단일로 - 기타,승용,남,39세,상해없음,승용,남,34세,경상
2014102100100419,2014년 10월 21일 17시,화요일,부산광역시 해운대구 반여동,중상사고,0,1,0,0,차대사람 - 횡단중,신호위반,습기,비,단일로 - 기타,승용,여,47세,기타불명,보행자,남,22세,중상
2014102100100420,2014년 10월 21일 17시,화요일,부산광역시 연제구 거제동,중상사고,0,2,1,0,차대차 - 기타,중앙선침범,건조,맑음,단일로 - 횡단보도부근,승용,여,44세,경상,화물,남,42세,중상
2014102100100458,2014년 10월 21일 18시,화요일,부산광역시 북구 금곡동,경상사고,0,0,1,0,차대차 - 측면직각충돌,안전운전불이행,건조,맑음,교차로 - 교차로부근,승용,남,62세,상해없음,승용,남,30세,경상
2014102100100459,2014년 10월 21일 18시,화요일,부산광역시 동래구 온천동,중상사고,0,1,0,0,차대사람 - 횡단중,안전운전불이행,습기,비,교차로 - 교차로안,화물,남,30세,상해없음,보행자,여,53세,중상
2014102100100460,2014년 10월 21일 18시,화요일,부산광역시 영도구 봉래동1가,중상사고,0,1,0,0,차대사람 - 차도통행중,안전운전불이행,습기,비,교차로 - 교차로부근,승용,남,44세,상해없음,보행자,남,66세,중상
2014102100100461,2014년 10월 21일 18시,화요일,부산광역시 사하구 신평동,중상사고,0,1,0,0,차대사람 - 횡단중,안전운전불이행,습기,비,단일로 - 횡단보도부근,승용,여,30세,상해없음,보행자,여,48세,중상
2014102100100462,2014년 10월 21일 18시,화요일,부산광역시 기장군 기장읍,경상사고,0,0,1,0,차대사람 - 기타,보행자보호의무위반,습기,비,기타 - 기타,승합,남,36세,상해없음,보행자,여,43세,경상
2014102100100536,2014년 10월 21일 19시,화요일,부산광역시 서구 동대신동1가,경상사고,0,0,1,0,차대차 - 측면직각충돌,안전거리미확보,습기,비,교차로 - 교차로부근,승용,남,22세,상해없음,승용,남,53세,경상
2014102100100537,2014년 10월 21일 19시,화요일,부산광역시 남구 대연동,경상사고,0,0,1,0,차대차 - 추돌 - 주정차중,안전운전불이행,습기,비,단일로 - 기타,원동기,남,24세,상해없음,승용,남,55세,경상
2014102100100538,2014년 10월 21일 19시,화요일,부산광역시 동래구 명장동,경상사고,0,0,1,0,차대차 - 측면직각충돌,안전운전불이행,습기,비,교차로 - 교차로안,승용,남,57세,상해없음,승용,여,30세,경상
2014102100100594,2014년 10월 21일 20시,화요일,부산광역시 남구 용당동,경상사고,0,0,1,0,차대차 - 기타,차로위반,습기,비,단일로 - 기타,승용,남,38세,상해없음,이륜,남,35세,경상
2014102100100595,2014년 10월 21일 20시,화요일,부산광역시 부산진구 부전동,경상사고,0,0,1,0,차대차 - 측면직각충돌,신호위반,습기,비,교차로 - 교차로안,승용,여,33세,상해없음,승용,남,54세,경상
2014102100100701,2014년 10월 21일 22시,화요일,부산광역시 중구 중앙동4가,부상신고사고,0,0,0,1,차대차 - 기타,신호위반,습기,비,교차로 - 교차로안,자전거,남,19세,부상신고,승용,남,27세,상해없음
2014102100100702,2014년 10월 21일 22시,화요일,부산광역시 남구 대연동,부상신고사고,0,0,0,2,차대사람 - 길가장자리구역통행중,신호위반,습기,비,단일로 - 기타,이륜,남,25세,상해없음,보행자,여,20세,부상신고
2014102100100703,2014년 10월 21일 22시,화요일,부산광역시 남구 대연동,경상사고,0,0,3,0,차대차 - 기타,안전운전불이행,습기,비,단일로 - 기타,승합,남,38세,상해없음,화물,남,40세,경상
2014102100100704,2014년 10월 21일 22시,화요일,부산광역시 북구 덕천동,경상사고,0,0,4,0,차대차 - 추돌 - 진행중,신호위반,습기,비,교차로 - 교차로안,승용,남,23세,상해없음,승용,남,51세,경상
2014102100100749,2014년 10월 21일 23시,화요일,부산광역시 남구 용호동,경상사고,0,0,1,0,차대차 - 기타,안전운전불이행,습기,비,교차로 - 교차로안,승용,여,35세,상해없음,이륜,남,53세,경상
2014102200100005,2014년 10월 22일 00시,수요일,부산광역시 해운대구 우동,경상사고,0,0,1,0,차대차 - 추돌 - 진행중,안전운전불이행,습기,흐림,단일로 - 기타,승용,여,26세,상해없음,승합,남,31세,경상
2014102200100030,2014년 10월 22일 01시,수요일,부산광역시 북구 구포동,경상사고,0,0,1,0,차대차 - 추돌 - 주정차중,안전운전불이행,건조,맑음,교차로 - 교차로부근,승용,남,25세,상해없음,화물,남,55세,경상
2014102200100031,2014년 10월 22일 01시,수요일,부산광역시 동래구 수안동,경상사고,0,0,1,0,차대차 - 측면직각충돌,신호위반,습기,비,교차로 - 교차로안,승용,남,57세,상해없음,승용,남,61세,경상
2014102200100081,2014년 10월 22일 05시,수요일,부산광역시 서구 동대신동2가,경상사고,0,0,3,0,차대차 - 측면직각충돌,안전거리미확보,습기,비,단일로 - 기타,승용,남,60세,상해없음,승용,남,66세,경상
2014102200100082,2014년 10월 22일 05시,수요일,부산광역시 남구 대연동,경상사고,0,0,1,0,차대차 - 측면직각충돌,신호위반,습기,비,교차로 - 교차로안,승용,남,34세,상해없음,승용,남,59세,경상
2014102200100083,2014년 10월 22일 05시,수요일,부산광역시 연제구 연산동,중상사고,0,1,0,0,차대사람 - 횡단중,안전운전불이행,습기,비,단일로 - 기타,승용,남,38세,상해없음,보행자,남,54세,중상
2014102200100084,2014년 10월 22일 05시,수요일,부산광역시 연제구 거제동,경상사고,0,0,1,0,차대차 - 추돌 - 주정차중,안전운전불이행,습기,비,교차로 - 교차로부근,화물,남,74세,상해없음,화물,남,45세,경상
2014102200100100,2014년 10월 22일 06시,수요일,부산광역시 부산진구 부암동,중상사고,0,1,0,0,차대사람 - 횡단중,보행자보호의무위반,습기,비,교차로 - 교차로부근,화물,남,66세,상해없음,보행자,여,17세,중상
2014102200100101,2014년 10월 22일 06시,수요일,부산광역시 강서구 녹산동,중상사고,0,1,0,0,차대사람 - 기타,신호위반,습기,비,교차로 - 교차로부근,승용,남,31세,상해없음,보행자,남,33세,중상
2014102200100155,2014년 10월 22일 08시,수요일,부산광역시 영도구 봉래동3가,경상사고,0,0,1,0,차대사람 - 기타,안전운전불이행,습기,비,단일로 - 기타,승합,남,53세,상해없음,보행자,여,64세,경상
2014102200100216,2014년 10월 22일 10시,수요일,부산광역시 해운대구 우동,중상사고,0,1,0,0,차대차 - 측면직각충돌,안전거리미확보,습기,비,단일로 - 기타,화물,남,47세,상해없음,승용,남,43세,중상
2014102200100238,2014년 10월 22일 11시,수요일,부산광역시 동구 좌천동,중상사고,0,1,0,0,차대차 - 기타,신호위반,건조,맑음,교차로 - 교차로안,원동기,남,50세,상해없음,원동기,남,65세,중상
2014102200100267,2014년 10월 22일 12시,수요일,부산광역시 수영구 광안동,경상사고,0,0,3,0,차대차 - 기타,중앙선침범,건조,맑음,교차로 - 교차로부근,승용,남,43세,상해없음,승합,남,52세,상해없음
2014102200100268,2014년 10월 22일 12시,수요일,부산광역시 금정구 부곡동,경상사고,0,0,2,0,차대차 - 측면직각충돌,직진우회전진행방해,건조,맑음,교차로 - 교차로안,화물,여,28세,상해없음,원동기,남,40세,경상
2014102200100269,2014년 10월 22일 12시,수요일,부산광역시 수영구 수영동,경상사고,0,0,2,0,차량단독 - 공작물충돌,안전운전불이행,건조,맑음,단일로 - 기타,승용,여,80세,경상,,,,
2014102200100298,2014년 10월 22일 13시,수요일,부산광역시 해운대구 재송동,경상사고,0,0,1,0,차대사람 - 길가장자리구역통행중,안전운전불이행,건조,맑음,단일로 - 기타,승용,남,75세,상해없음,보행자,남,56세,경상
2014102200100326,2014년 10월 22일 14시,수요일,부산광역시 사하구 장림동,경상사고,0,0,1,0,차대차 - 기타,안전운전불이행,습기,흐림,단일로 - 기타,이륜,남,24세,경상,화물,남,41세,상해없음
2014102200100359,2014년 10월 22일 15시,수요일,부산광역시 영도구 남항동1가,경상사고,0,0,2,0,차대차 - 측면직각충돌,안전운전불이행,건조,맑음,교차로 - 교차로안,화물,남,46세,상해없음,승용,남,30세,상해없음
2014102200100395,2014년 10월 22일 16시,수요일,부산광역시 해운대구 우동,중상사고,0,1,0,0,차대차 - 측면직각충돌,신호위반,건조,맑음,교차로 - 교차로부근,승용,남,57세,상해없음,승용,여,59세,중상
2014102200100430,2014년 10월 22일 17시,수요일,부산광역시 북구 만덕동,경상사고,0,0,1,0,차대사람 - 기타,안전운전불이행,건조,맑음,단일로 - 기타,화물,남,41세,상해없음,보행자,여,26세,경상
2014102200100431,2014년 10월 22일 17시,수요일,부산광역시 금정구 장전동,경상사고,0,0,1,0,차량단독 - 기타,안전운전불이행,건조,맑음,단일로 - 교량,승용,남,59세,상해없음,,,,
2014102200100432,2014년 10월 22일 17시,수요일,부산광역시 사하구 다대동,중상사고,0,1,0,0,차대사람 - 기타,안전운전불이행,건조,맑음,단일로 - 기타,승용,여,38세,기타불명,보행자,남,44세,중상
2014102200100433,2014년 10월 22일 17시,수요일,부산광역시 기장군 정관면,경상사고,0,0,1,0,차대차 - 기타,직진우회전진행방해,건조,맑음,교차로 - 교차로안,특수,남,58세,상해없음,승용,남,65세,경상
2014102200100463,2014년 10월 22일 18시,수요일,부산광역시 사하구 하단동,부상신고사고,0,0,0,1,차대차 - 기타,안전운전불이행,건조,맑음,단일로 - 기타,승용,남,54세,상해없음,승용,여,52세,부상신고
2014102200100577,2014년 10월 22일 20시,수요일,부산광역시 사상구 모라동,경상사고,0,0,1,0,차대차 - 추돌 - 주정차중,안전운전불이행,건조,맑음,교차로 - 교차로부근,화물,남,42세,상해없음,화물,남,56세,경상
2014102200100578,2014년 10월 22일 20시,수요일,부산광역시 기장군 정관면,경상사고,0,0,1,0,차대사람 - 길가장자리구역통행중,안전운전불이행,건조,맑음,단일로 - 기타,승용,남,33세,상해없음,보행자,남,57세,경상
2014102200100643,2014년 10월 22일 22시,수요일,부산광역시 수영구 광안동,중상사고,0,1,0,0,차대사람 - 횡단중,안전운전불이행,건조,맑음,단일로 - 기타,승용,남,41세,상해없음,보행자,여,61세,중상
2014102200100644,2014년 10월 22일 22시,수요일,부산광역시 부산진구 부전동,경상사고,0,0,1,0,차대차 - 기타,안전거리미확보,건조,맑음,단일로 - 기타,승용,남,24세,상해없음,승용,남,57세,경상
2014102200100676,2014년 10월 22일 23시,수요일,부산광역시 해운대구 반여동,경상사고,0,0,3,0,차대차 - 측면직각충돌,교차로운행방법위반,건조,맑음,교차로 - 교차로안,승용,여,38세,경상,승용,남,29세,경상
2014102200100677,2014년 10월 22일 23시,수요일,부산광역시 부산진구 가야동,경상사고,0,0,1,0,차대차 - 측면직각충돌,직진우회전진행방해,습기,비,교차로 - 교차로안,승용,남,23세,상해없음,승용,여,46세,경상
2014102200100678,2014년 10월 22일 23시,수요일,부산광역시 연제구 거제동,경상사고,0,0,1,0,차대차 - 측면직각충돌,신호위반,건조,맑음,교차로 - 교차로부근,승용,남,52세,상해없음,이륜,남,48세,경상
2014102300100017,2014년 10월 23일 01시,목요일,부산광역시 중구 남포동1가,경상사고,0,0,1,0,차대사람 - 횡단중,안전운전불이행,건조,맑음,단일로 - 기타,승용,남,62세,상해없음,보행자,남,22세,경상
2014102300100033,2014년 10월 23일 02시,목요일,부산광역시 서구 암남동,중상사고,0,1,0,0,차대사람 - 횡단중,안전운전불이행,건조,맑음,단일로 - 기타,이륜,기타불명,기타불명,기타불명,보행자,남,76세,중상
2014102300100045,2014년 10월 23일 04시,목요일,부산광역시 영도구 대교동2가,경상사고,0,0,1,0,차대사람 - 기타,안전운전불이행,건조,맑음,교차로 - 교차로안,승용,남,66세,상해없음,보행자,남,59세,경상
2014102300100052,2014년 10월 23일 05시,목요일,부산광역시 서구 동대신동1가,사망사고,1,0,0,0,차대사람 - 횡단중,신호위반,건조,맑음,단일로 - 횡단보도상,승용,남,62세,상해없음,보행자,여,77세,사망
2014102300100077,2014년 10월 23일 07시,목요일,부산광역시 금정구 구서동,경상사고,0,0,1,0,차대차 - 기타,안전운전불이행,건조,맑음,단일로 - 기타,화물,기타불명,기타불명,기타불명,자전거,남,74세,경상
2014102300100078,2014년 10월 23일 07시,목요일,부산광역시 강서구 강동동,경상사고,0,0,1,0,차대차 - 측면직각충돌,안전운전불이행,건조,맑음,단일로 - 기타,특수,남,51세,상해없음,승용,남,39세,경상
2014102300100110,2014년 10월 23일 08시,목요일,부산광역시 사하구 당리동,경상사고,0,0,1,0,차대차 - 측면직각충돌,교차로운행방법위반,건조,맑음,교차로 - 교차로안,이륜,남,27세,상해없음,승용,남,45세,경상
2014102300100170,2014년 10월 23일 09시,목요일,부산광역시 동구 수정동,중상사고,0,1,0,0,차대차 - 기타,교차로운행방법위반,건조,맑음,교차로 - 교차로안,승용,남,33세,상해없음,승합,남,47세,중상
2014102300100203,2014년 10월 23일 10시,목요일,부산광역시 수영구 광안동,경상사고,0,0,1,0,차대사람 - 기타,안전운전불이행,건조,맑음,단일로 - 기타,승용,여,68세,상해없음,보행자,여,21세,경상
2014102300100302,2014년 10월 23일 13시,목요일,부산광역시 금정구 금사동,경상사고,0,0,1,0,차대차 - 측면직각충돌,신호위반,건조,맑음,단일로 - 횡단보도상,승용,남,49세,상해없음,자전거,남,56세,경상
2014102300100335,2014년 10월 23일 14시,목요일,부산광역시 중구 부평동2가,경상사고,0,0,1,0,차대사람 - 길가장자리구역통행중,안전운전불이행,건조,맑음,단일로 - 기타,승용,여,67세,상해없음,보행자,남,36세,경상
2014102300100336,2014년 10월 23일 14시,목요일,부산광역시 해운대구 반여동,경상사고,0,0,2,0,차대사람 - 기타,안전운전불이행,건조,맑음,단일로 - 기타,승용,여,62세,상해없음,보행자,남,64세,경상
2014102300100377,2014년 10월 23일 15시,목요일,부산광역시 금정구 장전동,경상사고,0,0,5,1,차대차 - 정면충돌,안전운전불이행,건조,맑음,단일로 - 기타,승용,남,41세,상해없음,승합,남,67세,부상신고
2014102300100378,2014년 10월 23일 15시,목요일,부산광역시 금정구 금사동,경상사고,0,0,1,0,차대차 - 측면직각충돌,안전거리미확보,습기,흐림,단일로 - 기타,승용,남,52세,상해없음,원동기,남,24세,경상
2014102300100414,2014년 10월 23일 16시,목요일,부산광역시 동구 수정동,중상사고,0,1,0,0,차대사람 - 기타,안전운전불이행,건조,맑음,단일로 - 횡단보도부근,승용,남,40세,상해없음,보행자,여,67세,중상
2014102300100451,2014년 10월 23일 17시,목요일,부산광역시 서구 동대신동1가,중상사고,0,1,0,0,차대사람 - 횡단중,보행자보호의무위반,기타,맑음,단일로 - 기타,승용,여,33세,상해없음,보행자,남,16세,중상
2014102300100452,2014년 10월 23일 17시,목요일,부산광역시 동래구 명장동,경상사고,0,0,1,0,차대사람 - 기타,안전운전불이행,건조,맑음,교차로 - 교차로부근,승용,남,52세,상해없음,보행자,남,21세,경상
2014102300100453,2014년 10월 23일 17시,목요일,부산광역시 해운대구 반여동,중상사고,0,1,2,0,차대차 - 정면충돌,중앙선침범,건조,맑음,단일로 - 기타,승용,여,39세,상해없음,승용,여,52세,중상
2014102300100454,2014년 10월 23일 17시,목요일,부산광역시 부산진구 양정동,부상신고사고,0,0,0,1,차대차 - 측면직각충돌,안전운전불이행,건조,맑음,교차로 - 교차로부근,원동기,남,53세,부상신고,승용,남,43세,상해없음
2014102300100502,2014년 10월 23일 18시,목요일,부산광역시 동래구 복천동,중상사고,0,1,0,0,차대사람 - 횡단중,신호위반,건조,맑음,교차로 - 교차로안,원동기,남,80세,상해없음,보행자,여,22세,중상
2014102300100503,2014년 10월 23일 18시,목요일,부산광역시 금정구 장전동,경상사고,0,0,1,0,차대차 - 추돌 - 주정차중,기타,건조,맑음,교차로 - 교차로부근,이륜,남,70세,경상,승용,남,50세,상해없음
2014102300100504,2014년 10월 23일 18시,목요일,부산광역시 사하구 장림동,경상사고,0,0,1,0,차대차 - 측면직각충돌,차로위반,건조,맑음,단일로 - 기타,승용,남,55세,경상,승용,남,37세,상해없음
2014102300100601,2014년 10월 23일 20시,목요일,부산광역시 해운대구 반여동,중상사고,0,1,0,0,차대차 - 기타,안전운전불이행,건조,맑음,단일로 - 기타,승합,남,33세,상해없음,원동기,남,49세,중상
2014102300100602,2014년 10월 23일 20시,목요일,부산광역시 해운대구 우동,부상신고사고,0,0,0,1,차대차 - 측면직각충돌,안전운전불이행,건조,맑음,교차로 - 교차로부근,이륜,남,27세,부상신고,승용,남,58세,상해없음
2014102300100603,2014년 10월 23일 20시,목요일,부산광역시 사하구 하단동,중상사고,0,1,0,0,차대차 - 측면직각충돌,신호위반,건조,맑음,교차로 - 교차로안,승합,남,67세,상해없음,이륜,남,16세,중상
2014102300100604,2014년 10월 23일 20시,목요일,부산광역시 사하구 장림동,경상사고,0,0,5,0,차대차 - 측면직각충돌,중앙선침범,건조,맑음,교차로 - 교차로안,승용,남,57세,경상,승용,남,20세,경상
2014102300100605,2014년 10월 23일 20시,목요일,부산광역시 사하구 신평동,경상사고,0,0,1,0,차대차 - 측면직각충돌,신호위반,건조,맑음,교차로 - 교차로안,승용,남,25세,상해없음,승용,남,43세,경상
2014102300100631,2014년 10월 23일 21시,목요일,부산광역시 동래구 온천동,경상사고,0,0,1,0,차대차 - 추돌 - 주정차중,안전운전불이행,건조,맑음,단일로 - 기타,승용,기타불명,기타불명,기타불명,승합,여,59세,경상
2014102300100665,2014년 10월 23일 22시,목요일,부산광역시 사하구 하단동,경상사고,0,0,3,0,차대차 - 측면직각충돌,교차로운행방법위반,건조,맑음,교차로 - 교차로안,승용,남,28세,기타불명,승용,여,27세,경상
2014102400100003,2014년 10월 24일 00시,금요일,부산광역시 동구 범일동,중상사고,0,3,0,0,차대차 - 정면충돌,중앙선침범,건조,맑음,단일로 - 기타,승용,여,49세,중상,승용,남,66세,중상
2014102400100004,2014년 10월 24일 00시,금요일,부산광역시 동구 초량동,경상사고,0,0,1,0,차대차 - 정면충돌,중앙선침범,건조,맑음,단일로 - 기타,승용,남,49세,상해없음,승용,남,31세,경상
2014102400100005,2014년 10월 24일 00시,금요일,부산광역시 수영구 남천동,중상사고,0,1,0,1,차대차 - 측면직각충돌,신호위반,건조,맑음,교차로 - 교차로안,승용,남,27세,상해없음,승용,남,60세,부상신고
2014102400100024,2014년 10월 24일 01시,금요일,부산광역시 남구 대연동,부상신고사고,0,0,0,1,차대사람 - 기타,안전운전불이행,건조,맑음,교차로 - 교차로안,승용,남,21세,상해없음,보행자,남,23세,부상신고
2014102400100039,2014년 10월 24일 02시,금요일,부산광역시 사하구 감천동,부상신고사고,0,0,0,1,차량단독 - 도로외이탈 - 기타,안전운전불이행,건조,맑음,단일로 - 기타,승용,남,25세,부상신고,,,,