사고번호,사고일시,요일,시군구,사고내용,사망자수,중상자수,경상자수,부상신고자수,사고유형,법규위반,노면상태,기상상태,도로형태,가해운전자 차종,가해운전자 성별,가해운전자 연령,가해운전자 상해정도,피해운전자 차종,피해운전자 성별,피해운전자 연령,피해운전자 상해정도
2014102400100050,2014년 10월 24일 03시,금요일,부산광역시 부산진구 양정동,사망사고,1,0,0,0,차대사람 - 차도통행중,신호위반,건조,맑음,단일로 - 횡단보도부근,승용,남,45세,상해없음,보행자,남,60세,사망
2014102400100058,2014년 10월 24일 04시,금요일,부산광역시 동래구 온천동,경상사고,0,0,4,0,차대차 - 추돌 - 주정차중,안전운전불이행,건조,맑음,교차로 - 교차로부근,승용,남,21세,상해없음,승용,남,34세,경상
2014102400100172,2014년 10월 24일 09시,금요일,부산광역시 영도구 신선동2가,경상사고,0,0,1,0,차대차 - 추돌 - 진행중,안전거리미확보,건조,맑음,교차로 - 교차로안,승용,남,25세,상해없음,승용,남,62세,경상
2014102400100204,2014년 10월 24일 10시,금요일,부산광역시 동래구 명륜동,경상사고,0,0,1,0,차대차 - 측면직각충돌,안전거리미확보,건조,맑음,단일로 - 기타,승용,여,51세,상해없음,화물,남,49세,상해없음
2014102400100205,2014년 10월 24일 10시,금요일,부산광역시 강서구 명지동,사망사고,1,0,0,0,차량단독 - 공작물충돌,안전운전불이행,건조,맑음,단일로 - 기타,승용,남,67세,사망,,,,
2014102400100206,2014년 10월 24일 10시,금요일,부산광역시 사상구 덕포동,중상사고,0,1,0,0,차대사람 - 차도통행중,안전운전불이행,건조,맑음,교차로 - 교차로안,승용,남,33세,상해없음,보행자,여,71세,중상
2014102400100239,2014년 10월 24일 11시,금요일,부산광역시 동래구 사직동,경상사고,0,0,1,0,차대차 - 측면직각충돌,신호위반,건조,맑음,교차로 - 교차로안,이륜,남,15세,경상,승용,남,59세,상해없음
2014102400100273,2014년 10월 24일 12시,금요일,부산광역시 해운대구 반여동,중상사고,0,1,0,0,차대사람 - 횡단중,안전운전불이행,건조,맑음,단일로 - 기타,이륜,남,20세,상해없음,보행자,여,74세,중상
2014102400100305,2014년 10월 24일 13시,금요일,부산광역시 해운대구 우동,경상사고,0,0,1,0,차대차 - 측면직각충돌,안전운전불이행,건조,맑음,단일로 - 기타,승용,여,34세,상해없음,이륜,남,22세,경상
2014102400100330,2014년 10월 24일 14시,금요일,부산광역시 부산진구 부전동,중상사고,0,1,0,0,차대사람 - 기타,안전운전불이행,건조,맑음,교차로 - 교차로안,이륜,남,47세,상해없음,보행자,여,81세,중상
2014102400100331,2014년 10월 24일 14시,금요일,부산광역시 사상구 감전동,중상사고,0,1,0,0,차대사람 - 횡단중,안전운전불이행,건조,맑음,단일로 - 기타,승용,남,66세,상해없음,보행자,여,42세,중상
2014102400100358,2014년 10월 24일 15시,금요일,부산광역시 수영구 남천동,경상사고,0,0,1,0,차대사람 - 기타,안전운전불이행,건조,맑음,단일로 - 기타,승용,남,62세,상해없음,보행자,여,79세,경상
2014102400100359,2014년 10월 24일 15시,금요일,부산광역시 북구 구포동,경상사고,0,0,1,0,차대차 - 측면직각충돌,기타,건조,맑음,단일로 - 기타,승용,남,62세,상해없음,자전거,남,24세,경상
2014102400100360,2014년 10월 24일 15시,금요일,부산광역시 사하구 신평동,경상사고,0,0,6,0,차대차 - 기타,안전운전불이행,건조,맑음,단일로 - 교량,건설기계,남,36세,경상,승용,남,45세,경상
2014102400100361,2014년 10월 24일 15시,금요일,부산광역시 강서구 송정동,중상사고,0,1,0,0,차대차 - 측면직각충돌,교차로운행방법위반,건조,맑음,교차로 - 교차로안,승용,남,29세,상해없음,승용,남,56세,중상
2014102400100400,2014년 10월 24일 16시,금요일,부산광역시 북구 금곡동,경상사고,0,0,1,0,차대사람 - 보도통행중,안전운전불이행,건조,맑음,단일로 - 기타,화물,남,59세,상해없음,보행자,여,78세,경상
2014102400100401,2014년 10월 24일 16시,금요일,부산광역시 해운대구 송정동,경상사고,0,0,1,0,차대차 - 기타,안전거리미확보,건조,맑음,기타 - 기타,승용,남,43세,상해없음,승합,남,57세,상해없음
2014102400100402,2014년 10월 24일 16시,금요일,부산광역시 부산진구 연지동,경상사고,0,0,1,0,차대차 - 측면직각충돌,안전운전불이행,건조,맑음,단일로 - 기타,원동기,남,16세,경상,승합,남,42세,상해없음
2014102400100403,2014년 10월 24일 16시,금요일,부산광역시 사하구 당리동,경상사고,0,0,1,0,차대사람 - 기타,안전운전불이행,건조,맑음,단일로 - 기타,승용,여,22세,상해없음,보행자,여,40세,경상
2014102400100436,2014년 10월 24일 17시,금요일,부산광역시 해운대구 재송동,경상사고,0,0,4,0,차대차 - 추돌 - 진행중,안전운전불이행,건조,맑음,단일로 - 기타,승용,남,60세,기타불명,승용,여,52세,경상
2014102400100484,2014년 10월 24일 18시,금요일,부산광역시 부산진구 범천동,중상사고,0,1,0,0,차대차 - 측면직각충돌,교차로운행방법위반,건조,맑음,단일로 - 기타,화물,남,38세,상해없음,자전거,여,58세,중상
2014102400100485,2014년 10월 24일 18시,금요일,부산광역시 사하구 하단동,경상사고,0,0,1,0,차대차 - 측면직각충돌,신호위반,건조,맑음,교차로 - 교차로안,원동기,남,26세,상해없음,승용,남,23세,경상
2014102400100486,2014년 10월 24일 18시,금요일,부산광역시 사하구 괴정동,경상사고,0,0,2,0,차대차 - 기타,안전운전불이행,건조,맑음,단일로 - 기타,승용,남,23세,상해없음,승용,남,43세,경상
2014102400100547,2014년 10월 24일 19시,금요일,부산광역시 수영구 광안동,중상사고,0,1,0,0,차대차 - 기타,중앙선침범,건조,맑음,단일로 - 기타,승용,남,55세,상해없음,이륜,남,41세,중상
2014102400100590,2014년 10월 24일 20시,금요일,부산광역시 해운대구 우동,부상신고사고,0,0,0,2,차대차 - 추돌 - 주정차중,안전운전불이행,건조,맑음,교차로 - 교차로부근,승용,여,71세,상해없음,승용,남,32세,부상신고
2014102400100591,2014년 10월 24일 20시,금요일,부산광역시 부산진구 범천동,중상사고,0,1,0,0,차대차 - 측면직각충돌,안전거리미확보,건조,맑음,미분류 - 미분류,화물,기타불명,기타불명,기타불명,승용,여,35세,중상
2014102400100592,2014년 10월 24일 20시,금요일,부산광역시 금정구 선동,중상사고,0,2,0,0,차대차 - 추돌 - 주정차중,안전운전불이행,건조,맑음,단일로 - 기타,승용,남,48세,중상,화물,남,62세,중상
2014102400100623,2014년 10월 24일 21시,금요일,부산광역시 동래구 사직동,경상사고,0,0,1,0,차대사람 - 횡단중,신호위반,건조,맑음,단일로 - 횡단보도부근,화물,남,54세,상해없음,보행자,여,49세,경상
2014102400100685,2014년 10월 24일 23시,금요일,부산광역시 서구 서대신동2가,중상사고,0,1,0,0,차대차 - 측면직각충돌,신호위반,기타,기타,단일로 - 기타,승용,남,46세,상해없음,이륜,여,31세,중상
2014102400100686,2014년 10월 24일 23시,금요일,부산광역시 사상구 감전동,중상사고,0,1,1,0,차대차 - 기타,신호위반,건조,맑음,단일로 - 기타,승용,남,28세,상해없음,승용,남,48세,경상
2014102500100006,2014년 10월 25일 00시,토요일,부산광역시 서구 서대신동2가,중상사고,0,1,1,0,차대차 - 측면직각충돌,신호위반,기타,기타,교차로 - 교차로안,승용,남,42세,상해없음,승용,여,53세,중상
2014102500100007,2014년 10월 25일 00시,토요일,부산광역시 동래구 안락동,중상사고,0,1,0,0,차대차 - 측면직각충돌,신호위반,건조,맑음,교차로 - 교차로안,승용,남,60세,상해없음,승용,남,53세,중상
2014102500100008,2014년 10월 25일 00시,토요일,부산광역시 연제구 연산동,경상사고,0,0,2,0,차대차 - 정면충돌,중앙선침범,건조,맑음,단일로 - 기타,승용,남,39세,상해없음,승용,남,67세,경상
2014102500100081,2014년 10월 25일 04시,토요일,부산광역시 부산진구 초읍동,경상사고,0,0,1,0,차대차 - 기타,안전운전불이행,건조,맑음,단일로 - 기타,승용,남,29세,상해없음,승용,여,53세,경상
2014102500100094,2014년 10월 25일 05시,토요일,부산광역시 남구 문현동,사망사고,1,0,0,0,차대사람 - 횡단중,안전운전불이행,건조,맑음,단일로 - 횡단보도상,승용,남,57세,상해없음,보행자,여,66세,사망
2014102500100095,2014년 10월 25일 05시,토요일,부산광역시 사상구 모라동,경상사고,0,0,1,0,차대차 - 기타,안전거리미확보,건조,맑음,단일로 - 기타,승합,남,62세,상해없음,승용,남,57세,상해없음
2014102500100129,2014년 10월 25일 07시,토요일,부산광역시 동구 초량동,경상사고,0,0,1,0,차대차 - 기타,중앙선침범,건조,맑음,단일로 - 기타,승용,남,59세,경상,승용,남,43세,기타불명
2014102500100147,2014년 10월 25일 08시,토요일,부산광역시 영도구 대교동2가,경상사고,0,0,1,0,차대차 - 측면직각충돌,신호위반,건조,맑음,교차로 - 교차로안,승용,남,35세,상해없음,승용,남,78세,상해없음
2014102500100148,2014년 10월 25일 08시,토요일,부산광역시 강서구 범방동,중상사고,0,2,0,0,차대차 - 추돌 - 진행중,안전운전불이행,건조,맑음,단일로 - 기타,화물,남,38세,상해없음,승용,남,38세,중상
2014102500100149,2014년 10월 25일 08시,토요일,부산광역시 사상구 감전동,경상사고,0,0,1,0,차대차 - 기타,안전운전불이행,건조,맑음,단일로 - 기타,건설기계,남,46세,상해없음,승용,여,34세,경상
2014102500100184,2014년 10월 25일 09시,토요일,부산광역시 영도구 청학동,경상사고,0,0,1,0,차대차 - 추돌 - 진행중,교차로운행방법위반,건조,맑음,미분류 - 미분류,특수,남,24세,상해없음,승용,남,46세,경상
2014102500100211,2014년 10월 25일 10시,토요일,부산광역시 동래구 온천동,부상신고사고,0,0,0,1,차대차 - 측면직각충돌,기타,건조,맑음,교차로 - 교차로안,이륜,남,39세,부상신고,승용,남,56세,상해없음
2014102500100212,2014년 10월 25일 10시,토요일,부산광역시 부산진구 부암동,경상사고,0,0,1,0,차대차 - 추돌 - 진행중,안전운전불이행,건조,맑음,미분류 - 미분류,승용,남,23세,상해없음,승용,남,61세,경상
2014102500100235,2014년 10월 25일 11시,토요일,부산광역시 북구 덕천동,경상사고,0,0,1,0,차대차 - 기타,중앙선침범,건조,맑음,교차로 - 교차로부근,화물,남,55세,기타불명,원동기,남,42세,경상
2014102500100236,2014년 10월 25일 11시,토요일,부산광역시 북구 구포동,경상사고,0,0,4,0,차대차 - 추돌 - 진행중,안전운전불이행,건조,맑음,교차로 - 교차로부근,승용,남,54세,경상,승용,남,47세,경상
2014102500100237,2014년 10월 25일 11시,토요일,부산광역시 수영구 망미동,경상사고,0,0,2,0,차대차 - 기타,안전거리미확보,건조,맑음,단일로 - 횡단보도부근,승용,남,24세,상해없음,승용,남,65세,경상
2014102500100273,2014년 10월 25일 12시,토요일,부산광역시 해운대구 반송동,경상사고,0,0,3,0,차대차 - 추돌 - 진행중,기타,건조,맑음,단일로 - 기타,화물,남,68세,상해없음,특수,남,51세,경상
2014102500100310,2014년 10월 25일 13시,토요일,부산광역시 수영구 민락동,경상사고,0,0,1,0,차대사람 - 기타,신호위반,건조,맑음,단일로 - 기타,승용,여,44세,상해없음,보행자,여,12세,경상
2014102500100311,2014년 10월 25일 13시,토요일,부산광역시 해운대구 송정동,중상사고,0,1,3,2,차대차 - 기타,안전운전불이행,기타,맑음,단일로 - 기타,화물,남,41세,상해없음,승용,남,48세,부상신고
2014102500100313,2014년 10월 25일 13시,토요일,부산광역시 사상구 엄궁동,중상사고,0,2,0,1,차대차 - 측면직각충돌,교차로운행방법위반,건조,맑음,단일로 - 기타,승용,남,45세,상해없음,화물,남,65세,부상신고
2014102500100314,2014년 10월 25일 13시,토요일,부산광역시 사상구 모라동,중상사고,0,1,2,0,차대차 - 기타,안전거리미확보,건조,맑음,단일로 - 기타,원동기,남,60세,중상,승용,남,25세,경상
2014102500100348,2014년 10월 25일 14시,토요일,부산광역시 영도구 영선동2가,중상사고,0,1,0,0,차대사람 - 기타,안전운전불이행,건조,맑음,교차로 - 교차로안,승용,남,66세,상해없음,보행자,남,55세,중상
2014102500100349,2014년 10월 25일 14시,토요일,부산광역시 부산진구 양정동,중상사고,0,1,0,0,차대차 - 추돌 - 진행중,안전운전불이행,건조,맑음,단일로 - 기타,승용,남,31세,상해없음,승용,여,43세,중상
2014102500100409,2014년 10월 25일 16시,토요일,부산광역시 부산진구 개금동,경상사고,0,0,1,0,차대차 - 기타,안전운전불이행,건조,맑음,단일로 - 기타,건설기계,남,45세,상해없음,승합,남,54세,경상
2014102500100410,2014년 10월 25일 16시,토요일,부산광역시 부산진구 부전동,경상사고,0,0,1,0,차대차 - 기타,안전거리미확보,건조,맑음,교차로 - 교차로안,승용,남,22세,상해없음,승용,여,55세,경상
2014102500100411,2014년 10월 25일 16시,토요일,부산광역시 금정구 금사동,중상사고,0,1,1,0,차대차 - 측면직각충돌,기타,건조,맑음,교차로 - 교차로안,승합,남,57세,중상,승용,여,42세,경상
2014102500100412,2014년 10월 25일 16시,토요일,부산광역시 강서구 대저1동,경상사고,0,0,1,0,차대차 - 추돌 - 진행중,과속,건조,맑음,교차로 - 교차로안,승용,남,62세,상해없음,승용,남,44세,경상
2014102500100441,2014년 10월 25일 17시,토요일,부산광역시 해운대구 중동,경상사고,0,0,1,1,차대차 - 측면직각충돌,안전운전불이행,건조,맑음,교차로 - 교차로부근,원동기,남,25세,부상신고,승용,남,27세,경상
2014102500100442,2014년 10월 25일 17시,토요일,부산광역시 부산진구 부전동,경상사고,0,0,1,0,차대사람 - 기타,안전운전불이행,건조,맑음,단일로 - 기타,승용,남,21세,상해없음,보행자,여,15세,경상
2014102500100443,2014년 10월 25일 17시,토요일,부산광역시 연제구 연산동,경상사고,0,0,2,0,차대차 - 측면직각충돌,안전운전불이행,건조,맑음,교차로 - 교차로안,화물,남,46세,상해없음,승용,남,43세,경상
2014102500100497,2014년 10월 25일 18시,토요일,부산광역시 남구 용당동,중상사고,0,1,0,0,차대사람 - 횡단중,안전운전불이행,건조,맑음,교차로 - 교차로부근,화물,남,58세,상해없음,보행자,여,67세,중상
2014102500100498,2014년 10월 25일 18시,토요일,부산광역시 수영구 광안동,경상사고,0,0,4,0,차대차 - 추돌 - 진행중,안전운전불이행,건조,맑음,단일로 - 기타,승용,남,50세,상해없음,승용,남,31세,경상
2014102500100499,2014년 10월 25일 18시,토요일,부산광역시 사상구 모라동,경상사고,0,0,2,0,차대차 - 추돌 - 주정차중,안전운전불이행,건조,맑음,교차로 - 교차로부근,이륜,남,23세,상해없음,승용,남,62세,경상
2014102500100500,2014년 10월 25일 18시,토요일,부산광역시 사상구 모라동,경상사고,0,0,2,0,차대차 - 측면직각충돌,안전운전불이행,건조,맑음,단일로 - 기타,승용,여,48세,경상,화물,남,57세,경상
2014102500100563,2014년 10월 25일 19시,토요일,부산광역시 동구 초량동,경상사고,0,0,2,0,차대차 - 추돌 - 진행중,안전거리미확보,건조,맑음,단일로 - 기타,승용,남,21세,상해없음,승용,남,21세,경상
2014102500100564,2014년 10월 25일 19시,토요일,부산광역시 동래구 사직동,경상사고,0,0,1,0,차대사람 - 횡단중,신호위반,건조,맑음,단일로 - 횡단보도상,승합,남,53세,상해없음,보행자,여,59세,경상
2014102500100565,2014년 10월 25일 19시,토요일,부산광역시 사하구 장림동,부상신고사고,0,0,0,1,차대차 - 기타,안전운전불이행,건조,맑음,단일로 - 기타,승용,여,48세,부상신고,승용,남,54세,상해없음
2014102500100566,2014년 10월 25일 19시,토요일,부산광역시 수영구 망미동,중상사고,0,1,0,0,차대차 - 측면직각충돌,신호위반,건조,맑음,교차로 - 교차로안,승용,남,49세,상해없음,승용,여,25세,중상
2014102500100616,2014년 10월 25일 20시,토요일,부산광역시 중구 중앙동4가,경상사고,0,0,1,0,차대차 - 추돌 - 진행중,차로위반,건조,맑음,기타 - 기타,승용,남,64세,상해없음,승용,남,54세,경상
2014102500100617,2014년 10월 25일 20시,토요일,부산광역시 남구 대연동,중상사고,0,1,0,0,차량단독 - 기타,안전운전불이행,건조,맑음,단일로 - 기타,이륜,남,51세,상해없음,,,,
2014102500100618,2014년 10월 25일 20시,토요일,부산광역시 남구 대연동,중상사고,0,1,0,0,차량단독 - 기타,안전운전불이행,건조,맑음,단일로 - 기타,승합,남,56세,상해없음,,,,
2014102500100653,2014년 10월 25일 21시,토요일,부산광역시 남구 대연동,부상신고사고,0,0,0,1,차대사람 - 기타,안전운전불이행,건조,맑음,단일로 - 기타,자전거,여,28세,상해없음,보행자,여,20세,부상신고
2014102600100004,2014년 10월 26일 00시,일요일,부산광역시 중구 부평동2가,경상사고,0,0,1,0,차대차 - 추돌 - 진행중,안전운전불이행,건조,맑음,기타 - 기타,승용,남,48세,상해없음,승용,남,53세,경상
2014102600100005,2014년 10월 26일 00시,일요일,부산광역시 영도구 동삼동,경상사고,0,0,1,0,차대사람 - 기타,안전운전불이행,건조,맑음,단일로 - 기타,화물,남,65세,상해없음,보행자,남,25세,경상
2014102600100006,2014년 10월 26일 00시,일요일,부산광역시 금정구 금사동,경상사고,0,0,5,0,차대차 - 추돌 - 주정차중,안전운전불이행,건조,맑음,교차로 - 교차로부근,승용,남,30세,상해없음,승용,남,60세,경상
2014102600100067,2014년 10월 26일 05시,일요일,부산광역시 영도구 대교동1가,중상사고,0,1,0,0,차대사람 - 기타,안전운전불이행,건조,맑음,단일로 - 교량,승용,여,49세,상해없음,보행자,남,58세,중상
2014102600100068,2014년 10월 26일 05시,일요일,부산광역시 해운대구 반송동,중상사고,0,1,0,0,차대차 - 추돌 - 주정차중,안전운전불이행,건조,맑음,단일로 - 기타,승용,남,35세,중상,승합,남,67세,상해없음
2014102600100069,2014년 10월 26일 05시,일요일,부산광역시 부산진구 부전동,중상사고,0,1,0,0,차대사람 - 기타,안전운전불이행,건조,맑음,단일로 - 기타,승용,남,61세,상해없음,보행자,남,63세,중상
2014102600100070,2014년 10월 26일 05시,일요일,부산광역시 금정구 금사동,중상사고,0,1,0,0,차대사람 - 횡단중,안전운전불이행,건조,맑음,단일로 - 기타,이륜,기타불명,기타불명,기타불명,보행자,남,53세,중상
2014102600100071,2014년 10월 26일 05시,일요일,부산광역시 연제구 연산동,중상사고,0,1,0,0,차대사람 - 횡단중,안전운전불이행,건조,맑음,단일로 - 기타,승용,남,70세,상해없음,보행자,여,43세,중상
2014102600100088,2014년 10월 26일 06시,일요일,부산광역시 강서구 대저1동,경상사고,0,0,2,0,차대차 - 정면충돌,중앙선침범,습기,안개,단일로 - 기타,승용,남,26세,경상,승용,남,57세,경상
2014102600100121,2014년 10월 26일 08시,일요일,부산광역시 금정구 두구동,경상사고,0,0,1,0,차대차 - 측면직각충돌,교차로운행방법위반,건조,맑음,교차로 - 교차로안,화물,남,56세,상해없음,승용,남,66세,경상
2014102600100150,2014년 10월 26일 10시,일요일,부산광역시 동래구 명장동,중상사고,0,1,0,0,차대차 - 측면직각충돌,교차로운행방법위반,건조,맑음,교차로 - 교차로안,승용,여,73세,상해없음,이륜,남,45세,중상
2014102600100151,2014년 10월 26일 10시,일요일,부산광역시 동래구 안락동,경상사고,0,0,1,0,차대차 - 기타,안전운전불이행,건조,맑음,기타 - 기타,화물,남,57세,기타불명,자전거,남,12세,경상
2014102600100174,2014년 10월 26일 11시,일요일,부산광역시 동래구 명륜동,중상사고,0,1,0,0,차대사람 - 횡단중,안전운전불이행,건조,맑음,단일로 - 기타,승용,여,42세,상해없음,보행자,여,12세,중상
2014102600100175,2014년 10월 26일 11시,일요일,부산광역시 사하구 하단동,경상사고,0,0,1,0,차대차 - 측면직각충돌,중앙선침범,건조,맑음,교차로 - 교차로안,승용,여,67세,상해없음,승용,남,32세,경상
2014102600100206,2014년 10월 26일 12시,일요일,부산광역시 사상구 삼락동,경상사고,0,0,2,0,차대차 - 추돌 - 주정차중,과속,건조,맑음,단일로 - 기타,승용,남,40세,상해없음,화물,기타불명,기타불명,기타불명
2014102600100238,2014년 10월 26일 13시,일요일,부산광역시 남구 우암동,경상사고,0,0,1,2,차대차 - 기타,교차로운행방법위반,건조,맑음,교차로 - 교차로안,승용,남,60세,상해없음,승용,남,44세,경상
2014102600100239,2014년 10월 26일 13시,일요일,부산광역시 강서구 대저1동,중상사고,0,1,0,0,차대차 - 정면충돌,안전운전불이행,건조,맑음,단일로 - 기타,승용,남,56세,상해없음,이륜,남,59세,중상
2014102600100240,2014년 10월 26일 13시,일요일,부산광역시 강서구 명지동,중상사고,0,1,0,0,차량단독 - 전도전복,안전운전불이행,건조,맑음,기타 - 기타,원동기,남,42세,중상,,,,
2014102600100297,2014년 10월 26일 15시,일요일,부산광역시 서구 충무동1가,경상사고,0,0,1,0,차대차 - 측면직각충돌,안전거리미확보,건조,맑음,교차로 - 교차로부근,승용,남,32세,상해없음,승용,남,34세,경상
2014102600100298,2014년 10월 26일 15시,일요일,부산광역시 부산진구 부전동,중상사고,0,1,1,0,차대차 - 기타,안전운전불이행,건조,맑음,기타 - 기타,승용,남,63세,중상,승용,남,28세,상해없음
2014102600100324,2014년 10월 26일 16시,일요일,부산광역시 수영구 남천동,중상사고,0,1,0,0,차대차 - 기타,안전운전불이행,건조,맑음,단일로 - 기타,자전거,남,14세,상해없음,자전거,남,9세,중상
2014102600100325,2014년 10월 26일 16시,일요일,부산광역시 기장군 기장읍,경상사고,0,0,1,0,차량단독 - 공작물충돌,안전운전불이행,건조,맑음,단일로 - 기타,승용,남,33세,상해없음,,,,
2014102600100359,2014년 10월 26일 17시,일요일,부산광역시 동래구 낙민동,중상사고,0,1,0,0,차대차 - 추돌 - 진행중,안전운전불이행,건조,맑음,단일로 - 기타,자전거,남,57세,기타불명,자전거,여,52세,중상
2014102600100399,2014년 10월 26일 18시,일요일,부산광역시 서구 남부민동,중상사고,0,1,0,0,차대차 - 추돌 - 주정차중,안전운전불이행,건조,맑음,교차로 - 교차로부근,이륜,남,17세,중상,승용,남,39세,상해없음
2014102600100400,2014년 10월 26일 18시,일요일,부산광역시 수영구 망미동,경상사고,0,0,1,0,차대차 - 추돌 - 진행중,불법유턴,건조,맑음,단일로 - 기타,자전거,남,13세,상해없음,이륜,남,19세,경상
2014102600100477,2014년 10월 26일 20시,일요일,부산광역시 남구 용호동,중상사고,0,1,0,0,차대차 - 기타,안전운전불이행,건조,맑음,단일로 - 기타,승용,남,60세,기타불명,자전거,남,22세,중상
2014102600100478,2014년 10월 26일 20시,일요일,부산광역시 사하구 당리동,경상사고,0,0,2,0,차대차 - 기타,안전거리미확보,건조,맑음,단일로 - 기타,승합,남,39세,상해없음,승용,남,53세,경상
2014102600100479,2014년 10월 26일 20시,일요일,부산광역시 연제구 연산동,중상사고,0,1,0,0,차대사람 - 기타,안전운전불이행,건조,맑음,기타 - 기타,승용,남,40세,상해없음,보행자,여,41세,중상
2014102600100519,2014년 10월 26일 21시,일요일,부산광역시 동래구 사직동,중상사고,0,2,0,0,차량단독 - 주차차량충돌,안전운전불이행,건조,맑음,단일로 - 기타,승용,여,56세,중상,,,,
2014102700100021,2014년 10월 27일 01시,월요일,부산광역시 남구 대연동,경상사고,0,0,1,0,차대차 - 추돌 - 진행중,차로위반,건조,맑음,교차로 - 교차로부근,승용,남,58세,상해없음,승용,남,55세,경상
2014102700100052,2014년 10월 27일 05시,월요일,부산광역시 남구 문현동,경상사고,0,0,1,0,차대사람 - 기타,안전운전불이행,건조,맑음,교차로 - 교차로안,승용,남,41세,상해없음,보행자,여,71세,경상
2014102700100078,2014년 10월 27일 07시,월요일,부산광역시 부산진구 전포동,경상사고,0,0,4,0,차대차 - 기타,신호위반,건조,맑음,단일로 - 기타,승용,남,43세,상해없음,승용,남,63세,경상
2014102700100110,2014년 10월 27일 08시,월요일,부산광역시 연제구 연산동,경상사고,0,0,2,0,차대차 - 측면직각충돌,교차로운행방법위반,건조,맑음,교차로 - 교차로안,승용,남,47세,경상,승용,여,42세,경상
2014102700100111,2014년 10월 27일 08시,월요일,부산광역시 사상구 덕포동,중상사고,0,1,0,0,차량단독 - 기타,안전운전불이행,건조,맑음,단일로 - 기타,승합,남,62세,상해없음,,,,
2014102700100149,2014년 10월 27일 09시,월요일,부산광역시 북구 구포동,중상사고,0,1,0,0,차대사람 - 기타,안전운전불이행,건조,맑음,단일로 - 기타,이륜,남,25세,상해없음,보행자,여,76세,중상
2014102700100150,2014년 10월 27일 09시,월요일,부산광역시 북구 화명동,경상사고,0,0,2,0,차대차 - 추돌 - 주정차중,안전운전불이행,건조,맑음,교차로 - 교차로부근,승용,여,44세,상해없음,승용,남,59세,경상
2014102700100229,2014년 10월 27일 11시,월요일,부산광역시 남구 대연동,경상사고,0,0,1,0,차대사람 - 기타,안전운전불이행,건조,맑음,단일로 - 횡단보도상,승용,남,27세,상해없음,보행자,남,20세,경상
2014102700100230,2014년 10월 27일 11시,월요일,부산광역시 영도구 청학동,중상사고,0,2,0,0,차대사람 - 횡단중,신호위반,건조,맑음,교차로 - 교차로안,승용,여,26세,상해없음,보행자,여,69세,중상
2014102700100259,2014년 10월 27일 12시,월요일,부산광역시 남구 우암동,중상사고,0,1,0,0,차대사람 - 기타,안전운전불이행,건조,맑음,단일로 - 기타,원동기,남,75세,상해없음,보행자,여,60세,중상
2014102700100260,2014년 10월 27일 12시,월요일,부산광역시 금정구 남산동,경상사고,0,0,1,0,차대사람 - 횡단중,보행자보호의무위반,건조,맑음,교차로 - 교차로부근,승용,남,56세,상해없음,보행자,남,7세,경상
2014102700100297,2014년 10월 27일 13시,월요일,부산광역시 서구 동대신동1가,경상사고,0,0,1,0,차대차 - 추돌 - 주정차중,안전운전불이행,건조,맑음,교차로 - 교차로부근,건설기계,남,34세,상해없음,승용,남,42세,경상
2014102700100298,2014년 10월 27일 13시,월요일,부산광역시 부산진구 개금동,경상사고,0,0,1,0,차대사람 - 횡단중,안전운전불이행,건조,맑음,단일로 - 횡단보도부근,승용,남,46세,상해없음,보행자,남,62세,경상
2014102700100299,2014년 10월 27일 13시,월요일,부산광역시 부산진구 가야동,중상사고,0,1,0,0,차대사람 - 횡단중,안전운전불이행,건조,맑음,단일로 - 기타,승용,남,60세,상해없음,보행자,남,32세,중상
2014102700100343,2014년 10월 27일 14시,월요일,부산광역시 남구 대연동,중상사고,0,1,0,0,차대사람 - 기타,안전운전불이행,건조,맑음,단일로 - 기타,승합,남,47세,상해없음,보행자,여,78세,중상
2014102700100344,2014년 10월 27일 14시,월요일,부산광역시 동래구 안락동,경상사고,0,0,1,0,차대차 - 추돌 - 진행중,차로위반,건조,맑음,단일로 - 기타,화물,남,40세,상해없음,승용,남,27세,경상
2014102700100373,2014년 10월 27일 15시,월요일,부산광역시 남구 용당동,중상사고,0,1,0,0,차대사람 - 횡단중,중앙선침범,건조,맑음,단일로 - 기타,화물,남,71세,상해없음,보행자,남,54세,중상
2014102700100374,2014년 10월 27일 15시,월요일,부산광역시 연제구 연산동,중상사고,0,1,0,0,차대차 - 기타,안전운전불이행,건조,맑음,단일로 - 기타,원동기,남,34세,상해없음,화물,남,45세,상해없음
2014102700100407,2014년 10월 27일 16시,월요일,부산광역시 부산진구 당감동,경상사고,0,0,2,0,차대차 - 추돌 - 진행중,안전거리미확보,건조,맑음,단일로 - 기타,건설기계,남,58세,상해없음,승용,여,56세,경상
2014102700100408,2014년 10월 27일 16시,월요일,부산광역시 강서구 송정동,경상사고,0,0,1,0,차대차 - 기타,교차로운행방법위반,건조,맑음,교차로 - 교차로안,승용,남,27세,상해없음,화물,남,47세,경상