사고번호,사고일시,요일,시군구,사고내용,사망자수,중상자수,경상자수,부상신고자수,사고유형,법규위반,노면상태,기상상태,도로형태,가해운전자 차종,가해운전자 성별,가해운전자 연령,가해운전자 상해정도,피해운전자 차종,피해운전자 성별,피해운전자 연령,피해운전자 상해정도
2014103100100295,2014년 10월 31일 14시,금요일,부산광역시 금정구 장전동,부상신고사고,0,0,0,1,차대차 - 측면직각충돌,기타,습기,비,교차로 - 교차로안,승합,남,27세,상해없음,이륜,남,27세,부상신고
2014103100100296,2014년 10월 31일 14시,금요일,부산광역시 사상구 감전동,경상사고,0,0,1,0,차대사람 - 기타,안전운전불이행,건조,맑음,단일로 - 기타,화물,남,28세,상해없음,보행자,여,34세,경상
2014103100100323,2014년 10월 31일 15시,금요일,부산광역시 남구 용호동,경상사고,0,0,1,0,차대사람 - 횡단중,보행자보호의무위반,기타,기타,교차로 - 교차로부근,승용,남,29세,상해없음,보행자,남,51세,경상
2014103100100353,2014년 10월 31일 16시,금요일,부산광역시 해운대구 우동,중상사고,0,1,0,0,차대차 - 기타,안전운전불이행,기타,비,단일로 - 기타,화물,남,23세,상해없음,승용,여,36세,중상
2014103100100388,2014년 10월 31일 17시,금요일,부산광역시 중구 남포동4가,중상사고,0,2,0,0,차대차 - 추돌 - 진행중,안전운전불이행,습기,비,단일로 - 기타,승용,남,52세,상해없음,화물,남,44세,중상
2014103100100389,2014년 10월 31일 17시,금요일,부산광역시 서구 암남동,중상사고,0,2,0,0,차량단독 - 기타,안전운전불이행,습기,비,교차로 - 교차로안,승용,남,67세,상해없음,,,,
2014103100100390,2014년 10월 31일 17시,금요일,부산광역시 해운대구 반여동,중상사고,0,1,0,0,차대사람 - 기타,안전운전불이행,습기,비,교차로 - 교차로안,승용,여,39세,상해없음,보행자,남,64세,중상
2014103100100450,2014년 10월 31일 18시,금요일,부산광역시 강서구 신호동,중상사고,0,1,0,0,차대사람 - 기타,안전운전불이행,습기,비,교차로 - 교차로안,승용,남,38세,상해없음,보행자,남,48세,중상
2014103100100540,2014년 10월 31일 19시,금요일,부산광역시 북구 덕천동,중상사고,0,1,0,0,차대사람 - 기타,안전운전불이행,건조,맑음,단일로 - 기타,승용,남,61세,상해없음,보행자,남,50세,중상
2014103100100541,2014년 10월 31일 19시,금요일,부산광역시 동래구 명장동,경상사고,0,0,2,0,차대차 - 추돌 - 진행중,안전운전불이행,습기,비,단일로 - 기타,승용,남,65세,상해없음,승용,여,47세,경상
2014103100100542,2014년 10월 31일 19시,금요일,부산광역시 사하구 하단동,경상사고,0,0,1,0,차대차 - 기타,안전운전불이행,습기,비,단일로 - 기타,승용,남,48세,상해없음,승합,남,76세,상해없음
2014103100100611,2014년 10월 31일 20시,금요일,부산광역시 남구 대연동,경상사고,0,0,1,0,차대사람 - 횡단중,안전운전불이행,습기,비,교차로 - 교차로부근,승용,남,43세,상해없음,보행자,남,76세,경상
2014103100100612,2014년 10월 31일 20시,금요일,부산광역시 북구 구포동,경상사고,0,0,2,0,차대차 - 추돌 - 진행중,차로위반,습기,비,단일로 - 기타,승용,남,24세,상해없음,승용,남,36세,경상
2014103100100613,2014년 10월 31일 20시,금요일,부산광역시 동래구 명장동,경상사고,0,0,1,0,차대사람 - 횡단중,보행자보호의무위반,습기,비,단일로 - 횡단보도상,승용,남,59세,상해없음,보행자,남,58세,경상
2014103100100614,2014년 10월 31일 20시,금요일,부산광역시 강서구 명지동,경상사고,0,0,1,0,차대차 - 추돌 - 주정차중,안전운전불이행,습기,비,단일로 - 기타,승용,남,44세,상해없음,승용,남,41세,상해없음
2014103100100663,2014년 10월 31일 21시,금요일,부산광역시 남구 대연동,경상사고,0,0,1,0,차대사람 - 길가장자리구역통행중,안전운전불이행,습기,비,단일로 - 기타,승용,기타불명,기타불명,기타불명,보행자,여,27세,경상
2014103100100664,2014년 10월 31일 21시,금요일,부산광역시 해운대구 우동,경상사고,0,0,1,0,차대차 - 기타,안전운전불이행,습기,비,단일로 - 교량,승용,남,28세,상해없음,승용,남,51세,경상
2014103100100665,2014년 10월 31일 21시,금요일,부산광역시 금정구 장전동,경상사고,0,0,2,0,차대차 - 측면직각충돌,교차로운행방법위반,건조,맑음,교차로 - 교차로안,승용,남,73세,상해없음,승용,남,61세,상해없음
2014103100100666,2014년 10월 31일 21시,금요일,부산광역시 강서구 송정동,중상사고,0,1,0,0,차대사람 - 횡단중,신호위반,습기,비,교차로 - 교차로안,승용,남,28세,상해없음,보행자,남,30세,중상
2014103100100719,2014년 10월 31일 22시,금요일,부산광역시 동래구 사직동,경상사고,0,0,1,0,차대차 - 추돌 - 진행중,차로위반,습기,비,교차로 - 교차로부근,승용,여,38세,상해없음,승용,남,56세,상해없음
2014103100100720,2014년 10월 31일 22시,금요일,부산광역시 부산진구 개금동,부상신고사고,0,0,0,1,차대차 - 기타,안전운전불이행,습기,비,단일로 - 기타,이륜,남,16세,부상신고,승용,여,39세,상해없음
2014103100100769,2014년 10월 31일 23시,금요일,부산광역시 해운대구 우동,중상사고,0,1,0,2,차대차 - 기타,안전운전불이행,기타,비,단일로 - 기타,승용,남,39세,상해없음,승용,남,53세,중상
2014110100100004,2014년 11월 1일 00시,토요일,부산광역시 북구 구포동,부상신고사고,0,0,0,1,차대사람 - 횡단중,안전운전불이행,습기,비,단일로 - 기타,승용,남,31세,상해없음,보행자,남,42세,부상신고
2014110100100005,2014년 11월 1일 00시,토요일,부산광역시 북구 구포동,경상사고,0,0,1,0,차대차 - 측면직각충돌,안전운전불이행,습기,비,단일로 - 기타,승용,남,35세,상해없음,승용,남,37세,기타불명
2014110100100006,2014년 11월 1일 00시,토요일,부산광역시 부산진구 부전동,경상사고,0,0,2,0,차대차 - 추돌 - 주정차중,안전운전불이행,습기,비,단일로 - 기타,승용,남,32세,상해없음,승용,남,43세,경상
2014110100100007,2014년 11월 1일 00시,토요일,부산광역시 사상구 감전동,중상사고,0,1,1,0,차대차 - 측면직각충돌,교차로운행방법위반,습기,비,교차로 - 교차로안,승용,남,34세,상해없음,승용,남,64세,경상
2014110100100045,2014년 11월 1일 01시,토요일,부산광역시 동래구 복천동,중상사고,0,1,1,0,차대사람 - 횡단중,안전운전불이행,습기,비,교차로 - 교차로부근,승용,남,57세,상해없음,보행자,남,41세,경상
2014110100100046,2014년 11월 1일 01시,토요일,부산광역시 부산진구 범천동,경상사고,0,0,1,0,차대사람 - 횡단중,보행자보호의무위반,습기,비,단일로 - 기타,승용,여,35세,상해없음,보행자,남,23세,경상
2014110100100047,2014년 11월 1일 01시,토요일,부산광역시 금정구 부곡동,사망사고,1,0,0,0,차대차 - 기타,과속,습기,비,단일로 - 기타,승용,남,54세,상해없음,원동기,남,62세,사망
2014110100100048,2014년 11월 1일 01시,토요일,부산광역시 금정구 장전동,중상사고,0,1,0,0,차대사람 - 기타,보행자보호의무위반,습기,비,교차로 - 교차로안,승용,남,58세,상해없음,보행자,남,50세,중상
2014110100100049,2014년 11월 1일 01시,토요일,부산광역시 금정구 구서동,경상사고,0,0,1,0,차대차 - 기타,안전운전불이행,건조,맑음,단일로 - 기타,승합,남,55세,기타불명,승용,남,47세,상해없음
2014110100100050,2014년 11월 1일 01시,토요일,부산광역시 사상구 괘법동,중상사고,0,1,1,0,차대차 - 측면직각충돌,신호위반,습기,비,단일로 - 횡단보도상,승용,남,53세,상해없음,승용,남,51세,중상
2014110100100051,2014년 11월 1일 01시,토요일,부산광역시 기장군 정관면,경상사고,0,0,1,0,차대차 - 추돌 - 주정차중,안전운전불이행,건조,맑음,교차로 - 교차로부근,승용,남,45세,상해없음,승합,남,48세,경상
2014110100100075,2014년 11월 1일 02시,토요일,부산광역시 수영구 광안동,경상사고,0,0,1,0,차대차 - 추돌 - 진행중,안전운전불이행,습기,비,단일로 - 기타,승용,남,35세,상해없음,승용,여,57세,경상
2014110100100076,2014년 11월 1일 02시,토요일,부산광역시 해운대구 좌동,중상사고,0,1,0,1,차대차 - 기타,신호위반,기타,비,교차로 - 교차로안,승용,남,31세,상해없음,승용,남,61세,중상
2014110100100077,2014년 11월 1일 02시,토요일,부산광역시 해운대구 반여동,중상사고,0,1,2,0,차대차 - 추돌 - 진행중,안전운전불이행,습기,비,단일로 - 기타,승용,남,57세,상해없음,승용,여,24세,경상
2014110100100078,2014년 11월 1일 02시,토요일,부산광역시 해운대구 좌동,경상사고,0,0,1,0,차대차 - 기타,교차로운행방법위반,건조,맑음,교차로 - 교차로안,승용,남,38세,상해없음,승용,남,35세,경상
2014110100100103,2014년 11월 1일 03시,토요일,부산광역시 남구 대연동,부상신고사고,0,0,0,1,차대사람 - 기타,안전운전불이행,건조,흐림,교차로 - 교차로부근,승용,남,50세,상해없음,보행자,남,17세,부상신고
2014110100100104,2014년 11월 1일 03시,토요일,부산광역시 수영구 망미동,경상사고,0,0,1,0,차대차 - 측면직각충돌,안전거리미확보,습기,흐림,교차로 - 교차로부근,승용,기타불명,기타불명,기타불명,승용,남,59세,경상
2014110100100145,2014년 11월 1일 05시,토요일,부산광역시 사상구 주례동,경상사고,0,0,1,0,차대사람 - 기타,안전운전불이행,건조,맑음,단일로 - 기타,승용,여,57세,상해없음,보행자,남,21세,경상
2014110100100183,2014년 11월 1일 08시,토요일,부산광역시 강서구 송정동,중상사고,0,1,0,0,차대차 - 정면충돌,신호위반,건조,맑음,교차로 - 교차로안,승용,남,27세,상해없음,승용,여,56세,중상
2014110100100210,2014년 11월 1일 09시,토요일,부산광역시 사하구 하단동,경상사고,0,0,1,0,차대차 - 측면직각충돌,안전운전불이행,건조,맑음,단일로 - 기타,승용,남,22세,상해없음,특수,남,28세,경상
2014110100100237,2014년 11월 1일 10시,토요일,부산광역시 동래구 온천동,부상신고사고,0,0,0,1,차대차 - 측면직각충돌,안전운전불이행,건조,맑음,단일로 - 기타,자전거,남,64세,부상신고,승용,남,51세,상해없음
2014110100100238,2014년 11월 1일 10시,토요일,부산광역시 금정구 구서동,부상신고사고,0,0,0,1,차대차 - 기타,차로위반,건조,맑음,교차로 - 교차로부근,이륜,여,54세,부상신고,승용,여,40세,상해없음
2014110100100239,2014년 11월 1일 10시,토요일,부산광역시 사하구 다대동,경상사고,0,0,1,0,차대차 - 기타,안전운전불이행,건조,맑음,단일로 - 기타,화물,남,29세,상해없음,화물,남,37세,경상
2014110100100269,2014년 11월 1일 11시,토요일,부산광역시 해운대구 우동,경상사고,0,0,1,0,차대사람 - 횡단중,신호위반,건조,맑음,단일로 - 기타,자전거,남,16세,기타불명,보행자,여,26세,경상
2014110100100270,2014년 11월 1일 11시,토요일,부산광역시 부산진구 부전동,경상사고,0,0,1,0,차대차 - 기타,차로위반,건조,맑음,단일로 - 기타,승용,남,52세,상해없음,승용,여,42세,경상
2014110100100294,2014년 11월 1일 12시,토요일,부산광역시 해운대구 반송동,중상사고,0,1,1,0,차대차 - 추돌 - 주정차중,안전운전불이행,건조,맑음,단일로 - 기타,승용,여,19세,상해없음,화물,남,56세,기타불명
2014110100100324,2014년 11월 1일 13시,토요일,부산광역시 남구 대연동,중상사고,0,1,0,0,차대차 - 추돌 - 진행중,안전운전불이행,건조,맑음,단일로 - 기타,승용,남,60세,상해없음,원동기,남,29세,중상
2014110100100325,2014년 11월 1일 13시,토요일,부산광역시 북구 만덕동,경상사고,0,0,1,0,차대차 - 추돌 - 진행중,안전운전불이행,습기,흐림,교차로 - 교차로안,승용,남,67세,상해없음,승용,남,26세,상해없음
2014110100100326,2014년 11월 1일 13시,토요일,부산광역시 부산진구 범천동,경상사고,0,0,1,2,차대차 - 측면직각충돌,신호위반,건조,맑음,교차로 - 교차로안,화물,남,53세,상해없음,승용,남,71세,경상
2014110100100363,2014년 11월 1일 14시,토요일,부산광역시 사하구 구평동,경상사고,0,0,1,0,차대차 - 기타,안전운전불이행,건조,맑음,단일로 - 기타,이륜,남,75세,경상,화물,남,47세,상해없음
2014110100100386,2014년 11월 1일 15시,토요일,부산광역시 사상구 덕포동,부상신고사고,0,0,0,1,차대차 - 정면충돌,중앙선침범,건조,맑음,단일로 - 기타,이륜,기타불명,기타불명,기타불명,자전거,남,15세,부상신고
2014110100100387,2014년 11월 1일 15시,토요일,부산광역시 사상구 감전동,중상사고,0,3,2,1,차대차 - 추돌 - 진행중,안전거리미확보,건조,맑음,미분류 - 미분류,승용,남,47세,부상신고,승용,남,46세,중상
2014110100100452,2014년 11월 1일 17시,토요일,부산광역시 남구 감만동,사망사고,1,0,0,0,차대사람 - 기타,안전운전불이행,건조,맑음,단일로 - 기타,승합,남,46세,상해없음,보행자,여,86세,사망
2014110100100453,2014년 11월 1일 17시,토요일,부산광역시 수영구 남천동,경상사고,0,0,1,0,차대차 - 기타,안전운전불이행,건조,맑음,단일로 - 기타,승용,기타불명,기타불명,기타불명,자전거,남,14세,경상
2014110100100454,2014년 11월 1일 17시,토요일,부산광역시 해운대구 재송동,부상신고사고,0,0,0,2,차대차 - 기타,안전운전불이행,건조,흐림,교차로 - 교차로안,승용,여,34세,상해없음,화물,남,53세,부상신고
2014110100100455,2014년 11월 1일 17시,토요일,부산광역시 해운대구 우동,중상사고,0,1,0,0,차대차 - 정면충돌,신호위반,건조,맑음,단일로 - 횡단보도상,승용,남,66세,상해없음,자전거,여,27세,중상
2014110100100456,2014년 11월 1일 17시,토요일,부산광역시 사하구 구평동,중상사고,0,1,0,0,차대사람 - 횡단중,신호위반,건조,맑음,교차로 - 교차로안,승용,남,33세,상해없음,보행자,여,83세,중상
2014110100100457,2014년 11월 1일 17시,토요일,부산광역시 연제구 연산동,중상사고,0,1,0,0,차대사람 - 차도통행중,안전운전불이행,건조,맑음,교차로 - 교차로부근,화물,남,34세,상해없음,보행자,남,14세,중상
2014110100100502,2014년 11월 1일 18시,토요일,부산광역시 해운대구 우동,중상사고,0,1,0,0,차대차 - 측면직각충돌,중앙선침범,건조,맑음,단일로 - 기타,원동기,남,16세,상해없음,승용,여,40세,중상
2014110100100604,2014년 11월 1일 20시,토요일,부산광역시 사하구 신평동,중상사고,0,3,0,0,차대차 - 측면직각충돌,신호위반,건조,맑음,교차로 - 교차로안,승용,남,63세,상해없음,승용,남,32세,중상
2014110100100605,2014년 11월 1일 20시,토요일,부산광역시 사하구 하단동,경상사고,0,0,2,0,차대차 - 추돌 - 주정차중,안전운전불이행,건조,맑음,단일로 - 기타,승용,남,54세,상해없음,승용,남,42세,기타불명
2014110100100606,2014년 11월 1일 20시,토요일,부산광역시 연제구 거제동,중상사고,0,1,0,0,차대사람 - 횡단중,신호위반,건조,맑음,단일로 - 횡단보도상,승용,여,30세,상해없음,보행자,여,33세,중상
2014110100100641,2014년 11월 1일 21시,토요일,부산광역시 부산진구 부전동,경상사고,0,0,1,0,차대차 - 측면직각충돌,안전거리미확보,건조,맑음,단일로 - 기타,승용,여,25세,상해없음,승용,남,69세,경상
2014110100100663,2014년 11월 1일 22시,토요일,부산광역시 동구 초량동,중상사고,0,2,0,0,차대차 - 기타,교차로운행방법위반,건조,맑음,교차로 - 교차로안,승용,남,38세,중상,승용,남,24세,중상
2014110100100685,2014년 11월 1일 23시,토요일,부산광역시 중구 영주동,중상사고,0,1,0,0,차대사람 - 차도통행중,안전운전불이행,건조,맑음,단일로 - 기타,승용,남,57세,상해없음,보행자,남,57세,중상
2014110100100686,2014년 11월 1일 23시,토요일,부산광역시 부산진구 부전동,중상사고,0,1,0,0,차대차 - 기타,안전운전불이행,건조,맑음,교차로 - 교차로부근,자전거,남,67세,중상,승용,남,56세,상해없음
2014110200100009,2014년 11월 2일 00시,일요일,부산광역시 기장군 기장읍,중상사고,0,1,0,0,차대사람 - 횡단중,안전운전불이행,습기,흐림,단일로 - 횡단보도부근,승용,남,47세,상해없음,보행자,여,45세,중상
2014110200100033,2014년 11월 2일 01시,일요일,부산광역시 금정구 금사동,경상사고,0,0,4,0,차대차 - 측면직각충돌,직진우회전진행방해,건조,맑음,교차로 - 교차로안,승용,남,55세,상해없음,승용,남,45세,경상
2014110200100053,2014년 11월 2일 02시,일요일,부산광역시 동래구 수안동,부상신고사고,0,0,0,1,차대차 - 측면직각충돌,교차로운행방법위반,건조,맑음,교차로 - 교차로안,승용,남,45세,상해없음,승용,남,60세,상해없음
2014110200100070,2014년 11월 2일 03시,일요일,부산광역시 서구 아미동1가,경상사고,0,0,1,0,차대차 - 측면직각충돌,안전운전불이행,기타,기타,단일로 - 기타,승용,남,26세,상해없음,이륜,남,16세,상해없음
2014110200100071,2014년 11월 2일 03시,일요일,부산광역시 사하구 장림동,경상사고,0,0,1,0,차대차 - 기타,신호위반,건조,맑음,교차로 - 교차로안,승용,남,63세,기타불명,승용,남,56세,상해없음
2014110200100081,2014년 11월 2일 04시,일요일,부산광역시 동래구 온천동,중상사고,0,1,2,0,차대사람 - 길가장자리구역통행중,안전운전불이행,건조,맑음,단일로 - 기타,승용,남,41세,상해없음,보행자,남,31세,중상
2014110200100082,2014년 11월 2일 04시,일요일,부산광역시 사하구 구평동,부상신고사고,0,0,0,2,차량단독 - 공작물충돌,안전운전불이행,건조,맑음,단일로 - 기타,화물,남,26세,부상신고,,,,
2014110200100095,2014년 11월 2일 05시,일요일,부산광역시 북구 덕천동,경상사고,0,0,2,0,차대차 - 측면직각충돌,중앙선침범,건조,맑음,단일로 - 기타,승용,기타불명,기타불명,기타불명,승용,남,46세,경상
2014110200100110,2014년 11월 2일 06시,일요일,부산광역시 북구 만덕동,경상사고,0,0,1,0,차대사람 - 횡단중,신호위반,건조,맑음,교차로 - 교차로안,승용,남,61세,상해없음,보행자,여,70세,경상
2014110200100120,2014년 11월 2일 07시,일요일,부산광역시 중구 대청동4가,사망사고,1,0,0,0,차대차 - 측면직각충돌,불법유턴,건조,맑음,단일로 - 기타,승용,남,72세,상해없음,이륜,남,59세,사망
2014110200100121,2014년 11월 2일 07시,일요일,부산광역시 영도구 남항동1가,경상사고,0,0,1,0,차대사람 - 기타,안전운전불이행,건조,맑음,단일로 - 기타,승용,남,50세,상해없음,보행자,여,70세,경상
2014110200100157,2014년 11월 2일 09시,일요일,부산광역시 중구 남포동6가,부상신고사고,0,0,0,1,차대사람 - 기타,안전운전불이행,건조,맑음,교차로 - 교차로부근,승용,여,32세,상해없음,보행자,남,63세,부상신고
2014110200100158,2014년 11월 2일 09시,일요일,부산광역시 서구 동대신동2가,경상사고,0,0,1,0,차대차 - 기타,차로위반,건조,맑음,단일로 - 기타,승용,남,62세,상해없음,승용,남,60세,경상
2014110200100212,2014년 11월 2일 12시,일요일,부산광역시 강서구 대저1동,경상사고,0,0,1,0,차대차 - 기타,차로위반,건조,맑음,교차로 - 교차로부근,승용,남,39세,상해없음,승용,여,52세,경상
2014110200100231,2014년 11월 2일 13시,일요일,부산광역시 영도구 영선동3가,중상사고,0,1,0,0,차대차 - 측면직각충돌,교차로운행방법위반,건조,맑음,교차로 - 교차로안,승합,남,47세,상해없음,승용,남,53세,상해없음
2014110200100232,2014년 11월 2일 13시,일요일,부산광역시 해운대구 송정동,부상신고사고,0,0,0,1,차대차 - 기타,안전운전불이행,건조,맑음,단일로 - 기타,승용,여,31세,상해없음,자전거,남,57세,부상신고
2014110200100257,2014년 11월 2일 14시,일요일,부산광역시 부산진구 당감동,경상사고,0,0,1,0,차대차 - 기타,안전운전불이행,건조,맑음,기타 - 기타,승용,여,51세,기타불명,승용,남,24세,경상
2014110200100258,2014년 11월 2일 14시,일요일,부산광역시 기장군 기장읍,중상사고,0,1,0,0,차대사람 - 길가장자리구역통행중,안전운전불이행,건조,맑음,단일로 - 기타,승용,여,50세,상해없음,보행자,여,82세,중상
2014110200100288,2014년 11월 2일 15시,일요일,부산광역시 부산진구 양정동,경상사고,0,0,2,0,차대차 - 정면충돌,중앙선침범,건조,맑음,교차로 - 교차로부근,승용,남,54세,상해없음,승용,여,42세,경상
2014110200100289,2014년 11월 2일 15시,일요일,부산광역시 사하구 신평동,경상사고,0,0,1,1,차대차 - 측면직각충돌,신호위반,건조,맑음,교차로 - 교차로안,승합,남,37세,상해없음,승용,남,34세,경상
2014110200100329,2014년 11월 2일 16시,일요일,부산광역시 금정구 선동,경상사고,0,0,1,0,차대차 - 추돌 - 진행중,안전운전불이행,건조,맑음,단일로 - 기타,승합,남,49세,상해없음,승용,남,43세,경상
2014110200100362,2014년 11월 2일 17시,일요일,부산광역시 남구 문현동,경상사고,0,0,2,0,차대차 - 기타,중앙선침범,건조,맑음,단일로 - 기타,승용,여,60세,상해없음,승용,남,56세,경상
2014110200100405,2014년 11월 2일 18시,일요일,부산광역시 북구 만덕동,경상사고,0,0,1,0,차대차 - 추돌 - 진행중,안전운전불이행,건조,맑음,단일로 - 기타,승용,남,78세,상해없음,승용,남,37세,경상
2014110200100406,2014년 11월 2일 18시,일요일,부산광역시 북구 화명동,경상사고,0,0,1,1,차대차 - 기타,중앙선침범,건조,맑음,단일로 - 기타,승용,남,55세,상해없음,승용,남,38세,경상
2014110200100407,2014년 11월 2일 18시,일요일,부산광역시 금정구 회동동,중상사고,0,1,0,0,차대차 - 추돌 - 진행중,안전거리미확보,건조,맑음,단일로 - 기타,승용,남,60세,상해없음,승용,남,27세,상해없음
2014110200100450,2014년 11월 2일 19시,일요일,부산광역시 남구 대연동,경상사고,0,0,2,0,차대차 - 측면직각충돌,기타,건조,맑음,교차로 - 교차로안,승용,여,54세,경상,승용,남,46세,경상
2014110200100451,2014년 11월 2일 19시,일요일,부산광역시 북구 구포동,중상사고,0,2,1,0,차대차 - 추돌 - 주정차중,안전운전불이행,건조,맑음,단일로 - 기타,승용,남,52세,상해없음,승용,남,63세,경상
2014110200100452,2014년 11월 2일 19시,일요일,부산광역시 영도구 남항동1가,중상사고,0,1,0,0,차대사람 - 횡단중,보행자보호의무위반,건조,맑음,단일로 - 기타,원동기,남,17세,상해없음,보행자,남,8세,중상
2014110200100453,2014년 11월 2일 19시,일요일,부산광역시 부산진구 개금동,경상사고,0,0,1,0,차대사람 - 기타,안전운전불이행,건조,맑음,단일로 - 기타,승용,남,53세,기타불명,보행자,여,43세,경상
2014110200100500,2014년 11월 2일 20시,일요일,부산광역시 중구 동광동1가,중상사고,0,1,0,0,차대차 - 기타,안전운전불이행,건조,맑음,단일로 - 기타,승용,남,30세,상해없음,이륜,남,23세,중상
2014110200100501,2014년 11월 2일 20시,일요일,부산광역시 사하구 당리동,중상사고,0,1,0,0,차대사람 - 기타,중앙선침범,건조,맑음,단일로 - 기타,이륜,남,51세,상해없음,보행자,남,43세,중상
2014110200100559,2014년 11월 2일 22시,일요일,부산광역시 서구 암남동,중상사고,0,1,0,0,차대차 - 측면직각충돌,안전운전불이행,건조,맑음,단일로 - 횡단보도부근,승용,남,59세,상해없음,원동기,남,17세,중상
2014110200100560,2014년 11월 2일 22시,일요일,부산광역시 동래구 명륜동,부상신고사고,0,0,0,1,차대차 - 측면직각충돌,교차로운행방법위반,건조,맑음,교차로 - 교차로안,자전거,여,35세,부상신고,승용,남,42세,상해없음
2014110300100018,2014년 11월 3일 01시,월요일,부산광역시 사상구 모라동,중상사고,0,1,0,0,차대차 - 측면직각충돌,신호위반,건조,흐림,교차로 - 교차로안,승용,남,43세,상해없음,승용,남,25세,중상
2014110300100056,2014년 11월 3일 06시,월요일,부산광역시 동래구 수안동,중상사고,0,1,0,0,차대차 - 기타,안전운전불이행,건조,맑음,단일로 - 기타,승용,남,66세,상해없음,자전거,남,68세,중상
2014110300100057,2014년 11월 3일 06시,월요일,부산광역시 강서구 송정동,중상사고,0,1,0,0,차대차 - 기타,신호위반,건조,맑음,교차로 - 교차로안,승합,남,64세,상해없음,자전거,여,61세,중상
2014110300100104,2014년 11월 3일 08시,월요일,부산광역시 동구 수정동,경상사고,0,0,1,0,차대차 - 정면충돌,안전운전불이행,건조,맑음,단일로 - 기타,원동기,남,69세,경상,승용,여,36세,상해없음
2014110300100177,2014년 11월 3일 10시,월요일,부산광역시 남구 대연동,경상사고,0,0,2,0,차대차 - 기타,차로위반,건조,맑음,단일로 - 기타,이륜,남,44세,상해없음,승용,남,69세,상해없음
2014110300100207,2014년 11월 3일 11시,월요일,부산광역시 해운대구 반송동,중상사고,0,1,0,0,차대사람 - 기타,안전운전불이행,건조,맑음,교차로 - 교차로부근,승용,남,31세,상해없음,보행자,여,80세,중상
2014110300100208,2014년 11월 3일 11시,월요일,부산광역시 수영구 수영동,경상사고,0,0,1,0,차대사람 - 횡단중,신호위반,건조,맑음,교차로 - 교차로안,승용,남,60세,상해없음,보행자,여,34세,경상
2014110300100209,2014년 11월 3일 11시,월요일,부산광역시 사상구 엄궁동,부상신고사고,0,0,0,1,차대차 - 측면직각충돌,안전거리미확보,건조,맑음,교차로 - 교차로부근,화물,기타불명,기타불명,기타불명,승합,남,48세,상해없음
2014110300100237,2014년 11월 3일 12시,월요일,부산광역시 부산진구 가야동,중상사고,0,1,0,0,차대차 - 기타,교차로운행방법위반,건조,맑음,교차로 - 교차로안,승용,남,53세,상해없음,이륜,남,57세,중상
2014110300100267,2014년 11월 3일 13시,월요일,부산광역시 사하구 장림동,경상사고,0,0,1,0,차대차 - 측면직각충돌,기타,건조,맑음,단일로 - 기타,승용,남,56세,상해없음,승용,남,62세,상해없음
2014110300100303,2014년 11월 3일 14시,월요일,부산광역시 남구 문현동,경상사고,0,0,1,0,차대차 - 기타,안전운전불이행,건조,맑음,교차로 - 교차로부근,화물,남,39세,상해없음,원동기,남,26세,경상
2014110300100304,2014년 11월 3일 14시,월요일,부산광역시 금정구 구서동,경상사고,0,0,1,0,차대차 - 정면충돌,중앙선침범,건조,맑음,단일로 - 기타,승용,남,55세,상해없음,승용,여,43세,경상
2014110300100339,2014년 11월 3일 15시,월요일,부산광역시 부산진구 부전동,경상사고,0,0,1,0,차대사람 - 횡단중,기타,건조,맑음,단일로 - 기타,승용,여,45세,상해없음,보행자,여,59세,경상
2014110300100340,2014년 11월 3일 15시,월요일,부산광역시 수영구 망미동,경상사고,0,0,1,0,차대차 - 측면직각충돌,안전거리미확보,건조,맑음,단일로 - 기타,승용,남,63세,상해없음,승용,남,30세,경상
2014110300100383,2014년 11월 3일 16시,월요일,부산광역시 부산진구 전포동,경상사고,0,0,1,0,차대차 - 측면직각충돌,안전운전불이행,건조,맑음,단일로 - 기타,원동기,남,23세,경상,승합,남,72세,상해없음
2014110300100384,2014년 11월 3일 16시,월요일,부산광역시 사상구 감전동,경상사고,0,0,1,0,차대차 - 추돌 - 진행중,안전거리미확보,건조,맑음,단일로 - 기타,화물,남,39세,상해없음,승용,여,46세,경상
2014110300100419,2014년 11월 3일 17시,월요일,부산광역시 수영구 광안동,경상사고,0,0,1,0,차대사람 - 기타,안전운전불이행,건조,맑음,교차로 - 교차로부근,승용,여,48세,상해없음,보행자,여,28세,경상
2014110300100420,2014년 11월 3일 17시,월요일,부산광역시 북구 구포동,경상사고,0,0,2,1,차대차 - 측면직각충돌,교차로운행방법위반,건조,맑음,교차로 - 교차로안,승용,여,50세,상해없음,화물,남,49세,경상
2014110300100463,2014년 11월 3일 18시,월요일,부산광역시 동래구 수안동,중상사고,0,1,0,0,차대사람 - 기타,안전운전불이행,건조,맑음,교차로 - 교차로안,승용,남,55세,상해없음,보행자,남,77세,중상
2014110300100464,2014년 11월 3일 18시,월요일,부산광역시 부산진구 전포동,중상사고,0,1,0,0,차대차 - 측면직각충돌,교차로운행방법위반,건조,맑음,교차로 - 교차로안,승용,여,39세,상해없음,원동기,남,31세,중상
2014110300100465,2014년 11월 3일 18시,월요일,부산광역시 강서구 대저1동,중상사고,0,1,0,1,차대사람 - 기타,안전운전불이행,건조,맑음,교차로 - 교차로부근,원동기,여,59세,부상신고,보행자,남,25세,중상