사고번호,사고일시,요일,시군구,사고내용,사망자수,중상자수,경상자수,부상신고자수,사고유형,법규위반,노면상태,기상상태,도로형태,가해운전자 차종,가해운전자 성별,가해운전자 연령,가해운전자 상해정도,피해운전자 차종,피해운전자 성별,피해운전자 연령,피해운전자 상해정도
2014110300100466,2014년 11월 3일 18시,월요일,부산광역시 사상구 덕포동,중상사고,0,1,0,0,차대차 - 정면충돌,신호위반,건조,맑음,교차로 - 교차로안,승용,여,67세,상해없음,이륜,남,16세,중상
2014110300100467,2014년 11월 3일 18시,월요일,부산광역시 사상구 감전동,경상사고,0,0,1,0,차대차 - 기타,안전운전불이행,건조,맑음,단일로 - 기타,승용,남,58세,상해없음,이륜,남,39세,경상
2014110300100567,2014년 11월 3일 20시,월요일,부산광역시 부산진구 당감동,경상사고,0,0,1,0,차대차 - 기타,안전운전불이행,건조,맑음,단일로 - 기타,자전거,남,53세,경상,승합,남,41세,상해없음
2014110300100592,2014년 11월 3일 21시,월요일,부산광역시 중구 보수동2가,경상사고,0,0,4,0,차대차 - 측면직각충돌,교차로운행방법위반,건조,맑음,단일로 - 기타,승용,남,25세,상해없음,승용,남,54세,경상
2014110300100593,2014년 11월 3일 21시,월요일,부산광역시 북구 구포동,경상사고,0,0,2,0,차량단독 - 기타,기타,건조,맑음,교차로 - 교차로안,승합,남,57세,상해없음,,,,
2014110300100623,2014년 11월 3일 22시,월요일,부산광역시 해운대구 우동,경상사고,0,0,1,0,차대차 - 추돌 - 진행중,안전운전불이행,건조,맑음,단일로 - 기타,승합,남,54세,상해없음,승용,남,44세,경상
2014110300100624,2014년 11월 3일 22시,월요일,부산광역시 부산진구 부전동,경상사고,0,0,4,0,차대차 - 기타,안전거리미확보,건조,맑음,단일로 - 기타,승용,남,24세,상해없음,승합,남,52세,상해없음
2014110400100035,2014년 11월 4일 04시,화요일,부산광역시 남구 대연동,경상사고,0,0,1,0,차대차 - 측면직각충돌,안전운전불이행,건조,맑음,교차로 - 교차로안,이륜,남,21세,상해없음,승용,남,52세,경상
2014110400100054,2014년 11월 4일 06시,화요일,부산광역시 금정구 구서동,경상사고,0,0,1,0,차대차 - 측면직각충돌,중앙선침범,건조,맑음,단일로 - 기타,승용,남,46세,상해없음,이륜,남,15세,상해없음
2014110400100076,2014년 11월 4일 07시,화요일,부산광역시 사하구 하단동,중상사고,0,2,0,0,차대차 - 기타,안전운전불이행,건조,맑음,단일로 - 기타,승용,남,27세,상해없음,자전거,여,31세,중상
2014110400100077,2014년 11월 4일 07시,화요일,부산광역시 강서구 성북동,경상사고,0,0,1,0,차대차 - 측면직각충돌,신호위반,건조,맑음,교차로 - 교차로안,특수,남,47세,상해없음,승용,남,24세,경상
2014110400100119,2014년 11월 4일 08시,화요일,부산광역시 영도구 청학동,경상사고,0,0,1,0,차대차 - 추돌 - 진행중,안전거리미확보,건조,맑음,단일로 - 기타,화물,남,48세,상해없음,승용,남,52세,상해없음
2014110400100120,2014년 11월 4일 08시,화요일,부산광역시 해운대구 반여동,부상신고사고,0,0,0,1,차대차 - 측면직각충돌,안전운전불이행,기타,맑음,단일로 - 기타,특수,남,38세,상해없음,승용,남,72세,부상신고
2014110400100122,2014년 11월 4일 08시,화요일,부산광역시 사하구 하단동,중상사고,0,1,0,0,차대차 - 측면직각충돌,안전운전불이행,건조,맑음,단일로 - 기타,승용,여,36세,상해없음,이륜,남,62세,중상
2014110400100179,2014년 11월 4일 09시,화요일,부산광역시 동구 초량동,경상사고,0,0,1,0,차대차 - 측면직각충돌,교차로운행방법위반,건조,맑음,교차로 - 교차로안,승합,남,56세,상해없음,승용,여,40세,상해없음
2014110400100180,2014년 11월 4일 09시,화요일,부산광역시 수영구 광안동,경상사고,0,0,1,0,차대차 - 기타,안전운전불이행,건조,맑음,단일로 - 기타,승용,남,36세,상해없음,승용,남,29세,경상
2014110400100209,2014년 11월 4일 10시,화요일,부산광역시 동래구 명륜동,중상사고,0,1,0,0,차대차 - 추돌 - 주정차중,안전운전불이행,건조,맑음,단일로 - 기타,자전거,남,86세,중상,화물,남,51세,상해없음
2014110400100210,2014년 11월 4일 10시,화요일,부산광역시 부산진구 부전동,경상사고,0,0,1,0,차대사람 - 기타,안전운전불이행,건조,맑음,단일로 - 기타,승합,남,53세,상해없음,보행자,남,70세,경상
2014110400100240,2014년 11월 4일 11시,화요일,부산광역시 해운대구 좌동,경상사고,0,0,1,0,차대사람 - 횡단중,안전운전불이행,건조,맑음,단일로 - 기타,승용,남,45세,상해없음,보행자,남,39세,경상
2014110400100241,2014년 11월 4일 11시,화요일,부산광역시 사하구 당리동,경상사고,0,0,1,0,차대차 - 추돌 - 주정차중,안전운전불이행,건조,맑음,단일로 - 기타,승용,남,43세,상해없음,화물,남,30세,상해없음
2014110400100242,2014년 11월 4일 11시,화요일,부산광역시 강서구 대저1동,경상사고,0,0,1,0,차대차 - 추돌 - 진행중,안전거리미확보,건조,맑음,미분류 - 미분류,화물,여,64세,상해없음,승용,남,44세,경상
2014110400100273,2014년 11월 4일 12시,화요일,부산광역시 부산진구 부전동,중상사고,0,1,0,0,차대사람 - 기타,안전운전불이행,건조,맑음,단일로 - 기타,화물,남,45세,상해없음,보행자,여,37세,중상
2014110400100274,2014년 11월 4일 12시,화요일,부산광역시 남구 문현동,중상사고,0,1,0,0,차대차 - 기타,안전운전불이행,건조,맑음,단일로 - 기타,승용,남,28세,상해없음,이륜,남,19세,중상
2014110400100275,2014년 11월 4일 12시,화요일,부산광역시 사하구 감천동,경상사고,0,0,2,0,차대차 - 기타,안전운전불이행,건조,맑음,단일로 - 기타,승용,여,50세,상해없음,승용,남,31세,경상
2014110400100308,2014년 11월 4일 13시,화요일,부산광역시 부산진구 개금동,중상사고,0,1,0,0,차대사람 - 기타,보행자보호의무위반,건조,맑음,단일로 - 기타,승용,남,55세,상해없음,보행자,여,85세,중상
2014110400100342,2014년 11월 4일 14시,화요일,부산광역시 해운대구 우동,경상사고,0,0,2,0,차대차 - 추돌 - 진행중,안전거리미확보,건조,맑음,교차로 - 교차로부근,건설기계,남,54세,상해없음,화물,남,25세,경상
2014110400100343,2014년 11월 4일 14시,화요일,부산광역시 부산진구 부전동,경상사고,0,0,2,0,차대차 - 기타,차로위반,건조,맑음,단일로 - 기타,승용,남,33세,상해없음,건설기계,남,56세,상해없음
2014110400100344,2014년 11월 4일 14시,화요일,부산광역시 금정구 구서동,부상신고사고,0,0,0,1,차대차 - 추돌 - 진행중,안전운전불이행,건조,맑음,교차로 - 교차로안,화물,남,36세,상해없음,원동기,남,21세,부상신고
2014110400100345,2014년 11월 4일 14시,화요일,부산광역시 사하구 신평동,중상사고,0,1,0,0,차대사람 - 기타,기타,건조,맑음,단일로 - 기타,승용,여,32세,상해없음,보행자,남,58세,중상
2014110400100380,2014년 11월 4일 15시,화요일,부산광역시 북구 만덕동,중상사고,0,1,0,0,차대사람 - 기타,기타,건조,맑음,단일로 - 기타,이륜,남,47세,상해없음,보행자,남,15세,중상
2014110400100427,2014년 11월 4일 16시,화요일,부산광역시 금정구 구서동,경상사고,0,0,1,0,차대차 - 측면직각충돌,신호위반,건조,맑음,교차로 - 교차로안,승용,여,45세,상해없음,승용,여,35세,경상
2014110400100428,2014년 11월 4일 16시,화요일,부산광역시 강서구 강동동,경상사고,0,0,3,0,차대차 - 기타,안전운전불이행,건조,맑음,단일로 - 기타,화물,남,63세,상해없음,이륜,남,25세,경상
2014110400100476,2014년 11월 4일 17시,화요일,부산광역시 중구 중앙동6가,부상신고사고,0,0,0,1,차대차 - 측면직각충돌,신호위반,건조,맑음,교차로 - 교차로안,이륜,남,36세,부상신고,승용,남,37세,상해없음
2014110400100477,2014년 11월 4일 17시,화요일,부산광역시 남구 용호동,중상사고,0,1,0,0,차대사람 - 길가장자리구역통행중,안전운전불이행,건조,맑음,교차로 - 교차로부근,승용,여,46세,상해없음,보행자,여,76세,중상
2014110400100478,2014년 11월 4일 17시,화요일,부산광역시 해운대구 반여동,경상사고,0,0,1,0,차대차 - 측면직각충돌,안전운전불이행,건조,맑음,단일로 - 기타,승용,남,55세,상해없음,승용,남,59세,경상
2014110400100479,2014년 11월 4일 17시,화요일,부산광역시 부산진구 가야동,부상신고사고,0,0,0,1,차대사람 - 횡단중,보행자보호의무위반,건조,맑음,단일로 - 횡단보도상,승용,남,71세,상해없음,보행자,여,7세,부상신고
2014110400100611,2014년 11월 4일 20시,화요일,부산광역시 서구 충무동2가,경상사고,0,0,2,0,차대차 - 측면직각충돌,안전운전불이행,건조,맑음,단일로 - 기타,이륜,남,20세,경상,승용,남,46세,상해없음
2014110400100612,2014년 11월 4일 20시,화요일,부산광역시 강서구 성북동,경상사고,0,0,2,0,차대차 - 측면직각충돌,안전거리미확보,건조,맑음,단일로 - 기타,화물,남,41세,상해없음,승용,남,29세,경상
2014110400100685,2014년 11월 4일 22시,화요일,부산광역시 남구 대연동,중상사고,0,1,0,0,차대차 - 기타,신호위반,건조,맑음,교차로 - 교차로안,승용,남,65세,상해없음,이륜,남,60세,중상
2014110400100686,2014년 11월 4일 22시,화요일,부산광역시 동래구 안락동,중상사고,0,1,0,0,차대차 - 측면직각충돌,신호위반,건조,맑음,교차로 - 교차로안,승용,남,48세,상해없음,자전거,남,18세,중상
2014110400100687,2014년 11월 4일 22시,화요일,부산광역시 해운대구 우동,경상사고,0,0,1,0,차대차 - 측면직각충돌,안전운전불이행,건조,맑음,교차로 - 교차로안,승용,남,43세,상해없음,원동기,남,17세,경상
2014110400100688,2014년 11월 4일 22시,화요일,부산광역시 부산진구 양정동,중상사고,0,1,0,0,차대차 - 측면직각충돌,불법유턴,건조,맑음,단일로 - 횡단보도상,이륜,남,40세,중상,승용,여,43세,상해없음
2014110400100689,2014년 11월 4일 22시,화요일,부산광역시 사하구 신평동,중상사고,0,1,0,0,차대사람 - 횡단중,안전운전불이행,건조,맑음,단일로 - 기타,승용,남,50세,상해없음,보행자,여,91세,중상
2014110400100718,2014년 11월 4일 23시,화요일,부산광역시 동구 수정동,중상사고,0,1,0,0,차대차 - 기타,안전운전불이행,건조,맑음,단일로 - 기타,승용,남,51세,상해없음,화물,남,46세,중상
2014110500100005,2014년 11월 5일 00시,수요일,부산광역시 부산진구 부전동,중상사고,0,1,0,0,차대차 - 정면충돌,신호위반,건조,맑음,교차로 - 교차로안,승용,남,32세,상해없음,승용,남,26세,중상
2014110500100006,2014년 11월 5일 00시,수요일,부산광역시 강서구 대저2동,경상사고,0,0,1,0,차대차 - 측면직각충돌,신호위반,건조,맑음,교차로 - 교차로안,승용,남,45세,상해없음,승용,남,43세,경상
2014110500100007,2014년 11월 5일 00시,수요일,부산광역시 강서구 녹산동,중상사고,0,1,0,0,차대차 - 추돌 - 주정차중,안전운전불이행,건조,맑음,단일로 - 기타,승용,남,33세,상해없음,승용,남,34세,중상
2014110500100056,2014년 11월 5일 04시,수요일,부산광역시 연제구 거제동,중상사고,0,1,1,0,차대차 - 측면직각충돌,신호위반,건조,맑음,교차로 - 교차로안,승합,남,56세,상해없음,승용,남,65세,중상
2014110500100082,2014년 11월 5일 06시,수요일,부산광역시 북구 금곡동,중상사고,0,2,0,0,차대차 - 추돌 - 주정차중,안전운전불이행,건조,맑음,단일로 - 기타,승용,남,33세,상해없음,화물,남,79세,중상
2014110500100083,2014년 11월 5일 06시,수요일,부산광역시 부산진구 부암동,중상사고,0,1,0,0,차대사람 - 기타,안전운전불이행,건조,맑음,단일로 - 기타,화물,남,52세,상해없음,보행자,남,67세,중상
2014110500100107,2014년 11월 5일 07시,수요일,부산광역시 동래구 온천동,중상사고,0,1,0,0,차대차 - 측면직각충돌,안전운전불이행,건조,맑음,단일로 - 터널,화물,남,41세,상해없음,승용,남,47세,중상
2014110500100108,2014년 11월 5일 07시,수요일,부산광역시 강서구 대저2동,사망사고,1,0,0,0,차대차 - 기타,안전운전불이행,건조,맑음,단일로 - 교량,원동기,남,45세,사망,원동기,남,49세,상해없음
2014110500100147,2014년 11월 5일 08시,수요일,부산광역시 남구 대연동,경상사고,0,0,2,0,차대차 - 추돌 - 진행중,안전거리미확보,건조,맑음,단일로 - 기타,화물,남,49세,상해없음,승용,남,57세,경상
2014110500100208,2014년 11월 5일 09시,수요일,부산광역시 북구 만덕동,경상사고,0,0,1,0,차대차 - 추돌 - 주정차중,안전운전불이행,건조,맑음,단일로 - 기타,승용,남,60세,상해없음,승용,남,41세,경상
2014110500100209,2014년 11월 5일 09시,수요일,부산광역시 동래구 수안동,중상사고,0,1,0,0,차대사람 - 기타,안전운전불이행,건조,맑음,단일로 - 기타,승용,남,52세,기타불명,보행자,여,81세,중상
2014110500100210,2014년 11월 5일 09시,수요일,부산광역시 사상구 모라동,경상사고,0,0,1,0,차대사람 - 기타,안전운전불이행,건조,맑음,교차로 - 교차로부근,화물,기타불명,기타불명,기타불명,보행자,남,16세,경상
2014110500100246,2014년 11월 5일 10시,수요일,부산광역시 중구 보수동1가,중상사고,0,1,0,0,차대사람 - 차도통행중,안전운전불이행,건조,맑음,교차로 - 교차로부근,승용,남,59세,상해없음,보행자,여,58세,중상
2014110500100247,2014년 11월 5일 10시,수요일,부산광역시 수영구 남천동,중상사고,0,1,0,0,차대차 - 기타,신호위반,건조,맑음,교차로 - 교차로안,승용,여,65세,상해없음,원동기,남,54세,중상
2014110500100248,2014년 11월 5일 10시,수요일,부산광역시 북구 덕천동,중상사고,0,1,0,0,차대차 - 추돌 - 진행중,안전거리미확보,건조,맑음,단일로 - 기타,이륜,남,62세,중상,화물,남,44세,상해없음
2014110500100249,2014년 11월 5일 10시,수요일,부산광역시 부산진구 부전동,중상사고,0,1,0,0,차대차 - 기타,신호위반,기타,맑음,교차로 - 교차로안,승용,여,38세,상해없음,이륜,남,44세,중상
2014110500100286,2014년 11월 5일 11시,수요일,부산광역시 부산진구 범천동,경상사고,0,0,1,0,차대차 - 기타,교차로운행방법위반,건조,맑음,교차로 - 교차로부근,화물,남,26세,상해없음,이륜,남,24세,경상
2014110500100287,2014년 11월 5일 11시,수요일,부산광역시 연제구 거제동,경상사고,0,0,1,0,차대사람 - 횡단중,보행자보호의무위반,건조,맑음,단일로 - 횡단보도상,승용,남,56세,상해없음,보행자,여,41세,경상
2014110500100316,2014년 11월 5일 12시,수요일,부산광역시 북구 구포동,경상사고,0,0,1,0,차대차 - 측면직각충돌,교차로운행방법위반,건조,맑음,교차로 - 교차로안,승용,남,67세,상해없음,원동기,남,77세,경상
2014110500100317,2014년 11월 5일 12시,수요일,부산광역시 해운대구 좌동,중상사고,0,4,0,0,차량단독 - 공작물충돌,안전운전불이행,건조,맑음,교차로 - 교차로부근,승용,여,56세,중상,,,,
2014110500100318,2014년 11월 5일 12시,수요일,부산광역시 연제구 거제동,경상사고,0,0,2,0,차대차 - 측면직각충돌,안전운전불이행,건조,맑음,교차로 - 교차로안,승용,여,73세,상해없음,원동기,남,19세,경상
2014110500100344,2014년 11월 5일 13시,수요일,부산광역시 동래구 낙민동,경상사고,0,0,1,0,차대사람 - 기타,안전운전불이행,건조,맑음,기타 - 기타,자전거,남,35세,상해없음,보행자,여,55세,경상
2014110500100345,2014년 11월 5일 13시,수요일,부산광역시 해운대구 우동,경상사고,0,0,2,0,차대차 - 추돌 - 주정차중,안전거리미확보,건조,맑음,단일로 - 기타,승용,남,57세,상해없음,승용,남,42세,경상
2014110500100374,2014년 11월 5일 14시,수요일,부산광역시 부산진구 부암동,경상사고,0,0,1,0,차대사람 - 기타,안전운전불이행,건조,맑음,단일로 - 기타,승용,여,31세,상해없음,보행자,여,84세,경상
2014110500100375,2014년 11월 5일 14시,수요일,부산광역시 사하구 괴정동,경상사고,0,0,1,0,차대차 - 기타,안전거리미확보,건조,맑음,단일로 - 기타,승용,남,52세,기타불명,승용,여,28세,상해없음
2014110500100403,2014년 11월 5일 15시,수요일,부산광역시 금정구 회동동,경상사고,0,0,2,1,차대차 - 추돌 - 진행중,안전거리미확보,건조,맑음,단일로 - 기타,승용,남,26세,경상,승용,여,29세,상해없음
2014110500100436,2014년 11월 5일 16시,수요일,부산광역시 사상구 학장동,부상신고사고,0,0,0,1,차대사람 - 보도통행중,보행자보호의무위반,건조,맑음,단일로 - 기타,승합,여,35세,상해없음,보행자,남,65세,부상신고
2014110500100437,2014년 11월 5일 16시,수요일,부산광역시 사상구 엄궁동,중상사고,0,1,1,0,차대차 - 기타,교차로운행방법위반,건조,맑음,교차로 - 교차로부근,화물,남,41세,상해없음,승용,여,56세,경상
2014110500100470,2014년 11월 5일 17시,수요일,부산광역시 금정구 장전동,중상사고,0,1,0,0,차대사람 - 기타,보행자보호의무위반,건조,맑음,단일로 - 횡단보도상,승합,남,57세,상해없음,보행자,여,69세,중상
2014110500100516,2014년 11월 5일 18시,수요일,부산광역시 동래구 안락동,경상사고,0,0,1,2,차대차 - 추돌 - 진행중,안전거리미확보,건조,맑음,단일로 - 기타,승용,남,67세,상해없음,승합,남,29세,경상
2014110500100517,2014년 11월 5일 18시,수요일,부산광역시 해운대구 반여동,경상사고,0,0,1,0,차대차 - 추돌 - 진행중,안전운전불이행,건조,맑음,교차로 - 교차로부근,승용,남,40세,상해없음,승용,여,50세,경상
2014110500100518,2014년 11월 5일 18시,수요일,부산광역시 사상구 괘법동,경상사고,0,0,1,0,차대사람 - 횡단중,신호위반,건조,맑음,단일로 - 횡단보도부근,이륜,기타불명,기타불명,기타불명,보행자,여,61세,경상
2014110500100581,2014년 11월 5일 19시,수요일,부산광역시 동래구 온천동,중상사고,0,1,0,0,차대사람 - 기타,안전운전불이행,건조,맑음,단일로 - 기타,승용,남,50세,상해없음,보행자,남,27세,중상
2014110500100582,2014년 11월 5일 19시,수요일,부산광역시 동래구 낙민동,경상사고,0,0,1,0,차대차 - 측면직각충돌,안전거리미확보,건조,맑음,단일로 - 기타,승합,남,58세,기타불명,승용,남,30세,경상
2014110500100627,2014년 11월 5일 20시,수요일,부산광역시 북구 금곡동,경상사고,0,0,1,0,차대사람 - 횡단중,신호위반,건조,맑음,단일로 - 기타,원동기,남,57세,상해없음,보행자,남,36세,경상
2014110500100628,2014년 11월 5일 20시,수요일,부산광역시 해운대구 좌동,중상사고,0,1,0,0,차대사람 - 횡단중,보행자보호의무위반,건조,맑음,교차로 - 교차로안,원동기,남,51세,상해없음,보행자,여,24세,중상
2014110500100629,2014년 11월 5일 20시,수요일,부산광역시 사하구 구평동,중상사고,0,1,0,1,차대차 - 기타,안전운전불이행,건조,맑음,단일로 - 기타,승용,남,25세,부상신고,승용,남,51세,중상
2014110500100666,2014년 11월 5일 21시,수요일,부산광역시 동구 범일동,경상사고,0,0,1,0,차대사람 - 기타,안전운전불이행,건조,맑음,단일로 - 기타,승용,남,37세,상해없음,보행자,남,19세,경상
2014110500100667,2014년 11월 5일 21시,수요일,부산광역시 기장군 정관면,중상사고,0,2,1,0,차대차 - 정면충돌,신호위반,건조,맑음,교차로 - 교차로안,승용,남,55세,상해없음,승용,남,32세,중상
2014110500100706,2014년 11월 5일 22시,수요일,부산광역시 부산진구 부전동,경상사고,0,0,1,0,차대차 - 측면직각충돌,신호위반,건조,맑음,교차로 - 교차로안,승용,남,29세,상해없음,이륜,남,31세,경상
2014110500100738,2014년 11월 5일 23시,수요일,부산광역시 남구 문현동,부상신고사고,0,0,0,1,차대차 - 기타,안전거리미확보,건조,맑음,단일로 - 기타,승합,기타불명,기타불명,기타불명,이륜,남,29세,부상신고
2014110500100739,2014년 11월 5일 23시,수요일,부산광역시 금정구 부곡동,중상사고,0,1,2,0,차대차 - 추돌 - 진행중,안전운전불이행,건조,맑음,단일로 - 기타,승용,남,26세,경상,승용,남,48세,상해없음
2014110600100005,2014년 11월 6일 00시,목요일,부산광역시 해운대구 반여동,중상사고,0,2,1,0,차대차 - 추돌 - 진행중,안전운전불이행,건조,맑음,교차로 - 교차로부근,승용,남,51세,상해없음,승용,남,55세,중상
2014110600100041,2014년 11월 6일 05시,목요일,부산광역시 해운대구 재송동,중상사고,0,1,0,0,차대차 - 추돌 - 진행중,안전운전불이행,건조,맑음,단일로 - 기타,승용,여,30세,기타불명,자전거,남,70세,중상
2014110600100059,2014년 11월 6일 06시,목요일,부산광역시 영도구 신선동2가,중상사고,0,1,0,0,차대사람 - 기타,안전운전불이행,건조,맑음,단일로 - 기타,승용,남,51세,기타불명,보행자,여,63세,중상
2014110600100060,2014년 11월 6일 06시,목요일,부산광역시 금정구 구서동,부상신고사고,0,0,0,1,차대차 - 측면직각충돌,안전운전불이행,건조,맑음,단일로 - 기타,승용,남,55세,부상신고,화물,여,53세,상해없음
2014110600100061,2014년 11월 6일 06시,목요일,부산광역시 기장군 철마면,경상사고,0,0,2,0,차대차 - 측면직각충돌,신호위반,건조,맑음,교차로 - 교차로안,승용,남,53세,상해없음,승용,남,49세,경상
2014110600100081,2014년 11월 6일 07시,목요일,부산광역시 서구 토성동3가,경상사고,0,0,1,0,차대사람 - 횡단중,안전운전불이행,건조,맑음,단일로 - 기타,승용,여,29세,상해없음,보행자,여,75세,경상
2014110600100082,2014년 11월 6일 07시,목요일,부산광역시 강서구 송정동,경상사고,0,0,1,0,차대차 - 추돌 - 진행중,안전운전불이행,건조,맑음,단일로 - 기타,승용,남,51세,상해없음,화물,남,41세,경상
2014110600100111,2014년 11월 6일 08시,목요일,부산광역시 부산진구 가야동,중상사고,0,1,2,0,차대차 - 추돌 - 주정차중,안전운전불이행,건조,맑음,교차로 - 교차로부근,승용,남,57세,상해없음,승용,남,60세,경상
2014110600100184,2014년 11월 6일 10시,목요일,부산광역시 중구 남포동1가,경상사고,0,0,2,0,차대차 - 측면직각충돌,차로위반,건조,맑음,단일로 - 기타,승용,여,36세,상해없음,이륜,남,17세,경상
2014110600100185,2014년 11월 6일 10시,목요일,부산광역시 동래구 안락동,중상사고,0,1,1,0,차대사람 - 기타,보행자보호의무위반,건조,맑음,단일로 - 기타,승용,여,35세,상해없음,보행자,여,71세,중상
2014110600100186,2014년 11월 6일 10시,목요일,부산광역시 금정구 구서동,경상사고,0,0,1,0,차대사람 - 기타,안전운전불이행,건조,맑음,단일로 - 기타,화물,기타불명,기타불명,기타불명,보행자,여,71세,경상
2014110600100215,2014년 11월 6일 11시,목요일,부산광역시 동구 범일동,중상사고,0,1,0,0,차량단독 - 기타,안전운전불이행,건조,맑음,단일로 - 기타,승합,남,55세,상해없음,,,,
2014110600100216,2014년 11월 6일 11시,목요일,부산광역시 부산진구 전포동,경상사고,0,0,1,0,차대차 - 기타,안전운전불이행,건조,맑음,단일로 - 기타,건설기계,남,52세,기타불명,승용,남,40세,경상
2014110600100266,2014년 11월 6일 13시,목요일,부산광역시 부산진구 개금동,경상사고,0,0,1,0,차대차 - 추돌 - 진행중,안전거리미확보,건조,맑음,교차로 - 교차로부근,승용,여,38세,상해없음,승용,남,49세,경상
2014110600100267,2014년 11월 6일 13시,목요일,부산광역시 연제구 연산동,경상사고,0,0,1,0,차대사람 - 기타,안전운전불이행,건조,맑음,교차로 - 교차로부근,화물,남,54세,상해없음,보행자,여,69세,경상
2014110600100268,2014년 11월 6일 13시,목요일,부산광역시 연제구 연산동,중상사고,0,1,0,0,차대차 - 기타,신호위반,건조,맑음,단일로 - 횡단보도상,승용,남,70세,상해없음,원동기,남,65세,중상
2014110600100269,2014년 11월 6일 13시,목요일,부산광역시 수영구 망미동,경상사고,0,0,3,0,차대차 - 기타,안전운전불이행,건조,맑음,교차로 - 교차로안,이륜,남,51세,상해없음,승용,여,39세,경상
2014110600100297,2014년 11월 6일 14시,목요일,부산광역시 부산진구 부전동,경상사고,0,0,1,0,차대차 - 측면직각충돌,교차로운행방법위반,건조,맑음,교차로 - 교차로안,승용,남,51세,상해없음,승용,남,63세,경상
2014110600100325,2014년 11월 6일 15시,목요일,부산광역시 금정구 남산동,경상사고,0,0,1,0,차대사람 - 기타,안전운전불이행,건조,맑음,단일로 - 기타,승용,남,46세,상해없음,보행자,여,55세,경상
2014110600100326,2014년 11월 6일 15시,목요일,부산광역시 강서구 죽림동,중상사고,0,1,0,0,차대차 - 기타,안전운전불이행,건조,맑음,단일로 - 기타,화물,남,62세,상해없음,자전거,남,77세,중상
2014110600100394,2014년 11월 6일 17시,목요일,부산광역시 기장군 일광면,경상사고,0,0,1,0,차대차 - 측면직각충돌,안전운전불이행,건조,맑음,교차로 - 교차로안,승용,남,59세,상해없음,승용,남,60세,상해없음
2014110600100445,2014년 11월 6일 18시,목요일,부산광역시 서구 동대신동1가,중상사고,0,1,0,0,차량단독 - 공작물충돌,안전운전불이행,건조,맑음,단일로 - 기타,승용,남,66세,기타불명,,,,
2014110600100446,2014년 11월 6일 18시,목요일,부산광역시 해운대구 우동,경상사고,0,0,1,0,차대차 - 측면직각충돌,안전운전불이행,건조,맑음,교차로 - 교차로안,승용,남,34세,상해없음,승용,여,41세,경상
2014110600100513,2014년 11월 6일 19시,목요일,부산광역시 동구 범일동,경상사고,0,0,1,0,차대차 - 측면직각충돌,안전거리미확보,건조,맑음,단일로 - 기타,승용,남,58세,상해없음,승용,여,49세,경상
2014110600100538,2014년 11월 6일 20시,목요일,부산광역시 금정구 부곡동,경상사고,0,0,1,0,차대차 - 기타,안전운전불이행,건조,맑음,기타 - 기타,승용,남,31세,상해없음,원동기,남,34세,경상
2014110600100539,2014년 11월 6일 20시,목요일,부산광역시 강서구 송정동,경상사고,0,0,1,0,차대차 - 기타,신호위반,건조,맑음,교차로 - 교차로안,승용,남,46세,상해없음,승용,남,31세,경상
2014110600100573,2014년 11월 6일 21시,목요일,부산광역시 북구 덕천동,중상사고,0,1,0,0,차대차 - 측면직각충돌,안전운전불이행,건조,맑음,단일로 - 기타,승용,여,42세,상해없음,원동기,남,28세,중상
2014110600100574,2014년 11월 6일 21시,목요일,부산광역시 해운대구 재송동,경상사고,0,0,1,0,차대차 - 기타,교차로운행방법위반,건조,맑음,교차로 - 교차로안,승용,남,56세,상해없음,자전거,남,13세,경상
2014110600100603,2014년 11월 6일 22시,목요일,부산광역시 동래구 온천동,부상신고사고,0,0,0,1,차대차 - 추돌 - 진행중,안전거리미확보,건조,맑음,단일로 - 기타,이륜,남,21세,상해없음,승용,남,57세,상해없음
2014110600100632,2014년 11월 6일 23시,목요일,부산광역시 사상구 괘법동,경상사고,0,0,1,0,차대사람 - 횡단중,안전운전불이행,건조,맑음,교차로 - 교차로안,승용,남,54세,상해없음,보행자,남,54세,경상
2014110700100027,2014년 11월 7일 01시,금요일,부산광역시 부산진구 부암동,중상사고,0,1,4,0,차대차 - 기타,신호위반,건조,맑음,교차로 - 교차로안,승용,남,22세,상해없음,승용,남,45세,경상
2014110700100060,2014년 11월 7일 03시,금요일,부산광역시 북구 만덕동,경상사고,0,0,1,0,차량단독 - 공작물충돌,안전운전불이행,건조,맑음,단일로 - 기타,승용,남,68세,경상,,,,
2014110700100099,2014년 11월 7일 06시,금요일,부산광역시 사하구 장림동,중상사고,0,1,0,0,차대사람 - 기타,안전운전불이행,건조,맑음,단일로 - 기타,승용,남,39세,상해없음,보행자,여,63세,중상
2014110700100123,2014년 11월 7일 07시,금요일,부산광역시 부산진구 전포동,중상사고,0,1,3,0,차대차 - 측면직각충돌,신호위반,건조,맑음,교차로 - 교차로안,화물,남,58세,중상,승용,남,48세,경상
2014110700100152,2014년 11월 7일 08시,금요일,부산광역시 남구 대연동,중상사고,0,1,0,1,차대차 - 정면충돌,중앙선침범,건조,맑음,단일로 - 기타,화물,남,45세,상해없음,승용,남,72세,중상
2014110700100153,2014년 11월 7일 08시,금요일,부산광역시 북구 만덕동,경상사고,0,0,1,0,차대차 - 추돌 - 진행중,안전운전불이행,건조,맑음,단일로 - 기타,건설기계,남,48세,상해없음,승용,남,65세,경상