사고번호,사고일시,요일,시군구,사고내용,사망자수,중상자수,경상자수,부상신고자수,사고유형,법규위반,노면상태,기상상태,도로형태,가해운전자 차종,가해운전자 성별,가해운전자 연령,가해운전자 상해정도,피해운전자 차종,피해운전자 성별,피해운전자 연령,피해운전자 상해정도
2014111000100334,2014년 11월 10일 15시,월요일,부산광역시 연제구 거제동,경상사고,0,0,1,0,차대차 - 측면직각충돌,안전운전불이행,건조,맑음,단일로 - 기타,승용,남,68세,상해없음,자전거,남,13세,경상
2014111000100379,2014년 11월 10일 16시,월요일,부산광역시 부산진구 당감동,경상사고,0,0,2,0,차대차 - 정면충돌,안전거리미확보,건조,맑음,단일로 - 기타,승합,기타불명,기타불명,기타불명,승용,여,31세,경상
2014111000100417,2014년 11월 10일 17시,월요일,부산광역시 북구 만덕동,경상사고,0,0,2,0,차대사람 - 기타,안전운전불이행,건조,맑음,단일로 - 기타,화물,남,68세,기타불명,보행자,여,12세,경상
2014111000100418,2014년 11월 10일 17시,월요일,부산광역시 강서구 화전동,중상사고,0,1,1,0,차대차 - 추돌 - 진행중,안전거리미확보,건조,맑음,단일로 - 기타,화물,남,26세,상해없음,화물,남,69세,경상
2014111000100469,2014년 11월 10일 18시,월요일,부산광역시 해운대구 재송동,부상신고사고,0,0,0,1,차대사람 - 기타,안전운전불이행,건조,맑음,교차로 - 교차로안,승용,여,37세,상해없음,보행자,여,49세,부상신고
2014111000100533,2014년 11월 10일 19시,월요일,부산광역시 부산진구 양정동,중상사고,0,1,1,0,차대차 - 기타,기타,건조,맑음,단일로 - 기타,승용,남,34세,상해없음,승용,남,27세,경상
2014111000100534,2014년 11월 10일 19시,월요일,부산광역시 사상구 엄궁동,경상사고,0,0,2,0,차대차 - 기타,안전운전불이행,건조,맑음,단일로 - 기타,승합,남,67세,상해없음,승용,남,30세,경상
2014111000100604,2014년 11월 10일 21시,월요일,부산광역시 부산진구 개금동,중상사고,0,1,1,0,차대차 - 추돌 - 주정차중,안전운전불이행,건조,맑음,단일로 - 기타,승용,여,42세,상해없음,승용,남,43세,중상
2014111000100638,2014년 11월 10일 22시,월요일,부산광역시 북구 화명동,경상사고,0,0,1,0,차대사람 - 기타,안전운전불이행,건조,맑음,교차로 - 교차로안,승용,남,58세,상해없음,보행자,남,44세,경상
2014111000100639,2014년 11월 10일 22시,월요일,부산광역시 북구 화명동,중상사고,0,1,0,0,차대사람 - 기타,안전운전불이행,건조,맑음,단일로 - 기타,승용,여,48세,상해없음,보행자,남,40세,중상
2014111000100662,2014년 11월 10일 23시,월요일,부산광역시 남구 대연동,경상사고,0,0,1,0,차대차 - 기타,중앙선침범,건조,맑음,단일로 - 기타,승용,기타불명,기타불명,기타불명,승용,남,72세,상해없음
2014111000100663,2014년 11월 10일 23시,월요일,부산광역시 사하구 당리동,경상사고,0,0,1,0,차대차 - 측면직각충돌,안전거리미확보,건조,맑음,단일로 - 기타,승용,남,47세,상해없음,이륜,남,18세,경상
2014111100100004,2014년 11월 11일 00시,화요일,부산광역시 남구 용당동,중상사고,0,1,1,0,차대차 - 기타,안전운전불이행,건조,맑음,단일로 - 기타,승용,남,29세,상해없음,승용,남,45세,경상
2014111100100021,2014년 11월 11일 01시,화요일,부산광역시 부산진구 가야동,중상사고,0,2,0,0,차대차 - 추돌 - 진행중,안전운전불이행,건조,맑음,교차로 - 교차로부근,승용,남,31세,상해없음,이륜,남,24세,중상
2014111100100039,2014년 11월 11일 03시,화요일,부산광역시 강서구 명지동,경상사고,0,0,1,0,차대차 - 추돌 - 주정차중,안전운전불이행,건조,맑음,교차로 - 교차로부근,승용,남,31세,상해없음,승용,남,44세,경상
2014111100100117,2014년 11월 11일 08시,화요일,부산광역시 중구 영주동,경상사고,0,0,1,0,차대차 - 측면직각충돌,안전운전불이행,건조,맑음,단일로 - 기타,승용,남,51세,상해없음,승용,남,51세,경상
2014111100100118,2014년 11월 11일 08시,화요일,부산광역시 남구 대연동,경상사고,0,0,2,0,차대차 - 추돌 - 진행중,안전거리미확보,건조,맑음,단일로 - 기타,건설기계,남,52세,경상,승용,남,56세,경상
2014111100100119,2014년 11월 11일 08시,화요일,부산광역시 동래구 사직동,경상사고,0,0,1,0,차대차 - 측면직각충돌,안전운전불이행,건조,맑음,교차로 - 교차로안,승용,남,64세,상해없음,승용,여,45세,경상
2014111100100171,2014년 11월 11일 09시,화요일,부산광역시 부산진구 부전동,경상사고,0,0,1,0,차대사람 - 길가장자리구역통행중,안전운전불이행,건조,맑음,단일로 - 기타,승용,여,54세,상해없음,보행자,여,55세,경상
2014111100100275,2014년 11월 11일 13시,화요일,부산광역시 북구 덕천동,중상사고,0,1,0,0,차대사람 - 횡단중,보행자보호의무위반,건조,맑음,단일로 - 기타,화물,남,49세,상해없음,보행자,여,71세,중상
2014111100100276,2014년 11월 11일 13시,화요일,부산광역시 강서구 강동동,경상사고,0,0,1,0,차대차 - 측면직각충돌,신호위반,건조,맑음,단일로 - 횡단보도부근,화물,남,71세,상해없음,승용,여,43세,경상
2014111100100327,2014년 11월 11일 15시,화요일,부산광역시 사상구 학장동,경상사고,0,0,1,0,차대차 - 기타,교차로운행방법위반,건조,맑음,교차로 - 교차로부근,화물,남,22세,상해없음,이륜,남,26세,경상
2014111100100393,2014년 11월 11일 17시,화요일,부산광역시 동래구 온천동,중상사고,0,1,0,0,차대사람 - 횡단중,신호위반,건조,맑음,단일로 - 횡단보도상,원동기,남,27세,상해없음,보행자,여,71세,중상
2014111100100394,2014년 11월 11일 17시,화요일,부산광역시 부산진구 부전동,중상사고,0,1,0,0,차대사람 - 횡단중,안전운전불이행,건조,맑음,단일로 - 기타,승용,여,31세,상해없음,보행자,남,66세,상해없음
2014111100100395,2014년 11월 11일 17시,화요일,부산광역시 연제구 거제동,중상사고,0,1,0,0,차대차 - 측면직각충돌,안전운전불이행,건조,맑음,단일로 - 기타,승용,남,60세,상해없음,이륜,남,74세,중상
2014111100100431,2014년 11월 11일 18시,화요일,부산광역시 동래구 온천동,경상사고,0,0,1,0,차대차 - 추돌 - 주정차중,안전운전불이행,건조,맑음,단일로 - 기타,승용,남,57세,상해없음,승용,남,37세,경상
2014111100100432,2014년 11월 11일 18시,화요일,부산광역시 사하구 다대동,중상사고,0,1,0,0,차대사람 - 기타,안전운전불이행,건조,맑음,단일로 - 기타,승합,남,53세,상해없음,보행자,남,60세,중상
2014111100100433,2014년 11월 11일 18시,화요일,부산광역시 연제구 거제동,경상사고,0,0,1,0,차대차 - 측면직각충돌,안전운전불이행,건조,맑음,교차로 - 교차로부근,승용,여,68세,기타불명,승용,여,42세,경상
2014111100100499,2014년 11월 11일 19시,화요일,부산광역시 북구 화명동,중상사고,0,1,0,0,차대차 - 측면직각충돌,안전거리미확보,건조,맑음,단일로 - 횡단보도부근,승용,남,55세,상해없음,원동기,남,64세,중상
2014111100100500,2014년 11월 11일 19시,화요일,부산광역시 금정구 장전동,중상사고,0,1,0,0,차대사람 - 횡단중,안전운전불이행,건조,맑음,단일로 - 기타,이륜,남,37세,상해없음,보행자,여,72세,중상
2014111100100501,2014년 11월 11일 19시,화요일,부산광역시 사하구 다대동,경상사고,0,0,1,0,차대사람 - 횡단중,안전운전불이행,건조,맑음,단일로 - 기타,승용,남,54세,상해없음,보행자,남,15세,경상
2014111100100546,2014년 11월 11일 20시,화요일,부산광역시 남구 용호동,경상사고,0,0,1,0,차대차 - 기타,안전운전불이행,건조,맑음,단일로 - 기타,이륜,남,39세,경상,이륜,여,50세,상해없음
2014111100100547,2014년 11월 11일 20시,화요일,부산광역시 해운대구 우동,경상사고,0,0,1,0,차대차 - 추돌 - 진행중,안전거리미확보,건조,맑음,단일로 - 기타,승용,남,63세,상해없음,승용,여,27세,경상
2014111100100573,2014년 11월 11일 21시,화요일,부산광역시 남구 문현동,경상사고,0,0,1,0,차대차 - 측면직각충돌,신호위반,건조,맑음,교차로 - 교차로안,이륜,남,16세,경상,승용,남,51세,상해없음
2014111100100597,2014년 11월 11일 22시,화요일,부산광역시 북구 구포동,경상사고,0,0,1,0,차량단독 - 기타,안전운전불이행,건조,맑음,교차로 - 교차로안,승용,남,53세,상해없음,,,,
2014111100100598,2014년 11월 11일 22시,화요일,부산광역시 사하구 하단동,경상사고,0,0,1,1,차대차 - 측면직각충돌,안전거리미확보,건조,맑음,단일로 - 기타,승용,남,19세,부상신고,승용,남,58세,경상
2014111200100010,2014년 11월 12일 00시,수요일,부산광역시 강서구 명지동,중상사고,0,1,0,0,차대사람 - 횡단중,안전운전불이행,건조,맑음,단일로 - 기타,승합,남,50세,상해없음,보행자,남,45세,중상
2014111200100032,2014년 11월 12일 01시,수요일,부산광역시 북구 구포동,경상사고,0,0,1,0,차대차 - 기타,안전거리미확보,건조,맑음,교차로 - 교차로안,승용,남,48세,상해없음,승용,여,54세,경상
2014111200100033,2014년 11월 12일 01시,수요일,부산광역시 동래구 안락동,경상사고,0,0,1,0,차대차 - 추돌 - 주정차중,안전운전불이행,건조,맑음,단일로 - 기타,승용,남,28세,상해없음,승용,여,53세,경상
2014111200100066,2014년 11월 12일 03시,수요일,부산광역시 금정구 장전동,중상사고,0,1,0,0,차대차 - 추돌 - 주정차중,안전운전불이행,건조,맑음,단일로 - 기타,이륜,남,18세,중상,승용,남,52세,상해없음
2014111200100078,2014년 11월 12일 04시,수요일,부산광역시 사하구 괴정동,중상사고,0,1,0,0,차대사람 - 횡단중,안전운전불이행,건조,맑음,단일로 - 기타,승용,여,48세,상해없음,보행자,남,35세,중상
2014111200100094,2014년 11월 12일 06시,수요일,부산광역시 해운대구 재송동,경상사고,0,0,1,0,차대차 - 측면직각충돌,안전운전불이행,건조,맑음,교차로 - 교차로안,승용,남,55세,상해없음,자전거,남,75세,경상
2014111200100095,2014년 11월 12일 06시,수요일,부산광역시 부산진구 부암동,경상사고,0,0,1,0,차대차 - 측면직각충돌,신호위반,건조,맑음,교차로 - 교차로안,화물,남,56세,상해없음,화물,남,29세,경상
2014111200100119,2014년 11월 12일 07시,수요일,부산광역시 동구 범일동,경상사고,0,0,1,0,차대차 - 추돌 - 주정차중,안전운전불이행,건조,맑음,단일로 - 기타,승용,여,38세,상해없음,승용,남,51세,경상
2014111200100157,2014년 11월 12일 08시,수요일,부산광역시 수영구 민락동,경상사고,0,0,1,0,차대차 - 측면직각충돌,안전운전불이행,건조,맑음,교차로 - 교차로안,승합,남,65세,상해없음,승용,남,31세,상해없음
2014111200100158,2014년 11월 12일 08시,수요일,부산광역시 남구 대연동,중상사고,0,1,0,0,차대사람 - 횡단중,안전운전불이행,건조,맑음,단일로 - 기타,승용,남,53세,상해없음,보행자,남,17세,중상
2014111200100159,2014년 11월 12일 08시,수요일,부산광역시 부산진구 당감동,중상사고,0,1,0,0,차대사람 - 기타,안전운전불이행,건조,맑음,단일로 - 기타,승용,남,69세,상해없음,보행자,여,20세,중상
2014111200100160,2014년 11월 12일 08시,수요일,부산광역시 연제구 연산동,경상사고,0,0,1,0,차대사람 - 횡단중,보행자보호의무위반,건조,맑음,교차로 - 교차로부근,승용,여,28세,상해없음,보행자,여,14세,경상
2014111200100208,2014년 11월 12일 09시,수요일,부산광역시 부산진구 개금동,중상사고,0,1,0,0,차대차 - 기타,교차로운행방법위반,건조,맑음,교차로 - 교차로안,승합,남,39세,상해없음,이륜,남,79세,중상
2014111200100238,2014년 11월 12일 10시,수요일,부산광역시 사상구 괘법동,부상신고사고,0,0,0,1,차대차 - 정면충돌,안전운전불이행,건조,맑음,교차로 - 교차로안,이륜,남,37세,부상신고,승용,남,58세,상해없음
2014111200100298,2014년 11월 12일 12시,수요일,부산광역시 동래구 온천동,경상사고,0,0,1,0,차대차 - 추돌 - 주정차중,안전운전불이행,건조,맑음,단일로 - 기타,승용,여,26세,상해없음,승용,남,36세,경상
2014111200100299,2014년 11월 12일 12시,수요일,부산광역시 해운대구 반여동,중상사고,0,1,0,0,차량단독 - 기타,안전운전불이행,건조,맑음,교차로 - 교차로부근,승합,남,48세,상해없음,,,,
2014111200100300,2014년 11월 12일 12시,수요일,부산광역시 사상구 엄궁동,중상사고,0,2,1,0,차대차 - 기타,안전거리미확보,건조,맑음,단일로 - 기타,이륜,남,18세,중상,이륜,남,45세,경상
2014111200100333,2014년 11월 12일 13시,수요일,부산광역시 해운대구 반여동,중상사고,0,1,0,0,차대차 - 측면직각충돌,안전거리미확보,건조,맑음,교차로 - 교차로부근,화물,남,45세,상해없음,승용,남,38세,중상
2014111200100334,2014년 11월 12일 13시,수요일,부산광역시 부산진구 전포동,중상사고,0,1,0,0,차대사람 - 기타,안전운전불이행,건조,맑음,단일로 - 기타,화물,남,40세,상해없음,보행자,여,66세,중상
2014111200100358,2014년 11월 12일 14시,수요일,부산광역시 금정구 남산동,부상신고사고,0,0,0,1,차대차 - 측면직각충돌,안전운전불이행,건조,맑음,교차로 - 교차로안,이륜,남,39세,부상신고,승용,여,34세,상해없음
2014111200100379,2014년 11월 12일 15시,수요일,부산광역시 중구 남포동5가,경상사고,0,0,1,0,차대사람 - 기타,안전운전불이행,건조,맑음,단일로 - 기타,승합,남,60세,상해없음,보행자,남,58세,경상
2014111200100380,2014년 11월 12일 15시,수요일,부산광역시 금정구 금사동,중상사고,0,1,0,1,차대차 - 측면직각충돌,기타,건조,맑음,교차로 - 교차로안,승합,남,28세,상해없음,승합,남,50세,상해없음
2014111200100381,2014년 11월 12일 15시,수요일,부산광역시 사하구 하단동,경상사고,0,0,1,0,차대차 - 측면직각충돌,안전거리미확보,건조,맑음,단일로 - 기타,화물,남,51세,상해없음,승용,여,26세,경상
2014111200100382,2014년 11월 12일 15시,수요일,부산광역시 기장군 정관면,경상사고,0,0,1,0,차대차 - 추돌 - 진행중,안전거리미확보,건조,맑음,교차로 - 교차로부근,화물,남,26세,상해없음,승용,여,35세,경상
2014111200100383,2014년 11월 12일 15시,수요일,부산광역시 기장군 철마면,경상사고,0,0,1,0,차대차 - 추돌 - 진행중,안전운전불이행,건조,맑음,단일로 - 기타,승용,남,60세,기타불명,원동기,남,26세,경상
2014111200100426,2014년 11월 12일 16시,수요일,부산광역시 해운대구 우동,중상사고,0,1,0,0,차대차 - 측면직각충돌,신호위반,건조,맑음,단일로 - 기타,이륜,남,16세,상해없음,자전거,남,12세,중상
2014111200100464,2014년 11월 12일 17시,수요일,부산광역시 수영구 민락동,중상사고,0,1,0,0,차대사람 - 횡단중,보행자보호의무위반,건조,맑음,단일로 - 횡단보도상,승용,남,59세,상해없음,보행자,여,18세,중상
2014111200100507,2014년 11월 12일 18시,수요일,부산광역시 금정구 부곡동,중상사고,0,1,0,0,차대사람 - 기타,안전운전불이행,건조,맑음,교차로 - 교차로안,화물,남,29세,상해없음,보행자,여,66세,중상
2014111200100508,2014년 11월 12일 18시,수요일,부산광역시 금정구 장전동,중상사고,0,1,0,0,차대사람 - 기타,보행자보호의무위반,건조,맑음,교차로 - 교차로안,이륜,남,25세,상해없음,보행자,여,21세,중상
2014111200100509,2014년 11월 12일 18시,수요일,부산광역시 사상구 감전동,경상사고,0,0,1,0,차대차 - 측면직각충돌,안전운전불이행,건조,맑음,단일로 - 횡단보도상,승용,기타불명,기타불명,기타불명,자전거,남,24세,경상
2014111200100635,2014년 11월 12일 20시,수요일,부산광역시 금정구 장전동,중상사고,0,1,0,0,차대차 - 기타,안전운전불이행,건조,맑음,교차로 - 교차로안,이륜,남,20세,중상,승합,남,54세,상해없음
2014111200100636,2014년 11월 12일 20시,수요일,부산광역시 금정구 남산동,중상사고,0,2,0,0,차대차 - 측면직각충돌,기타,건조,맑음,교차로 - 교차로안,승용,남,52세,상해없음,이륜,남,26세,중상
2014111200100637,2014년 11월 12일 20시,수요일,부산광역시 기장군 기장읍,경상사고,0,0,1,0,차대사람 - 차도통행중,안전운전불이행,건조,맑음,교차로 - 교차로안,승용,남,41세,상해없음,보행자,남,56세,경상
2014111200100673,2014년 11월 12일 21시,수요일,부산광역시 연제구 연산동,경상사고,0,0,1,0,차대차 - 기타,중앙선침범,건조,맑음,단일로 - 기타,승용,남,48세,상해없음,자전거,남,17세,경상
2014111200100709,2014년 11월 12일 22시,수요일,부산광역시 해운대구 재송동,중상사고,0,1,0,0,차대사람 - 기타,안전운전불이행,건조,맑음,단일로 - 기타,승용,남,33세,상해없음,보행자,여,23세,중상
2014111200100710,2014년 11월 12일 22시,수요일,부산광역시 사하구 다대동,중상사고,0,1,0,0,차대차 - 추돌 - 주정차중,안전운전불이행,건조,맑음,단일로 - 기타,이륜,남,57세,중상,화물,남,39세,상해없음
2014111200100711,2014년 11월 12일 22시,수요일,부산광역시 사상구 학장동,경상사고,0,0,1,0,차대차 - 측면직각충돌,교차로운행방법위반,건조,맑음,교차로 - 교차로부근,승용,여,49세,상해없음,원동기,남,19세,경상
2014111200100732,2014년 11월 12일 23시,수요일,부산광역시 중구 보수동3가,중상사고,0,1,1,0,차대차 - 측면직각충돌,신호위반,건조,맑음,교차로 - 교차로안,승용,남,41세,상해없음,승용,남,62세,경상
2014111300100051,2014년 11월 13일 04시,목요일,부산광역시 부산진구 초읍동,부상신고사고,0,0,0,1,차량단독 - 전도전복,안전운전불이행,건조,맑음,단일로 - 기타,이륜,남,23세,부상신고,,,,
2014111300100058,2014년 11월 13일 05시,목요일,부산광역시 사하구 장림동,사망사고,1,0,0,0,차대사람 - 횡단중,안전운전불이행,건조,맑음,단일로 - 기타,화물,남,34세,상해없음,보행자,여,84세,사망
2014111300100112,2014년 11월 13일 08시,목요일,부산광역시 해운대구 우동,중상사고,0,1,0,0,차대차 - 측면직각충돌,안전운전불이행,건조,맑음,단일로 - 기타,자전거,남,75세,중상,승용,남,39세,상해없음
2014111300100113,2014년 11월 13일 08시,목요일,부산광역시 금정구 장전동,중상사고,0,1,0,0,차대사람 - 기타,안전운전불이행,건조,맑음,단일로 - 기타,승용,남,34세,상해없음,보행자,여,78세,중상
2014111300100155,2014년 11월 13일 09시,목요일,부산광역시 금정구 남산동,중상사고,0,1,0,0,차대사람 - 횡단중,보행자보호의무위반,건조,맑음,단일로 - 횡단보도상,승용,남,38세,상해없음,보행자,여,20세,중상
2014111300100221,2014년 11월 13일 11시,목요일,부산광역시 남구 대연동,중상사고,0,1,0,0,차대차 - 추돌 - 진행중,안전거리미확보,건조,맑음,단일로 - 기타,건설기계,남,50세,상해없음,승용,남,73세,중상
2014111300100222,2014년 11월 13일 11시,목요일,부산광역시 사상구 모라동,중상사고,0,1,0,0,차량단독 - 기타,안전운전불이행,건조,맑음,단일로 - 기타,승합,남,57세,상해없음,,,,
2014111300100261,2014년 11월 13일 12시,목요일,부산광역시 해운대구 우동,경상사고,0,0,1,0,차대차 - 추돌 - 주정차중,안전운전불이행,건조,맑음,교차로 - 교차로부근,화물,남,44세,상해없음,승용,남,57세,경상
2014111300100262,2014년 11월 13일 12시,목요일,부산광역시 사상구 괘법동,중상사고,0,1,0,0,차대사람 - 횡단중,안전운전불이행,건조,맑음,단일로 - 횡단보도부근,승용,남,62세,상해없음,보행자,여,46세,중상
2014111300100295,2014년 11월 13일 13시,목요일,부산광역시 금정구 구서동,부상신고사고,0,0,0,1,차대차 - 측면직각충돌,안전운전불이행,건조,맑음,교차로 - 교차로안,이륜,남,30세,부상신고,승용,남,27세,상해없음
2014111300100323,2014년 11월 13일 14시,목요일,부산광역시 강서구 성북동,중상사고,0,1,0,0,차대차 - 정면충돌,신호위반,건조,맑음,교차로 - 교차로안,화물,남,68세,상해없음,화물,남,57세,중상
2014111300100396,2014년 11월 13일 16시,목요일,부산광역시 기장군 기장읍,중상사고,0,1,0,0,차대차 - 기타,직진우회전진행방해,건조,맑음,교차로 - 교차로부근,승합,남,66세,상해없음,이륜,남,30세,중상
2014111300100429,2014년 11월 13일 17시,목요일,부산광역시 해운대구 좌동,경상사고,0,0,3,0,차대차 - 추돌 - 주정차중,안전운전불이행,건조,맑음,단일로 - 기타,승용,남,46세,상해없음,승용,남,35세,경상
2014111300100478,2014년 11월 13일 18시,목요일,부산광역시 영도구 청학동,경상사고,0,0,1,0,차대사람 - 기타,안전운전불이행,건조,맑음,단일로 - 기타,승용,남,51세,상해없음,보행자,여,75세,경상
2014111300100479,2014년 11월 13일 18시,목요일,부산광역시 부산진구 개금동,중상사고,0,1,0,0,차대차 - 측면직각충돌,교차로운행방법위반,건조,맑음,교차로 - 교차로안,원동기,남,37세,기타불명,화물,남,57세,중상
2014111300100480,2014년 11월 13일 18시,목요일,부산광역시 금정구 금사동,중상사고,0,1,0,0,차대사람 - 횡단중,보행자보호의무위반,건조,맑음,교차로 - 교차로부근,승용,남,41세,상해없음,보행자,여,56세,중상
2014111300100481,2014년 11월 13일 18시,목요일,부산광역시 강서구 명지동,경상사고,0,0,1,0,차대차 - 측면직각충돌,안전거리미확보,건조,맑음,단일로 - 기타,화물,남,63세,상해없음,이륜,남,55세,경상
2014111300100542,2014년 11월 13일 19시,목요일,부산광역시 서구 남부민동,경상사고,0,0,1,0,차대차 - 기타,안전운전불이행,건조,맑음,교차로 - 교차로안,화물,남,57세,상해없음,자전거,여,60세,경상
2014111300100544,2014년 11월 13일 19시,목요일,부산광역시 해운대구 재송동,중상사고,0,1,0,0,차대차 - 정면충돌,신호위반,건조,맑음,교차로 - 교차로안,승용,남,52세,상해없음,이륜,남,17세,중상
2014111300100545,2014년 11월 13일 19시,목요일,부산광역시 강서구 송정동,부상신고사고,0,0,0,1,차대차 - 추돌 - 주정차중,안전운전불이행,건조,맑음,단일로 - 기타,화물,남,46세,상해없음,승합,남,40세,부상신고
2014111300100593,2014년 11월 13일 20시,목요일,부산광역시 사하구 감천동,경상사고,0,0,2,0,차대차 - 추돌 - 주정차중,안전운전불이행,건조,맑음,단일로 - 기타,승용,남,25세,상해없음,승용,여,24세,경상
2014111300100594,2014년 11월 13일 20시,목요일,부산광역시 연제구 연산동,중상사고,0,1,0,0,차대사람 - 기타,안전운전불이행,건조,맑음,교차로 - 교차로안,승용,여,37세,상해없음,보행자,남,69세,중상
2014111300100624,2014년 11월 13일 21시,목요일,부산광역시 해운대구 반송동,경상사고,0,0,2,1,차대차 - 측면직각충돌,안전운전불이행,건조,맑음,교차로 - 교차로부근,이륜,남,35세,부상신고,이륜,남,16세,경상
2014111300100654,2014년 11월 13일 22시,목요일,부산광역시 남구 감만동,중상사고,0,1,1,0,차대차 - 기타,안전운전불이행,건조,맑음,교차로 - 교차로부근,승용,남,47세,상해없음,승용,남,31세,중상
2014111300100655,2014년 11월 13일 22시,목요일,부산광역시 부산진구 양정동,중상사고,0,1,0,0,차대차 - 추돌 - 주정차중,안전운전불이행,건조,맑음,단일로 - 기타,승용,남,33세,중상,승용,여,48세,기타불명
2014111300100656,2014년 11월 13일 22시,목요일,부산광역시 강서구 명지동,중상사고,0,1,0,0,차대차 - 측면직각충돌,신호위반,건조,맑음,교차로 - 교차로안,승용,남,30세,상해없음,승용,남,38세,상해없음
2014111300100678,2014년 11월 13일 23시,목요일,부산광역시 수영구 민락동,중상사고,0,1,0,0,차대차 - 기타,안전운전불이행,건조,맑음,교차로 - 교차로부근,승용,남,40세,상해없음,승용,남,30세,중상
2014111300100679,2014년 11월 13일 23시,목요일,부산광역시 사하구 구평동,중상사고,0,1,0,0,차대사람 - 횡단중,안전운전불이행,건조,맑음,단일로 - 기타,승용,남,60세,상해없음,보행자,남,66세,중상
2014111400100007,2014년 11월 14일 00시,금요일,부산광역시 부산진구 당감동,경상사고,0,0,2,0,차대차 - 기타,신호위반,건조,맑음,교차로 - 교차로안,승용,남,49세,상해없음,승용,남,21세,경상
2014111400100027,2014년 11월 14일 01시,금요일,부산광역시 수영구 광안동,경상사고,0,0,1,0,차대차 - 추돌 - 진행중,중앙선침범,건조,맑음,교차로 - 교차로부근,승용,남,21세,상해없음,승용,남,51세,기타불명
2014111400100028,2014년 11월 14일 01시,금요일,부산광역시 동래구 온천동,경상사고,0,0,2,0,차대차 - 추돌 - 진행중,안전운전불이행,건조,맑음,교차로 - 교차로안,승용,남,28세,상해없음,승용,남,58세,경상
2014111400100029,2014년 11월 14일 01시,금요일,부산광역시 부산진구 부전동,중상사고,0,2,0,0,차대차 - 기타,안전거리미확보,건조,맑음,단일로 - 기타,승용,남,51세,상해없음,이륜,남,17세,중상
2014111400100030,2014년 11월 14일 01시,금요일,부산광역시 사상구 덕포동,경상사고,0,0,1,0,차대차 - 추돌 - 주정차중,안전운전불이행,건조,맑음,교차로 - 교차로부근,화물,남,43세,상해없음,승용,남,55세,경상
2014111400100066,2014년 11월 14일 04시,금요일,부산광역시 중구 영주동,사망사고,2,0,0,0,차대사람 - 차도통행중,안전운전불이행,건조,맑음,미분류 - 미분류,승용,남,71세,사망,보행자,남,34세,사망
2014111400100126,2014년 11월 14일 07시,금요일,부산광역시 동래구 온천동,경상사고,0,0,2,0,차대차 - 측면직각충돌,안전거리미확보,건조,맑음,단일로 - 기타,승합,남,64세,상해없음,승용,남,53세,경상
2014111400100160,2014년 11월 14일 08시,금요일,부산광역시 부산진구 가야동,중상사고,0,1,0,0,차대차 - 기타,안전운전불이행,건조,맑음,단일로 - 기타,승용,남,43세,상해없음,자전거,남,14세,중상
2014111400100189,2014년 11월 14일 09시,금요일,부산광역시 동래구 낙민동,경상사고,0,0,1,0,차대사람 - 기타,안전운전불이행,건조,맑음,단일로 - 기타,승용,남,36세,상해없음,보행자,남,33세,경상
2014111400100190,2014년 11월 14일 09시,금요일,부산광역시 사상구 감전동,경상사고,0,0,1,0,차대차 - 측면직각충돌,중앙선침범,건조,맑음,교차로 - 교차로부근,승용,여,41세,상해없음,승용,남,32세,경상
2014111400100225,2014년 11월 14일 10시,금요일,부산광역시 동구 수정동,중상사고,0,1,0,0,차대사람 - 횡단중,보행자보호의무위반,건조,맑음,단일로 - 횡단보도상,승용,남,53세,상해없음,보행자,여,75세,중상
2014111400100226,2014년 11월 14일 10시,금요일,부산광역시 연제구 연산동,경상사고,0,0,1,0,차대차 - 추돌 - 진행중,안전거리미확보,건조,맑음,단일로 - 기타,승용,여,33세,상해없음,승용,남,65세,상해없음
2014111400100280,2014년 11월 14일 12시,금요일,부산광역시 서구 동대신동1가,경상사고,0,0,1,0,차대차 - 측면직각충돌,직진우회전진행방해,건조,맑음,교차로 - 교차로안,이륜,여,54세,경상,승용,남,27세,상해없음
2014111400100281,2014년 11월 14일 12시,금요일,부산광역시 부산진구 당감동,경상사고,0,0,1,1,차대차 - 추돌 - 주정차중,안전운전불이행,건조,맑음,교차로 - 교차로부근,화물,남,42세,상해없음,화물,남,39세,부상신고
2014111400100282,2014년 11월 14일 12시,금요일,부산광역시 부산진구 초읍동,중상사고,0,1,0,0,차대사람 - 기타,안전운전불이행,건조,맑음,단일로 - 기타,승용,기타불명,기타불명,기타불명,보행자,여,66세,중상
2014111400100315,2014년 11월 14일 13시,금요일,부산광역시 기장군 철마면,경상사고,0,0,1,0,차대차 - 추돌 - 진행중,안전운전불이행,건조,맑음,단일로 - 기타,승용,기타불명,기타불명,기타불명,자전거,남,59세,경상
2014111400100352,2014년 11월 14일 14시,금요일,부산광역시 동구 범일동,경상사고,0,0,3,1,차대차 - 측면직각충돌,신호위반,건조,맑음,교차로 - 교차로안,승용,여,33세,부상신고,승용,여,49세,경상
2014111400100353,2014년 11월 14일 14시,금요일,부산광역시 동구 범일동,부상신고사고,0,0,0,1,차대차 - 기타,차로위반,건조,맑음,단일로 - 기타,원동기,남,69세,부상신고,승용,남,29세,상해없음
2014111400100354,2014년 11월 14일 14시,금요일,부산광역시 동래구 사직동,중상사고,0,1,1,0,차대차 - 기타,안전운전불이행,건조,맑음,단일로 - 기타,특수,남,37세,상해없음,승합,여,62세,상해없음