사고번호,사고일시,요일,시군구,사고내용,사망자수,중상자수,경상자수,부상신고자수,사고유형,법규위반,노면상태,기상상태,도로형태,가해운전자 차종,가해운전자 성별,가해운전자 연령,가해운전자 상해정도,피해운전자 차종,피해운전자 성별,피해운전자 연령,피해운전자 상해정도
2014111700100594,2014년 11월 17일 21시,월요일,부산광역시 금정구 노포동,부상신고사고,0,0,0,1,차대차 - 측면직각충돌,신호위반,건조,맑음,교차로 - 교차로안,승용,남,25세,상해없음,승용,남,58세,상해없음
2014111800100019,2014년 11월 18일 01시,화요일,부산광역시 부산진구 부암동,경상사고,0,0,1,0,차대차 - 측면직각충돌,신호위반,건조,맑음,교차로 - 교차로안,승용,남,52세,상해없음,승용,남,55세,경상
2014111800100048,2014년 11월 18일 04시,화요일,부산광역시 부산진구 부전동,경상사고,0,0,1,0,차대차 - 측면직각충돌,중앙선침범,건조,흐림,단일로 - 기타,승용,남,22세,상해없음,승용,남,55세,경상
2014111800100064,2014년 11월 18일 06시,화요일,부산광역시 사하구 신평동,중상사고,0,1,0,0,차대차 - 측면직각충돌,신호위반,건조,맑음,교차로 - 교차로안,이륜,남,22세,중상,승용,남,30세,상해없음
2014111800100085,2014년 11월 18일 07시,화요일,부산광역시 동래구 온천동,중상사고,0,1,0,0,차대차 - 측면직각충돌,안전운전불이행,건조,맑음,단일로 - 기타,승용,남,28세,상해없음,승용,남,38세,중상
2014111800100110,2014년 11월 18일 08시,화요일,부산광역시 남구 대연동,경상사고,0,0,1,0,차대사람 - 기타,안전운전불이행,건조,맑음,단일로 - 기타,승용,남,79세,상해없음,보행자,남,43세,경상
2014111800100112,2014년 11월 18일 08시,화요일,부산광역시 사하구 신평동,경상사고,0,0,1,0,차대차 - 측면직각충돌,교차로운행방법위반,건조,맑음,교차로 - 교차로안,승용,남,52세,상해없음,승용,남,80세,경상
2014111800100166,2014년 11월 18일 09시,화요일,부산광역시 수영구 남천동,경상사고,0,0,1,0,차량단독 - 기타,안전운전불이행,건조,맑음,단일로 - 기타,승합,남,43세,상해없음,,,,
2014111800100167,2014년 11월 18일 09시,화요일,부산광역시 사하구 하단동,경상사고,0,0,1,0,차대사람 - 기타,안전운전불이행,건조,맑음,단일로 - 기타,원동기,남,28세,상해없음,보행자,여,22세,경상
2014111800100214,2014년 11월 18일 11시,화요일,부산광역시 서구 동대신동2가,부상신고사고,0,0,0,1,차대차 - 측면직각충돌,직진우회전진행방해,건조,맑음,교차로 - 교차로안,이륜,남,53세,부상신고,승용,여,49세,상해없음
2014111800100215,2014년 11월 18일 11시,화요일,부산광역시 동래구 온천동,경상사고,0,0,1,0,차대차 - 추돌 - 진행중,안전거리미확보,건조,맑음,단일로 - 기타,건설기계,남,54세,상해없음,화물,여,47세,경상
2014111800100238,2014년 11월 18일 12시,화요일,부산광역시 부산진구 부전동,중상사고,0,1,0,0,차대사람 - 기타,안전운전불이행,건조,맑음,단일로 - 기타,승용,남,36세,상해없음,보행자,남,46세,중상
2014111800100239,2014년 11월 18일 12시,화요일,부산광역시 사상구 괘법동,중상사고,0,1,0,0,차대사람 - 횡단중,보행자보호의무위반,건조,맑음,교차로 - 교차로부근,승용,남,71세,상해없음,보행자,여,26세,중상
2014111800100271,2014년 11월 18일 13시,화요일,부산광역시 사하구 신평동,중상사고,0,1,0,0,차대차 - 추돌 - 진행중,안전운전불이행,건조,맑음,단일로 - 기타,건설기계,남,53세,상해없음,승용,남,43세,중상
2014111800100304,2014년 11월 18일 14시,화요일,부산광역시 남구 대연동,경상사고,0,0,1,0,차대차 - 기타,안전거리미확보,건조,맑음,단일로 - 기타,건설기계,남,58세,상해없음,승용,여,50세,경상
2014111800100305,2014년 11월 18일 14시,화요일,부산광역시 부산진구 부전동,경상사고,0,0,1,0,차대사람 - 기타,안전운전불이행,건조,맑음,단일로 - 기타,승용,남,38세,상해없음,보행자,남,29세,경상
2014111800100306,2014년 11월 18일 14시,화요일,부산광역시 금정구 남산동,중상사고,0,1,0,0,차대사람 - 기타,안전운전불이행,건조,맑음,단일로 - 기타,화물,남,70세,상해없음,보행자,여,85세,중상
2014111800100365,2014년 11월 18일 16시,화요일,부산광역시 남구 용호동,경상사고,0,0,1,0,차대사람 - 횡단중,안전운전불이행,건조,맑음,교차로 - 교차로안,승용,남,65세,상해없음,보행자,남,9세,경상
2014111800100366,2014년 11월 18일 16시,화요일,부산광역시 부산진구 범천동,경상사고,0,0,1,0,차대차 - 기타,교차로운행방법위반,건조,맑음,교차로 - 교차로안,승용,남,69세,상해없음,승용,남,32세,경상
2014111800100367,2014년 11월 18일 16시,화요일,부산광역시 기장군 일광면,경상사고,0,0,2,0,차대차 - 추돌 - 주정차중,안전거리미확보,건조,맑음,교차로 - 교차로부근,화물,남,45세,상해없음,승용,남,30세,경상
2014111800100403,2014년 11월 18일 17시,화요일,부산광역시 중구 중앙동4가,경상사고,0,0,1,0,차대차 - 기타,교차로운행방법위반,건조,맑음,교차로 - 교차로안,승용,남,48세,상해없음,승용,남,36세,경상
2014111800100450,2014년 11월 18일 18시,화요일,부산광역시 부산진구 가야동,경상사고,0,0,1,0,차대사람 - 횡단중,안전운전불이행,건조,맑음,단일로 - 기타,승용,여,53세,상해없음,보행자,여,15세,경상
2014111800100451,2014년 11월 18일 18시,화요일,부산광역시 금정구 회동동,경상사고,0,0,1,0,차대차 - 측면직각충돌,기타,건조,맑음,교차로 - 교차로안,건설기계,남,51세,상해없음,승용,남,35세,경상
2014111800100452,2014년 11월 18일 18시,화요일,부산광역시 사상구 덕포동,중상사고,0,3,3,1,차대차 - 측면직각충돌,안전운전불이행,건조,맑음,교차로 - 교차로부근,승용,여,37세,상해없음,승합,남,53세,중상
2014111800100453,2014년 11월 18일 18시,화요일,부산광역시 기장군 장안읍,경상사고,0,0,1,0,차대차 - 기타,안전운전불이행,건조,맑음,단일로 - 기타,승용,남,31세,상해없음,승용,남,32세,경상
2014111800100514,2014년 11월 18일 19시,화요일,부산광역시 동구 범일동,경상사고,0,0,1,0,차대차 - 추돌 - 진행중,안전운전불이행,건조,맑음,단일로 - 기타,원동기,남,40세,경상,승합,남,43세,상해없음
2014111800100515,2014년 11월 18일 19시,화요일,부산광역시 북구 구포동,경상사고,0,0,2,0,차대차 - 추돌 - 주정차중,안전운전불이행,건조,맑음,단일로 - 기타,승용,남,69세,상해없음,승용,남,70세,경상
2014111800100516,2014년 11월 18일 19시,화요일,부산광역시 해운대구 우동,중상사고,0,1,1,0,차대차 - 측면직각충돌,신호위반,건조,맑음,교차로 - 교차로안,이륜,남,66세,상해없음,승용,여,37세,경상
2014111800100517,2014년 11월 18일 19시,화요일,부산광역시 금정구 부곡동,중상사고,0,1,0,0,차대사람 - 횡단중,안전운전불이행,건조,맑음,교차로 - 교차로부근,승용,여,24세,상해없음,보행자,여,59세,중상
2014111800100550,2014년 11월 18일 20시,화요일,부산광역시 동구 초량동,경상사고,0,0,3,0,차대차 - 측면직각충돌,안전운전불이행,건조,맑음,단일로 - 기타,승합,남,54세,상해없음,승용,남,60세,경상
2014111800100551,2014년 11월 18일 20시,화요일,부산광역시 남구 대연동,중상사고,0,1,0,0,차대차 - 추돌 - 진행중,신호위반,건조,맑음,교차로 - 교차로안,승용,남,59세,상해없음,원동기,남,34세,중상
2014111800100552,2014년 11월 18일 20시,화요일,부산광역시 남구 대연동,경상사고,0,0,2,0,차대차 - 추돌 - 진행중,차로위반,건조,맑음,단일로 - 기타,승용,여,55세,상해없음,승용,남,26세,경상
2014111800100554,2014년 11월 18일 20시,화요일,부산광역시 사하구 감천동,부상신고사고,0,0,0,1,차대사람 - 기타,안전운전불이행,건조,맑음,단일로 - 기타,이륜,기타불명,기타불명,기타불명,보행자,남,50세,부상신고
2014111800100555,2014년 11월 18일 20시,화요일,부산광역시 강서구 명지동,경상사고,0,0,5,0,차대차 - 기타,안전운전불이행,건조,맑음,교차로 - 교차로부근,승용,여,57세,상해없음,승용,여,37세,경상
2014111800100586,2014년 11월 18일 21시,화요일,부산광역시 남구 문현동,경상사고,0,0,2,0,차대차 - 기타,안전운전불이행,건조,맑음,단일로 - 기타,특수,남,52세,상해없음,승용,여,45세,경상
2014111800100587,2014년 11월 18일 21시,화요일,부산광역시 해운대구 중동,경상사고,0,0,1,0,차대사람 - 횡단중,보행자보호의무위반,건조,맑음,단일로 - 횡단보도상,승용,남,59세,상해없음,보행자,남,69세,경상
2014111800100620,2014년 11월 18일 22시,화요일,부산광역시 동래구 명륜동,경상사고,0,0,2,0,차대차 - 기타,안전운전불이행,건조,맑음,단일로 - 기타,승용,남,38세,상해없음,승용,남,30세,경상
2014111800100621,2014년 11월 18일 22시,화요일,부산광역시 해운대구 우동,중상사고,0,1,0,0,차대차 - 추돌 - 진행중,교차로운행방법위반,건조,맑음,교차로 - 교차로안,승용,남,55세,상해없음,이륜,남,32세,중상
2014111800100646,2014년 11월 18일 23시,화요일,부산광역시 연제구 연산동,경상사고,0,0,1,0,차대차 - 측면직각충돌,안전운전불이행,건조,맑음,교차로 - 교차로부근,승용,남,64세,상해없음,원동기,남,36세,경상
2014111800100647,2014년 11월 18일 23시,화요일,부산광역시 강서구 명지동,중상사고,0,1,1,0,차대차 - 기타,신호위반,건조,맑음,단일로 - 기타,승용,여,64세,상해없음,승용,남,29세,중상
2014111900100005,2014년 11월 19일 00시,수요일,부산광역시 북구 화명동,경상사고,0,0,2,0,차대차 - 측면직각충돌,신호위반,건조,맑음,교차로 - 교차로안,승용,남,36세,상해없음,승용,남,56세,경상
2014111900100074,2014년 11월 19일 06시,수요일,부산광역시 해운대구 반여동,경상사고,0,0,1,0,차대사람 - 기타,안전운전불이행,건조,맑음,단일로 - 기타,화물,남,50세,상해없음,보행자,남,17세,경상
2014111900100104,2014년 11월 19일 07시,수요일,부산광역시 남구 문현동,경상사고,0,0,1,0,차량단독 - 기타,기타,건조,맑음,단일로 - 기타,승용,남,61세,상해없음,,,,
2014111900100105,2014년 11월 19일 07시,수요일,부산광역시 강서구 송정동,중상사고,0,3,0,0,차대차 - 기타,직진우회전진행방해,건조,맑음,교차로 - 교차로안,승용,남,54세,상해없음,승용,남,25세,중상
2014111900100185,2014년 11월 19일 09시,수요일,부산광역시 중구 중앙동4가,경상사고,0,0,1,0,차대사람 - 기타,안전운전불이행,건조,맑음,단일로 - 기타,승용,남,63세,상해없음,보행자,남,26세,경상
2014111900100186,2014년 11월 19일 09시,수요일,부산광역시 북구 만덕동,경상사고,0,0,1,0,차대차 - 추돌 - 진행중,안전운전불이행,건조,맑음,교차로 - 교차로안,승용,남,55세,상해없음,승용,여,41세,경상
2014111900100217,2014년 11월 19일 10시,수요일,부산광역시 북구 구포동,경상사고,0,0,1,0,차대차 - 측면직각충돌,직진우회전진행방해,건조,맑음,교차로 - 교차로안,승용,남,61세,상해없음,승용,여,47세,경상
2014111900100246,2014년 11월 19일 11시,수요일,부산광역시 사상구 감전동,경상사고,0,0,3,0,차대차 - 추돌 - 진행중,안전거리미확보,건조,맑음,단일로 - 기타,승용,남,26세,상해없음,승용,남,24세,경상
2014111900100302,2014년 11월 19일 13시,수요일,부산광역시 중구 부평동3가,중상사고,0,1,1,0,차대차 - 측면직각충돌,신호위반,건조,맑음,교차로 - 교차로안,승용,남,68세,상해없음,화물,남,41세,경상
2014111900100303,2014년 11월 19일 13시,수요일,부산광역시 해운대구 우동,부상신고사고,0,0,0,2,차대차 - 추돌 - 진행중,안전거리미확보,건조,맑음,단일로 - 기타,승용,남,49세,상해없음,승용,여,38세,부상신고
2014111900100330,2014년 11월 19일 14시,수요일,부산광역시 금정구 장전동,부상신고사고,0,0,0,1,차대차 - 추돌 - 진행중,불법유턴,건조,맑음,단일로 - 기타,자전거,남,65세,부상신고,승합,남,37세,상해없음
2014111900100331,2014년 11월 19일 14시,수요일,부산광역시 사하구 장림동,중상사고,0,1,0,0,차대차 - 기타,기타,건조,맑음,단일로 - 기타,승용,남,72세,상해없음,원동기,남,44세,중상
2014111900100425,2014년 11월 19일 17시,수요일,부산광역시 동래구 사직동,부상신고사고,0,0,0,1,차대사람 - 길가장자리구역통행중,안전운전불이행,건조,맑음,교차로 - 교차로안,승용,여,33세,상해없음,보행자,남,46세,부상신고
2014111900100543,2014년 11월 19일 19시,수요일,부산광역시 수영구 광안동,부상신고사고,0,0,0,1,차대사람 - 기타,안전운전불이행,건조,맑음,단일로 - 기타,자전거,기타불명,기타불명,기타불명,보행자,남,41세,부상신고
2014111900100544,2014년 11월 19일 19시,수요일,부산광역시 남구 대연동,경상사고,0,0,1,0,차량단독 - 기타,안전운전불이행,건조,맑음,교차로 - 교차로안,승합,남,47세,상해없음,,,,
2014111900100545,2014년 11월 19일 19시,수요일,부산광역시 동래구 안락동,경상사고,0,0,3,0,차대차 - 측면직각충돌,신호위반,건조,맑음,교차로 - 교차로안,원동기,남,49세,경상,원동기,남,16세,경상
2014111900100546,2014년 11월 19일 19시,수요일,부산광역시 사상구 엄궁동,경상사고,0,0,1,0,차대차 - 측면직각충돌,안전거리미확보,건조,맑음,단일로 - 기타,화물,기타불명,기타불명,기타불명,승용,남,33세,경상
2014111900100585,2014년 11월 19일 20시,수요일,부산광역시 동구 범일동,중상사고,0,1,0,0,차대사람 - 횡단중,보행자보호의무위반,건조,맑음,교차로 - 교차로안,승용,남,60세,상해없음,보행자,여,68세,중상
2014111900100586,2014년 11월 19일 20시,수요일,부산광역시 해운대구 재송동,중상사고,0,1,0,0,차대사람 - 횡단중,안전운전불이행,건조,맑음,단일로 - 기타,이륜,남,18세,상해없음,보행자,여,64세,중상
2014111900100621,2014년 11월 19일 21시,수요일,부산광역시 기장군 기장읍,경상사고,0,0,2,0,차대차 - 측면직각충돌,중앙선침범,건조,맑음,단일로 - 기타,승용,여,35세,상해없음,승용,여,40세,경상
2014111900100659,2014년 11월 19일 22시,수요일,부산광역시 서구 초장동,경상사고,0,0,1,0,차량단독 - 기타,안전운전불이행,건조,맑음,단일로 - 기타,승합,남,61세,상해없음,,,,
2014111900100660,2014년 11월 19일 22시,수요일,부산광역시 기장군 기장읍,경상사고,0,0,1,0,차대사람 - 횡단중,안전운전불이행,건조,맑음,단일로 - 기타,원동기,남,18세,상해없음,보행자,여,33세,경상
2014111900100691,2014년 11월 19일 23시,수요일,부산광역시 사하구 괴정동,중상사고,0,1,0,0,차대사람 - 횡단중,안전운전불이행,건조,맑음,교차로 - 교차로부근,승용,남,62세,상해없음,보행자,여,61세,중상
2014111900100692,2014년 11월 19일 23시,수요일,부산광역시 강서구 명지동,중상사고,0,2,0,0,차대차 - 측면직각충돌,차로위반,건조,맑음,교차로 - 교차로부근,승용,남,22세,상해없음,원동기,남,19세,중상
2014112000100015,2014년 11월 20일 01시,목요일,부산광역시 부산진구 부전동,중상사고,0,1,0,0,차대사람 - 기타,안전운전불이행,건조,맑음,단일로 - 기타,승용,남,42세,상해없음,보행자,남,41세,중상
2014112000100027,2014년 11월 20일 02시,목요일,부산광역시 부산진구 당감동,경상사고,0,0,1,0,차대사람 - 기타,안전운전불이행,건조,맑음,단일로 - 기타,승용,남,65세,상해없음,보행자,여,45세,경상
2014112000100028,2014년 11월 20일 02시,목요일,부산광역시 금정구 서동,중상사고,0,1,0,0,차대사람 - 길가장자리구역통행중,안전운전불이행,건조,맑음,단일로 - 기타,승용,남,56세,상해없음,보행자,남,44세,중상
2014112000100037,2014년 11월 20일 04시,목요일,부산광역시 수영구 광안동,경상사고,0,0,1,0,차대차 - 측면직각충돌,안전거리미확보,건조,맑음,단일로 - 기타,승용,남,57세,상해없음,승용,남,30세,상해없음
2014112000100038,2014년 11월 20일 04시,목요일,부산광역시 해운대구 좌동,중상사고,0,1,1,0,차량단독 - 기타,안전운전불이행,건조,맑음,단일로 - 기타,원동기,남,21세,경상,,,,
2014112000100056,2014년 11월 20일 06시,목요일,부산광역시 서구 부민동2가,경상사고,0,0,3,1,차대차 - 추돌 - 진행중,교차로운행방법위반,건조,맑음,교차로 - 교차로안,승용,남,58세,상해없음,승합,남,45세,상해없음
2014112000100057,2014년 11월 20일 06시,목요일,부산광역시 북구 덕천동,중상사고,0,1,1,0,차대차 - 추돌 - 진행중,안전운전불이행,건조,맑음,단일로 - 기타,화물,남,63세,상해없음,승합,남,58세,상해없음
2014112000100058,2014년 11월 20일 06시,목요일,부산광역시 연제구 연산동,중상사고,0,1,0,0,차대차 - 추돌 - 진행중,안전운전불이행,건조,맑음,단일로 - 기타,승용,남,34세,상해없음,건설기계,남,56세,중상
2014112000100106,2014년 11월 20일 08시,목요일,부산광역시 해운대구 재송동,중상사고,0,1,0,0,차대사람 - 횡단중,보행자보호의무위반,건조,맑음,단일로 - 기타,승용,남,58세,상해없음,보행자,여,72세,중상
2014112000100107,2014년 11월 20일 08시,목요일,부산광역시 부산진구 개금동,경상사고,0,0,1,0,차대차 - 정면충돌,중앙선침범,건조,맑음,단일로 - 기타,화물,남,65세,상해없음,승용,여,34세,경상
2014112000100108,2014년 11월 20일 08시,목요일,부산광역시 금정구 금사동,경상사고,0,0,1,0,차대차 - 측면직각충돌,직진우회전진행방해,건조,맑음,교차로 - 교차로안,승용,남,57세,상해없음,승용,남,75세,상해없음
2014112000100109,2014년 11월 20일 08시,목요일,부산광역시 기장군 장안읍,부상신고사고,0,0,0,1,차량단독 - 기타,기타,건조,맑음,기타 - 기타,승용,여,53세,부상신고,,,,
2014112000100157,2014년 11월 20일 09시,목요일,부산광역시 부산진구 양정동,부상신고사고,0,0,0,1,차대사람 - 기타,안전운전불이행,건조,맑음,단일로 - 기타,승용,남,54세,상해없음,보행자,남,59세,부상신고
2014112000100158,2014년 11월 20일 09시,목요일,부산광역시 사하구 괴정동,중상사고,0,1,3,0,차대차 - 추돌 - 진행중,안전거리미확보,건조,맑음,단일로 - 기타,승합,남,35세,상해없음,승용,남,33세,경상
2014112000100228,2014년 11월 20일 11시,목요일,부산광역시 해운대구 우동,중상사고,0,1,0,0,차대차 - 기타,신호위반,건조,맑음,단일로 - 횡단보도상,승용,남,42세,상해없음,이륜,남,36세,중상
2014112000100229,2014년 11월 20일 11시,목요일,부산광역시 부산진구 부전동,경상사고,0,0,1,0,차대차 - 정면충돌,신호위반,건조,맑음,교차로 - 교차로안,승용,여,55세,상해없음,이륜,남,42세,경상
2014112000100230,2014년 11월 20일 11시,목요일,부산광역시 금정구 금사동,중상사고,0,1,0,0,차대사람 - 보도통행중,기타,건조,맑음,단일로 - 기타,원동기,남,21세,상해없음,보행자,여,45세,중상
2014112000100267,2014년 11월 20일 12시,목요일,부산광역시 기장군 장안읍,경상사고,0,0,4,0,차대차 - 추돌 - 진행중,중앙선침범,건조,맑음,단일로 - 기타,화물,여,55세,기타불명,승용,여,41세,경상
2014112000100330,2014년 11월 20일 14시,목요일,부산광역시 영도구 봉래동4가,경상사고,0,0,1,0,차대차 - 기타,교차로운행방법위반,건조,맑음,교차로 - 교차로부근,원동기,남,48세,상해없음,승용,남,60세,상해없음
2014112000100414,2014년 11월 20일 16시,목요일,부산광역시 해운대구 송정동,경상사고,0,0,3,0,차대차 - 정면충돌,교차로운행방법위반,건조,맑음,교차로 - 교차로안,승용,남,78세,상해없음,화물,남,48세,경상
2014112000100415,2014년 11월 20일 16시,목요일,부산광역시 부산진구 당감동,경상사고,0,0,1,0,차대차 - 추돌 - 주정차중,안전운전불이행,건조,맑음,단일로 - 기타,승용,남,51세,상해없음,승용,여,52세,경상
2014112000100416,2014년 11월 20일 16시,목요일,부산광역시 연제구 연산동,중상사고,0,1,0,0,차대사람 - 횡단중,보행자보호의무위반,건조,맑음,단일로 - 기타,기타불명,기타불명,기타불명,기타불명,보행자,여,41세,중상
2014112000100452,2014년 11월 20일 17시,목요일,부산광역시 동래구 안락동,사망사고,1,0,0,0,차대사람 - 횡단중,안전운전불이행,건조,맑음,단일로 - 기타,이륜,남,70세,상해없음,보행자,남,68세,사망
2014112000100454,2014년 11월 20일 17시,목요일,부산광역시 부산진구 범천동,경상사고,0,0,2,0,차대차 - 기타,안전운전불이행,건조,맑음,단일로 - 기타,승용,남,23세,상해없음,이륜,남,22세,경상
2014112000100455,2014년 11월 20일 17시,목요일,부산광역시 기장군 기장읍,중상사고,0,1,0,0,차대사람 - 횡단중,안전운전불이행,건조,맑음,교차로 - 교차로안,승합,남,72세,상해없음,보행자,남,82세,중상
2014112000100521,2014년 11월 20일 18시,목요일,부산광역시 남구 대연동,중상사고,0,2,0,0,차대차 - 기타,안전운전불이행,건조,맑음,교차로 - 교차로안,승용,여,63세,상해없음,원동기,남,26세,중상
2014112000100522,2014년 11월 20일 18시,목요일,부산광역시 부산진구 부전동,경상사고,0,0,1,0,차대차 - 측면직각충돌,안전운전불이행,건조,맑음,단일로 - 기타,화물,남,67세,상해없음,승용,남,63세,경상
2014112000100523,2014년 11월 20일 18시,목요일,부산광역시 부산진구 당감동,경상사고,0,0,3,0,차대차 - 추돌 - 진행중,안전거리미확보,건조,맑음,미분류 - 미분류,승용,남,72세,상해없음,승용,남,54세,상해없음
2014112000100524,2014년 11월 20일 18시,목요일,부산광역시 연제구 연산동,경상사고,0,0,1,0,차대사람 - 기타,신호위반,건조,맑음,단일로 - 기타,승용,남,59세,상해없음,보행자,남,8세,경상
2014112000100579,2014년 11월 20일 19시,목요일,부산광역시 동구 초량동,중상사고,0,1,0,0,차대사람 - 기타,안전운전불이행,건조,맑음,단일로 - 기타,승용,남,59세,기타불명,보행자,남,47세,중상
2014112000100626,2014년 11월 20일 20시,목요일,부산광역시 금정구 부곡동,중상사고,0,1,1,0,차대차 - 추돌 - 주정차중,안전운전불이행,건조,맑음,교차로 - 교차로부근,승용,남,71세,상해없음,승용,여,51세,중상
2014112000100627,2014년 11월 20일 20시,목요일,부산광역시 금정구 남산동,경상사고,0,0,1,0,차대사람 - 길가장자리구역통행중,안전운전불이행,건조,맑음,단일로 - 기타,승용,기타불명,기타불명,기타불명,보행자,남,46세,경상
2014112000100628,2014년 11월 20일 20시,목요일,부산광역시 사하구 괴정동,경상사고,0,0,1,0,차대차 - 측면직각충돌,안전운전불이행,건조,맑음,교차로 - 교차로부근,승합,남,33세,상해없음,자전거,남,16세,경상
2014112000100658,2014년 11월 20일 21시,목요일,부산광역시 사상구 모라동,중상사고,0,1,0,0,차대사람 - 횡단중,안전운전불이행,건조,맑음,단일로 - 기타,승용,남,63세,상해없음,보행자,남,59세,중상
2014112000100729,2014년 11월 20일 23시,목요일,부산광역시 해운대구 재송동,중상사고,0,1,0,1,차대차 - 기타,신호위반,기타,맑음,교차로 - 교차로부근,승용,남,41세,상해없음,승용,남,61세,중상
2014112000100730,2014년 11월 20일 23시,목요일,부산광역시 연제구 연산동,중상사고,0,2,1,0,차대차 - 추돌 - 진행중,신호위반,건조,맑음,교차로 - 교차로안,승용,남,52세,상해없음,이륜,남,20세,중상
2014112100100026,2014년 11월 21일 01시,금요일,부산광역시 금정구 서동,경상사고,0,0,1,0,차대차 - 정면충돌,신호위반,건조,맑음,단일로 - 기타,승용,남,62세,상해없음,원동기,남,35세,경상
2014112100100052,2014년 11월 21일 04시,금요일,부산광역시 부산진구 범천동,중상사고,0,1,0,0,차대차 - 기타,교차로운행방법위반,건조,맑음,교차로 - 교차로부근,승용,남,65세,상해없음,자전거,남,72세,중상
2014112100100065,2014년 11월 21일 06시,금요일,부산광역시 북구 구포동,경상사고,0,0,2,2,차대차 - 측면직각충돌,신호위반,건조,맑음,교차로 - 교차로안,승용,남,59세,상해없음,승용,남,31세,경상
2014112100100088,2014년 11월 21일 07시,금요일,부산광역시 영도구 대교동1가,경상사고,0,0,1,0,차대사람 - 기타,안전운전불이행,건조,맑음,단일로 - 기타,승용,남,57세,상해없음,보행자,여,75세,경상
2014112100100109,2014년 11월 21일 08시,금요일,부산광역시 남구 대연동,경상사고,0,0,1,0,차대차 - 기타,안전운전불이행,건조,맑음,단일로 - 기타,승용,여,45세,기타불명,승합,남,52세,상해없음
2014112100100110,2014년 11월 21일 08시,금요일,부산광역시 남구 용당동,중상사고,0,1,0,0,차대차 - 기타,안전운전불이행,건조,맑음,교차로 - 교차로안,승용,남,53세,상해없음,승용,여,43세,중상
2014112100100111,2014년 11월 21일 08시,금요일,부산광역시 사상구 모라동,중상사고,0,1,0,1,차대차 - 추돌 - 주정차중,안전운전불이행,건조,맑음,단일로 - 기타,승용,남,67세,부상신고,화물,남,55세,중상
2014112100100145,2014년 11월 21일 09시,금요일,부산광역시 금정구 두구동,경상사고,0,0,1,0,차대차 - 기타,안전거리미확보,건조,맑음,단일로 - 기타,승합,남,56세,상해없음,화물,남,46세,경상
2014112100100177,2014년 11월 21일 10시,금요일,부산광역시 중구 남포동6가,부상신고사고,0,0,0,1,차대사람 - 기타,불법유턴,건조,맑음,기타 - 기타,승용,남,40세,상해없음,보행자,남,50세,부상신고
2014112100100178,2014년 11월 21일 10시,금요일,부산광역시 동구 범일동,중상사고,0,1,0,0,차대사람 - 길가장자리구역통행중,기타,건조,맑음,단일로 - 기타,승용,여,64세,상해없음,보행자,여,57세,중상
2014112100100179,2014년 11월 21일 10시,금요일,부산광역시 사상구 주례동,중상사고,0,1,0,0,차대차 - 측면직각충돌,신호위반,건조,맑음,교차로 - 교차로안,승용,여,46세,상해없음,원동기,남,42세,중상
2014112100100208,2014년 11월 21일 11시,금요일,부산광역시 해운대구 우동,사망사고,1,0,0,0,차대사람 - 횡단중,안전운전불이행,건조,맑음,단일로 - 기타,건설기계,남,64세,상해없음,보행자,여,79세,사망
2014112100100209,2014년 11월 21일 11시,금요일,부산광역시 부산진구 범천동,중상사고,0,1,0,0,차대차 - 측면직각충돌,차로위반,건조,맑음,단일로 - 기타,승용,여,57세,상해없음,승용,남,66세,중상
2014112100100210,2014년 11월 21일 11시,금요일,부산광역시 연제구 연산동,경상사고,0,0,2,0,차대차 - 추돌 - 진행중,안전거리미확보,건조,맑음,단일로 - 기타,승용,남,66세,상해없음,이륜,남,73세,경상
2014112100100233,2014년 11월 21일 12시,금요일,부산광역시 북구 덕천동,경상사고,0,0,1,0,차대차 - 추돌 - 진행중,안전운전불이행,건조,맑음,교차로 - 교차로부근,승용,남,62세,상해없음,기타불명,기타불명,기타불명,기타불명
2014112100100234,2014년 11월 21일 12시,금요일,부산광역시 강서구 송정동,경상사고,0,0,2,0,차대차 - 추돌 - 진행중,안전운전불이행,건조,맑음,단일로 - 기타,건설기계,남,40세,상해없음,화물,남,71세,경상
2014112100100267,2014년 11월 21일 14시,금요일,부산광역시 수영구 남천동,중상사고,0,1,0,0,차대사람 - 횡단중,신호위반,건조,맑음,단일로 - 기타,화물,남,72세,상해없음,보행자,여,8세,중상
2014112100100268,2014년 11월 21일 14시,금요일,부산광역시 해운대구 좌동,중상사고,0,1,0,0,차대사람 - 차도통행중,안전운전불이행,건조,맑음,단일로 - 기타,승용,여,57세,상해없음,보행자,여,59세,중상
2014112100100295,2014년 11월 21일 15시,금요일,부산광역시 동래구 명륜동,중상사고,0,1,0,0,차대사람 - 길가장자리구역통행중,안전운전불이행,건조,맑음,단일로 - 기타,승용,여,34세,상해없음,보행자,남,60세,중상
2014112100100368,2014년 11월 21일 17시,금요일,부산광역시 수영구 광안동,부상신고사고,0,0,0,1,차대차 - 기타,안전운전불이행,건조,맑음,단일로 - 기타,이륜,남,18세,부상신고,승용,남,66세,상해없음
2014112100100369,2014년 11월 21일 17시,금요일,부산광역시 해운대구 우동,부상신고사고,0,0,0,1,차대차 - 추돌 - 진행중,안전거리미확보,건조,맑음,단일로 - 기타,승용,여,43세,상해없음,승용,남,48세,상해없음