사고번호,사고일시,요일,시군구,사고내용,사망자수,중상자수,경상자수,부상신고자수,사고유형,법규위반,노면상태,기상상태,도로형태,가해운전자 차종,가해운전자 성별,가해운전자 연령,가해운전자 상해정도,피해운전자 차종,피해운전자 성별,피해운전자 연령,피해운전자 상해정도
2014112100100370,2014년 11월 21일 17시,금요일,부산광역시 강서구 대저1동,사망사고,1,0,0,0,차대사람 - 기타,안전운전불이행,건조,맑음,단일로 - 기타,화물,남,80세,상해없음,보행자,여,91세,사망
2014112100100371,2014년 11월 21일 17시,금요일,부산광역시 기장군 정관면,경상사고,0,0,2,0,차대차 - 기타,불법유턴,건조,맑음,교차로 - 교차로부근,승용,여,54세,상해없음,승용,남,65세,경상
2014112100100488,2014년 11월 21일 19시,금요일,부산광역시 기장군 기장읍,중상사고,0,2,2,0,차대차 - 기타,차로위반,건조,맑음,교차로 - 교차로부근,승용,남,53세,상해없음,화물,남,58세,중상
2014112100100524,2014년 11월 21일 20시,금요일,부산광역시 중구 중앙동7가,중상사고,0,1,1,0,차대차 - 측면직각충돌,안전운전불이행,건조,맑음,교차로 - 교차로안,승용,여,50세,상해없음,이륜,남,18세,경상
2014112100100525,2014년 11월 21일 20시,금요일,부산광역시 사하구 장림동,부상신고사고,0,0,0,1,차대차 - 측면직각충돌,안전운전불이행,건조,맑음,교차로 - 교차로안,이륜,남,18세,부상신고,승용,남,51세,상해없음
2014112100100562,2014년 11월 21일 21시,금요일,부산광역시 동래구 온천동,경상사고,0,0,1,0,차대사람 - 횡단중,신호위반,건조,맑음,단일로 - 기타,이륜,남,28세,상해없음,보행자,여,63세,경상
2014112100100563,2014년 11월 21일 21시,금요일,부산광역시 기장군 기장읍,경상사고,0,0,4,0,차대차 - 추돌 - 진행중,안전운전불이행,건조,맑음,교차로 - 교차로부근,승용,남,47세,상해없음,승용,남,39세,경상
2014112100100624,2014년 11월 21일 23시,금요일,부산광역시 동래구 사직동,경상사고,0,0,1,0,차대사람 - 횡단중,신호위반,건조,맑음,교차로 - 교차로안,승용,남,45세,상해없음,보행자,여,45세,경상
2014112100100626,2014년 11월 21일 23시,금요일,부산광역시 해운대구 좌동,경상사고,0,0,1,0,차대차 - 추돌 - 주정차중,안전운전불이행,건조,맑음,단일로 - 기타,승용,남,55세,상해없음,승용,여,34세,경상
2014112100100627,2014년 11월 21일 23시,금요일,부산광역시 금정구 부곡동,중상사고,0,1,2,0,차대차 - 추돌 - 진행중,안전운전불이행,건조,맑음,단일로 - 기타,승합,남,52세,경상,승합,남,52세,경상
2014112200100033,2014년 11월 22일 01시,토요일,부산광역시 남구 대연동,경상사고,0,0,1,0,차대차 - 기타,안전거리미확보,건조,맑음,교차로 - 교차로부근,승용,여,20세,상해없음,승용,남,53세,경상
2014112200100044,2014년 11월 22일 02시,토요일,부산광역시 남구 대연동,중상사고,0,1,0,0,차대사람 - 횡단중,신호위반,건조,맑음,단일로 - 횡단보도상,화물,남,39세,상해없음,보행자,여,52세,중상
2014112200100093,2014년 11월 22일 05시,토요일,부산광역시 남구 용당동,경상사고,0,0,1,0,차대차 - 측면직각충돌,신호위반,건조,맑음,교차로 - 교차로안,승용,남,32세,상해없음,승용,남,47세,경상
2014112200100094,2014년 11월 22일 05시,토요일,부산광역시 북구 구포동,중상사고,0,1,0,0,차량단독 - 기타,안전운전불이행,건조,맑음,교차로 - 교차로안,이륜,남,19세,중상,,,,
2014112200100118,2014년 11월 22일 06시,토요일,부산광역시 부산진구 부전동,중상사고,0,1,0,0,차량단독 - 기타,안전운전불이행,건조,맑음,교차로 - 교차로부근,이륜,남,32세,중상,,,,
2014112200100186,2014년 11월 22일 09시,토요일,부산광역시 해운대구 우동,경상사고,0,0,3,0,차대차 - 측면직각충돌,안전운전불이행,건조,맑음,교차로 - 교차로부근,승용,남,31세,상해없음,승용,여,35세,경상
2014112200100187,2014년 11월 22일 09시,토요일,부산광역시 사하구 신평동,경상사고,0,0,3,0,차대차 - 추돌 - 주정차중,안전거리미확보,건조,맑음,교차로 - 교차로부근,특수,남,38세,상해없음,승용,여,46세,경상
2014112200100189,2014년 11월 22일 09시,토요일,부산광역시 강서구 녹산동,경상사고,0,0,1,0,차대차 - 기타,안전운전불이행,건조,맑음,단일로 - 기타,승용,여,58세,상해없음,자전거,남,44세,경상
2014112200100234,2014년 11월 22일 10시,토요일,부산광역시 해운대구 재송동,부상신고사고,0,0,0,1,차대사람 - 횡단중,보행자보호의무위반,건조,맑음,단일로 - 기타,승용,여,37세,상해없음,보행자,남,8세,부상신고
2014112200100235,2014년 11월 22일 10시,토요일,부산광역시 해운대구 우동,경상사고,0,0,1,0,차대차 - 측면직각충돌,안전거리미확보,건조,맑음,단일로 - 기타,승용,남,64세,상해없음,승용,여,55세,경상
2014112200100269,2014년 11월 22일 11시,토요일,부산광역시 서구 토성동2가,경상사고,0,0,1,0,차대차 - 측면직각충돌,교차로운행방법위반,건조,맑음,교차로 - 교차로안,이륜,여,39세,상해없음,승용,남,40세,상해없음
2014112200100324,2014년 11월 22일 12시,토요일,부산광역시 해운대구 반여동,중상사고,0,1,0,0,차대사람 - 기타,안전운전불이행,건조,맑음,단일로 - 횡단보도부근,승용,남,65세,상해없음,보행자,여,84세,중상
2014112200100325,2014년 11월 22일 12시,토요일,부산광역시 강서구 대저2동,부상신고사고,0,0,0,1,차대차 - 추돌 - 주정차중,안전운전불이행,건조,맑음,교차로 - 교차로부근,화물,남,23세,상해없음,승용,남,22세,상해없음
2014112200100358,2014년 11월 22일 13시,토요일,부산광역시 사하구 당리동,경상사고,0,0,1,0,차대차 - 추돌 - 주정차중,중앙선침범,건조,맑음,단일로 - 기타,승용,남,48세,상해없음,승용,남,42세,경상
2014112200100400,2014년 11월 22일 14시,토요일,부산광역시 동구 초량동,경상사고,0,0,2,0,차대차 - 기타,안전거리미확보,건조,맑음,단일로 - 기타,승용,남,32세,상해없음,승용,남,30세,경상
2014112200100401,2014년 11월 22일 14시,토요일,부산광역시 해운대구 좌동,경상사고,0,0,1,1,차대차 - 추돌 - 진행중,안전운전불이행,건조,맑음,단일로 - 기타,이륜,남,23세,부상신고,승용,남,30세,상해없음
2014112200100402,2014년 11월 22일 14시,토요일,부산광역시 해운대구 우동,경상사고,0,0,1,0,차대차 - 측면직각충돌,안전운전불이행,건조,맑음,단일로 - 기타,승용,남,29세,상해없음,승용,남,59세,경상
2014112200100403,2014년 11월 22일 14시,토요일,부산광역시 부산진구 범천동,경상사고,0,0,1,0,차대차 - 기타,안전운전불이행,건조,맑음,단일로 - 기타,승용,남,45세,상해없음,승용,여,49세,경상
2014112200100440,2014년 11월 22일 15시,토요일,부산광역시 동래구 안락동,경상사고,0,0,1,0,차대차 - 기타,안전운전불이행,건조,맑음,단일로 - 기타,승용,여,49세,상해없음,승용,남,63세,경상
2014112200100441,2014년 11월 22일 15시,토요일,부산광역시 영도구 영선동1가,중상사고,0,1,0,0,차대사람 - 횡단중,안전운전불이행,건조,맑음,교차로 - 교차로안,승용,남,54세,상해없음,보행자,남,53세,중상
2014112200100442,2014년 11월 22일 15시,토요일,부산광역시 해운대구 우동,경상사고,0,0,1,0,차대차 - 측면직각충돌,신호위반,건조,맑음,단일로 - 기타,승용,여,47세,상해없음,승용,남,52세,경상
2014112200100476,2014년 11월 22일 16시,토요일,부산광역시 동래구 수안동,경상사고,0,0,1,0,차대사람 - 횡단중,보행자보호의무위반,건조,맑음,단일로 - 기타,화물,남,54세,상해없음,보행자,여,73세,경상
2014112200100477,2014년 11월 22일 16시,토요일,부산광역시 영도구 영선동2가,중상사고,0,1,0,0,차대사람 - 횡단중,안전운전불이행,건조,맑음,단일로 - 기타,화물,남,62세,상해없음,보행자,여,72세,중상
2014112200100478,2014년 11월 22일 16시,토요일,부산광역시 해운대구 반여동,경상사고,0,0,1,0,차대차 - 측면직각충돌,안전운전불이행,건조,맑음,단일로 - 기타,승용,남,53세,상해없음,화물,남,39세,경상
2014112200100479,2014년 11월 22일 16시,토요일,부산광역시 해운대구 우동,경상사고,0,0,1,0,차대차 - 추돌 - 진행중,안전거리미확보,건조,맑음,기타 - 기타,승용,남,64세,상해없음,승용,남,38세,경상
2014112200100480,2014년 11월 22일 16시,토요일,부산광역시 부산진구 개금동,중상사고,0,1,0,0,차대사람 - 횡단중,기타,건조,맑음,단일로 - 기타,승용,여,58세,상해없음,보행자,남,8세,중상
2014112200100481,2014년 11월 22일 16시,토요일,부산광역시 부산진구 개금동,경상사고,0,0,1,0,차대차 - 측면직각충돌,안전거리미확보,건조,맑음,단일로 - 기타,이륜,남,61세,상해없음,승용,여,57세,상해없음
2014112200100520,2014년 11월 22일 17시,토요일,부산광역시 수영구 민락동,경상사고,0,0,1,0,차대차 - 추돌 - 진행중,안전운전불이행,건조,기타,단일로 - 기타,승용,남,48세,상해없음,승용,남,45세,기타불명
2014112200100521,2014년 11월 22일 17시,토요일,부산광역시 북구 화명동,경상사고,0,0,2,0,차대차 - 측면직각충돌,중앙선침범,건조,맑음,단일로 - 기타,승용,남,73세,상해없음,승용,여,64세,경상
2014112200100522,2014년 11월 22일 17시,토요일,부산광역시 부산진구 부암동,중상사고,0,1,2,0,차대차 - 정면충돌,불법유턴,건조,맑음,교차로 - 교차로부근,이륜,남,66세,경상,이륜,남,27세,중상
2014112200100523,2014년 11월 22일 17시,토요일,부산광역시 기장군 철마면,중상사고,0,1,1,0,차대차 - 정면충돌,중앙선침범,건조,맑음,단일로 - 기타,화물,남,37세,경상,화물,남,49세,중상
2014112200100567,2014년 11월 22일 18시,토요일,부산광역시 중구 동광동1가,중상사고,0,1,0,0,차대사람 - 기타,안전운전불이행,건조,맑음,단일로 - 기타,승용,남,66세,상해없음,보행자,여,58세,중상
2014112200100622,2014년 11월 22일 19시,토요일,부산광역시 사하구 하단동,경상사고,0,0,1,0,차대차 - 기타,안전운전불이행,건조,맑음,단일로 - 기타,승용,남,42세,상해없음,승용,남,24세,경상
2014112200100668,2014년 11월 22일 20시,토요일,부산광역시 북구 구포동,경상사고,0,0,1,0,차대차 - 추돌 - 진행중,안전운전불이행,건조,맑음,단일로 - 기타,승용,남,48세,상해없음,승용,남,57세,경상
2014112200100669,2014년 11월 22일 20시,토요일,부산광역시 기장군 기장읍,경상사고,0,0,2,0,차대차 - 추돌 - 진행중,차로위반,건조,맑음,교차로 - 교차로부근,화물,남,58세,상해없음,승용,남,35세,경상
2014112200100694,2014년 11월 22일 21시,토요일,부산광역시 수영구 광안동,중상사고,0,1,0,1,차대차 - 측면직각충돌,신호위반,건조,맑음,교차로 - 교차로안,승용,남,74세,상해없음,승합,남,58세,부상신고
2014112200100725,2014년 11월 22일 22시,토요일,부산광역시 중구 중앙동5가,경상사고,0,0,4,0,차대차 - 측면직각충돌,신호위반,건조,흐림,교차로 - 교차로안,승용,남,30세,경상,승용,남,27세,경상
2014112200100726,2014년 11월 22일 22시,토요일,부산광역시 수영구 광안동,경상사고,0,0,1,0,차대사람 - 기타,기타,건조,맑음,교차로 - 교차로부근,승용,여,28세,상해없음,보행자,여,42세,경상
2014112200100727,2014년 11월 22일 22시,토요일,부산광역시 기장군 정관면,중상사고,0,1,0,0,차대차 - 측면직각충돌,신호위반,건조,맑음,교차로 - 교차로안,승용,여,42세,상해없음,승용,남,71세,중상
2014112200100766,2014년 11월 22일 23시,토요일,부산광역시 서구 부민동1가,경상사고,0,0,1,0,차대차 - 추돌 - 주정차중,안전거리미확보,건조,맑음,교차로 - 교차로부근,승용,남,43세,상해없음,승용,남,55세,경상
2014112200100767,2014년 11월 22일 23시,토요일,부산광역시 해운대구 반송동,경상사고,0,0,2,0,차대차 - 측면직각충돌,신호위반,건조,맑음,교차로 - 교차로안,원동기,남,32세,경상,승용,남,33세,경상
2014112300100005,2014년 11월 23일 00시,일요일,부산광역시 남구 대연동,중상사고,0,1,1,0,차대차 - 측면직각충돌,중앙선침범,건조,맑음,단일로 - 기타,승용,남,70세,상해없음,승용,남,51세,경상
2014112300100006,2014년 11월 23일 00시,일요일,부산광역시 부산진구 부전동,경상사고,0,0,1,0,차대사람 - 횡단중,안전운전불이행,건조,맑음,단일로 - 횡단보도상,승용,남,53세,상해없음,보행자,남,44세,상해없음
2014112300100007,2014년 11월 23일 00시,일요일,부산광역시 사하구 감천동,중상사고,0,3,0,0,차량단독 - 기타,안전운전불이행,건조,맑음,단일로 - 기타,승용,남,17세,상해없음,,,,
2014112300100075,2014년 11월 23일 04시,일요일,부산광역시 남구 대연동,경상사고,0,0,1,0,차대차 - 기타,교차로운행방법위반,건조,기타,교차로 - 교차로안,승용,남,50세,상해없음,승용,남,58세,상해없음
2014112300100076,2014년 11월 23일 04시,일요일,부산광역시 부산진구 부전동,경상사고,0,0,1,0,차대사람 - 횡단중,보행자보호의무위반,건조,맑음,단일로 - 횡단보도상,승용,남,28세,상해없음,보행자,남,34세,경상
2014112300100088,2014년 11월 23일 05시,일요일,부산광역시 해운대구 반송동,부상신고사고,0,0,0,1,차대차 - 기타,안전운전불이행,건조,맑음,기타 - 기타,승용,남,54세,상해없음,승용,남,55세,부상신고
2014112300100101,2014년 11월 23일 06시,일요일,부산광역시 연제구 거제동,중상사고,0,1,0,0,차대사람 - 기타,안전운전불이행,건조,맑음,교차로 - 교차로안,화물,남,36세,상해없음,보행자,여,65세,중상
2014112300100112,2014년 11월 23일 07시,일요일,부산광역시 사하구 괴정동,경상사고,0,0,2,1,차대차 - 정면충돌,중앙선침범,건조,맑음,단일로 - 기타,승용,남,25세,상해없음,승용,남,62세,경상
2014112300100124,2014년 11월 23일 08시,일요일,부산광역시 사하구 구평동,중상사고,0,1,0,0,차량단독 - 전도전복,안전운전불이행,건조,맑음,단일로 - 기타,승용,여,24세,중상,,,,
2014112300100177,2014년 11월 23일 11시,일요일,부산광역시 강서구 송정동,경상사고,0,0,3,0,차대차 - 측면직각충돌,신호위반,건조,맑음,교차로 - 교차로안,승용,남,42세,상해없음,승용,남,28세,경상
2014112300100222,2014년 11월 23일 13시,일요일,부산광역시 동래구 칠산동,중상사고,0,1,0,0,차대차 - 추돌 - 주정차중,안전거리미확보,건조,흐림,단일로 - 기타,승용,남,62세,상해없음,승용,남,37세,중상
2014112300100223,2014년 11월 23일 13시,일요일,부산광역시 금정구 금사동,경상사고,0,0,2,1,차대차 - 추돌 - 진행중,안전거리미확보,건조,맑음,단일로 - 기타,승용,여,57세,상해없음,승용,남,48세,상해없음
2014112300100326,2014년 11월 23일 17시,일요일,부산광역시 동구 범일동,경상사고,0,0,1,0,차대사람 - 횡단중,신호위반,건조,맑음,교차로 - 교차로부근,승용,남,28세,상해없음,보행자,남,55세,경상
2014112300100327,2014년 11월 23일 17시,일요일,부산광역시 해운대구 우동,경상사고,0,0,1,0,차대사람 - 횡단중,안전운전불이행,건조,맑음,단일로 - 횡단보도상,기타불명,기타불명,기타불명,기타불명,보행자,남,45세,경상
2014112300100328,2014년 11월 23일 17시,일요일,부산광역시 해운대구 우동,경상사고,0,0,1,0,차대차 - 기타,안전운전불이행,건조,맑음,단일로 - 기타,승합,남,47세,상해없음,승용,남,66세,경상
2014112300100372,2014년 11월 23일 18시,일요일,부산광역시 남구 감만동,경상사고,0,0,1,0,차대사람 - 기타,안전운전불이행,건조,맑음,단일로 - 기타,승용,남,29세,상해없음,보행자,남,52세,경상
2014112300100373,2014년 11월 23일 18시,일요일,부산광역시 남구 용호동,중상사고,0,1,0,0,차대차 - 기타,안전운전불이행,건조,맑음,교차로 - 교차로안,승용,남,35세,상해없음,이륜,남,42세,중상
2014112300100374,2014년 11월 23일 18시,일요일,부산광역시 부산진구 양정동,중상사고,0,1,0,0,차대사람 - 기타,안전운전불이행,건조,맑음,단일로 - 기타,승용,여,37세,상해없음,보행자,여,72세,중상
2014112300100376,2014년 11월 23일 18시,일요일,부산광역시 사상구 주례동,경상사고,0,0,1,0,차대차 - 기타,신호위반,건조,맑음,교차로 - 교차로안,승용,남,46세,상해없음,이륜,남,21세,경상
2014112300100426,2014년 11월 23일 19시,일요일,부산광역시 영도구 대교동1가,중상사고,0,1,0,0,차대차 - 측면직각충돌,신호위반,건조,맑음,교차로 - 교차로안,승용,남,41세,상해없음,승용,남,68세,중상
2014112300100466,2014년 11월 23일 20시,일요일,부산광역시 수영구 광안동,경상사고,0,0,2,0,차대차 - 기타,신호위반,건조,맑음,단일로 - 기타,이륜,남,17세,경상,이륜,남,18세,경상
2014112300100467,2014년 11월 23일 20시,일요일,부산광역시 북구 구포동,경상사고,0,0,1,0,차대사람 - 기타,안전운전불이행,건조,맑음,단일로 - 기타,승용,남,63세,상해없음,보행자,남,70세,경상
2014112300100468,2014년 11월 23일 20시,일요일,부산광역시 해운대구 좌동,경상사고,0,0,2,0,차대차 - 정면충돌,안전운전불이행,건조,맑음,교차로 - 교차로안,승용,남,52세,상해없음,승용,남,50세,경상
2014112300100496,2014년 11월 23일 21시,일요일,부산광역시 동래구 온천동,경상사고,0,0,1,0,차대차 - 기타,안전거리미확보,건조,맑음,단일로 - 기타,승용,남,30세,상해없음,원동기,남,55세,경상
2014112300100527,2014년 11월 23일 22시,일요일,부산광역시 남구 대연동,중상사고,0,1,0,0,차대사람 - 횡단중,안전운전불이행,건조,맑음,단일로 - 기타,승용,남,19세,상해없음,보행자,남,58세,중상
2014112300100528,2014년 11월 23일 22시,일요일,부산광역시 해운대구 송정동,경상사고,0,0,1,0,차대차 - 기타,안전거리미확보,건조,맑음,단일로 - 기타,승용,기타불명,기타불명,기타불명,승합,남,55세,상해없음
2014112400100037,2014년 11월 24일 04시,월요일,부산광역시 기장군 정관면,경상사고,0,0,1,0,차량단독 - 공작물충돌,안전운전불이행,건조,맑음,교차로 - 교차로안,승용,남,43세,경상,,,,
2014112400100041,2014년 11월 24일 05시,월요일,부산광역시 서구 서대신동2가,중상사고,0,1,0,0,차대사람 - 횡단중,신호위반,건조,맑음,단일로 - 횡단보도상,승합,남,59세,상해없음,보행자,남,54세,중상
2014112400100052,2014년 11월 24일 06시,월요일,부산광역시 남구 용당동,중상사고,0,1,2,0,차대차 - 기타,안전운전불이행,건조,맑음,단일로 - 기타,승용,여,50세,경상,화물,남,53세,경상
2014112400100084,2014년 11월 24일 07시,월요일,부산광역시 영도구 남항동2가,중상사고,0,1,0,0,차대사람 - 차도통행중,중앙선침범,건조,맑음,단일로 - 기타,승용,남,42세,상해없음,보행자,남,65세,중상
2014112400100120,2014년 11월 24일 08시,월요일,부산광역시 금정구 장전동,중상사고,0,1,1,0,차대차 - 측면직각충돌,직진우회전진행방해,건조,맑음,교차로 - 교차로안,화물,남,52세,상해없음,승용,남,74세,경상
2014112400100153,2014년 11월 24일 09시,월요일,부산광역시 금정구 장전동,중상사고,0,1,0,0,차대차 - 기타,안전거리미확보,건조,맑음,단일로 - 기타,승용,남,32세,상해없음,승용,여,36세,중상
2014112400100178,2014년 11월 24일 10시,월요일,부산광역시 동래구 안락동,중상사고,0,1,0,0,차대차 - 기타,안전운전불이행,건조,맑음,단일로 - 기타,승용,남,14세,상해없음,기타불명,여,65세,중상
2014112400100179,2014년 11월 24일 10시,월요일,부산광역시 사상구 괘법동,중상사고,0,1,0,0,차대사람 - 횡단중,신호위반,건조,맑음,단일로 - 횡단보도상,자전거,남,50세,상해없음,보행자,여,74세,중상
2014112400100241,2014년 11월 24일 12시,월요일,부산광역시 부산진구 범천동,경상사고,0,0,1,0,차대차 - 기타,기타,건조,맑음,단일로 - 기타,이륜,여,29세,경상,승용,남,46세,상해없음
2014112400100242,2014년 11월 24일 12시,월요일,부산광역시 부산진구 범천동,경상사고,0,0,1,0,차대사람 - 기타,기타,건조,맑음,단일로 - 기타,자전거,남,65세,상해없음,보행자,여,61세,경상
2014112400100243,2014년 11월 24일 12시,월요일,부산광역시 연제구 연산동,경상사고,0,0,1,0,차대사람 - 기타,안전운전불이행,건조,맑음,단일로 - 기타,화물,남,49세,상해없음,보행자,남,71세,경상
2014112400100272,2014년 11월 24일 13시,월요일,부산광역시 금정구 구서동,부상신고사고,0,0,0,1,차대차 - 측면직각충돌,안전거리미확보,건조,맑음,교차로 - 교차로부근,승용,여,47세,상해없음,화물,남,51세,상해없음
2014112400100273,2014년 11월 24일 13시,월요일,부산광역시 기장군 기장읍,경상사고,0,0,1,0,차대차 - 측면직각충돌,신호위반,건조,맑음,교차로 - 교차로안,승용,남,61세,상해없음,승용,여,47세,경상
2014112400100314,2014년 11월 24일 14시,월요일,부산광역시 동구 범일동,경상사고,0,0,3,0,차대차 - 추돌 - 진행중,안전운전불이행,습기,비,단일로 - 기타,승용,남,49세,상해없음,승용,남,43세,경상
2014112400100315,2014년 11월 24일 14시,월요일,부산광역시 북구 화명동,경상사고,0,0,1,0,차대차 - 측면직각충돌,신호위반,습기,비,교차로 - 교차로안,승용,남,77세,상해없음,화물,남,34세,경상
2014112400100316,2014년 11월 24일 14시,월요일,부산광역시 금정구 서동,중상사고,0,1,0,0,차대사람 - 기타,안전운전불이행,건조,맑음,단일로 - 기타,승합,남,55세,상해없음,보행자,여,69세,중상
2014112400100350,2014년 11월 24일 15시,월요일,부산광역시 사하구 괴정동,부상신고사고,0,0,0,1,차대사람 - 횡단중,안전운전불이행,건조,맑음,단일로 - 횡단보도부근,승용,남,52세,기타불명,보행자,여,13세,부상신고
2014112400100381,2014년 11월 24일 16시,월요일,부산광역시 서구 남부민동,경상사고,0,0,2,0,차대차 - 추돌 - 주정차중,안전운전불이행,습기,비,단일로 - 기타,승용,남,58세,상해없음,승합,남,61세,경상
2014112400100382,2014년 11월 24일 16시,월요일,부산광역시 해운대구 석대동,사망사고,1,0,0,0,차대사람 - 기타,안전운전불이행,습기,비,단일로 - 기타,승용,여,40세,상해없음,보행자,남,45세,사망
2014112400100383,2014년 11월 24일 16시,월요일,부산광역시 해운대구 반송동,경상사고,0,0,1,0,차대차 - 측면직각충돌,안전운전불이행,습기,비,교차로 - 교차로부근,승합,남,50세,상해없음,화물,남,45세,기타불명
2014112400100384,2014년 11월 24일 16시,월요일,부산광역시 부산진구 연지동,경상사고,0,0,3,0,차대차 - 추돌 - 주정차중,안전운전불이행,건조,맑음,교차로 - 교차로부근,승용,남,49세,상해없음,승용,여,49세,경상
2014112400100385,2014년 11월 24일 16시,월요일,부산광역시 수영구 망미동,경상사고,0,0,1,0,차대사람 - 기타,안전운전불이행,건조,맑음,교차로 - 교차로안,승용,여,56세,상해없음,보행자,남,70세,경상
2014112400100386,2014년 11월 24일 16시,월요일,부산광역시 강서구 송정동,경상사고,0,0,1,0,차대차 - 측면직각충돌,교차로운행방법위반,건조,맑음,교차로 - 교차로안,승합,남,31세,상해없음,승합,남,56세,경상
2014112400100434,2014년 11월 24일 17시,월요일,부산광역시 해운대구 반송동,경상사고,0,0,1,0,차대사람 - 횡단중,보행자보호의무위반,습기,비,단일로 - 횡단보도상,승용,기타불명,기타불명,기타불명,보행자,여,49세,경상
2014112400100435,2014년 11월 24일 17시,월요일,부산광역시 사상구 감전동,중상사고,0,1,0,0,차대차 - 측면직각충돌,차로위반,습기,비,교차로 - 교차로부근,화물,남,25세,상해없음,건설기계,남,48세,중상
2014112400100499,2014년 11월 24일 18시,월요일,부산광역시 동구 수정동,중상사고,0,1,1,0,차대차 - 측면직각충돌,안전운전불이행,건조,맑음,교차로 - 교차로안,승용,남,54세,상해없음,승용,남,54세,중상
2014112400100500,2014년 11월 24일 18시,월요일,부산광역시 수영구 광안동,중상사고,0,1,0,0,차대사람 - 횡단중,보행자보호의무위반,습기,비,교차로 - 교차로안,승합,남,69세,상해없음,보행자,남,81세,중상
2014112400100501,2014년 11월 24일 18시,월요일,부산광역시 해운대구 재송동,중상사고,0,1,0,0,차대사람 - 횡단중,안전운전불이행,습기,비,단일로 - 기타,승용,여,28세,상해없음,보행자,남,65세,중상
2014112400100502,2014년 11월 24일 18시,월요일,부산광역시 금정구 회동동,중상사고,0,2,1,0,차대차 - 기타,안전거리미확보,습기,비,단일로 - 기타,승용,남,33세,상해없음,승용,여,34세,중상
2014112400100503,2014년 11월 24일 18시,월요일,부산광역시 금정구 장전동,중상사고,0,1,0,0,차대사람 - 길가장자리구역통행중,안전운전불이행,습기,비,단일로 - 기타,승용,기타불명,기타불명,기타불명,보행자,여,21세,중상
2014112400100504,2014년 11월 24일 18시,월요일,부산광역시 사상구 주례동,중상사고,0,1,0,0,차대사람 - 횡단중,안전운전불이행,습기,비,단일로 - 기타,이륜,남,19세,상해없음,보행자,여,71세,중상
2014112400100581,2014년 11월 24일 19시,월요일,부산광역시 남구 대연동,경상사고,0,0,1,0,차대사람 - 횡단중,안전운전불이행,습기,비,단일로 - 기타,승용,남,29세,상해없음,보행자,남,67세,경상
2014112400100582,2014년 11월 24일 19시,월요일,부산광역시 사하구 괴정동,중상사고,0,1,0,0,차대차 - 추돌 - 진행중,교차로운행방법위반,건조,맑음,교차로 - 교차로안,승용,남,25세,상해없음,이륜,남,51세,중상
2014112400100583,2014년 11월 24일 19시,월요일,부산광역시 사하구 구평동,경상사고,0,0,1,0,차대차 - 기타,중앙선침범,건조,맑음,단일로 - 기타,이륜,남,55세,경상,승용,여,48세,상해없음
2014112400100584,2014년 11월 24일 19시,월요일,부산광역시 사상구 엄궁동,경상사고,0,0,2,0,차대차 - 추돌 - 주정차중,안전운전불이행,습기,비,단일로 - 기타,승용,남,33세,상해없음,승용,남,23세,경상
2014112400100636,2014년 11월 24일 20시,월요일,부산광역시 서구 토성동3가,중상사고,0,1,0,0,차대사람 - 기타,안전운전불이행,습기,비,단일로 - 횡단보도부근,승용,남,48세,상해없음,보행자,남,58세,중상
2014112400100637,2014년 11월 24일 20시,월요일,부산광역시 동래구 사직동,경상사고,0,0,1,0,차대차 - 정면충돌,안전운전불이행,습기,비,교차로 - 교차로안,승용,여,43세,경상,승용,남,41세,상해없음
2014112400100638,2014년 11월 24일 20시,월요일,부산광역시 해운대구 좌동,중상사고,0,1,0,0,차대사람 - 횡단중,신호위반,습기,비,교차로 - 교차로안,승합,남,62세,상해없음,보행자,여,24세,중상
2014112400100670,2014년 11월 24일 21시,월요일,부산광역시 금정구 구서동,중상사고,0,1,0,1,차대차 - 추돌 - 주정차중,안전운전불이행,습기,비,교차로 - 교차로부근,화물,남,44세,상해없음,승합,남,57세,중상
2014112400100671,2014년 11월 24일 21시,월요일,부산광역시 연제구 거제동,경상사고,0,0,3,0,차대차 - 추돌 - 진행중,안전운전불이행,습기,비,단일로 - 기타,승용,남,47세,상해없음,승용,여,33세,경상
2014112400100672,2014년 11월 24일 21시,월요일,부산광역시 사상구 모라동,중상사고,0,1,0,0,차대사람 - 횡단중,안전운전불이행,습기,비,단일로 - 기타,승용,남,51세,상해없음,보행자,남,28세,중상
2014112400100708,2014년 11월 24일 22시,월요일,부산광역시 북구 구포동,경상사고,0,0,1,0,차대사람 - 기타,보행자보호의무위반,습기,비,단일로 - 횡단보도부근,기타불명,기타불명,기타불명,기타불명,보행자,여,16세,경상
2014112400100750,2014년 11월 24일 23시,월요일,부산광역시 동래구 온천동,경상사고,0,0,1,0,차대차 - 추돌 - 주정차중,안전운전불이행,습기,비,교차로 - 교차로부근,승용,남,24세,상해없음,승용,여,44세,경상
2014112400100751,2014년 11월 24일 23시,월요일,부산광역시 금정구 구서동,중상사고,0,1,0,2,차대차 - 측면직각충돌,기타,건조,맑음,교차로 - 교차로안,승용,남,34세,상해없음,승용,남,67세,중상