사고번호,사고일시,요일,시군구,사고내용,사망자수,중상자수,경상자수,부상신고자수,사고유형,법규위반,노면상태,기상상태,도로형태,가해운전자 차종,가해운전자 성별,가해운전자 연령,가해운전자 상해정도,피해운전자 차종,피해운전자 성별,피해운전자 연령,피해운전자 상해정도
2014112400100752,2014년 11월 24일 23시,월요일,부산광역시 연제구 연산동,경상사고,0,0,1,0,차대사람 - 기타,안전운전불이행,습기,비,단일로 - 기타,승용,남,55세,상해없음,보행자,남,47세,경상
2014112500100007,2014년 11월 25일 00시,화요일,부산광역시 부산진구 범천동,경상사고,0,0,1,0,차대차 - 추돌 - 주정차중,안전운전불이행,습기,비,교차로 - 교차로부근,승용,남,31세,상해없음,승용,남,40세,경상
2014112500100008,2014년 11월 25일 00시,화요일,부산광역시 연제구 연산동,중상사고,0,1,3,0,차대차 - 추돌 - 진행중,안전거리미확보,습기,비,단일로 - 기타,승용,남,27세,기타불명,승용,남,58세,경상
2014112500100009,2014년 11월 25일 00시,화요일,부산광역시 연제구 연산동,경상사고,0,0,1,0,차대차 - 측면직각충돌,안전거리미확보,습기,비,단일로 - 기타,승용,남,65세,기타불명,승용,남,42세,경상
2014112500100010,2014년 11월 25일 00시,화요일,부산광역시 수영구 망미동,경상사고,0,0,3,0,차대차 - 측면직각충돌,안전운전불이행,습기,비,단일로 - 기타,승용,남,49세,상해없음,승용,남,56세,경상
2014112500100011,2014년 11월 25일 00시,화요일,부산광역시 기장군 기장읍,중상사고,0,2,1,0,차량단독 - 공작물충돌,안전운전불이행,습기,비,단일로 - 기타,승용,남,33세,경상,,,,
2014112500100040,2014년 11월 25일 01시,화요일,부산광역시 북구 만덕동,경상사고,0,0,1,0,차대차 - 추돌 - 진행중,신호위반,습기,비,교차로 - 교차로안,화물,남,46세,상해없음,승용,여,31세,경상
2014112500100041,2014년 11월 25일 01시,화요일,부산광역시 해운대구 송정동,경상사고,0,0,1,1,차대차 - 기타,불법유턴,건조,맑음,단일로 - 기타,승용,여,35세,상해없음,승합,남,49세,부상신고
2014112500100042,2014년 11월 25일 01시,화요일,부산광역시 부산진구 초읍동,경상사고,0,0,1,0,차대차 - 측면직각충돌,교차로운행방법위반,습기,비,교차로 - 교차로안,승용,여,55세,상해없음,승용,남,68세,경상
2014112500100043,2014년 11월 25일 01시,화요일,부산광역시 사하구 장림동,중상사고,0,1,0,0,차대차 - 정면충돌,중앙선침범,습기,비,단일로 - 기타,승용,남,26세,상해없음,승용,남,46세,중상
2014112500100055,2014년 11월 25일 02시,화요일,부산광역시 서구 서대신동1가,중상사고,0,1,0,0,차대차 - 측면직각충돌,안전운전불이행,습기,비,교차로 - 교차로부근,승용,남,57세,기타불명,승용,남,37세,상해없음
2014112500100056,2014년 11월 25일 02시,화요일,부산광역시 남구 대연동,중상사고,0,1,0,0,차대사람 - 횡단중,신호위반,습기,비,단일로 - 기타,승용,남,33세,상해없음,보행자,남,29세,중상
2014112500100057,2014년 11월 25일 02시,화요일,부산광역시 연제구 연산동,경상사고,0,0,1,0,차대차 - 측면직각충돌,안전거리미확보,습기,비,단일로 - 기타,승용,남,66세,상해없음,승용,남,54세,상해없음
2014112500100069,2014년 11월 25일 04시,화요일,부산광역시 기장군 철마면,중상사고,0,1,0,0,차대사람 - 횡단중,신호위반,결빙,흐림,단일로 - 기타,승용,남,28세,상해없음,보행자,여,62세,중상
2014112500100075,2014년 11월 25일 05시,화요일,부산광역시 사하구 장림동,경상사고,0,0,2,0,차대차 - 측면직각충돌,신호위반,습기,비,교차로 - 교차로안,승용,남,36세,상해없음,승용,남,32세,경상
2014112500100091,2014년 11월 25일 06시,화요일,부산광역시 연제구 거제동,중상사고,0,1,0,0,차대사람 - 기타,안전운전불이행,습기,비,단일로 - 기타,승용,남,58세,상해없음,보행자,여,83세,중상
2014112500100106,2014년 11월 25일 07시,화요일,부산광역시 사하구 장림동,중상사고,0,1,0,0,차대사람 - 기타,안전운전불이행,건조,흐림,단일로 - 기타,화물,남,49세,상해없음,보행자,여,70세,중상
2014112500100126,2014년 11월 25일 08시,화요일,부산광역시 북구 구포동,중상사고,0,1,0,0,차대차 - 추돌 - 진행중,기타,건조,맑음,단일로 - 기타,이륜,남,72세,중상,기타불명,기타불명,기타불명,기타불명
2014112500100127,2014년 11월 25일 08시,화요일,부산광역시 부산진구 전포동,경상사고,0,0,1,0,차대차 - 기타,교차로운행방법위반,건조,맑음,교차로 - 교차로안,승합,남,76세,상해없음,원동기,남,30세,경상
2014112500100128,2014년 11월 25일 08시,화요일,부산광역시 연제구 연산동,경상사고,0,0,1,0,차대차 - 기타,안전운전불이행,건조,맑음,기타 - 기타,승합,남,43세,상해없음,승용,남,33세,경상
2014112500100172,2014년 11월 25일 09시,화요일,부산광역시 해운대구 재송동,부상신고사고,0,0,0,1,차대사람 - 횡단중,보행자보호의무위반,습기,비,단일로 - 횡단보도상,승합,남,43세,상해없음,보행자,여,67세,부상신고
2014112500100207,2014년 11월 25일 10시,화요일,부산광역시 서구 서대신동1가,중상사고,0,1,0,0,차대사람 - 횡단중,신호위반,건조,맑음,단일로 - 횡단보도상,승용,남,66세,상해없음,보행자,남,83세,중상
2014112500100208,2014년 11월 25일 10시,화요일,부산광역시 서구 동대신동1가,중상사고,0,1,0,0,차대차 - 추돌 - 주정차중,안전운전불이행,건조,맑음,단일로 - 기타,승용,여,61세,상해없음,원동기,남,79세,중상
2014112500100239,2014년 11월 25일 11시,화요일,부산광역시 부산진구 개금동,중상사고,0,1,0,0,차대차 - 측면직각충돌,교차로운행방법위반,건조,맑음,교차로 - 교차로안,승용,남,64세,상해없음,원동기,남,77세,중상
2014112500100266,2014년 11월 25일 12시,화요일,부산광역시 남구 용당동,경상사고,0,0,1,0,차대차 - 측면직각충돌,교차로운행방법위반,건조,맑음,교차로 - 교차로안,승용,남,53세,상해없음,화물,남,44세,상해없음
2014112500100267,2014년 11월 25일 12시,화요일,부산광역시 영도구 대교동1가,경상사고,0,0,1,0,차량단독 - 기타,안전운전불이행,건조,맑음,단일로 - 기타,승합,남,49세,상해없음,,,,
2014112500100317,2014년 11월 25일 14시,화요일,부산광역시 동구 초량동,중상사고,0,1,0,0,차대차 - 추돌 - 진행중,안전거리미확보,건조,맑음,단일로 - 기타,원동기,남,70세,중상,승용,남,49세,상해없음
2014112500100393,2014년 11월 25일 16시,화요일,부산광역시 사하구 하단동,경상사고,0,0,1,0,차대차 - 기타,안전운전불이행,건조,맑음,단일로 - 기타,화물,남,57세,상해없음,승용,남,30세,경상
2014112500100431,2014년 11월 25일 17시,화요일,부산광역시 해운대구 좌동,부상신고사고,0,0,0,1,차대사람 - 횡단중,신호위반,건조,맑음,단일로 - 횡단보도상,승합,남,52세,상해없음,보행자,남,13세,부상신고
2014112500100432,2014년 11월 25일 17시,화요일,부산광역시 부산진구 양정동,경상사고,0,0,1,0,차대사람 - 기타,기타,건조,맑음,단일로 - 기타,원동기,남,30세,상해없음,보행자,남,53세,경상
2014112500100433,2014년 11월 25일 17시,화요일,부산광역시 사하구 신평동,부상신고사고,0,0,0,1,차량단독 - 공작물충돌,안전운전불이행,건조,맑음,단일로 - 기타,승용,남,50세,부상신고,,,,
2014112500100479,2014년 11월 25일 18시,화요일,부산광역시 사하구 신평동,중상사고,0,1,0,0,차대차 - 측면직각충돌,신호위반,건조,맑음,교차로 - 교차로안,승용,남,67세,상해없음,승용,남,40세,중상
2014112500100480,2014년 11월 25일 18시,화요일,부산광역시 강서구 대저2동,중상사고,0,1,0,0,차대사람 - 기타,보행자보호의무위반,건조,맑음,단일로 - 횡단보도상,승용,남,46세,상해없음,보행자,여,26세,중상
2014112500100481,2014년 11월 25일 18시,화요일,부산광역시 사상구 감전동,중상사고,0,1,0,0,차대사람 - 길가장자리구역통행중,안전운전불이행,건조,흐림,단일로 - 기타,승용,여,36세,기타불명,보행자,남,21세,중상
2014112500100544,2014년 11월 25일 19시,화요일,부산광역시 부산진구 당감동,경상사고,0,0,1,0,차대차 - 측면직각충돌,신호위반,건조,맑음,교차로 - 교차로안,승합,남,67세,상해없음,승용,남,38세,경상
2014112500100545,2014년 11월 25일 19시,화요일,부산광역시 사상구 덕포동,경상사고,0,0,1,0,차대차 - 기타,안전운전불이행,건조,맑음,단일로 - 기타,승용,남,25세,상해없음,원동기,남,60세,경상
2014112500100596,2014년 11월 25일 21시,화요일,부산광역시 금정구 장전동,중상사고,0,1,0,0,차대사람 - 횡단중,안전운전불이행,건조,맑음,교차로 - 교차로부근,승용,남,52세,상해없음,보행자,여,25세,중상
2014112500100623,2014년 11월 25일 22시,화요일,부산광역시 수영구 광안동,경상사고,0,0,2,0,차대차 - 기타,불법유턴,건조,맑음,단일로 - 기타,승용,남,29세,상해없음,승용,남,36세,경상
2014112500100648,2014년 11월 25일 23시,화요일,부산광역시 서구 서대신동3가,부상신고사고,0,0,0,1,차대사람 - 차도통행중,안전운전불이행,기타,기타,단일로 - 기타,원동기,남,18세,상해없음,보행자,남,49세,부상신고
2014112600100004,2014년 11월 26일 00시,수요일,부산광역시 동래구 사직동,중상사고,0,1,0,0,차대사람 - 횡단중,안전운전불이행,건조,맑음,단일로 - 기타,이륜,남,18세,상해없음,보행자,여,73세,중상
2014112600100005,2014년 11월 26일 00시,수요일,부산광역시 해운대구 우동,중상사고,0,1,0,0,차대차 - 측면직각충돌,교차로운행방법위반,건조,맑음,교차로 - 교차로안,승용,남,43세,상해없음,승용,남,68세,상해없음
2014112600100069,2014년 11월 26일 06시,수요일,부산광역시 북구 만덕동,경상사고,0,0,3,0,차대차 - 추돌 - 주정차중,안전운전불이행,건조,맑음,단일로 - 기타,화물,남,46세,상해없음,승합,남,34세,경상
2014112600100088,2014년 11월 26일 07시,수요일,부산광역시 사상구 감전동,중상사고,0,2,0,0,차대차 - 측면직각충돌,신호위반,건조,맑음,교차로 - 교차로안,승용,남,28세,중상,승용,남,51세,중상
2014112600100089,2014년 11월 26일 07시,수요일,부산광역시 강서구 대저2동,사망사고,1,0,1,0,차대차 - 기타,안전운전불이행,건조,맑음,단일로 - 기타,승용,남,34세,상해없음,화물,남,62세,사망
2014112600100148,2014년 11월 26일 09시,수요일,부산광역시 연제구 거제동,중상사고,0,1,0,0,차대차 - 기타,안전운전불이행,건조,맑음,단일로 - 횡단보도부근,원동기,남,22세,중상,승용,남,60세,상해없음
2014112600100172,2014년 11월 26일 10시,수요일,부산광역시 사하구 구평동,경상사고,0,0,1,0,차대사람 - 기타,안전운전불이행,건조,맑음,단일로 - 기타,승용,남,24세,기타불명,보행자,남,80세,경상
2014112600100203,2014년 11월 26일 11시,수요일,부산광역시 서구 충무동1가,경상사고,0,0,1,0,차대차 - 측면직각충돌,차로위반,기타,맑음,단일로 - 기타,승용,남,37세,상해없음,승용,여,35세,경상
2014112600100204,2014년 11월 26일 11시,수요일,부산광역시 남구 대연동,경상사고,0,0,1,0,차대사람 - 횡단중,신호위반,건조,맑음,교차로 - 교차로부근,승용,여,35세,상해없음,보행자,여,66세,경상
2014112600100231,2014년 11월 26일 12시,수요일,부산광역시 해운대구 석대동,중상사고,0,4,0,0,차대차 - 기타,중앙선침범,건조,맑음,단일로 - 기타,승용,남,64세,상해없음,승용,남,64세,중상
2014112600100232,2014년 11월 26일 12시,수요일,부산광역시 사하구 장림동,중상사고,0,1,0,0,차대차 - 기타,교차로운행방법위반,건조,맑음,교차로 - 교차로안,이륜,남,63세,중상,화물,남,67세,상해없음
2014112600100233,2014년 11월 26일 12시,수요일,부산광역시 수영구 망미동,중상사고,0,1,1,0,차대차 - 기타,교차로운행방법위반,건조,맑음,교차로 - 교차로안,승용,여,54세,중상,승용,남,54세,경상
2014112600100289,2014년 11월 26일 14시,수요일,부산광역시 서구 암남동,경상사고,0,0,2,1,차대차 - 측면직각충돌,안전거리미확보,건조,맑음,단일로 - 기타,승용,남,25세,상해없음,승용,남,36세,경상
2014112600100290,2014년 11월 26일 14시,수요일,부산광역시 해운대구 우동,경상사고,0,0,1,0,차대차 - 기타,안전거리미확보,건조,맑음,단일로 - 기타,승용,남,32세,상해없음,건설기계,남,43세,경상
2014112600100322,2014년 11월 26일 15시,수요일,부산광역시 서구 초장동,중상사고,0,1,0,0,차대차 - 측면직각충돌,안전운전불이행,건조,맑음,단일로 - 기타,화물,남,28세,상해없음,이륜,남,48세,중상
2014112600100323,2014년 11월 26일 15시,수요일,부산광역시 사하구 하단동,경상사고,0,0,1,0,차대사람 - 기타,안전운전불이행,건조,맑음,교차로 - 교차로안,승용,남,63세,상해없음,보행자,남,8세,경상
2014112600100350,2014년 11월 26일 16시,수요일,부산광역시 연제구 연산동,중상사고,0,1,0,0,차대차 - 기타,교차로운행방법위반,건조,맑음,교차로 - 교차로안,승용,남,57세,상해없음,자전거,남,14세,중상
2014112600100438,2014년 11월 26일 18시,수요일,부산광역시 부산진구 전포동,경상사고,0,0,1,0,차대차 - 기타,안전운전불이행,건조,맑음,미분류 - 미분류,승용,남,29세,경상,특수,남,43세,상해없음
2014112600100439,2014년 11월 26일 18시,수요일,부산광역시 사상구 학장동,중상사고,0,3,12,7,차대차 - 측면직각충돌,직진우회전진행방해,건조,맑음,교차로 - 교차로안,승용,남,55세,부상신고,승합,남,50세,경상
2014112600100440,2014년 11월 26일 18시,수요일,부산광역시 기장군 일광면,중상사고,0,1,0,0,차대차 - 측면직각충돌,안전운전불이행,건조,맑음,단일로 - 기타,승용,남,58세,상해없음,이륜,남,27세,중상
2014112600100496,2014년 11월 26일 19시,수요일,부산광역시 중구 보수동1가,중상사고,0,1,0,0,차량단독 - 기타,안전운전불이행,건조,맑음,단일로 - 기타,이륜,남,17세,상해없음,,,,
2014112600100497,2014년 11월 26일 19시,수요일,부산광역시 금정구 장전동,중상사고,0,1,0,0,차대사람 - 기타,안전운전불이행,건조,맑음,단일로 - 기타,승용,남,62세,상해없음,보행자,남,25세,중상
2014112600100498,2014년 11월 26일 19시,수요일,부산광역시 사하구 하단동,부상신고사고,0,0,0,1,차대차 - 측면직각충돌,교차로운행방법위반,건조,맑음,교차로 - 교차로부근,승합,남,51세,상해없음,승용,남,45세,부상신고
2014112600100621,2014년 11월 26일 22시,수요일,부산광역시 중구 영주동,중상사고,0,1,0,0,차량단독 - 기타,기타,건조,맑음,단일로 - 기타,이륜,남,31세,상해없음,,,,
2014112600100622,2014년 11월 26일 22시,수요일,부산광역시 해운대구 반여동,중상사고,0,1,2,0,차대차 - 추돌 - 주정차중,안전운전불이행,건조,맑음,교차로 - 교차로부근,승용,기타불명,기타불명,기타불명,이륜,남,18세,중상
2014112700100004,2014년 11월 27일 00시,목요일,부산광역시 연제구 거제동,경상사고,0,0,1,0,차대차 - 기타,안전운전불이행,건조,맑음,단일로 - 기타,승용,남,47세,상해없음,승용,남,49세,상해없음
2014112700100026,2014년 11월 27일 01시,목요일,부산광역시 동구 수정동,경상사고,0,0,1,0,차대차 - 추돌 - 진행중,안전운전불이행,건조,맑음,단일로 - 기타,승용,남,42세,기타불명,승용,남,28세,경상
2014112700100093,2014년 11월 27일 07시,목요일,부산광역시 강서구 봉림동,경상사고,0,0,1,0,차대차 - 기타,차로위반,건조,맑음,단일로 - 기타,화물,남,48세,상해없음,승용,남,30세,경상
2014112700100116,2014년 11월 27일 08시,목요일,부산광역시 서구 서대신동2가,경상사고,0,0,1,0,차대사람 - 기타,안전운전불이행,건조,맑음,단일로 - 기타,승용,남,24세,상해없음,보행자,여,28세,경상
2014112700100117,2014년 11월 27일 08시,목요일,부산광역시 남구 용호동,경상사고,0,0,1,0,차대사람 - 횡단중,보행자보호의무위반,건조,맑음,교차로 - 교차로부근,승용,여,65세,상해없음,보행자,남,12세,경상
2014112700100118,2014년 11월 27일 08시,목요일,부산광역시 북구 금곡동,경상사고,0,0,1,0,차대차 - 추돌 - 주정차중,안전거리미확보,건조,맑음,단일로 - 기타,화물,남,63세,상해없음,승용,여,31세,경상
2014112700100119,2014년 11월 27일 08시,목요일,부산광역시 동래구 명륜동,경상사고,0,0,1,0,차대사람 - 길가장자리구역통행중,안전운전불이행,건조,맑음,교차로 - 교차로부근,승용,남,40세,상해없음,보행자,남,32세,경상
2014112700100120,2014년 11월 27일 08시,목요일,부산광역시 연제구 연산동,경상사고,0,0,1,0,차대차 - 측면직각충돌,기타,건조,맑음,단일로 - 기타,승용,남,56세,상해없음,이륜,남,23세,경상
2014112700100121,2014년 11월 27일 08시,목요일,부산광역시 강서구 천성동,경상사고,0,0,1,0,차대차 - 기타,안전운전불이행,건조,맑음,단일로 - 교량,승용,남,50세,상해없음,화물,남,35세,경상
2014112700100190,2014년 11월 27일 10시,목요일,부산광역시 부산진구 양정동,중상사고,0,1,0,0,차대차 - 측면직각충돌,신호위반,건조,맑음,교차로 - 교차로안,승용,남,55세,상해없음,승용,남,61세,중상
2014112700100191,2014년 11월 27일 10시,목요일,부산광역시 연제구 거제동,중상사고,0,1,0,0,차대차 - 측면직각충돌,신호위반,건조,맑음,교차로 - 교차로안,화물,남,34세,상해없음,승용,남,54세,중상
2014112700100223,2014년 11월 27일 11시,목요일,부산광역시 사상구 삼락동,중상사고,0,1,0,0,차대차 - 측면직각충돌,안전거리미확보,건조,맑음,단일로 - 기타,승용,남,48세,상해없음,승용,여,35세,중상
2014112700100246,2014년 11월 27일 12시,목요일,부산광역시 부산진구 개금동,중상사고,0,1,0,0,차량단독 - 기타,안전운전불이행,건조,맑음,단일로 - 기타,승합,남,54세,상해없음,,,,
2014112700100273,2014년 11월 27일 13시,목요일,부산광역시 서구 서대신동3가,경상사고,0,0,1,0,차대차 - 추돌 - 주정차중,안전운전불이행,건조,맑음,단일로 - 기타,승합,남,63세,상해없음,승합,남,39세,상해없음
2014112700100337,2014년 11월 27일 15시,목요일,부산광역시 남구 용호동,중상사고,0,1,0,0,차대사람 - 기타,보행자보호의무위반,건조,맑음,단일로 - 횡단보도상,승용,여,35세,상해없음,보행자,여,60세,중상
2014112700100367,2014년 11월 27일 16시,목요일,부산광역시 연제구 연산동,경상사고,0,0,1,0,차대차 - 추돌 - 진행중,교차로운행방법위반,건조,맑음,교차로 - 교차로안,이륜,여,46세,경상,승용,남,77세,상해없음
2014112700100392,2014년 11월 27일 17시,목요일,부산광역시 해운대구 재송동,중상사고,0,1,0,0,차대차 - 정면충돌,중앙선침범,건조,맑음,교차로 - 교차로부근,이륜,남,37세,상해없음,이륜,남,18세,중상
2014112700100393,2014년 11월 27일 17시,목요일,부산광역시 부산진구 범천동,경상사고,0,0,2,0,차대차 - 기타,안전운전불이행,건조,맑음,단일로 - 기타,승합,남,52세,상해없음,승용,남,55세,경상
2014112700100444,2014년 11월 27일 18시,목요일,부산광역시 중구 영주동,경상사고,0,0,1,0,차대차 - 기타,안전운전불이행,건조,흐림,단일로 - 기타,화물,남,54세,기타불명,승용,남,47세,경상
2014112700100445,2014년 11월 27일 18시,목요일,부산광역시 해운대구 우동,중상사고,0,1,0,0,차대차 - 기타,안전운전불이행,건조,맑음,단일로 - 기타,승용,남,54세,상해없음,승용,여,46세,상해없음
2014112700100446,2014년 11월 27일 18시,목요일,부산광역시 부산진구 가야동,중상사고,0,1,0,0,차대사람 - 횡단중,안전운전불이행,건조,맑음,단일로 - 기타,화물,남,43세,상해없음,보행자,여,11세,중상
2014112700100502,2014년 11월 27일 19시,목요일,부산광역시 사하구 괴정동,중상사고,0,1,0,0,차대사람 - 기타,안전운전불이행,건조,맑음,교차로 - 교차로안,승용,남,37세,상해없음,보행자,남,66세,중상
2014112700100503,2014년 11월 27일 19시,목요일,부산광역시 기장군 장안읍,중상사고,0,3,1,0,차대차 - 기타,직진우회전진행방해,건조,맑음,교차로 - 교차로안,승용,남,57세,중상,승용,남,43세,중상
2014112700100529,2014년 11월 27일 20시,목요일,부산광역시 동래구 온천동,경상사고,0,0,1,0,차대사람 - 횡단중,안전운전불이행,건조,맑음,단일로 - 기타,승용,여,56세,상해없음,보행자,남,41세,경상
2014112700100530,2014년 11월 27일 20시,목요일,부산광역시 부산진구 부전동,경상사고,0,0,1,0,차대차 - 기타,신호위반,건조,맑음,교차로 - 교차로안,승용,남,33세,상해없음,이륜,남,21세,경상
2014112700100573,2014년 11월 27일 21시,목요일,부산광역시 북구 화명동,경상사고,0,0,2,0,차대차 - 추돌 - 주정차중,안전운전불이행,건조,맑음,교차로 - 교차로부근,승용,남,40세,상해없음,승용,남,31세,경상
2014112700100574,2014년 11월 27일 21시,목요일,부산광역시 부산진구 양정동,경상사고,0,0,2,1,차대차 - 기타,안전운전불이행,건조,맑음,단일로 - 기타,승용,남,34세,상해없음,승용,남,67세,상해없음
2014112700100600,2014년 11월 27일 22시,목요일,부산광역시 해운대구 재송동,경상사고,0,0,2,0,차대차 - 추돌 - 진행중,안전운전불이행,건조,기타,단일로 - 기타,승용,남,58세,기타불명,승용,여,44세,경상
2014112700100635,2014년 11월 27일 23시,목요일,부산광역시 수영구 민락동,중상사고,0,1,0,0,차대차 - 기타,중앙선침범,건조,맑음,단일로 - 기타,승용,남,39세,상해없음,원동기,남,28세,중상
2014112700100636,2014년 11월 27일 23시,목요일,부산광역시 사하구 신평동,경상사고,0,0,1,0,차대차 - 기타,기타,건조,맑음,단일로 - 기타,승용,남,53세,상해없음,이륜,남,39세,경상
2014112700100638,2014년 11월 27일 23시,목요일,부산광역시 사상구 모라동,부상신고사고,0,0,0,1,차대차 - 추돌 - 주정차중,안전운전불이행,건조,맑음,교차로 - 교차로부근,이륜,남,22세,부상신고,승용,남,49세,상해없음
2014112800100006,2014년 11월 28일 00시,금요일,부산광역시 북구 덕천동,중상사고,0,1,1,0,차대차 - 측면직각충돌,신호위반,건조,맑음,교차로 - 교차로안,승용,남,23세,상해없음,승용,남,34세,경상
2014112800100007,2014년 11월 28일 00시,금요일,부산광역시 연제구 연산동,중상사고,0,1,0,0,차대사람 - 횡단중,안전운전불이행,건조,맑음,단일로 - 횡단보도상,화물,남,56세,상해없음,보행자,남,71세,중상
2014112800100030,2014년 11월 28일 01시,금요일,부산광역시 부산진구 가야동,경상사고,0,0,1,0,차대차 - 측면직각충돌,신호위반,건조,맑음,교차로 - 교차로안,이륜,남,36세,상해없음,이륜,남,48세,경상
2014112800100031,2014년 11월 28일 01시,금요일,부산광역시 사상구 엄궁동,경상사고,0,0,1,1,차대차 - 기타,안전운전불이행,건조,맑음,기타 - 기타,이륜,남,19세,부상신고,승용,남,56세,상해없음
2014112800100058,2014년 11월 28일 03시,금요일,부산광역시 금정구 서동,경상사고,0,0,1,0,차대사람 - 길가장자리구역통행중,안전운전불이행,건조,맑음,단일로 - 기타,승용,남,30세,상해없음,보행자,남,54세,경상
2014112800100092,2014년 11월 28일 06시,금요일,부산광역시 수영구 광안동,사망사고,1,0,0,0,차대사람 - 횡단중,안전운전불이행,건조,맑음,단일로 - 기타,승용,남,54세,상해없음,보행자,여,82세,사망
2014112800100093,2014년 11월 28일 06시,금요일,부산광역시 영도구 청학동,경상사고,0,0,1,0,차대차 - 정면충돌,중앙선침범,건조,맑음,단일로 - 기타,승용,남,55세,상해없음,승용,남,53세,경상
2014112800100115,2014년 11월 28일 07시,금요일,부산광역시 부산진구 부전동,중상사고,0,1,0,0,차대사람 - 횡단중,안전운전불이행,건조,맑음,단일로 - 기타,승용,여,31세,상해없음,보행자,남,22세,중상
2014112800100116,2014년 11월 28일 07시,금요일,부산광역시 금정구 남산동,중상사고,0,1,0,0,차대차 - 측면직각충돌,신호위반,건조,맑음,단일로 - 기타,승용,남,36세,상해없음,승용,여,41세,중상
2014112800100145,2014년 11월 28일 08시,금요일,부산광역시 동래구 낙민동,중상사고,0,1,0,0,차대사람 - 횡단중,신호위반,건조,맑음,교차로 - 교차로부근,승합,남,45세,상해없음,보행자,남,55세,중상
2014112800100221,2014년 11월 28일 10시,금요일,부산광역시 사하구 장림동,경상사고,0,0,1,0,차대차 - 기타,안전운전불이행,건조,맑음,단일로 - 기타,승용,남,31세,상해없음,승용,여,50세,경상
2014112800100254,2014년 11월 28일 11시,금요일,부산광역시 해운대구 반송동,중상사고,0,1,0,0,차대차 - 측면직각충돌,직진우회전진행방해,건조,맑음,교차로 - 교차로안,승용,여,42세,상해없음,자전거,남,71세,중상
2014112800100289,2014년 11월 28일 12시,금요일,부산광역시 남구 용호동,경상사고,0,0,1,0,차대차 - 기타,신호위반,건조,맑음,교차로 - 교차로안,승용,남,66세,상해없음,원동기,남,34세,경상
2014112800100290,2014년 11월 28일 12시,금요일,부산광역시 연제구 거제동,중상사고,0,1,0,0,차대차 - 측면직각충돌,교차로운행방법위반,건조,맑음,교차로 - 교차로안,승용,여,39세,상해없음,이륜,남,55세,중상
2014112800100318,2014년 11월 28일 13시,금요일,부산광역시 중구 남포동2가,부상신고사고,0,0,0,1,차대차 - 기타,안전운전불이행,습기,비,단일로 - 기타,승용,남,68세,상해없음,원동기,남,26세,부상신고
2014112800100319,2014년 11월 28일 13시,금요일,부산광역시 북구 구포동,경상사고,0,0,2,0,차대차 - 측면직각충돌,안전운전불이행,건조,맑음,단일로 - 기타,승용,기타불명,기타불명,기타불명,승용,남,53세,경상
2014112800100349,2014년 11월 28일 14시,금요일,부산광역시 강서구 송정동,중상사고,0,1,0,0,차대차 - 기타,신호위반,습기,비,교차로 - 교차로안,건설기계,남,27세,상해없음,승용,남,43세,중상
2014112800100350,2014년 11월 28일 14시,금요일,부산광역시 사상구 괘법동,경상사고,0,0,2,0,차대차 - 추돌 - 진행중,안전거리미확보,건조,맑음,단일로 - 기타,승용,남,57세,상해없음,승용,여,32세,경상
2014112800100385,2014년 11월 28일 15시,금요일,부산광역시 영도구 청학동,경상사고,0,0,1,0,차대차 - 추돌 - 진행중,안전거리미확보,습기,비,교차로 - 교차로부근,승용,남,24세,상해없음,승용,남,33세,경상
2014112800100386,2014년 11월 28일 15시,금요일,부산광역시 금정구 구서동,경상사고,0,0,2,0,차대차 - 측면직각충돌,직진우회전진행방해,습기,비,교차로 - 교차로안,승용,여,42세,경상,승용,여,43세,경상
2014112800100415,2014년 11월 28일 16시,금요일,부산광역시 해운대구 우동,경상사고,0,0,2,0,차대차 - 기타,안전운전불이행,건조,맑음,단일로 - 기타,특수,남,50세,상해없음,승용,여,38세,경상
2014112800100459,2014년 11월 28일 17시,금요일,부산광역시 부산진구 가야동,부상신고사고,0,0,0,1,차대차 - 기타,차로위반,건조,맑음,교차로 - 교차로부근,이륜,남,36세,부상신고,화물,남,41세,상해없음
2014112800100513,2014년 11월 28일 18시,금요일,부산광역시 동구 초량동,경상사고,0,0,1,0,차대차 - 기타,안전운전불이행,건조,맑음,단일로 - 기타,승용,여,51세,상해없음,승용,남,28세,경상
2014112800100514,2014년 11월 28일 18시,금요일,부산광역시 수영구 민락동,중상사고,0,1,7,0,차대차 - 정면충돌,중앙선침범,건조,맑음,단일로 - 기타,승용,남,46세,상해없음,승용,여,64세,중상
2014112800100515,2014년 11월 28일 18시,금요일,부산광역시 북구 구포동,경상사고,0,0,1,0,차대차 - 추돌 - 주정차중,안전운전불이행,건조,맑음,단일로 - 기타,승합,남,54세,상해없음,승용,남,27세,경상
2014112800100516,2014년 11월 28일 18시,금요일,부산광역시 수영구 망미동,중상사고,0,1,0,0,차대차 - 추돌 - 진행중,교차로운행방법위반,건조,맑음,교차로 - 교차로안,승합,남,41세,상해없음,승용,여,44세,중상
2014112800100517,2014년 11월 28일 18시,금요일,부산광역시 사상구 학장동,부상신고사고,0,0,0,1,차대사람 - 차도통행중,안전운전불이행,건조,맑음,단일로 - 기타,승용,여,40세,상해없음,보행자,남,65세,부상신고