사고번호,사고일시,요일,시군구,사고내용,사망자수,중상자수,경상자수,부상신고자수,사고유형,법규위반,노면상태,기상상태,도로형태,가해운전자 차종,가해운전자 성별,가해운전자 연령,가해운전자 상해정도,피해운전자 차종,피해운전자 성별,피해운전자 연령,피해운전자 상해정도
2014112800100518,2014년 11월 28일 18시,금요일,부산광역시 사상구 주례동,경상사고,0,0,1,0,차대사람 - 기타,안전운전불이행,습기,흐림,기타 - 기타,승합,남,51세,상해없음,보행자,여,53세,경상
2014112800100653,2014년 11월 28일 20시,금요일,부산광역시 금정구 남산동,중상사고,0,1,0,0,차대사람 - 기타,안전운전불이행,습기,흐림,단일로 - 기타,승용,남,40세,상해없음,보행자,여,48세,중상
2014112800100654,2014년 11월 28일 20시,금요일,부산광역시 사하구 장림동,중상사고,0,1,0,0,차대사람 - 기타,안전운전불이행,습기,흐림,교차로 - 교차로안,승용,남,49세,상해없음,보행자,남,46세,중상
2014112800100706,2014년 11월 28일 21시,금요일,부산광역시 사하구 괴정동,중상사고,0,1,0,0,차대사람 - 기타,안전운전불이행,건조,맑음,교차로 - 교차로안,승용,남,34세,상해없음,보행자,여,66세,중상
2014112900100005,2014년 11월 29일 00시,토요일,부산광역시 기장군 장안읍,중상사고,0,1,0,0,차대차 - 추돌 - 진행중,안전운전불이행,건조,맑음,단일로 - 기타,승용,남,43세,상해없음,승용,여,32세,중상
2014112900100028,2014년 11월 29일 01시,토요일,부산광역시 북구 구포동,경상사고,0,0,2,0,차대차 - 측면직각충돌,안전거리미확보,건조,맑음,단일로 - 기타,승용,남,57세,상해없음,화물,남,37세,경상
2014112900100100,2014년 11월 29일 05시,토요일,부산광역시 동래구 사직동,경상사고,0,0,1,0,차대차 - 기타,교차로운행방법위반,건조,맑음,교차로 - 교차로안,승합,남,39세,기타불명,승용,남,56세,기타불명
2014112900100101,2014년 11월 29일 05시,토요일,부산광역시 사하구 구평동,중상사고,0,1,0,0,차대차 - 정면충돌,안전운전불이행,습기,흐림,단일로 - 기타,화물,남,56세,상해없음,자전거,남,68세,중상
2014112900100102,2014년 11월 29일 05시,토요일,부산광역시 사상구 엄궁동,중상사고,0,2,2,0,차대차 - 추돌 - 주정차중,안전운전불이행,건조,맑음,단일로 - 기타,화물,남,44세,상해없음,승용,남,46세,중상
2014112900100127,2014년 11월 29일 07시,토요일,부산광역시 연제구 거제동,중상사고,0,1,0,0,차대사람 - 횡단중,안전운전불이행,건조,맑음,단일로 - 횡단보도상,화물,남,26세,상해없음,보행자,여,62세,중상
2014112900100145,2014년 11월 29일 08시,토요일,부산광역시 부산진구 양정동,중상사고,0,1,0,0,차대차 - 측면직각충돌,안전거리미확보,건조,맑음,단일로 - 기타,건설기계,남,54세,상해없음,원동기,남,38세,중상
2014112900100165,2014년 11월 29일 09시,토요일,부산광역시 강서구 구랑동,경상사고,0,0,1,0,차대차 - 추돌 - 진행중,안전운전불이행,건조,맑음,기타 - 기타,화물,남,61세,상해없음,승용,여,33세,경상
2014112900100166,2014년 11월 29일 09시,토요일,부산광역시 사상구 덕포동,경상사고,0,0,1,0,차대차 - 추돌 - 주정차중,안전거리미확보,건조,맑음,단일로 - 기타,승용,여,47세,상해없음,승용,남,54세,경상
2014112900100187,2014년 11월 29일 10시,토요일,부산광역시 동래구 온천동,중상사고,0,1,0,0,차대차 - 측면직각충돌,안전거리미확보,건조,맑음,교차로 - 교차로부근,승용,남,54세,상해없음,승합,남,39세,기타불명
2014112900100224,2014년 11월 29일 11시,토요일,부산광역시 서구 동대신동2가,중상사고,0,1,0,0,차대사람 - 횡단중,보행자보호의무위반,건조,맑음,교차로 - 교차로부근,승용,여,43세,상해없음,보행자,남,62세,중상
2014112900100259,2014년 11월 29일 12시,토요일,부산광역시 남구 용호동,경상사고,0,0,1,0,차대차 - 추돌 - 주정차중,안전운전불이행,건조,맑음,교차로 - 교차로부근,이륜,남,49세,상해없음,승용,남,31세,경상
2014112900100260,2014년 11월 29일 12시,토요일,부산광역시 사상구 모라동,경상사고,0,0,2,0,차대차 - 측면직각충돌,신호위반,건조,맑음,단일로 - 기타,승합,남,47세,상해없음,승용,남,38세,경상
2014112900100288,2014년 11월 29일 13시,토요일,부산광역시 금정구 부곡동,경상사고,0,0,1,0,차대사람 - 기타,안전운전불이행,건조,맑음,단일로 - 기타,승용,남,19세,상해없음,보행자,남,51세,경상
2014112900100289,2014년 11월 29일 13시,토요일,부산광역시 사상구 모라동,중상사고,0,1,0,0,차대차 - 측면직각충돌,중앙선침범,건조,맑음,단일로 - 기타,승용,남,40세,상해없음,이륜,남,18세,중상
2014112900100290,2014년 11월 29일 13시,토요일,부산광역시 기장군 기장읍,경상사고,0,0,1,0,차대사람 - 횡단중,중앙선침범,건조,맑음,단일로 - 기타,승용,여,33세,상해없음,보행자,여,62세,경상
2014112900100331,2014년 11월 29일 14시,토요일,부산광역시 동래구 온천동,중상사고,0,1,0,0,차대사람 - 횡단중,보행자보호의무위반,건조,맑음,단일로 - 횡단보도상,승용,여,43세,상해없음,보행자,여,21세,중상
2014112900100332,2014년 11월 29일 14시,토요일,부산광역시 동래구 복천동,중상사고,0,1,0,0,차대사람 - 보도통행중,기타,건조,맑음,교차로 - 교차로부근,화물,남,35세,상해없음,보행자,여,82세,중상
2014112900100333,2014년 11월 29일 14시,토요일,부산광역시 부산진구 개금동,경상사고,0,0,1,0,차대차 - 기타,안전거리미확보,건조,맑음,교차로 - 교차로부근,승용,남,47세,상해없음,이륜,남,28세,경상
2014112900100334,2014년 11월 29일 14시,토요일,부산광역시 사하구 감천동,경상사고,0,0,1,0,차대차 - 기타,안전운전불이행,건조,맑음,단일로 - 기타,승용,여,39세,상해없음,이륜,남,42세,경상
2014112900100372,2014년 11월 29일 15시,토요일,부산광역시 중구 광복동1가,경상사고,0,0,1,0,차대차 - 기타,기타,건조,흐림,단일로 - 기타,승용,남,68세,상해없음,이륜,남,54세,경상
2014112900100373,2014년 11월 29일 15시,토요일,부산광역시 기장군 장안읍,경상사고,0,0,4,0,차대차 - 측면직각충돌,안전운전불이행,건조,맑음,단일로 - 기타,승용,남,30세,상해없음,승용,여,36세,경상
2014112900100423,2014년 11월 29일 16시,토요일,부산광역시 서구 암남동,중상사고,0,1,0,0,차량단독 - 기타,기타,건조,맑음,단일로 - 기타,승합,남,51세,상해없음,,,,
2014112900100424,2014년 11월 29일 16시,토요일,부산광역시 수영구 광안동,중상사고,0,1,0,0,차대사람 - 기타,안전운전불이행,습기,비,단일로 - 기타,승용,여,29세,상해없음,보행자,여,45세,중상
2014112900100425,2014년 11월 29일 16시,토요일,부산광역시 연제구 거제동,중상사고,0,1,0,0,차대차 - 측면직각충돌,신호위반,건조,맑음,단일로 - 횡단보도상,승용,남,56세,상해없음,원동기,남,53세,중상
2014112900100426,2014년 11월 29일 16시,토요일,부산광역시 연제구 거제동,중상사고,0,1,0,0,차대사람 - 횡단중,안전운전불이행,건조,맑음,단일로 - 기타,승용,남,61세,상해없음,보행자,남,8세,중상
2014112900100427,2014년 11월 29일 16시,토요일,부산광역시 기장군 정관면,중상사고,0,1,0,0,차대사람 - 횡단중,안전거리미확보,건조,맑음,단일로 - 기타,승용,남,33세,상해없음,보행자,남,5세,중상
2014112900100462,2014년 11월 29일 17시,토요일,부산광역시 부산진구 가야동,중상사고,0,1,0,0,차대차 - 측면직각충돌,신호위반,건조,맑음,교차로 - 교차로안,승용,남,20세,상해없음,원동기,남,35세,중상
2014112900100463,2014년 11월 29일 17시,토요일,부산광역시 금정구 구서동,경상사고,0,0,1,0,차대차 - 기타,안전거리미확보,건조,맑음,단일로 - 기타,승용,남,76세,상해없음,승용,여,41세,경상
2014112900100513,2014년 11월 29일 18시,토요일,부산광역시 동구 수정동,중상사고,0,1,0,0,차대차 - 측면직각충돌,교차로운행방법위반,건조,맑음,교차로 - 교차로안,승용,여,49세,상해없음,자전거,남,79세,중상
2014112900100514,2014년 11월 29일 18시,토요일,부산광역시 동래구 온천동,중상사고,0,1,0,0,차대사람 - 횡단중,안전운전불이행,건조,맑음,교차로 - 교차로부근,승용,남,52세,상해없음,보행자,여,61세,중상
2014112900100562,2014년 11월 29일 19시,토요일,부산광역시 동구 초량동,중상사고,0,1,0,0,차대사람 - 횡단중,안전운전불이행,건조,맑음,단일로 - 횡단보도상,승용,남,64세,상해없음,보행자,여,56세,중상
2014112900100590,2014년 11월 29일 20시,토요일,부산광역시 중구 부평동1가,경상사고,0,0,1,0,차대사람 - 차도통행중,안전운전불이행,건조,맑음,단일로 - 기타,승용,남,38세,상해없음,보행자,남,45세,경상
2014112900100591,2014년 11월 29일 20시,토요일,부산광역시 수영구 남천동,경상사고,0,0,1,0,차대차 - 추돌 - 진행중,안전운전불이행,건조,맑음,단일로 - 기타,승용,남,44세,상해없음,승용,남,50세,경상
2014112900100592,2014년 11월 29일 20시,토요일,부산광역시 사하구 신평동,경상사고,0,0,1,0,차대사람 - 기타,교차로운행방법위반,건조,맑음,교차로 - 교차로안,승용,남,53세,상해없음,보행자,남,55세,경상
2014112900100630,2014년 11월 29일 21시,토요일,부산광역시 동구 초량동,중상사고,0,1,0,0,차대사람 - 기타,안전운전불이행,건조,맑음,단일로 - 기타,승용,남,66세,상해없음,보행자,남,72세,중상
2014112900100631,2014년 11월 29일 21시,토요일,부산광역시 북구 덕천동,중상사고,0,1,0,0,차대차 - 측면직각충돌,신호위반,건조,맑음,교차로 - 교차로부근,승용,남,57세,상해없음,이륜,남,31세,중상
2014112900100632,2014년 11월 29일 21시,토요일,부산광역시 북구 구포동,중상사고,0,1,0,0,차대사람 - 횡단중,신호위반,건조,맑음,교차로 - 교차로안,원동기,남,16세,상해없음,보행자,여,52세,중상
2014112900100658,2014년 11월 29일 22시,토요일,부산광역시 서구 토성동5가,경상사고,0,0,1,0,차대차 - 정면충돌,신호위반,건조,맑음,교차로 - 교차로안,승용,여,30세,상해없음,승용,남,45세,경상
2014112900100659,2014년 11월 29일 22시,토요일,부산광역시 수영구 남천동,중상사고,0,1,0,0,차대차 - 기타,기타,건조,맑음,단일로 - 기타,승용,남,57세,상해없음,이륜,남,56세,중상
2014112900100660,2014년 11월 29일 22시,토요일,부산광역시 해운대구 반송동,중상사고,0,1,1,0,차대차 - 추돌 - 진행중,안전거리미확보,건조,맑음,단일로 - 기타,승용,남,59세,상해없음,승용,여,63세,중상
2014112900100692,2014년 11월 29일 23시,토요일,부산광역시 동래구 수안동,부상신고사고,0,0,0,1,차대사람 - 횡단중,안전운전불이행,건조,맑음,교차로 - 교차로부근,승용,남,39세,상해없음,보행자,남,38세,부상신고
2014113000100006,2014년 11월 30일 00시,일요일,부산광역시 중구 남포동1가,중상사고,0,1,0,0,차대사람 - 횡단중,안전운전불이행,건조,맑음,단일로 - 기타,승용,남,50세,상해없음,보행자,남,36세,중상
2014113000100007,2014년 11월 30일 00시,일요일,부산광역시 금정구 부곡동,경상사고,0,0,3,0,차대차 - 측면직각충돌,안전운전불이행,건조,맑음,교차로 - 교차로안,승합,남,46세,상해없음,승용,남,61세,경상
2014113000100008,2014년 11월 30일 00시,일요일,부산광역시 사하구 신평동,중상사고,0,3,1,0,차대차 - 추돌 - 진행중,안전운전불이행,건조,맑음,단일로 - 교량,승용,남,36세,중상,승용,여,51세,중상
2014113000100009,2014년 11월 30일 00시,일요일,부산광역시 사하구 장림동,중상사고,0,1,1,0,차대차 - 기타,안전운전불이행,건조,맑음,단일로 - 기타,승용,남,22세,중상,승용,남,56세,경상
2014113000100048,2014년 11월 30일 02시,일요일,부산광역시 남구 대연동,사망사고,1,0,0,0,차대차 - 추돌 - 진행중,안전거리미확보,건조,맑음,단일로 - 터널,이륜,남,22세,사망,건설기계,남,59세,상해없음
2014113000100049,2014년 11월 30일 02시,일요일,부산광역시 기장군 정관면,경상사고,0,0,1,0,차대차 - 측면직각충돌,중앙선침범,건조,맑음,단일로 - 기타,승용,여,55세,상해없음,승용,남,35세,경상
2014113000100060,2014년 11월 30일 03시,일요일,부산광역시 사하구 하단동,경상사고,0,0,1,0,차대차 - 기타,안전거리미확보,건조,맑음,교차로 - 교차로안,승용,남,29세,상해없음,이륜,남,19세,경상
2014113000100080,2014년 11월 30일 05시,일요일,부산광역시 부산진구 범천동,경상사고,0,0,3,0,차대차 - 추돌 - 진행중,차로위반,건조,맑음,교차로 - 교차로부근,이륜,남,33세,상해없음,승용,남,55세,경상
2014113000100099,2014년 11월 30일 06시,일요일,부산광역시 북구 구포동,경상사고,0,0,2,0,차대차 - 측면직각충돌,신호위반,건조,맑음,교차로 - 교차로안,승용,남,56세,상해없음,승용,남,58세,경상
2014113000100100,2014년 11월 30일 06시,일요일,부산광역시 북구 구포동,경상사고,0,0,1,0,차대차 - 기타,차로위반,건조,맑음,교차로 - 교차로부근,기타불명,기타불명,기타불명,기타불명,이륜,남,40세,경상
2014113000100122,2014년 11월 30일 08시,일요일,부산광역시 동래구 온천동,중상사고,0,1,0,0,차대차 - 측면직각충돌,안전운전불이행,습기,비,단일로 - 기타,승용,여,53세,상해없음,화물,남,48세,중상
2014113000100123,2014년 11월 30일 08시,일요일,부산광역시 부산진구 가야동,중상사고,0,1,0,0,차대차 - 기타,교차로운행방법위반,습기,비,단일로 - 기타,승용,남,52세,상해없음,승용,남,51세,상해없음
2014113000100137,2014년 11월 30일 09시,일요일,부산광역시 북구 화명동,경상사고,0,0,1,0,차대차 - 측면직각충돌,신호위반,습기,비,교차로 - 교차로안,승용,여,57세,상해없음,원동기,남,27세,경상
2014113000100138,2014년 11월 30일 09시,일요일,부산광역시 해운대구 중동,중상사고,0,1,0,0,차대사람 - 기타,안전운전불이행,습기,흐림,단일로 - 기타,화물,남,51세,상해없음,보행자,여,55세,중상
2014113000100139,2014년 11월 30일 09시,일요일,부산광역시 금정구 서동,경상사고,0,0,2,0,차대차 - 측면직각충돌,교차로운행방법위반,습기,비,교차로 - 교차로안,화물,남,69세,상해없음,승용,남,30세,경상
2014113000100140,2014년 11월 30일 09시,일요일,부산광역시 사하구 하단동,경상사고,0,0,1,0,차대사람 - 횡단중,안전운전불이행,습기,비,단일로 - 횡단보도부근,승용,남,56세,상해없음,보행자,남,64세,경상
2014113000100162,2014년 11월 30일 10시,일요일,부산광역시 해운대구 우동,중상사고,0,1,1,0,차대차 - 기타,중앙선침범,습기,비,단일로 - 기타,승용,여,50세,상해없음,승용,남,59세,경상
2014113000100163,2014년 11월 30일 10시,일요일,부산광역시 연제구 연산동,중상사고,0,2,0,0,차대차 - 기타,중앙선침범,습기,비,교차로 - 교차로부근,화물,남,61세,상해없음,승용,여,31세,중상
2014113000100186,2014년 11월 30일 11시,일요일,부산광역시 남구 용호동,경상사고,0,0,1,0,차대차 - 기타,안전거리미확보,습기,비,교차로 - 교차로부근,승합,남,50세,상해없음,승용,남,48세,경상
2014113000100187,2014년 11월 30일 11시,일요일,부산광역시 기장군 정관면,경상사고,0,0,1,0,차대차 - 기타,안전운전불이행,습기,비,단일로 - 기타,승용,기타불명,기타불명,기타불명,원동기,남,31세,경상
2014113000100288,2014년 11월 30일 15시,일요일,부산광역시 동래구 온천동,중상사고,0,2,0,0,차대차 - 측면직각충돌,신호위반,건조,맑음,교차로 - 교차로안,승용,여,33세,상해없음,승용,남,71세,중상
2014113000100289,2014년 11월 30일 15시,일요일,부산광역시 부산진구 부전동,경상사고,0,0,1,0,차대사람 - 기타,안전운전불이행,건조,맑음,단일로 - 기타,승용,기타불명,기타불명,기타불명,보행자,여,29세,경상
2014113000100290,2014년 11월 30일 15시,일요일,부산광역시 사하구 구평동,중상사고,0,2,2,0,차대차 - 측면직각충돌,신호위반,건조,맑음,교차로 - 교차로안,승용,남,46세,상해없음,승용,남,56세,경상
2014113000100331,2014년 11월 30일 17시,일요일,부산광역시 동래구 사직동,경상사고,0,0,1,1,차대차 - 측면직각충돌,신호위반,건조,맑음,교차로 - 교차로안,승용,남,51세,상해없음,승용,남,57세,부상신고
2014113000100332,2014년 11월 30일 17시,일요일,부산광역시 사하구 구평동,경상사고,0,0,1,0,차대차 - 정면충돌,신호위반,건조,맑음,교차로 - 교차로안,승용,남,73세,상해없음,승용,남,54세,상해없음
2014113000100368,2014년 11월 30일 18시,일요일,부산광역시 북구 화명동,경상사고,0,0,1,0,차대차 - 추돌 - 진행중,안전운전불이행,건조,맑음,단일로 - 기타,승용,여,34세,상해없음,승용,여,54세,경상
2014113000100476,2014년 11월 30일 20시,일요일,부산광역시 해운대구 우동,경상사고,0,0,2,0,차대사람 - 횡단중,보행자보호의무위반,습기,맑음,단일로 - 횡단보도상,기타불명,기타불명,기타불명,기타불명,보행자,남,36세,경상
2014113000100507,2014년 11월 30일 21시,일요일,부산광역시 해운대구 우동,경상사고,0,0,1,0,차대사람 - 기타,안전운전불이행,습기,흐림,단일로 - 기타,승용,여,46세,상해없음,보행자,여,22세,경상
2014113000100508,2014년 11월 30일 21시,일요일,부산광역시 부산진구 개금동,중상사고,0,1,1,0,차대차 - 정면충돌,신호위반,건조,맑음,교차로 - 교차로안,이륜,남,25세,중상,승용,남,21세,상해없음
2014113000100509,2014년 11월 30일 21시,일요일,부산광역시 부산진구 당감동,중상사고,0,1,0,0,차대사람 - 기타,안전운전불이행,습기,비,단일로 - 기타,승합,남,53세,상해없음,보행자,여,58세,중상
2014113000100532,2014년 11월 30일 22시,일요일,부산광역시 부산진구 개금동,경상사고,0,0,1,0,차대차 - 추돌 - 진행중,안전거리미확보,습기,비,미분류 - 미분류,화물,남,28세,상해없음,승용,남,26세,경상
2014113000100533,2014년 11월 30일 22시,일요일,부산광역시 금정구 부곡동,중상사고,0,1,0,0,차대차 - 측면직각충돌,안전운전불이행,습기,비,교차로 - 교차로안,승용,남,22세,상해없음,원동기,남,25세,중상
2014120100100003,2014년 12월 1일 00시,월요일,부산광역시 부산진구 초읍동,중상사고,0,2,0,0,차대차 - 측면직각충돌,안전운전불이행,습기,흐림,교차로 - 교차로안,승용,남,58세,상해없음,이륜,남,16세,중상
2014120100100021,2014년 12월 1일 02시,월요일,부산광역시 부산진구 가야동,경상사고,0,0,1,0,차대차 - 측면직각충돌,신호위반,습기,맑음,교차로 - 교차로안,승용,남,30세,상해없음,승용,남,35세,경상
2014120100100022,2014년 12월 1일 02시,월요일,부산광역시 금정구 구서동,경상사고,0,0,1,0,차대사람 - 기타,안전운전불이행,건조,맑음,단일로 - 기타,기타불명,기타불명,기타불명,기타불명,보행자,남,25세,경상
2014120100100047,2014년 12월 1일 05시,월요일,부산광역시 해운대구 우동,중상사고,0,1,0,0,차대차 - 측면직각충돌,신호위반,건조,맑음,단일로 - 횡단보도상,승용,여,41세,상해없음,자전거,남,69세,중상
2014120100100075,2014년 12월 1일 07시,월요일,부산광역시 기장군 기장읍,경상사고,0,0,1,0,차대차 - 추돌 - 주정차중,안전운전불이행,건조,맑음,교차로 - 교차로부근,화물,남,48세,상해없음,건설기계,남,42세,경상
2014120100100091,2014년 12월 1일 08시,월요일,부산광역시 서구 서대신동1가,경상사고,0,0,1,0,차대차 - 추돌 - 진행중,안전운전불이행,건조,맑음,단일로 - 터널,승용,남,42세,상해없음,승용,여,25세,경상
2014120100100092,2014년 12월 1일 08시,월요일,부산광역시 동래구 안락동,경상사고,0,0,1,0,차대사람 - 횡단중,신호위반,건조,맑음,교차로 - 교차로부근,승용,여,43세,상해없음,보행자,남,79세,경상
2014120100100127,2014년 12월 1일 09시,월요일,부산광역시 중구 중앙동2가,중상사고,0,1,0,0,차대차 - 추돌 - 진행중,안전운전불이행,건조,맑음,단일로 - 기타,이륜,남,48세,중상,승합,남,28세,상해없음
2014120100100128,2014년 12월 1일 09시,월요일,부산광역시 동구 수정동,경상사고,0,0,1,0,차대사람 - 기타,안전운전불이행,건조,맑음,단일로 - 기타,원동기,기타불명,기타불명,기타불명,보행자,여,16세,경상
2014120100100129,2014년 12월 1일 09시,월요일,부산광역시 사상구 괘법동,경상사고,0,0,1,1,차대차 - 측면직각충돌,안전거리미확보,건조,맑음,교차로 - 교차로부근,화물,남,51세,부상신고,승용,남,47세,경상
2014120100100190,2014년 12월 1일 11시,월요일,부산광역시 남구 감만동,경상사고,0,0,1,0,차대사람 - 기타,보행자보호의무위반,건조,맑음,단일로 - 기타,승용,여,22세,상해없음,보행자,남,65세,경상
2014120100100219,2014년 12월 1일 12시,월요일,부산광역시 해운대구 좌동,중상사고,0,1,0,0,차대사람 - 기타,안전운전불이행,건조,맑음,교차로 - 교차로안,승용,여,53세,상해없음,보행자,남,42세,중상
2014120100100220,2014년 12월 1일 12시,월요일,부산광역시 사상구 삼락동,사망사고,1,0,0,0,차대차 - 추돌 - 주정차중,안전운전불이행,건조,흐림,단일로 - 기타,이륜,남,67세,사망,화물,남,38세,기타불명
2014120100100221,2014년 12월 1일 12시,월요일,부산광역시 사상구 주례동,경상사고,0,0,1,0,차대사람 - 길가장자리구역통행중,안전운전불이행,건조,맑음,단일로 - 기타,승용,여,40세,기타불명,보행자,남,17세,경상
2014120100100222,2014년 12월 1일 12시,월요일,부산광역시 사상구 주례동,중상사고,0,1,0,1,차대차 - 기타,안전운전불이행,건조,맑음,교차로 - 교차로부근,이륜,남,21세,부상신고,승용,남,49세,상해없음
2014120100100259,2014년 12월 1일 13시,월요일,부산광역시 사상구 모라동,중상사고,0,1,0,0,차대사람 - 횡단중,안전운전불이행,건조,맑음,단일로 - 기타,승용,여,55세,상해없음,보행자,여,73세,중상
2014120100100318,2014년 12월 1일 15시,월요일,부산광역시 동구 좌천동,중상사고,0,1,0,0,차대차 - 정면충돌,신호위반,건조,맑음,교차로 - 교차로안,승용,남,50세,상해없음,원동기,남,30세,중상
2014120100100319,2014년 12월 1일 15시,월요일,부산광역시 동구 수정동,중상사고,0,1,0,0,차대사람 - 기타,안전운전불이행,건조,맑음,단일로 - 기타,승용,남,54세,상해없음,보행자,남,72세,중상
2014120100100320,2014년 12월 1일 15시,월요일,부산광역시 사상구 감전동,중상사고,0,1,0,0,차대사람 - 보도통행중,보행자보호의무위반,건조,맑음,교차로 - 교차로부근,승용,남,65세,상해없음,보행자,여,30세,중상
2014120100100395,2014년 12월 1일 17시,월요일,부산광역시 부산진구 가야동,경상사고,0,0,1,0,차대차 - 기타,교차로운행방법위반,건조,맑음,교차로 - 교차로안,승용,남,65세,상해없음,이륜,남,25세,경상
2014120100100396,2014년 12월 1일 17시,월요일,부산광역시 금정구 장전동,경상사고,0,0,1,0,차대차 - 기타,안전운전불이행,건조,맑음,단일로 - 기타,화물,남,43세,기타불명,원동기,남,22세,경상
2014120100100397,2014년 12월 1일 17시,월요일,부산광역시 금정구 금사동,경상사고,0,0,1,0,차대사람 - 길가장자리구역통행중,안전운전불이행,건조,맑음,교차로 - 교차로안,승용,남,54세,상해없음,보행자,여,20세,경상
2014120100100398,2014년 12월 1일 17시,월요일,부산광역시 사상구 엄궁동,경상사고,0,0,1,0,차대사람 - 보도통행중,기타,건조,맑음,단일로 - 기타,승용,남,25세,상해없음,보행자,여,39세,경상
2014120100100399,2014년 12월 1일 17시,월요일,부산광역시 기장군 기장읍,중상사고,0,1,0,0,차대사람 - 횡단중,보행자보호의무위반,건조,맑음,교차로 - 교차로안,승용,남,50세,상해없음,보행자,남,9세,중상
2014120100100447,2014년 12월 1일 18시,월요일,부산광역시 수영구 남천동,경상사고,0,0,1,0,차대차 - 기타,기타,건조,맑음,단일로 - 기타,승용,남,47세,상해없음,이륜,남,32세,경상
2014120100100448,2014년 12월 1일 18시,월요일,부산광역시 수영구 광안동,경상사고,0,0,1,0,차대차 - 추돌 - 진행중,안전운전불이행,건조,맑음,단일로 - 기타,승용,남,57세,상해없음,이륜,남,26세,경상
2014120100100449,2014년 12월 1일 18시,월요일,부산광역시 동래구 명장동,경상사고,0,0,1,0,차대차 - 기타,기타,건조,맑음,단일로 - 기타,승용,남,48세,상해없음,원동기,남,58세,경상
2014120100100508,2014년 12월 1일 19시,월요일,부산광역시 남구 대연동,중상사고,0,1,0,0,차대차 - 기타,교차로운행방법위반,건조,맑음,교차로 - 교차로안,이륜,남,51세,중상,승용,여,39세,상해없음
2014120100100509,2014년 12월 1일 19시,월요일,부산광역시 기장군 기장읍,경상사고,0,0,1,0,차대사람 - 횡단중,안전운전불이행,건조,맑음,교차로 - 교차로부근,승용,여,44세,상해없음,보행자,남,19세,경상
2014120100100547,2014년 12월 1일 20시,월요일,부산광역시 연제구 연산동,중상사고,0,1,0,0,차대사람 - 기타,안전운전불이행,건조,맑음,단일로 - 기타,원동기,기타불명,기타불명,기타불명,보행자,남,42세,중상
2014120100100575,2014년 12월 1일 21시,월요일,부산광역시 동구 범일동,부상신고사고,0,0,0,1,차량단독 - 기타,안전운전불이행,건조,맑음,단일로 - 기타,원동기,남,61세,부상신고,,,,
2014120100100576,2014년 12월 1일 21시,월요일,부산광역시 사하구 다대동,경상사고,0,0,1,0,차대차 - 측면직각충돌,신호위반,건조,맑음,교차로 - 교차로안,승용,여,53세,상해없음,이륜,남,24세,경상
2014120100100608,2014년 12월 1일 22시,월요일,부산광역시 해운대구 우동,경상사고,0,0,1,0,차대사람 - 기타,안전운전불이행,건조,맑음,단일로 - 기타,승용,여,39세,상해없음,보행자,남,18세,경상
2014120100100609,2014년 12월 1일 22시,월요일,부산광역시 연제구 거제동,경상사고,0,0,3,0,차대차 - 기타,안전운전불이행,건조,맑음,단일로 - 기타,승용,남,49세,상해없음,승용,남,31세,경상
2014120200100099,2014년 12월 2일 08시,화요일,부산광역시 영도구 동삼동,경상사고,0,0,1,0,차대사람 - 기타,보행자보호의무위반,건조,맑음,단일로 - 횡단보도상,승용,남,66세,상해없음,보행자,여,18세,경상
2014120200100100,2014년 12월 2일 08시,화요일,부산광역시 금정구 부곡동,경상사고,0,0,1,0,차대차 - 추돌 - 주정차중,안전거리미확보,건조,맑음,단일로 - 기타,화물,남,46세,상해없음,승용,여,44세,경상
2014120200100138,2014년 12월 2일 09시,화요일,부산광역시 영도구 봉래동1가,경상사고,0,0,1,0,차대차 - 기타,안전운전불이행,건조,맑음,단일로 - 기타,화물,남,34세,상해없음,이륜,남,31세,경상
2014120200100159,2014년 12월 2일 10시,화요일,부산광역시 수영구 망미동,경상사고,0,0,1,0,차대차 - 기타,안전거리미확보,건조,맑음,단일로 - 기타,승용,여,60세,상해없음,승합,남,47세,상해없음
2014120200100189,2014년 12월 2일 11시,화요일,부산광역시 금정구 구서동,경상사고,0,0,2,1,차대차 - 추돌 - 진행중,안전거리미확보,건조,맑음,단일로 - 기타,화물,남,37세,상해없음,승합,남,45세,상해없음
2014120200100207,2014년 12월 2일 12시,화요일,부산광역시 금정구 구서동,부상신고사고,0,0,0,1,차대사람 - 횡단중,신호위반,건조,맑음,단일로 - 기타,승용,여,49세,상해없음,보행자,여,78세,부상신고
2014120200100262,2014년 12월 2일 14시,화요일,부산광역시 연제구 연산동,경상사고,0,0,1,0,차대사람 - 기타,안전운전불이행,건조,맑음,단일로 - 기타,승용,남,50세,상해없음,보행자,남,8세,경상
2014120200100297,2014년 12월 2일 15시,화요일,부산광역시 남구 용호동,경상사고,0,0,1,0,차대차 - 측면직각충돌,신호위반,건조,맑음,교차로 - 교차로안,승용,여,46세,상해없음,승용,남,55세,경상
2014120200100298,2014년 12월 2일 15시,화요일,부산광역시 해운대구 반여동,경상사고,0,0,1,0,차대차 - 측면직각충돌,안전운전불이행,건조,맑음,교차로 - 교차로부근,승용,여,42세,경상,승용,남,64세,상해없음