사고번호,사고일시,요일,시군구,사고내용,사망자수,중상자수,경상자수,부상신고자수,사고유형,법규위반,노면상태,기상상태,도로형태,가해운전자 차종,가해운전자 성별,가해운전자 연령,가해운전자 상해정도,피해운전자 차종,피해운전자 성별,피해운전자 연령,피해운전자 상해정도
2014120200100299,2014년 12월 2일 15시,화요일,부산광역시 부산진구 범천동,경상사고,0,0,1,0,차대차 - 추돌 - 진행중,안전거리미확보,건조,맑음,미분류 - 미분류,특수,남,46세,상해없음,화물,남,49세,경상
2014120200100300,2014년 12월 2일 15시,화요일,부산광역시 사하구 다대동,중상사고,0,1,0,0,차대차 - 기타,안전운전불이행,건조,맑음,단일로 - 기타,이륜,남,22세,상해없음,자전거,여,12세,중상
2014120200100337,2014년 12월 2일 16시,화요일,부산광역시 수영구 민락동,경상사고,0,0,1,0,차대차 - 기타,안전운전불이행,건조,맑음,단일로 - 기타,화물,남,56세,상해없음,승용,남,62세,경상
2014120200100338,2014년 12월 2일 16시,화요일,부산광역시 부산진구 부전동,중상사고,0,1,0,0,차대사람 - 길가장자리구역통행중,신호위반,건조,맑음,단일로 - 기타,승용,여,50세,상해없음,보행자,남,70세,중상
2014120200100339,2014년 12월 2일 16시,화요일,부산광역시 기장군 기장읍,경상사고,0,0,1,0,차대사람 - 길가장자리구역통행중,안전운전불이행,건조,맑음,단일로 - 기타,승용,여,60세,상해없음,보행자,남,47세,경상
2014120200100372,2014년 12월 2일 17시,화요일,부산광역시 남구 용호동,경상사고,0,0,1,0,차대차 - 측면직각충돌,안전운전불이행,건조,맑음,단일로 - 기타,승용,남,66세,상해없음,이륜,남,16세,경상
2014120200100373,2014년 12월 2일 17시,화요일,부산광역시 부산진구 당감동,경상사고,0,0,2,0,차대차 - 추돌 - 진행중,안전운전불이행,건조,맑음,미분류 - 미분류,특수,남,41세,상해없음,승용,여,36세,경상
2014120200100406,2014년 12월 2일 18시,화요일,부산광역시 동구 초량동,경상사고,0,0,2,0,차대차 - 기타,교차로운행방법위반,건조,맑음,교차로 - 교차로안,화물,여,57세,상해없음,승용,남,42세,경상
2014120200100407,2014년 12월 2일 18시,화요일,부산광역시 부산진구 범천동,경상사고,0,0,1,0,차대사람 - 횡단중,보행자보호의무위반,건조,맑음,단일로 - 횡단보도상,승용,여,40세,상해없음,보행자,남,46세,경상
2014120200100459,2014년 12월 2일 19시,화요일,부산광역시 연제구 거제동,경상사고,0,0,1,0,차대차 - 기타,신호위반,건조,맑음,교차로 - 교차로안,승용,남,67세,상해없음,승용,남,64세,경상
2014120200100460,2014년 12월 2일 19시,화요일,부산광역시 기장군 정관면,중상사고,0,1,0,0,차대사람 - 횡단중,안전운전불이행,건조,맑음,단일로 - 횡단보도상,승용,여,29세,상해없음,보행자,남,44세,중상
2014120200100501,2014년 12월 2일 20시,화요일,부산광역시 남구 우암동,중상사고,0,6,8,0,차대차 - 기타,안전운전불이행,건조,맑음,교차로 - 교차로부근,승용,여,32세,상해없음,승용,여,42세,중상
2014120200100551,2014년 12월 2일 22시,화요일,부산광역시 사상구 주례동,중상사고,0,1,0,0,차대사람 - 기타,안전운전불이행,건조,맑음,단일로 - 기타,승용,여,45세,상해없음,보행자,남,15세,중상
2014120200100579,2014년 12월 2일 23시,화요일,부산광역시 강서구 녹산동,중상사고,0,1,3,0,차대차 - 추돌 - 주정차중,안전운전불이행,건조,맑음,교차로 - 교차로부근,승용,남,43세,상해없음,승용,여,49세,경상
2014120300100107,2014년 12월 3일 06시,수요일,부산광역시 해운대구 석대동,중상사고,0,1,0,0,차대차 - 측면직각충돌,직진우회전진행방해,건조,맑음,교차로 - 교차로안,승용,남,58세,상해없음,화물,남,62세,상해없음
2014120300100108,2014년 12월 3일 06시,수요일,부산광역시 강서구 봉림동,중상사고,0,2,0,0,차대차 - 추돌 - 주정차중,안전운전불이행,건조,맑음,단일로 - 기타,승용,남,43세,상해없음,승용,남,38세,중상
2014120300100128,2014년 12월 3일 07시,수요일,부산광역시 북구 덕천동,경상사고,0,0,1,0,차대사람 - 차도통행중,안전운전불이행,건조,맑음,단일로 - 기타,승용,여,34세,상해없음,보행자,남,19세,경상
2014120300100129,2014년 12월 3일 07시,수요일,부산광역시 금정구 부곡동,경상사고,0,0,1,0,차대차 - 기타,직진우회전진행방해,건조,맑음,교차로 - 교차로안,승용,남,44세,상해없음,승합,남,54세,상해없음
2014120300100168,2014년 12월 3일 08시,수요일,부산광역시 남구 대연동,경상사고,0,0,1,0,차대사람 - 기타,안전운전불이행,습기,흐림,단일로 - 기타,승용,여,59세,상해없음,보행자,남,60세,경상
2014120300100169,2014년 12월 3일 08시,수요일,부산광역시 동래구 온천동,경상사고,0,0,1,0,차대사람 - 횡단중,신호위반,건조,맑음,단일로 - 횡단보도상,승용,남,46세,상해없음,보행자,여,23세,경상
2014120300100170,2014년 12월 3일 08시,수요일,부산광역시 연제구 연산동,경상사고,0,0,1,0,차대차 - 측면직각충돌,신호위반,건조,맑음,단일로 - 기타,승용,남,68세,상해없음,자전거,남,14세,경상
2014120300100171,2014년 12월 3일 08시,수요일,부산광역시 기장군 장안읍,경상사고,0,0,1,0,차량단독 - 전도전복,안전운전불이행,결빙,맑음,단일로 - 기타,승용,남,52세,경상,,,,
2014120300100206,2014년 12월 3일 09시,수요일,부산광역시 수영구 광안동,경상사고,0,0,1,0,차대차 - 기타,교차로운행방법위반,건조,맑음,교차로 - 교차로부근,화물,남,42세,기타불명,자전거,남,18세,경상
2014120300100232,2014년 12월 3일 10시,수요일,부산광역시 서구 동대신동1가,경상사고,0,0,1,0,차대차 - 추돌 - 주정차중,안전운전불이행,건조,맑음,단일로 - 횡단보도부근,승용,남,60세,상해없음,승용,남,62세,경상
2014120300100233,2014년 12월 3일 10시,수요일,부산광역시 해운대구 반여동,경상사고,0,0,1,0,차대차 - 측면직각충돌,안전운전불이행,건조,맑음,교차로 - 교차로부근,화물,남,47세,경상,화물,남,59세,상해없음
2014120300100234,2014년 12월 3일 10시,수요일,부산광역시 부산진구 가야동,중상사고,0,1,1,0,차대차 - 추돌 - 진행중,안전거리미확보,건조,맑음,단일로 - 기타,이륜,기타불명,기타불명,기타불명,승용,여,52세,경상
2014120300100253,2014년 12월 3일 11시,수요일,부산광역시 동래구 사직동,경상사고,0,0,1,0,차대사람 - 기타,안전운전불이행,건조,맑음,단일로 - 기타,승용,남,52세,상해없음,보행자,남,32세,경상
2014120300100266,2014년 12월 3일 12시,수요일,부산광역시 금정구 남산동,중상사고,0,1,0,0,차대사람 - 횡단중,안전운전불이행,건조,맑음,단일로 - 기타,화물,남,56세,상해없음,보행자,여,79세,중상
2014120300100267,2014년 12월 3일 12시,수요일,부산광역시 금정구 서동,경상사고,0,0,1,0,차대사람 - 횡단중,안전운전불이행,건조,맑음,교차로 - 교차로안,화물,남,56세,상해없음,보행자,여,50세,경상
2014120300100292,2014년 12월 3일 13시,수요일,부산광역시 강서구 화전동,경상사고,0,0,1,0,차대차 - 측면직각충돌,신호위반,건조,맑음,교차로 - 교차로안,승용,여,30세,상해없음,승용,남,39세,경상
2014120300100318,2014년 12월 3일 14시,수요일,부산광역시 금정구 구서동,경상사고,0,0,1,0,차대사람 - 횡단중,안전운전불이행,건조,맑음,교차로 - 교차로부근,승합,남,31세,상해없음,보행자,여,12세,경상
2014120300100343,2014년 12월 3일 15시,수요일,부산광역시 북구 만덕동,중상사고,0,1,0,0,차대차 - 추돌 - 주정차중,안전운전불이행,건조,맑음,단일로 - 기타,승합,남,26세,상해없음,승용,남,39세,중상
2014120300100344,2014년 12월 3일 15시,수요일,부산광역시 부산진구 부전동,경상사고,0,0,1,0,차대차 - 측면직각충돌,안전거리미확보,건조,맑음,단일로 - 기타,승용,남,60세,상해없음,승용,남,30세,상해없음
2014120300100345,2014년 12월 3일 15시,수요일,부산광역시 사상구 모라동,경상사고,0,0,1,0,차대사람 - 기타,안전운전불이행,건조,맑음,단일로 - 기타,화물,남,38세,상해없음,보행자,남,8세,경상
2014120300100433,2014년 12월 3일 18시,수요일,부산광역시 남구 대연동,경상사고,0,0,2,0,차대차 - 기타,교차로운행방법위반,건조,맑음,교차로 - 교차로안,승용,남,20세,상해없음,승용,남,39세,경상
2014120300100484,2014년 12월 3일 19시,수요일,부산광역시 수영구 남천동,중상사고,0,1,1,0,차대사람 - 횡단중,보행자보호의무위반,건조,맑음,교차로 - 교차로부근,승용,여,49세,상해없음,보행자,남,37세,경상
2014120300100485,2014년 12월 3일 19시,수요일,부산광역시 북구 구포동,경상사고,0,0,1,0,차대차 - 정면충돌,안전운전불이행,건조,맑음,교차로 - 교차로안,승용,남,54세,상해없음,이륜,남,17세,경상
2014120300100573,2014년 12월 3일 21시,수요일,부산광역시 남구 대연동,부상신고사고,0,0,0,1,차대사람 - 기타,안전운전불이행,건조,맑음,교차로 - 교차로부근,승용,남,62세,상해없음,보행자,남,30세,부상신고
2014120300100574,2014년 12월 3일 21시,수요일,부산광역시 사하구 장림동,중상사고,0,1,1,0,차대차 - 측면직각충돌,안전운전불이행,건조,맑음,단일로 - 기타,승용,남,32세,상해없음,승용,여,49세,중상
2014120300100575,2014년 12월 3일 21시,수요일,부산광역시 사하구 신평동,경상사고,0,0,1,0,차대사람 - 기타,교차로운행방법위반,건조,맑음,교차로 - 교차로안,승용,남,46세,상해없음,보행자,남,16세,경상
2014120300100604,2014년 12월 3일 22시,수요일,부산광역시 사상구 괘법동,중상사고,0,1,0,0,차대사람 - 기타,안전운전불이행,건조,맑음,교차로 - 교차로안,승용,남,42세,상해없음,보행자,남,45세,중상
2014120300100639,2014년 12월 3일 23시,수요일,부산광역시 해운대구 재송동,경상사고,0,0,1,0,차대차 - 추돌 - 진행중,교차로운행방법위반,건조,맑음,교차로 - 교차로안,승용,여,43세,상해없음,이륜,남,36세,경상
2014120400100049,2014년 12월 4일 02시,목요일,부산광역시 해운대구 좌동,경상사고,0,0,1,0,차대차 - 측면직각충돌,안전운전불이행,건조,맑음,교차로 - 교차로안,승용,남,44세,상해없음,승용,남,65세,경상
2014120400100058,2014년 12월 4일 03시,목요일,부산광역시 동래구 명륜동,경상사고,0,0,1,1,차대차 - 추돌 - 주정차중,안전운전불이행,건조,맑음,교차로 - 교차로부근,승용,여,45세,상해없음,승용,남,66세,부상신고
2014120400100066,2014년 12월 4일 04시,목요일,부산광역시 남구 대연동,경상사고,0,0,1,0,차대차 - 추돌 - 진행중,차로위반,건조,맑음,단일로 - 기타,승용,남,66세,상해없음,이륜,남,33세,경상
2014120400100071,2014년 12월 4일 05시,목요일,부산광역시 북구 구포동,경상사고,0,0,1,0,차대차 - 측면직각충돌,안전운전불이행,건조,맑음,교차로 - 교차로부근,승용,남,55세,상해없음,승용,남,32세,경상
2014120400100072,2014년 12월 4일 05시,목요일,부산광역시 북구 금곡동,중상사고,0,1,0,0,차대차 - 추돌 - 진행중,안전운전불이행,건조,맑음,교차로 - 교차로부근,이륜,남,56세,중상,화물,남,60세,상해없음
2014120400100114,2014년 12월 4일 07시,목요일,부산광역시 중구 남포동2가,부상신고사고,0,0,0,1,차대사람 - 기타,안전운전불이행,건조,흐림,단일로 - 기타,화물,남,53세,상해없음,보행자,여,63세,부상신고
2014120400100115,2014년 12월 4일 07시,목요일,부산광역시 남구 대연동,중상사고,0,1,0,0,차대차 - 측면직각충돌,안전운전불이행,건조,맑음,단일로 - 기타,자전거,남,36세,중상,승용,남,35세,상해없음
2014120400100148,2014년 12월 4일 08시,목요일,부산광역시 금정구 노포동,중상사고,0,2,1,0,차대차 - 정면충돌,중앙선침범,건조,맑음,단일로 - 기타,승용,남,31세,상해없음,승용,남,32세,중상
2014120400100149,2014년 12월 4일 08시,목요일,부산광역시 강서구 송정동,경상사고,0,0,2,0,차대차 - 정면충돌,신호위반,건조,맑음,교차로 - 교차로안,승합,남,55세,상해없음,승용,남,35세,경상
2014120400100186,2014년 12월 4일 09시,목요일,부산광역시 해운대구 반여동,중상사고,0,1,0,0,차대차 - 측면직각충돌,신호위반,건조,맑음,교차로 - 교차로안,승용,여,28세,상해없음,승용,남,68세,중상
2014120400100187,2014년 12월 4일 09시,목요일,부산광역시 사상구 학장동,경상사고,0,0,1,0,차대차 - 측면직각충돌,차로위반,건조,맑음,단일로 - 기타,건설기계,남,46세,상해없음,승용,여,44세,경상
2014120400100215,2014년 12월 4일 10시,목요일,부산광역시 수영구 민락동,경상사고,0,0,2,0,차대차 - 측면직각충돌,기타,건조,맑음,교차로 - 교차로안,화물,남,58세,상해없음,승용,여,46세,경상
2014120400100216,2014년 12월 4일 10시,목요일,부산광역시 수영구 광안동,경상사고,0,0,1,0,차대차 - 기타,안전운전불이행,건조,맑음,단일로 - 기타,승합,남,47세,상해없음,승용,남,43세,상해없음
2014120400100263,2014년 12월 4일 12시,목요일,부산광역시 남구 대연동,경상사고,0,0,1,0,차대차 - 측면직각충돌,안전거리미확보,건조,맑음,단일로 - 기타,승용,여,33세,상해없음,승용,남,32세,경상
2014120400100265,2014년 12월 4일 12시,목요일,부산광역시 북구 만덕동,중상사고,0,3,1,0,차대사람 - 기타,기타,건조,맑음,단일로 - 기타,승용,여,44세,상해없음,보행자,여,49세,중상
2014120400100266,2014년 12월 4일 12시,목요일,부산광역시 수영구 망미동,경상사고,0,0,1,0,차대차 - 측면직각충돌,안전운전불이행,건조,맑음,단일로 - 기타,건설기계,남,58세,상해없음,이륜,남,56세,경상
2014120400100294,2014년 12월 4일 13시,목요일,부산광역시 서구 암남동,중상사고,0,2,0,0,차대차 - 정면충돌,불법유턴,건조,맑음,단일로 - 기타,승용,남,45세,상해없음,이륜,남,39세,중상
2014120400100295,2014년 12월 4일 13시,목요일,부산광역시 남구 대연동,경상사고,0,0,1,0,차대차 - 기타,중앙선침범,건조,맑음,단일로 - 기타,승용,남,48세,상해없음,승합,남,41세,경상
2014120400100324,2014년 12월 4일 14시,목요일,부산광역시 해운대구 재송동,중상사고,0,1,0,0,차대차 - 측면직각충돌,안전운전불이행,건조,맑음,단일로 - 기타,화물,남,52세,상해없음,원동기,남,63세,중상
2014120400100325,2014년 12월 4일 14시,목요일,부산광역시 기장군 장안읍,사망사고,1,0,0,0,차대차 - 추돌 - 주정차중,안전운전불이행,건조,맑음,단일로 - 기타,승용,남,52세,사망,화물,남,60세,상해없음
2014120400100351,2014년 12월 4일 15시,목요일,부산광역시 서구 암남동,경상사고,0,0,1,0,차대사람 - 기타,안전운전불이행,건조,맑음,단일로 - 기타,승합,남,55세,상해없음,보행자,여,32세,경상
2014120400100352,2014년 12월 4일 15시,목요일,부산광역시 수영구 망미동,중상사고,0,1,0,0,차대사람 - 기타,안전운전불이행,건조,맑음,단일로 - 기타,승용,남,64세,상해없음,보행자,남,41세,중상
2014120400100385,2014년 12월 4일 16시,목요일,부산광역시 동래구 명장동,부상신고사고,0,0,0,1,차대차 - 기타,안전운전불이행,건조,맑음,단일로 - 기타,기타불명,기타불명,14세,기타불명,이륜,남,22세,부상신고
2014120400100386,2014년 12월 4일 16시,목요일,부산광역시 해운대구 우동,중상사고,0,2,0,0,차대차 - 측면직각충돌,안전거리미확보,건조,맑음,단일로 - 교량,승용,여,54세,상해없음,승용,여,31세,중상
2014120400100436,2014년 12월 4일 17시,목요일,부산광역시 동구 범일동,중상사고,0,1,0,0,차대사람 - 기타,안전운전불이행,건조,맑음,단일로 - 기타,승용,남,70세,상해없음,보행자,남,79세,중상
2014120400100437,2014년 12월 4일 17시,목요일,부산광역시 기장군 정관면,부상신고사고,0,0,0,1,차량단독 - 전도전복,안전운전불이행,건조,맑음,단일로 - 터널,승용,남,43세,부상신고,,,,
2014120400100492,2014년 12월 4일 18시,목요일,부산광역시 서구 서대신동3가,중상사고,0,1,0,0,차대사람 - 횡단중,안전운전불이행,건조,맑음,교차로 - 교차로안,승용,남,59세,상해없음,보행자,남,13세,중상
2014120400100493,2014년 12월 4일 18시,목요일,부산광역시 서구 부용동2가,경상사고,0,0,2,0,차대사람 - 횡단중,안전운전불이행,건조,맑음,교차로 - 교차로부근,원동기,남,34세,경상,보행자,여,23세,경상
2014120400100494,2014년 12월 4일 18시,목요일,부산광역시 금정구 부곡동,중상사고,0,1,0,0,차대차 - 추돌 - 주정차중,안전운전불이행,건조,맑음,단일로 - 기타,승합,남,47세,상해없음,화물,남,43세,상해없음
2014120400100495,2014년 12월 4일 18시,목요일,부산광역시 사하구 장림동,중상사고,0,1,0,0,차대차 - 측면직각충돌,안전거리미확보,건조,흐림,교차로 - 교차로부근,승용,남,58세,기타불명,승용,남,31세,중상
2014120400100564,2014년 12월 4일 19시,목요일,부산광역시 연제구 거제동,중상사고,0,1,0,0,차대차 - 기타,안전거리미확보,건조,맑음,단일로 - 기타,승용,남,41세,상해없음,이륜,남,60세,중상
2014120400100601,2014년 12월 4일 20시,목요일,부산광역시 남구 용호동,중상사고,0,1,0,0,차대차 - 측면직각충돌,안전거리미확보,건조,맑음,단일로 - 기타,승용,남,62세,상해없음,승용,여,44세,중상
2014120400100602,2014년 12월 4일 20시,목요일,부산광역시 사하구 하단동,중상사고,0,1,0,0,차대차 - 기타,안전운전불이행,건조,맑음,단일로 - 기타,화물,남,59세,상해없음,승용,여,37세,중상
2014120400100603,2014년 12월 4일 20시,목요일,부산광역시 수영구 망미동,경상사고,0,0,1,0,차대사람 - 횡단중,신호위반,건조,맑음,단일로 - 횡단보도상,이륜,남,30세,상해없음,보행자,남,13세,경상
2014120400100604,2014년 12월 4일 20시,목요일,부산광역시 사상구 삼락동,경상사고,0,0,1,1,차대차 - 정면충돌,신호위반,건조,맑음,교차로 - 교차로안,승용,남,52세,부상신고,화물,남,38세,경상
2014120400100633,2014년 12월 4일 21시,목요일,부산광역시 수영구 광안동,부상신고사고,0,0,0,1,차대사람 - 기타,안전운전불이행,건조,맑음,단일로 - 기타,승용,남,56세,기타불명,보행자,여,15세,부상신고
2014120400100666,2014년 12월 4일 22시,목요일,부산광역시 동래구 온천동,중상사고,0,2,0,0,차대차 - 측면직각충돌,중앙선침범,건조,맑음,교차로 - 교차로부근,승용,남,37세,기타불명,승용,남,35세,중상
2014120400100708,2014년 12월 4일 23시,목요일,부산광역시 북구 구포동,경상사고,0,0,1,0,차대차 - 추돌 - 진행중,안전거리미확보,건조,맑음,단일로 - 기타,승용,남,61세,상해없음,승용,남,54세,경상
2014120400100709,2014년 12월 4일 23시,목요일,부산광역시 사하구 괴정동,중상사고,0,1,0,0,차대사람 - 기타,안전운전불이행,건조,맑음,단일로 - 기타,승용,기타불명,기타불명,기타불명,보행자,남,50세,중상
2014120400100710,2014년 12월 4일 23시,목요일,부산광역시 강서구 대저2동,부상신고사고,0,0,0,1,차대차 - 추돌 - 진행중,안전거리미확보,건조,맑음,교차로 - 교차로부근,승용,남,37세,상해없음,화물,남,43세,부상신고
2014120500100062,2014년 12월 5일 05시,금요일,부산광역시 사상구 감전동,경상사고,0,0,1,0,차대차 - 측면직각충돌,신호위반,건조,맑음,교차로 - 교차로안,화물,남,44세,상해없음,승용,남,37세,경상
2014120500100079,2014년 12월 5일 06시,금요일,부산광역시 동래구 온천동,부상신고사고,0,0,0,1,차대사람 - 기타,보행자보호의무위반,건조,맑음,교차로 - 교차로안,화물,남,34세,상해없음,보행자,남,68세,부상신고
2014120500100080,2014년 12월 5일 06시,금요일,부산광역시 부산진구 초읍동,중상사고,0,1,0,0,차대사람 - 횡단중,보행자보호의무위반,건조,맑음,단일로 - 횡단보도상,화물,남,50세,상해없음,보행자,여,51세,중상
2014120500100082,2014년 12월 5일 06시,금요일,부산광역시 사하구 하단동,경상사고,0,0,2,0,차대차 - 측면직각충돌,안전운전불이행,건조,맑음,단일로 - 기타,화물,남,60세,상해없음,승용,여,60세,경상
2014120500100105,2014년 12월 5일 07시,금요일,부산광역시 사하구 장림동,중상사고,0,1,0,0,차대차 - 기타,신호위반,건조,맑음,교차로 - 교차로부근,승용,남,41세,상해없음,승용,남,32세,중상
2014120500100137,2014년 12월 5일 08시,금요일,부산광역시 부산진구 양정동,경상사고,0,0,1,0,차대차 - 추돌 - 진행중,안전운전불이행,건조,맑음,교차로 - 교차로안,승용,남,47세,상해없음,원동기,남,37세,경상
2014120500100182,2014년 12월 5일 09시,금요일,부산광역시 남구 문현동,중상사고,0,1,0,0,차대차 - 기타,기타,건조,맑음,단일로 - 기타,승용,여,39세,상해없음,원동기,남,28세,중상
2014120500100183,2014년 12월 5일 09시,금요일,부산광역시 동래구 안락동,중상사고,0,1,0,0,차대사람 - 횡단중,신호위반,건조,맑음,단일로 - 횡단보도상,승용,여,45세,상해없음,보행자,여,35세,중상
2014120500100203,2014년 12월 5일 10시,금요일,부산광역시 중구 중앙동7가,경상사고,0,0,1,0,차대차 - 측면직각충돌,안전운전불이행,건조,맑음,단일로 - 기타,승용,남,33세,상해없음,이륜,남,26세,경상
2014120500100204,2014년 12월 5일 10시,금요일,부산광역시 동래구 낙민동,경상사고,0,0,1,0,차대차 - 측면직각충돌,신호위반,건조,맑음,교차로 - 교차로안,승합,남,71세,상해없음,승용,남,61세,경상
2014120500100205,2014년 12월 5일 10시,금요일,부산광역시 금정구 부곡동,중상사고,0,1,0,0,차대사람 - 횡단중,신호위반,건조,맑음,단일로 - 횡단보도상,승용,남,77세,상해없음,보행자,여,87세,중상
2014120500100240,2014년 12월 5일 11시,금요일,부산광역시 해운대구 우동,중상사고,0,2,1,0,차대차 - 추돌 - 주정차중,안전운전불이행,건조,맑음,단일로 - 기타,화물,남,41세,상해없음,화물,남,43세,중상
2014120500100277,2014년 12월 5일 12시,금요일,부산광역시 중구 중앙동4가,경상사고,0,0,3,0,차대차 - 추돌 - 주정차중,안전거리미확보,건조,맑음,단일로 - 기타,승용,여,45세,상해없음,승용,여,46세,경상
2014120500100278,2014년 12월 5일 12시,금요일,부산광역시 강서구 대저2동,경상사고,0,0,1,0,차대차 - 측면직각충돌,안전운전불이행,건조,맑음,단일로 - 교량,기타불명,기타불명,기타불명,기타불명,승용,여,48세,경상
2014120500100319,2014년 12월 5일 13시,금요일,부산광역시 동구 초량동,중상사고,0,1,0,0,차대차 - 기타,차로위반,건조,맑음,단일로 - 기타,특수,남,54세,상해없음,승용,여,53세,중상
2014120500100320,2014년 12월 5일 13시,금요일,부산광역시 금정구 부곡동,경상사고,0,0,1,0,차대차 - 측면직각충돌,안전운전불이행,건조,맑음,교차로 - 교차로부근,승용,여,54세,상해없음,자전거,여,68세,경상
2014120500100349,2014년 12월 5일 14시,금요일,부산광역시 수영구 남천동,중상사고,0,1,0,0,차대차 - 기타,안전운전불이행,건조,맑음,단일로 - 기타,승합,남,42세,상해없음,승용,남,53세,상해없음
2014120500100350,2014년 12월 5일 14시,금요일,부산광역시 북구 화명동,경상사고,0,0,1,0,차대차 - 추돌 - 진행중,안전거리미확보,건조,맑음,단일로 - 기타,승용,남,38세,상해없음,승용,남,57세,경상
2014120500100351,2014년 12월 5일 14시,금요일,부산광역시 해운대구 우동,중상사고,0,1,0,0,차대차 - 기타,안전운전불이행,건조,맑음,교차로 - 교차로안,기타불명,기타불명,기타불명,기타불명,원동기,남,23세,중상
2014120500100352,2014년 12월 5일 14시,금요일,부산광역시 해운대구 재송동,경상사고,0,0,2,0,차대차 - 추돌 - 주정차중,안전운전불이행,건조,맑음,교차로 - 교차로부근,건설기계,남,74세,상해없음,승용,남,61세,경상
2014120500100353,2014년 12월 5일 14시,금요일,부산광역시 금정구 부곡동,중상사고,0,1,0,0,차대사람 - 기타,안전운전불이행,건조,맑음,교차로 - 교차로안,승용,남,44세,상해없음,보행자,남,68세,중상
2014120500100354,2014년 12월 5일 14시,금요일,부산광역시 사상구 학장동,중상사고,0,1,1,0,차대차 - 추돌 - 진행중,안전거리미확보,건조,맑음,단일로 - 기타,화물,남,43세,상해없음,승용,여,49세,경상
2014120500100383,2014년 12월 5일 15시,금요일,부산광역시 동래구 온천동,중상사고,0,1,0,0,차대사람 - 횡단중,안전운전불이행,건조,맑음,단일로 - 기타,승용,여,44세,상해없음,보행자,여,7세,중상
2014120500100384,2014년 12월 5일 15시,금요일,부산광역시 금정구 남산동,중상사고,0,1,0,0,차대차 - 측면직각충돌,기타,건조,맑음,교차로 - 교차로안,화물,남,47세,상해없음,원동기,남,54세,중상
2014120500100385,2014년 12월 5일 15시,금요일,부산광역시 연제구 연산동,중상사고,0,4,3,0,차대차 - 추돌 - 진행중,안전운전불이행,건조,맑음,단일로 - 기타,승용,남,70세,상해없음,승용,남,37세,상해없음
2014120500100386,2014년 12월 5일 15시,금요일,부산광역시 강서구 신호동,경상사고,0,0,1,0,차대차 - 측면직각충돌,신호위반,건조,맑음,교차로 - 교차로안,승합,남,59세,상해없음,승용,여,33세,상해없음
2014120500100387,2014년 12월 5일 15시,금요일,부산광역시 기장군 기장읍,경상사고,0,0,2,0,차대차 - 측면직각충돌,안전운전불이행,습기,맑음,단일로 - 기타,원동기,남,17세,상해없음,승용,남,58세,상해없음
2014120500100388,2014년 12월 5일 15시,금요일,부산광역시 강서구 대저2동,경상사고,0,0,1,0,차대차 - 측면직각충돌,차로위반,건조,맑음,단일로 - 기타,화물,남,59세,상해없음,승용,남,50세,경상
2014120500100423,2014년 12월 5일 16시,금요일,부산광역시 부산진구 당감동,경상사고,0,0,1,0,차대차 - 기타,안전거리미확보,건조,맑음,단일로 - 기타,승용,여,53세,상해없음,승용,여,41세,경상
2014120500100424,2014년 12월 5일 16시,금요일,부산광역시 연제구 거제동,경상사고,0,0,1,0,차대사람 - 횡단중,안전운전불이행,건조,맑음,단일로 - 기타,승용,남,32세,상해없음,보행자,남,23세,경상
2014120500100612,2014년 12월 5일 20시,금요일,부산광역시 동구 범일동,경상사고,0,0,1,0,차대차 - 추돌 - 진행중,차로위반,건조,맑음,교차로 - 교차로부근,승용,남,26세,상해없음,승용,남,63세,상해없음
2014120500100656,2014년 12월 5일 21시,금요일,부산광역시 남구 용호동,경상사고,0,0,1,0,차대차 - 기타,안전운전불이행,건조,맑음,교차로 - 교차로안,화물,남,68세,상해없음,원동기,남,19세,경상
2014120500100657,2014년 12월 5일 21시,금요일,부산광역시 해운대구 우동,중상사고,0,1,0,0,차대사람 - 횡단중,보행자보호의무위반,건조,맑음,교차로 - 교차로안,승용,남,49세,상해없음,보행자,여,32세,중상
2014120500100658,2014년 12월 5일 21시,금요일,부산광역시 연제구 거제동,경상사고,0,0,1,0,차대사람 - 기타,기타,건조,맑음,기타 - 기타,승용,남,62세,상해없음,보행자,남,6세,경상
2014120500100711,2014년 12월 5일 22시,금요일,부산광역시 영도구 대교동1가,중상사고,0,1,1,0,차대사람 - 횡단중,안전운전불이행,건조,맑음,교차로 - 교차로부근,승합,남,41세,상해없음,보행자,남,35세,중상
2014120500100712,2014년 12월 5일 22시,금요일,부산광역시 금정구 구서동,경상사고,0,0,1,0,차대사람 - 횡단중,안전운전불이행,건조,맑음,교차로 - 교차로안,화물,남,49세,상해없음,보행자,남,30세,경상
2014120500100754,2014년 12월 5일 23시,금요일,부산광역시 부산진구 초읍동,중상사고,0,2,0,0,차대차 - 추돌 - 주정차중,안전운전불이행,건조,맑음,단일로 - 기타,승용,남,34세,상해없음,승용,남,47세,상해없음
2014120500100755,2014년 12월 5일 23시,금요일,부산광역시 사하구 하단동,부상신고사고,0,0,0,1,차대사람 - 기타,안전운전불이행,건조,맑음,단일로 - 기타,승용,여,44세,상해없음,보행자,남,34세,부상신고
2014120600100011,2014년 12월 6일 00시,토요일,부산광역시 동래구 온천동,경상사고,0,0,1,0,차대차 - 측면직각충돌,신호위반,건조,맑음,교차로 - 교차로안,승용,남,53세,상해없음,승용,남,67세,경상
2014120600100074,2014년 12월 6일 02시,토요일,부산광역시 중구 영주동,경상사고,0,0,2,0,차량단독 - 공작물충돌,안전운전불이행,건조,흐림,미분류 - 미분류,승용,남,55세,상해없음,,,,