사고번호,사고일시,요일,시군구,사고내용,사망자수,중상자수,경상자수,부상신고자수,사고유형,법규위반,노면상태,기상상태,도로형태,가해운전자 차종,가해운전자 성별,가해운전자 연령,가해운전자 상해정도,피해운전자 차종,피해운전자 성별,피해운전자 연령,피해운전자 상해정도
2014120600100110,2014년 12월 6일 04시,토요일,부산광역시 중구 부평동2가,경상사고,0,0,2,1,차대차 - 측면직각충돌,신호위반,건조,흐림,교차로 - 교차로안,승용,남,56세,상해없음,승용,남,23세,부상신고
2014120600100129,2014년 12월 6일 06시,토요일,부산광역시 동래구 온천동,경상사고,0,0,1,0,차대차 - 추돌 - 진행중,안전운전불이행,습기,비,단일로 - 기타,승용,남,56세,상해없음,승용,여,53세,경상
2014120600100148,2014년 12월 6일 07시,토요일,부산광역시 강서구 대저2동,경상사고,0,0,1,0,차대차 - 측면직각충돌,신호위반,건조,맑음,교차로 - 교차로부근,승용,남,43세,상해없음,승용,여,32세,경상
2014120600100193,2014년 12월 6일 09시,토요일,부산광역시 영도구 신선동2가,중상사고,0,1,2,0,차대차 - 추돌 - 진행중,교차로운행방법위반,건조,맑음,교차로 - 교차로안,승용,남,67세,상해없음,승용,여,53세,중상
2014120600100194,2014년 12월 6일 09시,토요일,부산광역시 사하구 괴정동,경상사고,0,0,1,0,차대차 - 기타,안전운전불이행,건조,맑음,교차로 - 교차로안,화물,남,65세,기타불명,승용,남,64세,상해없음
2014120600100195,2014년 12월 6일 09시,토요일,부산광역시 강서구 송정동,경상사고,0,0,4,0,차대차 - 추돌 - 진행중,안전거리미확보,건조,맑음,단일로 - 기타,승용,남,42세,상해없음,승용,여,41세,경상
2014120600100224,2014년 12월 6일 10시,토요일,부산광역시 중구 남포동5가,경상사고,0,0,1,0,차대사람 - 횡단중,중앙선침범,건조,맑음,단일로 - 기타,이륜,남,51세,상해없음,보행자,여,57세,경상
2014120600100225,2014년 12월 6일 10시,토요일,부산광역시 사하구 장림동,경상사고,0,0,1,0,차대사람 - 기타,안전운전불이행,건조,맑음,단일로 - 기타,승용,남,61세,상해없음,보행자,남,68세,경상
2014120600100246,2014년 12월 6일 11시,토요일,부산광역시 해운대구 반여동,경상사고,0,0,1,0,차대차 - 추돌 - 주정차중,안전거리미확보,건조,맑음,단일로 - 기타,승용,여,51세,상해없음,승합,남,56세,상해없음
2014120600100275,2014년 12월 6일 12시,토요일,부산광역시 남구 대연동,경상사고,0,0,1,0,차대차 - 기타,교차로운행방법위반,건조,맑음,교차로 - 교차로안,화물,남,58세,상해없음,승용,여,58세,경상
2014120600100276,2014년 12월 6일 12시,토요일,부산광역시 북구 금곡동,중상사고,0,1,0,0,차대차 - 기타,안전운전불이행,건조,맑음,단일로 - 기타,자전거,남,45세,중상,승용,여,53세,상해없음
2014120600100277,2014년 12월 6일 12시,토요일,부산광역시 부산진구 전포동,경상사고,0,0,1,0,차대차 - 기타,안전거리미확보,건조,맑음,미분류 - 미분류,특수,남,29세,상해없음,승용,남,51세,경상
2014120600100340,2014년 12월 6일 14시,토요일,부산광역시 부산진구 부암동,경상사고,0,0,1,0,차대차 - 기타,안전운전불이행,건조,맑음,단일로 - 기타,승용,남,38세,상해없음,이륜,남,67세,경상
2014120600100366,2014년 12월 6일 15시,토요일,부산광역시 해운대구 재송동,중상사고,0,2,0,0,차대차 - 추돌 - 진행중,안전운전불이행,건조,맑음,교차로 - 교차로부근,승용,여,35세,상해없음,승용,남,61세,중상
2014120600100409,2014년 12월 6일 16시,토요일,부산광역시 해운대구 중동,경상사고,0,0,1,0,차대차 - 측면직각충돌,신호위반,건조,맑음,교차로 - 교차로안,승용,여,25세,상해없음,승합,남,52세,경상
2014120600100410,2014년 12월 6일 16시,토요일,부산광역시 부산진구 부전동,경상사고,0,0,8,0,차대차 - 추돌 - 주정차중,안전운전불이행,건조,맑음,단일로 - 기타,승용,남,32세,상해없음,승용,남,57세,상해없음
2014120600100450,2014년 12월 6일 17시,토요일,부산광역시 서구 동대신동1가,경상사고,0,0,1,0,차대차 - 기타,안전운전불이행,건조,맑음,교차로 - 교차로부근,승용,남,61세,상해없음,이륜,남,23세,경상
2014120600100451,2014년 12월 6일 17시,토요일,부산광역시 강서구 강동동,경상사고,0,0,2,0,차대차 - 추돌 - 주정차중,안전운전불이행,건조,맑음,단일로 - 기타,승용,남,53세,상해없음,승용,남,34세,경상
2014120600100501,2014년 12월 6일 18시,토요일,부산광역시 남구 대연동,중상사고,0,1,0,0,차대사람 - 횡단중,보행자보호의무위반,건조,맑음,교차로 - 교차로부근,승용,기타불명,기타불명,기타불명,보행자,여,75세,중상
2014120600100502,2014년 12월 6일 18시,토요일,부산광역시 북구 구포동,경상사고,0,0,1,0,차대차 - 측면직각충돌,신호위반,건조,맑음,교차로 - 교차로안,승용,남,57세,상해없음,이륜,남,32세,경상
2014120600100503,2014년 12월 6일 18시,토요일,부산광역시 동래구 명륜동,중상사고,0,1,0,0,차대사람 - 횡단중,안전운전불이행,건조,맑음,단일로 - 횡단보도부근,승합,남,64세,상해없음,보행자,남,58세,중상
2014120600100551,2014년 12월 6일 19시,토요일,부산광역시 동래구 온천동,중상사고,0,1,1,0,차대차 - 측면직각충돌,안전거리미확보,건조,맑음,단일로 - 기타,승합,남,68세,상해없음,승용,남,32세,중상
2014120600100594,2014년 12월 6일 20시,토요일,부산광역시 북구 금곡동,경상사고,0,0,1,0,차대차 - 측면직각충돌,안전운전불이행,건조,맑음,단일로 - 기타,승합,남,24세,상해없음,승용,남,28세,경상
2014120600100595,2014년 12월 6일 20시,토요일,부산광역시 연제구 연산동,경상사고,0,0,3,0,차대차 - 측면직각충돌,안전운전불이행,건조,맑음,교차로 - 교차로안,승용,남,49세,상해없음,승용,남,57세,경상
2014120600100650,2014년 12월 6일 22시,토요일,부산광역시 부산진구 가야동,경상사고,0,0,1,0,차대사람 - 기타,안전운전불이행,건조,맑음,단일로 - 기타,화물,남,59세,상해없음,보행자,남,36세,경상
2014120600100651,2014년 12월 6일 22시,토요일,부산광역시 사하구 하단동,중상사고,0,1,0,0,차대사람 - 기타,안전운전불이행,건조,맑음,교차로 - 교차로안,승용,남,25세,상해없음,보행자,남,59세,중상
2014120600100683,2014년 12월 6일 23시,토요일,부산광역시 동래구 안락동,경상사고,0,0,1,0,차대사람 - 횡단중,안전운전불이행,건조,맑음,교차로 - 교차로안,승용,남,41세,상해없음,보행자,남,56세,경상
2014120600100684,2014년 12월 6일 23시,토요일,부산광역시 사하구 장림동,경상사고,0,0,1,0,차대차 - 측면직각충돌,안전운전불이행,건조,맑음,단일로 - 기타,승용,남,35세,상해없음,원동기,남,18세,경상
2014120700100032,2014년 12월 7일 01시,일요일,부산광역시 부산진구 부암동,경상사고,0,0,1,0,차대차 - 측면직각충돌,교차로운행방법위반,건조,맑음,교차로 - 교차로안,승용,남,33세,기타불명,자전거,남,60세,경상
2014120700100053,2014년 12월 7일 02시,일요일,부산광역시 사하구 괴정동,중상사고,0,1,0,0,차대사람 - 횡단중,안전운전불이행,건조,맑음,단일로 - 기타,승용,남,56세,상해없음,보행자,여,26세,중상
2014120700100086,2014년 12월 7일 04시,일요일,부산광역시 연제구 거제동,경상사고,0,0,1,0,차대차 - 측면직각충돌,안전거리미확보,건조,맑음,단일로 - 기타,승용,여,50세,기타불명,승용,남,62세,경상
2014120700100091,2014년 12월 7일 05시,일요일,부산광역시 해운대구 반송동,중상사고,0,3,3,0,차대차 - 측면직각충돌,신호위반,건조,맑음,교차로 - 교차로안,승용,남,23세,상해없음,승합,남,46세,경상
2014120700100092,2014년 12월 7일 05시,일요일,부산광역시 사상구 주례동,경상사고,0,0,1,1,차대사람 - 길가장자리구역통행중,안전운전불이행,건조,맑음,단일로 - 기타,원동기,남,21세,상해없음,보행자,여,20세,경상
2014120700100104,2014년 12월 7일 06시,일요일,부산광역시 부산진구 부전동,부상신고사고,0,0,0,1,차대차 - 기타,중앙선침범,건조,맑음,단일로 - 기타,승용,남,59세,기타불명,이륜,남,30세,부상신고
2014120700100119,2014년 12월 7일 08시,일요일,부산광역시 금정구 장전동,경상사고,0,0,1,0,차대차 - 측면직각충돌,직진우회전진행방해,건조,맑음,교차로 - 교차로안,승용,남,25세,상해없음,승용,남,32세,경상
2014120700100249,2014년 12월 7일 15시,일요일,부산광역시 동구 초량동,중상사고,0,1,1,0,차대차 - 추돌 - 진행중,안전운전불이행,건조,맑음,단일로 - 기타,승용,남,68세,상해없음,승용,남,25세,경상
2014120700100250,2014년 12월 7일 15시,일요일,부산광역시 동구 초량동,중상사고,0,1,0,0,차대차 - 측면직각충돌,안전거리미확보,건조,맑음,단일로 - 기타,승용,남,50세,상해없음,원동기,남,56세,중상
2014120700100251,2014년 12월 7일 15시,일요일,부산광역시 동래구 사직동,경상사고,0,0,1,0,차대차 - 측면직각충돌,안전거리미확보,건조,맑음,단일로 - 기타,승용,남,66세,상해없음,승합,남,52세,경상
2014120700100252,2014년 12월 7일 15시,일요일,부산광역시 해운대구 송정동,중상사고,0,2,1,0,차대사람 - 기타,안전운전불이행,건조,맑음,기타 - 기타,승용,여,55세,상해없음,보행자,남,35세,경상
2014120700100279,2014년 12월 7일 16시,일요일,부산광역시 동구 초량동,경상사고,0,0,4,0,차대차 - 추돌 - 주정차중,안전운전불이행,건조,맑음,단일로 - 기타,승용,남,23세,상해없음,승용,여,28세,경상
2014120700100312,2014년 12월 7일 17시,일요일,부산광역시 사상구 삼락동,경상사고,0,0,2,0,차대차 - 추돌 - 진행중,안전거리미확보,건조,맑음,미분류 - 미분류,승용,남,34세,상해없음,화물,남,53세,경상
2014120700100348,2014년 12월 7일 18시,일요일,부산광역시 동구 수정동,중상사고,0,1,0,0,차대차 - 정면충돌,신호위반,건조,맑음,교차로 - 교차로안,원동기,남,21세,중상,승용,남,61세,상해없음
2014120700100349,2014년 12월 7일 18시,일요일,부산광역시 남구 우암동,중상사고,0,1,0,0,차대사람 - 횡단중,신호위반,건조,맑음,단일로 - 기타,승용,남,60세,상해없음,보행자,남,57세,중상
2014120700100350,2014년 12월 7일 18시,일요일,부산광역시 금정구 부곡동,경상사고,0,0,1,0,차대차 - 기타,안전운전불이행,건조,맑음,기타 - 기타,승용,남,59세,상해없음,승용,남,49세,경상
2014120700100388,2014년 12월 7일 19시,일요일,부산광역시 남구 대연동,중상사고,0,1,0,0,차대차 - 측면직각충돌,중앙선침범,건조,맑음,단일로 - 기타,승용,남,43세,상해없음,원동기,남,40세,중상
2014120700100389,2014년 12월 7일 19시,일요일,부산광역시 해운대구 반여동,사망사고,1,0,0,0,차대사람 - 기타,신호위반,건조,맑음,단일로 - 기타,원동기,남,46세,상해없음,보행자,여,78세,사망
2014120700100390,2014년 12월 7일 19시,일요일,부산광역시 연제구 거제동,중상사고,0,1,0,0,차대사람 - 차도통행중,안전운전불이행,건조,맑음,단일로 - 기타,승용,남,57세,상해없음,보행자,남,48세,중상
2014120700100420,2014년 12월 7일 20시,일요일,부산광역시 수영구 광안동,중상사고,0,1,0,0,차대차 - 기타,안전운전불이행,건조,맑음,단일로 - 기타,승용,여,30세,상해없음,자전거,여,38세,중상
2014120700100421,2014년 12월 7일 20시,일요일,부산광역시 부산진구 가야동,경상사고,0,0,1,0,차대차 - 기타,안전운전불이행,건조,맑음,단일로 - 기타,승용,여,47세,상해없음,원동기,남,21세,경상
2014120700100447,2014년 12월 7일 21시,일요일,부산광역시 금정구 구서동,경상사고,0,0,1,0,차대사람 - 보도통행중,보행자보호의무위반,건조,맑음,단일로 - 횡단보도상,승용,여,32세,상해없음,보행자,남,52세,경상
2014120700100448,2014년 12월 7일 21시,일요일,부산광역시 사하구 장림동,중상사고,0,1,0,0,차대사람 - 횡단중,신호위반,건조,맑음,단일로 - 횡단보도부근,승용,남,28세,상해없음,보행자,여,48세,중상
2014120700100476,2014년 12월 7일 22시,일요일,부산광역시 금정구 장전동,경상사고,0,0,1,0,차대차 - 기타,차로위반,건조,맑음,단일로 - 기타,승용,남,27세,상해없음,원동기,남,22세,경상
2014120700100494,2014년 12월 7일 23시,일요일,부산광역시 사하구 감천동,경상사고,0,0,1,0,차대차 - 기타,안전운전불이행,건조,맑음,단일로 - 기타,승용,남,58세,상해없음,원동기,남,18세,경상
2014120800100007,2014년 12월 8일 00시,월요일,부산광역시 부산진구 범천동,경상사고,0,0,1,0,차대차 - 추돌 - 진행중,안전운전불이행,건조,맑음,교차로 - 교차로부근,승용,여,42세,상해없음,승용,남,47세,경상
2014120800100021,2014년 12월 8일 01시,월요일,부산광역시 동구 범일동,경상사고,0,0,1,0,차대차 - 측면직각충돌,신호위반,건조,맑음,교차로 - 교차로안,이륜,기타불명,기타불명,기타불명,승용,남,55세,상해없음
2014120800100057,2014년 12월 8일 05시,월요일,부산광역시 수영구 민락동,중상사고,0,1,0,0,차대사람 - 횡단중,안전운전불이행,습기,비,교차로 - 교차로안,승용,남,59세,상해없음,보행자,남,24세,중상
2014120800100058,2014년 12월 8일 05시,월요일,부산광역시 강서구 봉림동,경상사고,0,0,1,0,차대차 - 정면충돌,안전운전불이행,적설,눈,단일로 - 기타,승용,남,44세,상해없음,승용,남,36세,경상
2014120800100059,2014년 12월 8일 05시,월요일,부산광역시 강서구 봉림동,경상사고,0,0,1,1,차대차 - 추돌 - 진행중,안전운전불이행,결빙,눈,단일로 - 기타,승용,남,36세,부상신고,승용,남,54세,상해없음
2014120800100060,2014년 12월 8일 05시,월요일,부산광역시 기장군 철마면,중상사고,0,5,2,0,차대차 - 추돌 - 주정차중,안전운전불이행,적설,눈,단일로 - 기타,승용,남,42세,중상,화물,남,44세,중상
2014120800100074,2014년 12월 8일 06시,월요일,부산광역시 동구 범일동,중상사고,0,1,0,0,차대차 - 측면직각충돌,신호위반,습기,비,교차로 - 교차로안,승합,남,47세,상해없음,승합,남,57세,상해없음
2014120800100075,2014년 12월 8일 06시,월요일,부산광역시 부산진구 범전동,경상사고,0,0,1,0,차대차 - 추돌 - 진행중,안전운전불이행,습기,비,교차로 - 교차로부근,화물,남,43세,상해없음,원동기,남,59세,경상
2014120800100076,2014년 12월 8일 06시,월요일,부산광역시 강서구 지사동,중상사고,0,1,6,2,차량단독 - 공작물충돌,안전운전불이행,적설,눈,단일로 - 기타,승합,남,66세,상해없음,,,,
2014120800100101,2014년 12월 8일 07시,월요일,부산광역시 동구 좌천동,중상사고,0,1,0,0,차대사람 - 길가장자리구역통행중,안전운전불이행,건조,맑음,단일로 - 기타,승용,남,62세,상해없음,보행자,여,59세,중상
2014120800100102,2014년 12월 8일 07시,월요일,부산광역시 기장군 철마면,경상사고,0,0,1,0,차대차 - 측면직각충돌,중앙선침범,습기,비,단일로 - 기타,화물,남,31세,상해없음,승용,남,62세,경상
2014120800100137,2014년 12월 8일 08시,월요일,부산광역시 연제구 연산동,경상사고,0,0,2,0,차대차 - 기타,안전거리미확보,습기,맑음,단일로 - 기타,승용,남,29세,경상,승합,남,55세,경상
2014120800100223,2014년 12월 8일 10시,월요일,부산광역시 중구 영주동,중상사고,0,1,4,0,차대차 - 추돌 - 주정차중,안전거리미확보,건조,맑음,단일로 - 교량,승용,남,46세,상해없음,승용,남,54세,경상
2014120800100224,2014년 12월 8일 10시,월요일,부산광역시 동래구 안락동,부상신고사고,0,0,0,1,차대차 - 측면직각충돌,신호위반,건조,맑음,교차로 - 교차로안,자전거,남,74세,부상신고,승용,여,58세,상해없음
2014120800100225,2014년 12월 8일 10시,월요일,부산광역시 금정구 부곡동,경상사고,0,0,1,0,차대사람 - 길가장자리구역통행중,안전운전불이행,건조,맑음,단일로 - 기타,승용,여,57세,상해없음,보행자,여,24세,경상
2014120800100226,2014년 12월 8일 10시,월요일,부산광역시 사상구 엄궁동,경상사고,0,0,1,0,차대사람 - 기타,기타,습기,맑음,단일로 - 기타,승합,남,38세,상해없음,보행자,남,58세,경상
2014120800100300,2014년 12월 8일 13시,월요일,부산광역시 영도구 청학동,중상사고,0,1,0,0,차대사람 - 기타,안전운전불이행,건조,맑음,단일로 - 기타,화물,남,55세,상해없음,보행자,남,66세,중상
2014120800100301,2014년 12월 8일 13시,월요일,부산광역시 해운대구 재송동,경상사고,0,0,1,0,차대차 - 측면직각충돌,교차로운행방법위반,건조,맑음,교차로 - 교차로안,원동기,남,62세,상해없음,원동기,남,25세,경상
2014120800100375,2014년 12월 8일 15시,월요일,부산광역시 영도구 영선동1가,중상사고,0,1,1,0,차량단독 - 기타,교차로운행방법위반,건조,맑음,교차로 - 교차로안,승용,남,67세,상해없음,,,,
2014120800100413,2014년 12월 8일 16시,월요일,부산광역시 서구 남부민동,중상사고,0,1,0,0,차대차 - 측면직각충돌,안전거리미확보,건조,맑음,단일로 - 기타,이륜,여,64세,중상,승용,여,49세,상해없음
2014120800100414,2014년 12월 8일 16시,월요일,부산광역시 수영구 남천동,중상사고,0,1,0,0,차대사람 - 기타,안전운전불이행,건조,맑음,단일로 - 기타,자전거,남,69세,상해없음,보행자,여,74세,중상
2014120800100415,2014년 12월 8일 16시,월요일,부산광역시 동래구 안락동,중상사고,0,1,0,0,차대사람 - 횡단중,안전운전불이행,건조,맑음,교차로 - 교차로부근,화물,남,47세,상해없음,보행자,여,65세,중상
2014120800100416,2014년 12월 8일 16시,월요일,부산광역시 사하구 감천동,경상사고,0,0,5,0,차대차 - 기타,교차로운행방법위반,건조,맑음,교차로 - 교차로안,승용,남,61세,상해없음,승용,여,47세,경상
2014120800100499,2014년 12월 8일 18시,월요일,부산광역시 부산진구 양정동,중상사고,0,1,2,0,차대차 - 기타,안전거리미확보,건조,맑음,단일로 - 기타,승용,여,51세,상해없음,승합,남,52세,경상
2014120800100500,2014년 12월 8일 18시,월요일,부산광역시 사하구 감천동,중상사고,0,1,0,0,차대사람 - 기타,안전운전불이행,건조,맑음,단일로 - 횡단보도부근,화물,남,61세,상해없음,보행자,여,19세,중상
2014120800100501,2014년 12월 8일 18시,월요일,부산광역시 사하구 장림동,경상사고,0,0,1,0,차대차 - 측면직각충돌,안전운전불이행,건조,맑음,교차로 - 교차로부근,화물,남,45세,상해없음,이륜,남,18세,경상
2014120800100502,2014년 12월 8일 18시,월요일,부산광역시 사하구 장림동,경상사고,0,0,2,0,차대차 - 추돌 - 진행중,안전거리미확보,건조,맑음,단일로 - 기타,승용,남,62세,상해없음,승용,남,45세,상해없음
2014120800100563,2014년 12월 8일 19시,월요일,부산광역시 기장군 정관면,중상사고,0,1,0,0,차대차 - 측면직각충돌,교차로운행방법위반,건조,맑음,교차로 - 교차로안,화물,남,60세,상해없음,이륜,남,49세,중상
2014120800100625,2014년 12월 8일 21시,월요일,부산광역시 동래구 명장동,중상사고,0,1,0,0,차대사람 - 횡단중,안전운전불이행,건조,맑음,단일로 - 기타,승용,남,68세,상해없음,보행자,남,41세,중상
2014120800100626,2014년 12월 8일 21시,월요일,부산광역시 영도구 봉래동1가,경상사고,0,0,1,0,차대차 - 기타,안전운전불이행,건조,맑음,교차로 - 교차로안,화물,남,26세,상해없음,승용,남,45세,경상
2014120800100659,2014년 12월 8일 22시,월요일,부산광역시 부산진구 가야동,중상사고,0,1,0,0,차대사람 - 기타,안전운전불이행,건조,맑음,단일로 - 기타,승용,남,66세,상해없음,보행자,남,48세,중상
2014120900100020,2014년 12월 9일 01시,화요일,부산광역시 부산진구 전포동,경상사고,0,0,2,0,차대차 - 측면직각충돌,안전운전불이행,건조,맑음,교차로 - 교차로안,화물,남,56세,상해없음,승용,남,27세,경상
2014120900100032,2014년 12월 9일 02시,화요일,부산광역시 수영구 광안동,중상사고,0,2,0,0,차대차 - 측면직각충돌,안전거리미확보,건조,맑음,단일로 - 기타,승용,남,54세,상해없음,승용,남,55세,상해없음
2014120900100033,2014년 12월 9일 02시,화요일,부산광역시 북구 만덕동,경상사고,0,0,1,0,차대차 - 추돌 - 진행중,불법유턴,건조,맑음,교차로 - 교차로안,승용,남,52세,기타불명,승용,남,30세,경상
2014120900100047,2014년 12월 9일 04시,화요일,부산광역시 동구 초량동,중상사고,0,1,3,0,차대차 - 추돌 - 진행중,안전운전불이행,건조,맑음,단일로 - 기타,승용,남,27세,상해없음,승용,남,49세,중상
2014120900100069,2014년 12월 9일 06시,화요일,부산광역시 금정구 서동,경상사고,0,0,1,0,차대차 - 측면직각충돌,교차로운행방법위반,건조,맑음,교차로 - 교차로안,승용,남,41세,상해없음,승용,남,57세,경상
2014120900100139,2014년 12월 9일 08시,화요일,부산광역시 동구 초량동,중상사고,0,1,0,0,차대사람 - 기타,안전운전불이행,건조,맑음,교차로 - 교차로안,승용,남,32세,상해없음,보행자,남,42세,중상
2014120900100140,2014년 12월 9일 08시,화요일,부산광역시 금정구 금사동,중상사고,0,1,0,0,차대사람 - 횡단중,신호위반,건조,맑음,단일로 - 횡단보도상,승용,여,39세,상해없음,보행자,남,43세,중상
2014120900100141,2014년 12월 9일 08시,화요일,부산광역시 사상구 괘법동,경상사고,0,0,1,0,차대차 - 기타,기타,건조,맑음,단일로 - 기타,화물,남,65세,상해없음,이륜,남,68세,경상
2014120900100191,2014년 12월 9일 09시,화요일,부산광역시 부산진구 초읍동,중상사고,0,1,0,0,차대사람 - 차도통행중,안전운전불이행,건조,맑음,교차로 - 교차로부근,승용,남,58세,상해없음,보행자,여,33세,중상
2014120900100192,2014년 12월 9일 09시,화요일,부산광역시 사상구 모라동,중상사고,0,1,0,0,차대차 - 측면직각충돌,안전운전불이행,건조,맑음,교차로 - 교차로부근,화물,남,67세,기타불명,원동기,여,53세,중상
2014120900100253,2014년 12월 9일 11시,화요일,부산광역시 사하구 신평동,경상사고,0,0,1,0,차대차 - 측면직각충돌,신호위반,건조,맑음,교차로 - 교차로안,화물,남,57세,상해없음,승용,여,40세,경상
2014120900100278,2014년 12월 9일 12시,화요일,부산광역시 서구 남부민동,중상사고,0,1,0,0,차대차 - 측면직각충돌,신호위반,건조,맑음,단일로 - 횡단보도상,이륜,남,22세,상해없음,이륜,남,54세,중상
2014120900100279,2014년 12월 9일 12시,화요일,부산광역시 연제구 거제동,경상사고,0,0,1,0,차대차 - 기타,신호위반,건조,맑음,교차로 - 교차로안,승용,여,63세,상해없음,승용,남,69세,경상
2014120900100280,2014년 12월 9일 12시,화요일,부산광역시 사상구 주례동,경상사고,0,0,1,0,차대차 - 기타,안전운전불이행,건조,맑음,교차로 - 교차로안,승용,여,46세,상해없음,화물,남,52세,경상
2014120900100306,2014년 12월 9일 13시,화요일,부산광역시 중구 남포동1가,중상사고,0,1,0,0,차대차 - 측면직각충돌,차로위반,건조,맑음,단일로 - 기타,승용,남,62세,상해없음,승용,남,31세,중상
2014120900100307,2014년 12월 9일 13시,화요일,부산광역시 부산진구 부전동,경상사고,0,0,1,0,차대차 - 측면직각충돌,신호위반,건조,맑음,교차로 - 교차로안,승용,여,42세,상해없음,원동기,남,43세,경상
2014120900100308,2014년 12월 9일 13시,화요일,부산광역시 사하구 신평동,경상사고,0,0,1,0,차대차 - 추돌 - 주정차중,안전거리미확보,건조,맑음,교차로 - 교차로부근,화물,남,38세,상해없음,화물,남,30세,경상
2014120900100348,2014년 12월 9일 14시,화요일,부산광역시 수영구 남천동,경상사고,0,0,1,0,차대차 - 기타,차로위반,건조,맑음,교차로 - 교차로안,승용,여,65세,경상,화물,남,36세,상해없음
2014120900100377,2014년 12월 9일 15시,화요일,부산광역시 동구 좌천동,경상사고,0,0,1,0,차대차 - 측면직각충돌,안전운전불이행,건조,맑음,단일로 - 기타,자전거,남,59세,경상,화물,남,45세,상해없음
2014120900100409,2014년 12월 9일 16시,화요일,부산광역시 해운대구 우동,중상사고,0,1,1,0,차대차 - 측면직각충돌,안전운전불이행,건조,맑음,교차로 - 교차로안,승용,여,59세,상해없음,원동기,남,64세,중상
2014120900100430,2014년 12월 9일 17시,화요일,부산광역시 동구 범일동,경상사고,0,0,1,0,차대사람 - 횡단중,안전운전불이행,건조,맑음,단일로 - 기타,승용,남,46세,상해없음,보행자,여,59세,경상
2014120900100431,2014년 12월 9일 17시,화요일,부산광역시 부산진구 부전동,부상신고사고,0,0,0,1,차대차 - 추돌 - 진행중,차로위반,건조,맑음,교차로 - 교차로부근,원동기,남,65세,부상신고,화물,남,58세,상해없음
2014120900100432,2014년 12월 9일 17시,화요일,부산광역시 부산진구 부전동,중상사고,0,1,0,0,차대사람 - 기타,안전운전불이행,기타,맑음,단일로 - 기타,승용,남,45세,상해없음,보행자,남,32세,중상
2014120900100433,2014년 12월 9일 17시,화요일,부산광역시 사하구 감천동,경상사고,0,0,2,0,차대차 - 기타,안전거리미확보,건조,맑음,단일로 - 기타,승용,남,31세,상해없음,승용,여,33세,경상
2014120900100479,2014년 12월 9일 18시,화요일,부산광역시 연제구 거제동,중상사고,0,1,0,0,차대사람 - 횡단중,보행자보호의무위반,건조,맑음,교차로 - 교차로부근,승용,남,44세,상해없음,보행자,여,59세,중상
2014120900100531,2014년 12월 9일 19시,화요일,부산광역시 해운대구 반송동,경상사고,0,0,1,0,차량단독 - 기타,안전운전불이행,건조,맑음,교차로 - 교차로부근,승합,남,51세,상해없음,,,,
2014120900100532,2014년 12월 9일 19시,화요일,부산광역시 사상구 주례동,경상사고,0,0,1,0,차대차 - 기타,안전거리미확보,건조,맑음,단일로 - 기타,승용,남,26세,상해없음,이륜,남,57세,경상
2014120900100580,2014년 12월 9일 20시,화요일,부산광역시 사하구 당리동,경상사고,0,0,1,0,차대사람 - 기타,신호위반,건조,맑음,단일로 - 기타,원동기,남,13세,상해없음,보행자,여,53세,경상
2014120900100647,2014년 12월 9일 22시,화요일,부산광역시 북구 구포동,중상사고,0,2,0,0,차대차 - 추돌 - 진행중,안전운전불이행,건조,맑음,단일로 - 기타,승용,남,42세,상해없음,이륜,남,33세,중상
2014120900100648,2014년 12월 9일 22시,화요일,부산광역시 강서구 구랑동,중상사고,0,1,0,0,차대차 - 추돌 - 진행중,안전운전불이행,건조,맑음,단일로 - 기타,화물,남,72세,상해없음,승용,여,37세,중상
2014120900100679,2014년 12월 9일 23시,화요일,부산광역시 서구 충무동1가,경상사고,0,0,1,0,차대차 - 정면충돌,신호위반,건조,맑음,교차로 - 교차로안,이륜,남,25세,상해없음,승용,남,58세,상해없음
2014121000100015,2014년 12월 10일 00시,수요일,부산광역시 사하구 괴정동,경상사고,0,0,1,0,차대사람 - 기타,안전운전불이행,건조,맑음,단일로 - 기타,승합,남,49세,상해없음,보행자,여,53세,경상
2014121000100048,2014년 12월 10일 03시,수요일,부산광역시 북구 덕천동,경상사고,0,0,3,0,차대차 - 추돌 - 진행중,안전운전불이행,건조,맑음,단일로 - 기타,승용,남,54세,상해없음,승용,남,21세,경상
2014121000100049,2014년 12월 10일 03시,수요일,부산광역시 연제구 연산동,중상사고,0,1,0,0,차대사람 - 차도통행중,안전운전불이행,건조,맑음,교차로 - 교차로안,승용,남,53세,상해없음,보행자,남,28세,중상
2014121000100055,2014년 12월 10일 04시,수요일,부산광역시 사하구 신평동,경상사고,0,0,1,0,차대차 - 기타,안전운전불이행,건조,맑음,교차로 - 교차로부근,화물,남,57세,상해없음,승용,남,70세,경상
2014121000100061,2014년 12월 10일 05시,수요일,부산광역시 남구 대연동,경상사고,0,0,1,0,차대차 - 기타,차로위반,건조,맑음,단일로 - 기타,승용,남,57세,상해없음,화물,남,63세,경상
2014121000100122,2014년 12월 10일 08시,수요일,부산광역시 동래구 명륜동,경상사고,0,0,1,0,차대사람 - 길가장자리구역통행중,안전운전불이행,건조,맑음,단일로 - 기타,화물,남,57세,상해없음,보행자,남,13세,경상
2014121000100170,2014년 12월 10일 09시,수요일,부산광역시 강서구 대저1동,경상사고,0,0,1,0,차대차 - 기타,안전운전불이행,건조,맑음,단일로 - 기타,화물,남,52세,상해없음,화물,남,64세,경상