사고번호,사고일시,요일,시군구,사고내용,사망자수,중상자수,경상자수,부상신고자수,사고유형,법규위반,노면상태,기상상태,도로형태,가해운전자 차종,가해운전자 성별,가해운전자 연령,가해운전자 상해정도,피해운전자 차종,피해운전자 성별,피해운전자 연령,피해운전자 상해정도
2014121300100496,2014년 12월 13일 18시,토요일,부산광역시 동래구 사직동,경상사고,0,0,1,0,차대사람 - 기타,안전운전불이행,건조,맑음,단일로 - 기타,승용,남,25세,상해없음,보행자,남,52세,경상
2014121300100497,2014년 12월 13일 18시,토요일,부산광역시 해운대구 중동,경상사고,0,0,1,0,차대차 - 측면직각충돌,안전운전불이행,건조,맑음,교차로 - 교차로안,승용,남,49세,기타불명,승용,남,38세,상해없음
2014121300100551,2014년 12월 13일 19시,토요일,부산광역시 북구 구포동,중상사고,0,1,3,0,차대차 - 측면직각충돌,안전거리미확보,건조,맑음,단일로 - 기타,승용,남,34세,경상,승용,남,30세,경상
2014121300100552,2014년 12월 13일 19시,토요일,부산광역시 해운대구 재송동,중상사고,0,1,0,0,차대사람 - 기타,보행자보호의무위반,건조,맑음,단일로 - 기타,승용,남,50세,상해없음,보행자,여,47세,중상
2014121300100553,2014년 12월 13일 19시,토요일,부산광역시 강서구 대저1동,중상사고,0,2,2,0,차대차 - 기타,안전운전불이행,건조,맑음,단일로 - 기타,승용,남,28세,상해없음,승용,남,33세,경상
2014121300100577,2014년 12월 13일 20시,토요일,부산광역시 북구 구포동,중상사고,0,1,0,0,차량단독 - 기타,기타,건조,맑음,단일로 - 기타,승합,남,44세,상해없음,,,,
2014121300100578,2014년 12월 13일 20시,토요일,부산광역시 부산진구 초읍동,중상사고,0,1,0,0,차대사람 - 횡단중,안전운전불이행,건조,맑음,교차로 - 교차로부근,이륜,남,28세,상해없음,보행자,남,71세,중상
2014121300100610,2014년 12월 13일 21시,토요일,부산광역시 금정구 서동,경상사고,0,0,1,0,차대사람 - 기타,안전운전불이행,건조,맑음,단일로 - 기타,승용,남,74세,기타불명,보행자,남,50세,경상
2014121300100637,2014년 12월 13일 22시,토요일,부산광역시 부산진구 양정동,중상사고,0,1,0,0,차대사람 - 횡단중,안전운전불이행,건조,맑음,단일로 - 횡단보도상,승용,남,46세,상해없음,보행자,여,56세,중상
2014121300100670,2014년 12월 13일 23시,토요일,부산광역시 부산진구 연지동,경상사고,0,0,1,0,차대차 - 기타,안전거리미확보,건조,맑음,단일로 - 기타,승용,남,31세,상해없음,승용,남,45세,경상
2014121300100671,2014년 12월 13일 23시,토요일,부산광역시 부산진구 부전동,중상사고,0,1,0,0,차대차 - 측면직각충돌,교차로운행방법위반,건조,맑음,교차로 - 교차로부근,승용,남,29세,상해없음,승용,남,56세,중상
2014121400100005,2014년 12월 14일 00시,일요일,부산광역시 북구 화명동,중상사고,0,1,0,0,차대사람 - 횡단중,안전운전불이행,건조,맑음,단일로 - 기타,승용,남,42세,상해없음,보행자,남,56세,중상
2014121400100006,2014년 12월 14일 00시,일요일,부산광역시 연제구 연산동,중상사고,0,1,0,0,차대사람 - 횡단중,안전운전불이행,건조,맑음,단일로 - 기타,승용,남,60세,상해없음,보행자,남,55세,중상
2014121400100030,2014년 12월 14일 01시,일요일,부산광역시 중구 부평동2가,중상사고,0,1,1,0,차대차 - 기타,안전운전불이행,건조,맑음,단일로 - 기타,승합,남,33세,상해없음,승용,남,26세,경상
2014121400100031,2014년 12월 14일 01시,일요일,부산광역시 수영구 민락동,중상사고,0,1,0,0,차대사람 - 기타,안전운전불이행,건조,맑음,단일로 - 기타,승용,여,45세,상해없음,보행자,여,16세,중상
2014121400100032,2014년 12월 14일 01시,일요일,부산광역시 부산진구 당감동,경상사고,0,0,1,0,차대차 - 측면직각충돌,안전운전불이행,건조,맑음,단일로 - 횡단보도상,원동기,남,39세,경상,승용,남,28세,상해없음
2014121400100055,2014년 12월 14일 02시,일요일,부산광역시 금정구 구서동,중상사고,0,1,0,0,차대사람 - 기타,안전운전불이행,건조,맑음,단일로 - 횡단보도상,승용,남,50세,상해없음,보행자,남,59세,중상
2014121400100077,2014년 12월 14일 03시,일요일,부산광역시 동래구 명륜동,경상사고,0,0,1,0,차대사람 - 횡단중,보행자보호의무위반,건조,맑음,교차로 - 교차로부근,승용,여,25세,상해없음,보행자,남,46세,경상
2014121400100102,2014년 12월 14일 05시,일요일,부산광역시 서구 충무동1가,경상사고,0,0,1,0,차대사람 - 횡단중,신호위반,건조,맑음,교차로 - 교차로안,승용,남,56세,상해없음,보행자,남,49세,경상
2014121400100103,2014년 12월 14일 05시,일요일,부산광역시 기장군 기장읍,중상사고,0,1,0,0,차대차 - 기타,신호위반,건조,맑음,교차로 - 교차로안,승합,남,65세,상해없음,원동기,남,60세,중상
2014121400100116,2014년 12월 14일 06시,일요일,부산광역시 사하구 하단동,경상사고,0,0,1,0,차대차 - 기타,신호위반,건조,맑음,교차로 - 교차로안,승용,남,62세,상해없음,화물,남,67세,경상
2014121400100148,2014년 12월 14일 09시,일요일,부산광역시 중구 중앙동5가,중상사고,0,2,0,0,차대차 - 측면직각충돌,중앙선침범,건조,맑음,단일로 - 기타,승용,남,63세,상해없음,승용,남,65세,중상
2014121400100149,2014년 12월 14일 09시,일요일,부산광역시 북구 화명동,경상사고,0,0,4,0,차대차 - 추돌 - 주정차중,안전거리미확보,건조,맑음,교차로 - 교차로안,승용,남,47세,경상,승용,남,65세,경상
2014121400100165,2014년 12월 14일 10시,일요일,부산광역시 동래구 온천동,중상사고,0,1,0,0,차대사람 - 차도통행중,안전운전불이행,건조,맑음,단일로 - 기타,승용,여,66세,상해없음,보행자,남,41세,중상
2014121400100166,2014년 12월 14일 10시,일요일,부산광역시 해운대구 재송동,중상사고,0,1,0,0,차대사람 - 기타,안전운전불이행,건조,맑음,단일로 - 기타,승용,남,56세,상해없음,보행자,여,78세,중상
2014121400100189,2014년 12월 14일 11시,일요일,부산광역시 동래구 온천동,경상사고,0,0,3,0,차대차 - 측면직각충돌,안전운전불이행,건조,맑음,기타 - 기타,승용,남,58세,상해없음,승용,여,28세,상해없음
2014121400100201,2014년 12월 14일 12시,일요일,부산광역시 동래구 온천동,중상사고,0,1,0,0,차대사람 - 횡단중,안전운전불이행,건조,맑음,단일로 - 기타,승용,남,52세,상해없음,보행자,남,75세,중상
2014121400100202,2014년 12월 14일 12시,일요일,부산광역시 부산진구 가야동,중상사고,0,1,0,0,차대사람 - 기타,안전운전불이행,건조,맑음,단일로 - 기타,승용,여,64세,상해없음,보행자,여,62세,중상
2014121400100220,2014년 12월 14일 13시,일요일,부산광역시 북구 구포동,경상사고,0,0,1,0,차대차 - 기타,신호위반,건조,맑음,단일로 - 기타,승용,여,54세,상해없음,자전거,남,67세,경상
2014121400100222,2014년 12월 14일 13시,일요일,부산광역시 사상구 모라동,경상사고,0,0,1,0,차대사람 - 기타,안전운전불이행,건조,맑음,단일로 - 기타,승용,남,63세,상해없음,보행자,남,43세,경상
2014121400100223,2014년 12월 14일 13시,일요일,부산광역시 기장군 기장읍,경상사고,0,0,1,0,차대사람 - 차도통행중,안전운전불이행,건조,맑음,단일로 - 기타,기타불명,기타불명,기타불명,기타불명,보행자,남,48세,경상
2014121400100245,2014년 12월 14일 14시,일요일,부산광역시 중구 광복동2가,부상신고사고,0,0,0,1,차대사람 - 기타,안전운전불이행,건조,맑음,단일로 - 기타,승용,여,38세,상해없음,보행자,여,72세,부상신고
2014121400100246,2014년 12월 14일 14시,일요일,부산광역시 동구 좌천동,경상사고,0,0,3,0,차대차 - 추돌 - 주정차중,안전운전불이행,건조,맑음,단일로 - 기타,승합,남,62세,상해없음,승용,남,58세,경상
2014121400100247,2014년 12월 14일 14시,일요일,부산광역시 북구 화명동,중상사고,0,1,0,0,차대차 - 기타,신호위반,건조,맑음,교차로 - 교차로안,승용,남,62세,상해없음,이륜,남,34세,중상
2014121400100248,2014년 12월 14일 14시,일요일,부산광역시 해운대구 우동,경상사고,0,0,1,0,차대차 - 측면직각충돌,안전운전불이행,건조,맑음,교차로 - 교차로부근,승용,남,38세,상해없음,승용,남,56세,경상
2014121400100265,2014년 12월 14일 15시,일요일,부산광역시 서구 서대신동3가,경상사고,0,0,1,1,차대차 - 추돌 - 주정차중,안전거리미확보,건조,맑음,단일로 - 기타,승용,남,60세,상해없음,승용,남,52세,부상신고
2014121400100307,2014년 12월 14일 16시,일요일,부산광역시 부산진구 양정동,중상사고,0,1,0,0,차대차 - 추돌 - 주정차중,안전운전불이행,건조,맑음,단일로 - 기타,승용,여,47세,상해없음,승용,여,34세,중상
2014121400100331,2014년 12월 14일 17시,일요일,부산광역시 사상구 감전동,경상사고,0,0,3,0,차대차 - 측면직각충돌,직진우회전진행방해,건조,맑음,교차로 - 교차로안,승용,남,44세,상해없음,승용,여,42세,경상
2014121400100360,2014년 12월 14일 18시,일요일,부산광역시 수영구 망미동,중상사고,0,1,0,0,차대차 - 기타,교차로운행방법위반,건조,맑음,교차로 - 교차로안,승용,남,41세,상해없음,이륜,남,41세,중상
2014121400100403,2014년 12월 14일 19시,일요일,부산광역시 중구 중앙동4가,경상사고,0,0,1,4,차대차 - 기타,안전운전불이행,건조,흐림,교차로 - 교차로안,승용,남,33세,부상신고,승용,남,66세,경상
2014121400100404,2014년 12월 14일 19시,일요일,부산광역시 사하구 괴정동,중상사고,0,1,1,0,차대사람 - 횡단중,신호위반,건조,맑음,단일로 - 횡단보도상,이륜,남,15세,중상,보행자,남,13세,경상
2014121400100405,2014년 12월 14일 19시,일요일,부산광역시 사하구 장림동,중상사고,0,1,0,0,차량단독 - 기타,안전운전불이행,건조,맑음,단일로 - 기타,자전거,남,59세,중상,,,,
2014121400100406,2014년 12월 14일 19시,일요일,부산광역시 수영구 수영동,경상사고,0,0,1,0,차대차 - 측면직각충돌,중앙선침범,건조,맑음,단일로 - 기타,승용,남,23세,상해없음,이륜,남,28세,경상
2014121400100438,2014년 12월 14일 20시,일요일,부산광역시 사하구 당리동,경상사고,0,0,1,0,차대차 - 측면직각충돌,교차로운행방법위반,건조,맑음,교차로 - 교차로안,승용,여,57세,상해없음,이륜,남,23세,경상
2014121400100439,2014년 12월 14일 20시,일요일,부산광역시 사상구 모라동,경상사고,0,0,3,0,차대차 - 추돌 - 주정차중,안전운전불이행,건조,맑음,단일로 - 기타,화물,남,47세,상해없음,승용,남,64세,경상
2014121400100471,2014년 12월 14일 21시,일요일,부산광역시 서구 동대신동1가,경상사고,0,0,1,0,차대차 - 측면직각충돌,교차로운행방법위반,건조,맑음,교차로 - 교차로안,승용,남,30세,상해없음,이륜,남,24세,경상
2014121400100472,2014년 12월 14일 21시,일요일,부산광역시 남구 대연동,중상사고,0,1,0,0,차대차 - 측면직각충돌,교차로운행방법위반,건조,맑음,교차로 - 교차로안,원동기,남,44세,중상,승용,남,57세,상해없음
2014121400100497,2014년 12월 14일 22시,일요일,부산광역시 수영구 광안동,부상신고사고,0,0,0,1,차대사람 - 기타,안전운전불이행,건조,맑음,단일로 - 기타,승용,기타불명,기타불명,기타불명,보행자,남,19세,부상신고
2014121400100498,2014년 12월 14일 22시,일요일,부산광역시 북구 화명동,중상사고,0,1,2,2,차대차 - 추돌 - 주정차중,안전운전불이행,건조,맑음,단일로 - 기타,승용,남,61세,상해없음,승용,여,31세,경상
2014121500100002,2014년 12월 15일 00시,월요일,부산광역시 중구 부평동2가,경상사고,0,0,2,0,차대차 - 기타,안전운전불이행,건조,흐림,교차로 - 교차로부근,승용,남,64세,상해없음,승용,남,53세,경상
2014121500100010,2014년 12월 15일 01시,월요일,부산광역시 수영구 민락동,중상사고,0,3,0,0,차대차 - 기타,안전운전불이행,건조,맑음,교차로 - 교차로안,승용,남,44세,상해없음,승용,남,32세,중상
2014121500100034,2014년 12월 15일 05시,월요일,부산광역시 북구 덕천동,경상사고,0,0,1,0,차대사람 - 횡단중,안전운전불이행,건조,맑음,단일로 - 기타,승합,남,47세,상해없음,보행자,남,27세,경상
2014121500100035,2014년 12월 15일 05시,월요일,부산광역시 사상구 주례동,중상사고,0,1,0,0,차대사람 - 횡단중,안전운전불이행,건조,맑음,교차로 - 교차로안,승용,남,67세,상해없음,보행자,남,52세,중상
2014121500100051,2014년 12월 15일 06시,월요일,부산광역시 동래구 사직동,중상사고,0,1,0,0,차대차 - 측면직각충돌,신호위반,건조,맑음,교차로 - 교차로부근,승용,남,45세,상해없음,승용,여,44세,중상
2014121500100074,2014년 12월 15일 07시,월요일,부산광역시 중구 보수동2가,경상사고,0,0,1,0,차대차 - 측면직각충돌,안전운전불이행,건조,맑음,단일로 - 기타,승용,남,54세,상해없음,이륜,남,57세,경상
2014121500100075,2014년 12월 15일 07시,월요일,부산광역시 서구 서대신동1가,중상사고,0,1,0,0,차대사람 - 기타,안전운전불이행,건조,맑음,교차로 - 교차로안,화물,남,27세,상해없음,보행자,여,13세,중상
2014121500100076,2014년 12월 15일 07시,월요일,부산광역시 부산진구 가야동,경상사고,0,0,1,0,차대사람 - 기타,안전운전불이행,건조,맑음,교차로 - 교차로부근,승용,남,46세,상해없음,보행자,여,65세,경상
2014121500100077,2014년 12월 15일 07시,월요일,부산광역시 사상구 괘법동,중상사고,0,1,0,0,차대사람 - 기타,안전운전불이행,건조,맑음,단일로 - 기타,승합,남,58세,상해없음,보행자,여,54세,중상
2014121500100103,2014년 12월 15일 08시,월요일,부산광역시 중구 보수동1가,중상사고,0,1,0,0,차대사람 - 보도통행중,신호위반,건조,맑음,단일로 - 기타,특수,남,65세,상해없음,보행자,남,6세,중상
2014121500100145,2014년 12월 15일 09시,월요일,부산광역시 수영구 광안동,부상신고사고,0,0,0,2,차대차 - 기타,안전운전불이행,건조,맑음,단일로 - 교량,화물,남,37세,상해없음,승용,남,61세,상해없음
2014121500100146,2014년 12월 15일 09시,월요일,부산광역시 남구 대연동,중상사고,0,1,0,0,차대사람 - 횡단중,신호위반,건조,맑음,교차로 - 교차로부근,승용,남,38세,상해없음,보행자,여,41세,중상
2014121500100147,2014년 12월 15일 09시,월요일,부산광역시 부산진구 양정동,경상사고,0,0,1,0,차대차 - 기타,안전거리미확보,건조,맑음,단일로 - 기타,승용,여,33세,상해없음,이륜,남,70세,경상
2014121500100148,2014년 12월 15일 09시,월요일,부산광역시 수영구 망미동,중상사고,0,1,0,0,차대사람 - 기타,안전운전불이행,건조,맑음,단일로 - 기타,화물,남,45세,상해없음,보행자,남,77세,중상
2014121500100177,2014년 12월 15일 10시,월요일,부산광역시 중구 남포동5가,중상사고,0,1,0,0,차대차 - 측면직각충돌,안전운전불이행,건조,맑음,단일로 - 기타,승용,남,75세,상해없음,이륜,남,44세,중상
2014121500100203,2014년 12월 15일 11시,월요일,부산광역시 서구 암남동,경상사고,0,0,1,0,차대차 - 측면직각충돌,중앙선침범,건조,맑음,단일로 - 횡단보도상,승용,남,58세,상해없음,이륜,남,36세,경상
2014121500100204,2014년 12월 15일 11시,월요일,부산광역시 연제구 연산동,중상사고,0,1,0,0,차대사람 - 횡단중,안전운전불이행,건조,맑음,기타 - 기타,이륜,남,18세,상해없음,보행자,남,74세,중상
2014121500100224,2014년 12월 15일 12시,월요일,부산광역시 강서구 강동동,중상사고,0,1,0,1,차대차 - 추돌 - 주정차중,안전운전불이행,건조,맑음,교차로 - 교차로부근,화물,남,45세,상해없음,화물,남,44세,중상
2014121500100264,2014년 12월 15일 13시,월요일,부산광역시 부산진구 부전동,경상사고,0,0,1,0,차대차 - 기타,안전거리미확보,건조,맑음,단일로 - 기타,화물,남,50세,상해없음,이륜,남,25세,경상
2014121500100291,2014년 12월 15일 14시,월요일,부산광역시 금정구 구서동,중상사고,0,1,0,0,차대차 - 측면직각충돌,안전운전불이행,건조,맑음,교차로 - 교차로안,승용,남,45세,상해없음,원동기,남,45세,중상
2014121500100318,2014년 12월 15일 15시,월요일,부산광역시 사하구 괴정동,경상사고,0,0,1,0,차대사람 - 길가장자리구역통행중,안전운전불이행,건조,맑음,단일로 - 기타,승용,여,32세,기타불명,보행자,여,14세,경상
2014121500100354,2014년 12월 15일 16시,월요일,부산광역시 강서구 강동동,중상사고,0,1,0,1,차대차 - 추돌 - 진행중,안전운전불이행,건조,맑음,단일로 - 기타,승용,남,59세,중상,화물,남,30세,상해없음
2014121500100380,2014년 12월 15일 17시,월요일,부산광역시 동구 좌천동,부상신고사고,0,0,0,1,차대차 - 측면직각충돌,안전운전불이행,건조,맑음,단일로 - 기타,원동기,남,40세,부상신고,승용,남,38세,상해없음
2014121500100414,2014년 12월 15일 18시,월요일,부산광역시 남구 대연동,경상사고,0,0,5,2,차대차 - 측면직각충돌,직진우회전진행방해,건조,맑음,교차로 - 교차로안,승합,남,68세,상해없음,승합,남,30세,상해없음
2014121500100415,2014년 12월 15일 18시,월요일,부산광역시 동래구 사직동,경상사고,0,0,1,0,차대사람 - 횡단중,보행자보호의무위반,건조,맑음,교차로 - 교차로부근,승용,남,66세,상해없음,보행자,여,13세,경상
2014121500100477,2014년 12월 15일 19시,월요일,부산광역시 금정구 부곡동,중상사고,0,1,0,0,차대사람 - 기타,안전운전불이행,건조,맑음,교차로 - 교차로안,승용,남,49세,상해없음,보행자,여,69세,중상
2014121500100479,2014년 12월 15일 19시,월요일,부산광역시 연제구 거제동,경상사고,0,0,1,0,차대차 - 측면직각충돌,안전운전불이행,건조,맑음,교차로 - 교차로부근,이륜,남,26세,경상,승용,남,61세,상해없음
2014121500100480,2014년 12월 15일 19시,월요일,부산광역시 사상구 엄궁동,중상사고,0,1,0,0,차대차 - 추돌 - 주정차중,안전운전불이행,건조,흐림,단일로 - 기타,승용,남,28세,기타불명,승용,남,25세,중상
2014121500100528,2014년 12월 15일 20시,월요일,부산광역시 동구 범일동,중상사고,0,1,0,0,차대사람 - 차도통행중,안전운전불이행,건조,맑음,교차로 - 교차로안,승용,남,42세,상해없음,보행자,남,64세,중상
2014121500100529,2014년 12월 15일 20시,월요일,부산광역시 서구 충무동1가,중상사고,0,1,0,0,차대사람 - 횡단중,신호위반,건조,맑음,교차로 - 교차로부근,승용,남,57세,상해없음,보행자,남,50세,중상
2014121500100530,2014년 12월 15일 20시,월요일,부산광역시 수영구 남천동,중상사고,0,1,0,0,차대차 - 기타,기타,건조,맑음,단일로 - 기타,승용,남,30세,상해없음,자전거,남,64세,중상
2014121500100575,2014년 12월 15일 21시,월요일,부산광역시 서구 암남동,경상사고,0,0,1,0,차대차 - 측면직각충돌,교차로운행방법위반,건조,맑음,교차로 - 교차로부근,승용,여,45세,상해없음,화물,남,41세,경상
2014121500100576,2014년 12월 15일 21시,월요일,부산광역시 부산진구 부암동,중상사고,0,1,0,0,차대차 - 측면직각충돌,안전거리미확보,건조,맑음,단일로 - 기타,승용,남,27세,상해없음,승용,남,49세,상해없음
2014121500100663,2014년 12월 15일 23시,월요일,부산광역시 동래구 안락동,중상사고,0,2,0,0,차대사람 - 횡단중,안전운전불이행,건조,맑음,교차로 - 교차로안,승용,남,45세,상해없음,보행자,남,50세,중상
2014121600100008,2014년 12월 16일 00시,화요일,부산광역시 중구 남포동1가,중상사고,0,2,0,0,차대사람 - 횡단중,기타,습기,비,교차로 - 교차로안,승용,남,52세,상해없음,보행자,남,34세,중상
2014121600100009,2014년 12월 16일 00시,화요일,부산광역시 동래구 안락동,중상사고,0,1,0,0,차대차 - 측면직각충돌,신호위반,건조,맑음,교차로 - 교차로안,승용,남,47세,상해없음,승용,남,55세,중상
2014121600100042,2014년 12월 16일 02시,화요일,부산광역시 사하구 하단동,경상사고,0,0,4,0,차대차 - 추돌 - 진행중,신호위반,습기,비,교차로 - 교차로부근,승용,남,30세,상해없음,승용,남,35세,경상
2014121600100043,2014년 12월 16일 02시,화요일,부산광역시 사상구 주례동,부상신고사고,0,0,0,1,차량단독 - 공작물충돌,안전운전불이행,기타,비,단일로 - 기타,승용,남,51세,부상신고,,,,
2014121600100061,2014년 12월 16일 04시,화요일,부산광역시 북구 화명동,경상사고,0,0,1,0,차대차 - 추돌 - 주정차중,안전운전불이행,습기,흐림,교차로 - 교차로안,승용,남,62세,상해없음,승용,남,29세,경상
2014121600100062,2014년 12월 16일 04시,화요일,부산광역시 부산진구 부전동,경상사고,0,0,1,0,차대차 - 추돌 - 진행중,안전거리미확보,건조,맑음,단일로 - 기타,승용,남,30세,상해없음,승용,남,67세,경상
2014121600100063,2014년 12월 16일 04시,화요일,부산광역시 사하구 당리동,중상사고,0,1,0,0,차대사람 - 횡단중,안전운전불이행,습기,비,단일로 - 기타,승용,남,44세,상해없음,보행자,남,26세,중상
2014121600100064,2014년 12월 16일 04시,화요일,부산광역시 사하구 하단동,중상사고,0,1,0,0,차대사람 - 기타,안전운전불이행,건조,맑음,교차로 - 교차로안,승용,남,29세,상해없음,보행자,남,39세,중상
2014121600100078,2014년 12월 16일 06시,화요일,부산광역시 동구 좌천동,중상사고,0,1,0,0,차대차 - 측면직각충돌,교차로운행방법위반,건조,맑음,교차로 - 교차로안,승용,남,60세,상해없음,승용,남,50세,중상
2014121600100079,2014년 12월 16일 06시,화요일,부산광역시 수영구 망미동,경상사고,0,0,1,0,차대차 - 추돌 - 주정차중,안전운전불이행,습기,비,단일로 - 기타,승용,남,45세,상해없음,화물,남,61세,상해없음
2014121600100130,2014년 12월 16일 08시,화요일,부산광역시 남구 대연동,경상사고,0,0,5,0,차대차 - 측면직각충돌,교차로운행방법위반,습기,흐림,교차로 - 교차로부근,승용,여,44세,상해없음,화물,남,34세,경상
2014121600100131,2014년 12월 16일 08시,화요일,부산광역시 부산진구 당감동,경상사고,0,0,1,0,차대차 - 추돌 - 진행중,안전거리미확보,건조,맑음,미분류 - 미분류,승용,여,39세,상해없음,승용,남,34세,경상
2014121600100179,2014년 12월 16일 10시,화요일,부산광역시 서구 남부민동,중상사고,0,1,0,0,차대사람 - 기타,안전운전불이행,기타,맑음,단일로 - 기타,화물,남,70세,상해없음,보행자,여,72세,중상
2014121600100196,2014년 12월 16일 11시,화요일,부산광역시 동래구 명륜동,사망사고,1,0,0,0,차대사람 - 기타,안전운전불이행,건조,맑음,교차로 - 교차로안,화물,남,39세,상해없음,보행자,여,74세,사망
2014121600100213,2014년 12월 16일 12시,화요일,부산광역시 북구 덕천동,경상사고,0,0,1,0,차대사람 - 차도통행중,안전운전불이행,건조,맑음,단일로 - 기타,승용,남,64세,상해없음,보행자,여,22세,경상
2014121600100241,2014년 12월 16일 13시,화요일,부산광역시 동래구 온천동,경상사고,0,0,2,0,차대차 - 추돌 - 주정차중,안전거리미확보,건조,맑음,단일로 - 기타,화물,남,35세,상해없음,승용,여,35세,경상
2014121600100242,2014년 12월 16일 13시,화요일,부산광역시 금정구 구서동,부상신고사고,0,0,0,1,차대차 - 정면충돌,교차로운행방법위반,건조,맑음,교차로 - 교차로안,원동기,남,60세,부상신고,승합,남,46세,상해없음
2014121600100243,2014년 12월 16일 13시,화요일,부산광역시 금정구 남산동,경상사고,0,0,1,0,차대사람 - 길가장자리구역통행중,안전운전불이행,건조,맑음,단일로 - 기타,화물,기타불명,기타불명,기타불명,보행자,남,13세,경상
2014121600100265,2014년 12월 16일 14시,화요일,부산광역시 수영구 망미동,경상사고,0,0,1,0,차대차 - 추돌 - 진행중,안전거리미확보,건조,맑음,단일로 - 기타,화물,남,60세,상해없음,승용,여,43세,경상
2014121600100302,2014년 12월 16일 15시,화요일,부산광역시 수영구 남천동,경상사고,0,0,1,0,차대차 - 추돌 - 진행중,기타,건조,맑음,기타 - 기타,화물,남,64세,기타불명,화물,남,62세,경상
2014121600100303,2014년 12월 16일 15시,화요일,부산광역시 부산진구 당감동,중상사고,0,1,1,0,차대사람 - 기타,안전운전불이행,건조,맑음,단일로 - 기타,승용,여,39세,상해없음,보행자,여,45세,중상
2014121600100327,2014년 12월 16일 16시,화요일,부산광역시 중구 부평동2가,경상사고,0,0,1,1,차대차 - 측면직각충돌,안전운전불이행,건조,흐림,교차로 - 교차로안,승용,남,57세,상해없음,이륜,남,37세,경상
2014121600100351,2014년 12월 16일 17시,화요일,부산광역시 수영구 광안동,경상사고,0,0,1,0,차대사람 - 기타,안전운전불이행,건조,맑음,교차로 - 교차로부근,화물,남,34세,상해없음,보행자,남,18세,경상
2014121600100352,2014년 12월 16일 17시,화요일,부산광역시 북구 만덕동,중상사고,0,1,0,0,차대사람 - 횡단중,보행자보호의무위반,건조,맑음,단일로 - 기타,승용,남,63세,상해없음,보행자,여,46세,중상
2014121600100353,2014년 12월 16일 17시,화요일,부산광역시 해운대구 중동,경상사고,0,0,1,0,차대차 - 측면직각충돌,교차로운행방법위반,건조,맑음,단일로 - 기타,승용,남,57세,상해없음,승용,여,38세,경상
2014121600100354,2014년 12월 16일 17시,화요일,부산광역시 사상구 모라동,중상사고,0,1,0,0,차대사람 - 기타,안전운전불이행,건조,맑음,단일로 - 기타,승합,남,61세,상해없음,보행자,여,62세,중상
2014121600100399,2014년 12월 16일 18시,화요일,부산광역시 서구 동대신동1가,경상사고,0,0,1,0,차대차 - 추돌 - 진행중,안전거리미확보,건조,맑음,단일로 - 기타,화물,남,64세,기타불명,승용,남,39세,경상
2014121600100400,2014년 12월 16일 18시,화요일,부산광역시 남구 우암동,중상사고,0,1,0,0,차대사람 - 횡단중,보행자보호의무위반,건조,맑음,교차로 - 교차로부근,화물,남,55세,상해없음,보행자,여,64세,중상
2014121600100446,2014년 12월 16일 19시,화요일,부산광역시 해운대구 우동,경상사고,0,0,1,3,차대차 - 기타,안전거리미확보,건조,맑음,단일로 - 기타,승용,여,45세,상해없음,승용,여,31세,부상신고
2014121600100475,2014년 12월 16일 20시,화요일,부산광역시 동래구 온천동,부상신고사고,0,0,0,1,차대사람 - 횡단중,보행자보호의무위반,건조,맑음,단일로 - 횡단보도상,승용,남,39세,상해없음,보행자,남,55세,부상신고
2014121600100476,2014년 12월 16일 20시,화요일,부산광역시 금정구 구서동,경상사고,0,0,1,0,차대사람 - 횡단중,신호위반,건조,기타,교차로 - 교차로안,승합,남,48세,상해없음,보행자,여,24세,경상
2014121600100477,2014년 12월 16일 20시,화요일,부산광역시 연제구 연산동,중상사고,0,1,0,0,차대사람 - 기타,안전운전불이행,건조,맑음,단일로 - 기타,승용,여,46세,상해없음,보행자,여,50세,중상
2014121600100478,2014년 12월 16일 20시,화요일,부산광역시 연제구 거제동,경상사고,0,0,1,0,차량단독 - 기타,안전운전불이행,건조,맑음,단일로 - 기타,승합,남,57세,상해없음,,,,
2014121600100510,2014년 12월 16일 21시,화요일,부산광역시 중구 광복동2가,경상사고,0,0,1,0,차대사람 - 기타,안전운전불이행,건조,맑음,단일로 - 기타,이륜,남,30세,상해없음,보행자,여,61세,경상
2014121600100511,2014년 12월 16일 21시,화요일,부산광역시 수영구 망미동,중상사고,0,1,0,0,차대차 - 측면직각충돌,안전거리미확보,건조,맑음,교차로 - 교차로부근,승용,남,58세,상해없음,이륜,남,22세,중상
2014121600100545,2014년 12월 16일 22시,화요일,부산광역시 동래구 명륜동,경상사고,0,0,1,0,차대사람 - 기타,안전운전불이행,건조,맑음,단일로 - 기타,승합,남,58세,상해없음,보행자,남,42세,경상
2014121700100015,2014년 12월 17일 01시,수요일,부산광역시 해운대구 송정동,경상사고,0,0,1,0,차대사람 - 횡단중,중앙선침범,건조,맑음,단일로 - 기타,승용,남,46세,상해없음,보행자,남,53세,경상
2014121700100039,2014년 12월 17일 04시,수요일,부산광역시 해운대구 우동,경상사고,0,0,2,0,차대차 - 측면직각충돌,신호위반,건조,맑음,교차로 - 교차로안,승용,남,37세,상해없음,승용,남,64세,경상